source_row,parcel_id,y,block_5km,assigned_test_fold,pure_pixels_40m
18,2024_000018_b2aee138ea052383,3,73_1169,2,29
26,2024_000026_f29ba12a48cb0325,6,72_1169,0,6
36,2024_000036_7d23aeff9a14c0a7,2,72_1169,0,4
60,2024_000060_7015fc64c66fc1e1,3,72_1169,0,8
63,2024_000063_1140314edee85c93,2,72_1169,0,15
71,2024_000071_e09d2cc76f88543a,3,67_1169,0,17
72,2024_000072_996b26abae318f6d,0,67_1169,0,18
74,2024_000074_2c65ce63f9a7b30e,2,67_1169,0,10
80,2024_000080_084c6febf2980b07,4,67_1169,0,8
85,2024_000085_870216d764c37578,0,67_1169,0,10
86,2024_000086_2ef22bb8aa5c1f8d,6,67_1169,0,3
87,2024_000087_699688be42bf712f,2,67_1169,0,7
103,2024_000103_2a273c5a0cc6052b,2,67_1169,0,11
104,2024_000104_25e5043a9308890a,4,67_1169,0,8
105,2024_000105_a17a15da6c9e4350,3,67_1169,0,22
113,2024_000113_abd07fca2aacc432,3,67_1169,0,11
122,2024_000122_782aaa018a53965f,6,67_1169,0,5
123,2024_000123_4488696f0a2044d9,6,68_1169,0,5
129,2024_000129_47226d64a8a59054,3,67_1169,0,19
130,2024_000130_da0873f2c2d55247,4,67_1169,0,15
137,2024_000137_c87a65a76f6fd1c9,2,67_1169,0,5
143,2024_000143_2f1436112dd7e3f3,4,67_1169,0,8
144,2024_000144_1095016c557446ea,3,67_1169,0,16
145,2024_000145_a23f522335edda62,3,67_1169,0,28
148,2024_000148_d76fcbfd9fe8442f,3,67_1169,0,36
150,2024_000150_553a8b69b2924fb1,4,67_1169,0,20
152,2024_000152_8caa2abee58351c2,1,67_1169,0,28
153,2024_000153_468840e2a89afeab,3,67_1169,0,13
154,2024_000154_b55f3531a3fdb1ca,3,67_1169,0,13
156,2024_000156_988ecc308a8ac6e0,3,67_1169,0,23
158,2024_000158_ac06b30c39db5676,3,67_1169,0,2
160,2024_000160_f3450a1aa19289a3,2,67_1169,0,9
161,2024_000161_c77ba67fec71ee16,3,67_1169,0,12
162,2024_000162_921394d790083b73,1,67_1169,0,7
163,2024_000163_bf2d13ccb37ff098,3,67_1169,0,2
164,2024_000164_058c33a13883a480,3,67_1169,0,2
165,2024_000165_b414729dae7e29eb,2,67_1169,0,7
166,2024_000166_b4c2face6630c03a,0,67_1169,0,4
193,2024_000193_b8902301c3443314,6,67_1169,0,2
194,2024_000194_bc3e09dbafba6c1c,2,67_1169,0,8
203,2024_000203_6b12a52750be1f33,4,67_1169,0,11
213,2024_000213_74307007bfac4415,3,67_1169,0,27
224,2024_000224_621303ed14b53252,2,67_1169,0,12
225,2024_000225_8a56032e912225a9,3,67_1169,0,13
234,2024_000234_d93cfe60da79248f,1,67_1169,0,7
249,2024_000249_f5772b8361be1556,6,67_1169,0,47
250,2024_000250_b73dbbeec010c054,3,67_1169,0,9
254,2024_000254_dbc8e22fcf989c71,2,67_1169,0,4
255,2024_000255_20fe726816ffb06c,2,67_1169,0,4
299,2024_000299_6ad2de0ed7f9ae59,2,67_1169,0,15
300,2024_000300_77953625f913da21,0,67_1169,0,3
306,2024_000306_8deda287b11f9520,1,67_1169,0,3
309,2024_000309_9a28b20de4d7e139,0,67_1169,0,5
315,2024_000315_dcf9a3c75925e9a4,0,67_1169,0,2
327,2024_000327_052e5d23a768eeef,1,67_1169,0,4
346,2024_000346_49796d944a7f62f9,6,67_1169,0,27
355,2024_000355_a77ac3dd070cfb48,2,67_1169,0,7
366,2024_000366_fe4ab97b7b6cf5b7,1,69_1169,1,14
384,2024_000384_705351957172ed9f,0,69_1169,1,5
385,2024_000385_ec5d6f3148272f91,0,69_1169,1,11
387,2024_000387_e9bde5f2960fa2bb,0,69_1169,1,10
407,2024_000407_1b8695236a0d1566,0,69_1169,1,2
408,2024_000408_29f2d9ee45d15592,0,69_1169,1,2
412,2024_000412_e090805305956898,0,69_1169,1,2
419,2024_000419_9a5a6230457f4008,4,69_1169,1,15
421,2024_000421_1093dd889a2eec74,0,69_1169,1,4
429,2024_000429_298234dd19255f3e,0,69_1169,1,17
431,2024_000431_636414f4c400803b,0,69_1169,1,10
433,2024_000433_2aa8dc171bb431dc,0,69_1169,1,10
435,2024_000435_eb644e08ce336d3f,0,69_1169,1,2
436,2024_000436_3dd2b2b7e70c72a1,0,69_1169,1,16
437,2024_000437_a91408292d13ec32,0,69_1169,1,7
441,2024_000441_c056bbaa9ad4d71b,0,69_1169,1,15
444,2024_000444_75196a86042fc44c,0,69_1169,1,13
446,2024_000446_cdb4ca1e3649be0d,0,69_1169,1,6
449,2024_000449_ee99e1fbd1121365,0,69_1169,1,5
451,2024_000451_12616ccc68572a17,0,69_1169,1,42
455,2024_000455_2cb4e8e15a66e54a,0,69_1169,1,4
456,2024_000456_a5953f30ff22c9b8,0,69_1169,1,13
462,2024_000462_e454b307d352b131,0,69_1169,1,3
464,2024_000464_d36d5cecee778ff8,0,69_1169,1,8
467,2024_000467_dd23d37cf4951836,0,69_1169,1,6
483,2024_000483_55403904c60aed8c,1,69_1169,1,9
501,2024_000501_84e62f740f1a5ea5,0,69_1169,1,3
521,2024_000521_dc8b0c044743b2a6,0,69_1169,1,14
523,2024_000523_45c7b71afee706c5,0,69_1169,1,4
528,2024_000528_739ed41968b3cb24,0,69_1169,1,7
529,2024_000529_05ed40c910d09bdb,0,69_1169,1,31
543,2024_000543_87a50ed4390ff0eb,0,69_1169,1,8
546,2024_000546_e439ac534f917eb7,0,69_1169,1,30
552,2024_000552_ce6ec14e8c3facb0,0,69_1169,1,7
556,2024_000556_3d304047cbe246a0,0,70_1169,2,5
558,2024_000558_57c6fc6bfee59e09,1,70_1169,2,5
559,2024_000559_3c63fee68149e222,1,69_1169,1,5
563,2024_000563_2ea3442b1a364f7c,0,70_1169,2,3
576,2024_000576_88227e8016301e3c,0,70_1169,2,9
577,2024_000577_268302c4de08383c,0,69_1169,1,19
578,2024_000578_7eaeef18ed8f0417,1,70_1169,2,15
579,2024_000579_51978957351f8043,0,69_1169,1,13
589,2024_000589_3498cfc8b45ad39a,0,70_1169,2,16
590,2024_000590_f106911560153b49,0,70_1169,2,10
591,2024_000591_280e03fc353e15f7,0,70_1169,2,4
596,2024_000596_913f1f116a668f76,1,69_1169,1,2
597,2024_000597_e8141c2fb768e309,0,69_1169,1,30
603,2024_000603_a9746980e66b6397,0,70_1169,2,6
604,2024_000604_acbae75379d5f083,0,69_1169,1,40
635,2024_000635_736d72c697719ef8,0,69_1169,1,5
636,2024_000636_d7a85c0749e4967a,0,69_1169,1,18
639,2024_000639_30563efe70740092,0,69_1169,1,35
657,2024_000657_7d57a3e8fced18eb,0,69_1169,1,2
660,2024_000660_cfee5426a48aebd1,2,70_1169,2,6
665,2024_000665_9cd8c6671635a54e,1,70_1169,2,4
667,2024_000667_983b30994eaee438,0,70_1169,2,3
668,2024_000668_772ddb1cd589db08,3,70_1169,2,14
672,2024_000672_6de0e4126d6bb54f,2,70_1169,2,8
673,2024_000673_f8aaa0cd454afec5,2,70_1169,2,13
676,2024_000676_0a76d2f0b627e132,0,69_1169,1,2
689,2024_000689_c78adc352b5f2d53,6,69_1169,1,6
693,2024_000693_877645f9e8d8efc5,3,69_1169,1,18
707,2024_000707_ff949df447af92f5,0,69_1169,1,2
714,2024_000714_ed55abb5a5604e24,1,69_1169,1,20
727,2024_000727_01780e474b87b16c,0,69_1169,1,2
733,2024_000733_92bd7e8850f1e8aa,0,69_1169,1,4
738,2024_000738_f170749f3111e0b2,0,69_1169,1,4
747,2024_000747_e2f2d09a918663f1,1,70_1169,2,13
752,2024_000752_333227bee68ecf99,2,70_1169,2,8
753,2024_000753_4d6af1a8ff4bfcb7,1,70_1169,2,20
760,2024_000760_caacec60fe836154,2,70_1169,2,11
765,2024_000765_df1a14a149ec8065,1,70_1169,2,14
767,2024_000767_dd02325649d3e126,2,70_1169,2,28
777,2024_000777_71b121c5c3044346,3,70_1169,2,7
779,2024_000779_c42491e3d7570864,1,70_1169,2,5
781,2024_000781_858e73344a7b9352,0,70_1169,2,4
784,2024_000784_e70549d2dce683ed,3,70_1169,2,27
814,2024_000814_0218fa130a007910,0,70_1169,2,4
815,2024_000815_76eecd4f60565b65,0,70_1169,2,4
816,2024_000816_8a666328aa178773,0,70_1169,2,8
832,2024_000832_102498d5a0b26831,0,70_1169,2,10
839,2024_000839_c9973c1760aafa72,0,70_1169,2,2
844,2024_000844_7af8d1e5ab30f072,0,70_1169,2,4
852,2024_000852_38e2dc5cac03eacc,6,70_1169,2,5
873,2024_000873_10706ed3e942b713,2,70_1169,2,2
878,2024_000878_a9f47f4e342da6ac,3,70_1169,2,3
898,2024_000898_091ceec69c1e8c88,0,70_1169,2,7
900,2024_000900_4f4a3c80df07b248,1,70_1169,2,6
924,2024_000924_e79b8300a9668064,0,70_1169,2,12
939,2024_000939_005f916a1299e7db,0,70_1169,2,7
958,2024_000958_2ecd76239fed1f7c,3,70_1169,2,20
964,2024_000964_6b3abadcca90a993,3,70_1169,2,19
968,2024_000968_b68e663d93a84159,0,70_1169,2,4
985,2024_000985_b4ebe94e6c3e563b,0,70_1169,2,18
988,2024_000988_01711a9d96cec056,3,71_1169,0,16
993,2024_000993_fa824d015c98ade9,3,71_1169,0,59
995,2024_000995_c0c7ea50e326ef18,0,71_1169,0,3
1000,2024_001000_d34e90cb4e5c474f,1,70_1169,2,14
1004,2024_001004_7209fdc8ebe60821,5,70_1169,2,15
1009,2024_001009_528978060ae0a1e1,1,70_1169,2,5
1013,2024_001013_d482d5d8c649f00e,1,70_1169,2,2
1020,2024_001020_c1d1cdd527a17fd1,1,70_1169,2,31
1021,2024_001021_a295798eaf032262,2,70_1169,2,49
1022,2024_001022_52da2254aaf7aad8,2,70_1169,2,32
1023,2024_001023_25dadb579944551c,2,70_1169,2,31
1025,2024_001025_87f0e02e4232912c,3,70_1169,2,23
1028,2024_001028_f5bffea4d8d2fce6,1,70_1169,2,16
1032,2024_001032_95e081b5c353206b,4,70_1169,2,18
1068,2024_001068_3c135f293e0b316b,3,70_1169,2,24
1082,2024_001082_7a4e7611a322ecde,2,70_1169,2,5
1099,2024_001099_dd23d3c539df8634,2,70_1169,2,14
1106,2024_001106_eba754822a562f13,2,70_1169,2,9
1108,2024_001108_733ac2c25bd6b0b4,1,70_1169,2,11
1112,2024_001112_1b6ad20dff27e80b,2,70_1169,2,21
1130,2024_001130_20a719066e8a9667,1,70_1169,2,6
1132,2024_001132_cda089d94192361b,4,70_1169,2,2
1145,2024_001145_7ca51d42f98f1b90,2,70_1169,2,3
1151,2024_001151_51c35ddf15ff1bf8,3,70_1169,2,9
1159,2024_001159_e9929d3bc283e03b,1,70_1169,2,16
1160,2024_001160_7e311653c1443560,0,70_1169,2,2
1164,2024_001164_0314db178a0e10bb,3,70_1169,2,22
1165,2024_001165_b524d0b24ae95550,2,70_1169,2,23
1172,2024_001172_2650c179303db92c,2,70_1169,2,7
1185,2024_001185_08d1a8d00a4fe28b,1,70_1169,2,2
1189,2024_001189_d9f83ebbe4fcdd43,4,70_1169,2,7
1190,2024_001190_d176960349dbdbc5,3,70_1169,2,2
1193,2024_001193_3c4bf6c5c75b7328,2,70_1169,2,6
1200,2024_001200_08a836359bccde0c,1,70_1169,2,22
1223,2024_001223_277eaf39f4ae2afc,1,70_1169,2,2
1231,2024_001231_a0761e1c4b969895,0,68_1169,0,61
1254,2024_001254_2192865d9bf716c8,0,68_1169,0,9
1272,2024_001272_81064fbe33acf8d3,0,68_1169,0,36
1276,2024_001276_4a3b00003112cca6,0,68_1169,0,18
1288,2024_001288_b6a03fd4593cefcc,0,68_1169,0,24
1292,2024_001292_991097da4c48d201,0,68_1169,0,6
1299,2024_001299_6d3d662372fcb857,0,68_1169,0,26
1302,2024_001302_fe89d63a864aa190,3,68_1169,0,20
1314,2024_001314_27093f6d748a3268,0,68_1169,0,9
1340,2024_001340_9b0ba30226fcf28f,3,68_1169,0,48
1343,2024_001343_022f8199293ca88a,2,68_1169,0,48
1360,2024_001360_bfc131eed265864d,1,68_1169,0,7
1361,2024_001361_70b24edb351da0df,1,68_1169,0,13
1363,2024_001363_658ace450077f236,1,69_1169,1,6
1372,2024_001372_687cc17cd327fcdf,2,69_1169,1,2
1407,2024_001407_7f07e2b5e5db26fc,0,69_1169,1,7
1415,2024_001415_f8d651687d743c8b,0,69_1169,1,6
1425,2024_001425_d00e75ca311ad563,2,69_1169,1,10
1433,2024_001433_73a73cbc438bb3ed,3,69_1169,1,22
1439,2024_001439_e3b482fa07aed497,2,68_1169,0,28
1440,2024_001440_520232a93d1eba03,4,68_1169,0,21
1443,2024_001443_5a2dbcd0c3536b80,3,69_1169,1,38
1450,2024_001450_9e2b957f14f5c681,2,68_1169,0,5
1453,2024_001453_18fa9bf26e22e82d,3,68_1169,0,31
1454,2024_001454_a922d0eb676c358c,2,69_1169,1,13
1456,2024_001456_012634e49f346d24,4,69_1169,1,12
1463,2024_001463_c496cb47d5fb53c7,3,68_1169,0,6
1478,2024_001478_2eea9036f1d04b74,0,72_1169,0,10
1485,2024_001485_b7349cfaf12ac534,0,72_1169,0,3
1487,2024_001487_2ee30342229f340f,0,71_1169,0,6
1495,2024_001495_f6f07560cd66537d,6,71_1169,0,10
1500,2024_001500_27df01322d2ef799,0,71_1169,0,3
1502,2024_001502_0d37db440c832291,3,71_1169,0,27
1503,2024_001503_04cd905092c45ad2,0,71_1169,0,10
1504,2024_001504_e94085cbd935ba0b,0,71_1169,0,2
1508,2024_001508_daa4b3763db6673c,0,71_1169,0,6
1513,2024_001513_ad139e70c7ed6bdb,4,71_1169,0,2
1515,2024_001515_3bc3aa1394adc559,4,71_1169,0,5
1517,2024_001517_f305ee75991847a2,4,71_1169,0,26
1521,2024_001521_bd94a4610067b75c,3,71_1169,0,11
1534,2024_001534_c9799988eed9f34d,2,71_1169,0,3
1535,2024_001535_2d3ada133644b330,2,71_1169,0,30
1550,2024_001550_71064b50c7ab6b31,3,72_1169,0,9
1552,2024_001552_f606fa6e267ff91e,1,72_1169,0,16
1564,2024_001564_c124af0d47d75fe3,3,66_1170,3,46
1569,2024_001569_4e56e822bb0fbe80,0,67_1170,0,26
1597,2024_001597_353842ff021f1073,2,66_1170,3,11
1599,2024_001599_c6ae5cf7c46ebb3e,1,67_1170,0,2
1605,2024_001605_deebaf9d5e3e5aee,1,66_1170,3,6
1610,2024_001610_14c78a623582e05b,0,67_1170,0,7
1612,2024_001612_f390018c8bb31b09,1,66_1170,3,25
1614,2024_001614_031bc6c03547700f,1,67_1170,0,20
1616,2024_001616_969a9ac12903a979,1,67_1170,0,16
1619,2024_001619_47cc60e48f9de1ad,1,67_1170,0,10
1623,2024_001623_7f8643cb582bf9fa,1,67_1170,0,12
1628,2024_001628_723c9349a6d71a1e,0,67_1170,0,26
1632,2024_001632_a3cd0d6b25311f69,0,66_1170,3,14
1637,2024_001637_4d23a2265ff6ebcd,0,67_1170,0,36
1646,2024_001646_19e44f5635558514,1,67_1170,0,36
1647,2024_001647_f4ad5796dc03cd58,1,67_1170,0,8
1649,2024_001649_37dc5785fcd25982,1,67_1170,0,14
1651,2024_001651_976057fd7367927e,1,67_1170,0,6
1653,2024_001653_bf031f55a0c983a2,1,67_1170,0,8
1662,2024_001662_081b23d02797a819,1,67_1170,0,4
1699,2024_001699_5345d25428bb35fd,1,67_1169,0,25
1703,2024_001703_4c6dd24af71cf8ed,3,67_1169,0,6
1708,2024_001708_2362a48ee7cb75d7,0,67_1169,0,94
1709,2024_001709_aba7c2ea4d58b1d3,0,67_1169,0,6
1714,2024_001714_3f4f203b663a6d2a,0,67_1169,0,25
1729,2024_001729_a8b657f5460ab33d,0,67_1169,0,351
1738,2024_001738_bc5f22b5cba5de2a,0,67_1169,0,56
1754,2024_001754_92f2c533b7d0a3c4,0,67_1169,0,28
1755,2024_001755_541bbaabcbcd0df1,6,67_1169,0,5
1760,2024_001760_4d76562db650a42e,2,67_1169,0,3
1763,2024_001763_9d9594a363f1a4b1,0,67_1169,0,31
1764,2024_001764_387bfaed0ff6aa56,1,67_1169,0,5
1765,2024_001765_ebb25b2f653adbf1,1,67_1170,0,3
1782,2024_001782_2926212e221a093f,0,67_1170,0,3
1783,2024_001783_cf30492919e727ca,1,67_1170,0,3
1788,2024_001788_29907fa327b06df4,0,67_1170,0,9
1791,2024_001791_dd35c812c0cb3149,0,67_1170,0,5
1796,2024_001796_549821cb76fd61a4,0,67_1170,0,5
1803,2024_001803_9f7535b53d1ea4f5,1,67_1170,0,5
1808,2024_001808_a650eb47223c7b33,1,67_1170,0,5
1814,2024_001814_36f570ee6638c73a,1,67_1170,0,5
1822,2024_001822_908cb6bbe8446f06,3,67_1170,0,32
1826,2024_001826_ac8d219bb3b22b8a,1,67_1170,0,3
1831,2024_001831_c633b97e2b5fa8e1,1,67_1170,0,17
1841,2024_001841_0a3a0c36e50542ca,0,67_1170,0,9
1856,2024_001856_57f2864f9864e8b3,2,67_1170,0,32
1861,2024_001861_50e7f6012414fa4d,0,67_1170,0,5
1862,2024_001862_53e5026ae7d55066,0,67_1170,0,3
1863,2024_001863_d9f566b2625674b4,0,67_1170,0,9
1870,2024_001870_26dd28db95a6e09a,1,67_1170,0,5
1873,2024_001873_5adc20f777ee5db6,1,67_1170,0,16
1876,2024_001876_47dbd9683e99c63d,1,67_1170,0,7
1880,2024_001880_ee13b148b4dfbb22,1,67_1170,0,19
1900,2024_001900_24b647dfc2448fcd,0,67_1170,0,8
1917,2024_001917_84dfd4de0d7ac5ae,4,67_1169,0,7
1924,2024_001924_e1e3da48905a4fdf,0,67_1169,0,2
1926,2024_001926_5bed8a5f2bb650dd,0,67_1169,0,2
1933,2024_001933_c7bfedff01760d93,0,67_1170,0,46
1937,2024_001937_a45c814e39d85c3a,3,67_1169,0,7
1938,2024_001938_e427fa05738c268e,0,67_1170,0,2
1939,2024_001939_6f38178e632d3d63,0,67_1170,0,3
1942,2024_001942_d5211046bfc822aa,3,67_1170,0,13
1945,2024_001945_8a2936a7894b04bf,0,67_1170,0,5
1946,2024_001946_779027e242435b9d,3,67_1170,0,9
1949,2024_001949_65d3e5fc6858e43b,0,67_1170,0,17
1953,2024_001953_baf0a06c722bb2f3,3,67_1170,0,6
1970,2024_001970_3ede21e43af7a327,0,67_1170,0,2
1972,2024_001972_1565b8760cb0b6ce,0,67_1170,0,5
1982,2024_001982_bd3d6bf8d0505ffc,0,67_1170,0,13
1993,2024_001993_0e4150753f62cef5,0,67_1170,0,37
2001,2024_002001_0c881c7480003a7e,1,67_1170,0,5
2009,2024_002009_a0666c3480105bc0,0,67_1170,0,4
2014,2024_002014_95cd12d881c7d917,3,67_1170,0,5
2032,2024_002032_23b04b8345d32ffd,1,67_1169,0,6
2056,2024_002056_5b619e1564103087,2,67_1169,0,3
2068,2024_002068_70c20c6eabecf008,3,67_1169,0,2
2078,2024_002078_a136ec850c0bba8a,3,67_1170,0,13
2082,2024_002082_03d1ac7b54e728b2,3,67_1170,0,10
2087,2024_002087_281995fb1e677421,3,67_1170,0,4
2088,2024_002088_576a1060edd23c11,0,67_1170,0,6
2108,2024_002108_ceca7cef2089d368,0,67_1170,0,6
2109,2024_002109_227ecbdc95d11ebd,0,67_1170,0,2
2110,2024_002110_49b3cf160ee58e74,0,67_1170,0,34
2116,2024_002116_777b1a7195610c8a,0,67_1169,0,41
2118,2024_002118_e0bbed8d4102009d,4,67_1170,0,4
2120,2024_002120_9ad206e036d565b6,0,67_1169,0,84
2122,2024_002122_5c11c998f5de39d7,0,67_1169,0,13
2132,2024_002132_b30c7a3e223afc29,0,67_1169,0,5
2136,2024_002136_ab311d83ca11d141,0,67_1169,0,6
2137,2024_002137_305cd47db3167ca2,0,67_1170,0,7
2138,2024_002138_7e0bb24ba70ccfa0,3,67_1170,0,6
2139,2024_002139_84b0a2e74e4a4f64,1,67_1170,0,7
2140,2024_002140_9a02b05c5f62e0de,0,67_1170,0,5
2141,2024_002141_2e5d7f7404a135e3,0,67_1170,0,7
2145,2024_002145_1f11837df795bb0c,0,67_1170,0,3
2157,2024_002157_8d418b5d6fb8ae0d,0,67_1170,0,5
2158,2024_002158_410f89b2e3d39f14,0,67_1170,0,2
2188,2024_002188_69dce9aac9e22ce7,0,67_1170,0,2
2199,2024_002199_470a7d2817e7c7b8,6,67_1170,0,2
2230,2024_002230_8600f93578472384,6,67_1169,0,8
2239,2024_002239_c19dcc18b9ab647e,2,67_1169,0,6
2249,2024_002249_b583b2133bb914da,1,67_1169,0,4
2254,2024_002254_23f1dfbef4d3bef0,1,67_1169,0,10
2260,2024_002260_9bb0ff9400655543,1,67_1169,0,2
2264,2024_002264_937e284dd6593c82,3,67_1169,0,10
2271,2024_002271_7112b77136898edb,4,67_1169,0,31
2277,2024_002277_f69657749f3bd4be,4,67_1170,0,33
2281,2024_002281_a30b4bf3582848a4,4,67_1170,0,13
2287,2024_002287_09167f354a076ff1,0,67_1170,0,3
2327,2024_002327_bc014bc42782a164,1,67_1170,0,3
2335,2024_002335_2cb5e45181adb199,0,67_1170,0,2
2338,2024_002338_af33c45faf205f1f,0,67_1170,0,3
2354,2024_002354_16984e76eb6a55b3,0,67_1170,0,2
2357,2024_002357_538a145d7976a612,2,67_1170,0,17
2363,2024_002363_484b71503dcf33e6,3,67_1170,0,18
2377,2024_002377_728b1ad177372c71,0,67_1170,0,3
2381,2024_002381_e6822bf85ca00583,0,67_1169,0,9
2384,2024_002384_df7902294dc2445f,0,67_1169,0,4
2401,2024_002401_75abc37262907476,0,67_1169,0,40
2403,2024_002403_92ff3e44f2067018,3,67_1170,0,38
2405,2024_002405_a5ec27f05cf8c2d7,0,67_1170,0,2
2408,2024_002408_a1a435a5d5d618be,3,67_1170,0,9
2409,2024_002409_8b596de95f79d149,6,67_1170,0,7
2410,2024_002410_4b6889016f66c732,6,68_1170,2,12
2411,2024_002411_56b0e47035df46c2,1,67_1170,0,5
2414,2024_002414_9c3d67f55192bdda,1,67_1170,0,4
2417,2024_002417_b713e59eb2926041,1,67_1170,0,2
2451,2024_002451_419a0568abcad17a,6,67_1170,0,6
2453,2024_002453_0c76b39b522ced85,6,67_1170,0,21
2456,2024_002456_6efdc2355ef54173,1,68_1170,2,8
2461,2024_002461_7395a9bdbcab2054,3,67_1170,0,31
2470,2024_002470_4f8a306966930daf,0,67_1170,0,5
2475,2024_002475_b566bf050fe534f5,6,67_1170,0,54
2485,2024_002485_cf5f8545f0eaf9f9,0,67_1170,0,127
2486,2024_002486_723075b5d5cbf60e,2,68_1170,2,44
2487,2024_002487_149e2c161cebc698,4,68_1170,2,33
2490,2024_002490_9d2403cc296514c1,0,67_1170,0,31
2492,2024_002492_c0c37115b013436b,6,68_1170,2,10
2493,2024_002493_075e458bb970ec9d,0,67_1170,0,13
2494,2024_002494_eba6a9efca56e648,0,68_1170,2,5
2498,2024_002498_c2fd7dcf295f16bb,0,68_1170,2,3
2499,2024_002499_bbce83cbc8d1212f,3,68_1170,2,3
2503,2024_002503_5bd22ee41b930152,1,68_1170,2,2
2510,2024_002510_4893e6507e17d353,0,67_1170,0,2
2513,2024_002513_901bb9fb3d3dda95,0,68_1170,2,2
2533,2024_002533_f38015f9d8eca367,4,67_1169,0,25
2535,2024_002535_ed9e7f45c9abae9f,3,67_1169,0,24
2542,2024_002542_16e4f07170049320,3,67_1169,0,26
2544,2024_002544_c30f8b01110c8f2d,0,67_1170,0,6
2560,2024_002560_3e26cec629a76702,0,67_1170,0,2
2564,2024_002564_bbf518fadfd5d9f5,6,67_1170,0,2
2569,2024_002569_88e97da4e22ce2ae,0,67_1170,0,3
2571,2024_002571_72659645fa38aa0f,2,67_1170,0,3
2575,2024_002575_30f7336a3297ae3f,2,67_1170,0,5
2589,2024_002589_a16f2d8ff67ec349,0,67_1169,0,10
2592,2024_002592_ba67e0bcd4495164,3,68_1169,0,13
2597,2024_002597_a94f2957c13ad27c,0,67_1169,0,33
2601,2024_002601_b3e74c3cc5f2ac14,4,67_1169,0,41
2618,2024_002618_0f57355355f3d179,3,67_1170,0,12
2624,2024_002624_c3c865206c307daf,6,68_1170,2,21
2646,2024_002646_e15b27a46628dce4,2,67_1170,0,3
2656,2024_002656_7734887043d4801f,2,68_1170,2,2
2659,2024_002659_d45e3e822f8e54be,1,68_1170,2,4
2661,2024_002661_5324a55d536ba389,2,68_1170,2,5
2662,2024_002662_3433ead80d9c6455,3,68_1170,2,10
2666,2024_002666_c4761e50fc4e1823,1,68_1170,2,15
2679,2024_002679_d5899bc3ab7866fa,1,68_1170,2,3
2689,2024_002689_b0534b453a1b3a15,0,68_1170,2,51
2693,2024_002693_6770c0d95b33ee23,1,68_1170,2,5
2713,2024_002713_4d43f394ad8af757,0,67_1170,0,10
2728,2024_002728_ce5003e9c96182e4,4,67_1170,0,12
2731,2024_002731_757c1ac28a770fb2,3,67_1170,0,8
2745,2024_002745_126bb796e157cf14,1,67_1170,0,3
2750,2024_002750_d9d5337a3fff65b8,1,67_1170,0,4
2760,2024_002760_8c1777fd392a7482,0,67_1170,0,2
2763,2024_002763_2626aa66833efea5,0,67_1170,0,9
2789,2024_002789_4177cfebbbd70e4d,0,67_1170,0,7
2792,2024_002792_3572b832bfc60603,0,67_1170,0,6
2800,2024_002800_27c32658b9cfe712,1,67_1170,0,19
2803,2024_002803_5d0f132938186768,0,67_1170,0,36
2805,2024_002805_88acd88661dceb77,0,67_1169,0,10
2812,2024_002812_7db58f2cd7a43a67,0,67_1169,0,14
2816,2024_002816_1b9d88414e00afa9,1,67_1169,0,6
2824,2024_002824_286317051f0fd0ff,0,67_1170,0,2
2830,2024_002830_b935649992d04ed1,2,66_1169,0,5
2848,2024_002848_973c24ad68972783,0,67_1169,0,4
2851,2024_002851_7470ecc0889e6cd5,0,67_1169,0,13
2855,2024_002855_d411db2df4bf9150,1,67_1169,0,4
2865,2024_002865_4bd670058137fe76,0,67_1170,0,49
2879,2024_002879_5a1ec909ebd85f63,1,67_1170,0,8
2881,2024_002881_fa7b35ed6e8a65d5,0,67_1170,0,10
2884,2024_002884_952defa5fd973ba8,0,67_1170,0,8
2885,2024_002885_a9d0917be8cfe1a6,1,67_1170,0,10
2897,2024_002897_3a7c239d9681bae0,1,67_1170,0,7
2898,2024_002898_5a8a2e52b2892978,0,67_1170,0,21
2900,2024_002900_191c1612a8a1c15f,2,67_1170,0,38
2904,2024_002904_9c100dc4ff2d895d,0,67_1170,0,2
2906,2024_002906_6b6a611761588594,1,67_1170,0,8
2909,2024_002909_dee188e969e2c675,0,67_1170,0,4
2910,2024_002910_966ec754f19d3b44,0,67_1170,0,5
2920,2024_002920_df109d70764edb73,2,67_1169,0,2
2943,2024_002943_de0cd9c9c072c546,6,67_1169,0,2
2949,2024_002949_d4dfbf767cd75bcc,6,67_1169,0,8
2959,2024_002959_ceb51eb3cd5d523e,3,67_1169,0,17
2960,2024_002960_d59ca21a9ce172c3,3,67_1169,0,11
2963,2024_002963_a72e47d307c7fad7,2,68_1169,0,12
2978,2024_002978_e5933d6e8258e5a2,3,68_1169,0,14
2981,2024_002981_974f296c635f2db6,1,68_1169,0,6
2984,2024_002984_e4ffdab41df98751,2,68_1169,0,5
2985,2024_002985_2c014db5edf885df,2,68_1169,0,7
2988,2024_002988_47a3d812918bbc71,2,68_1169,0,4
3000,2024_003000_b0498c5f3cd3be7d,0,68_1169,0,4
3002,2024_003002_3268921d570a72b7,0,68_1169,0,6
3009,2024_003009_7724636f05f68894,0,68_1169,0,3
3011,2024_003011_10705a0f8b67fe52,0,68_1169,0,3
3012,2024_003012_dbf63368a6e10369,2,68_1169,0,16
3018,2024_003018_11d087c339fdf3a5,3,68_1169,0,7
3020,2024_003020_96e25180119fc2fc,3,68_1169,0,28
3023,2024_003023_2fd9b95c68c5a582,6,69_1169,1,2
3028,2024_003028_a458c5432d489d04,0,69_1169,1,10
3034,2024_003034_0001a90c36d2743e,0,69_1169,1,30
3038,2024_003038_7d5bacac56f26b4f,2,69_1169,1,16
3040,2024_003040_9f7f698be6c74cbf,0,69_1169,1,3
3042,2024_003042_364e01bbeba7298d,0,69_1169,1,2
3043,2024_003043_64249c093da8c9e5,0,69_1169,1,6
3045,2024_003045_ce08f9d03e99ea45,0,69_1169,1,8
3051,2024_003051_1ab1f04b71ee8b59,0,69_1169,1,7
3053,2024_003053_f5cb8a7446c7565a,0,69_1169,1,7
3054,2024_003054_99e992d5b87641be,0,69_1169,1,9
3066,2024_003066_600c7898a7933f4f,1,68_1169,0,12
3067,2024_003067_07419d698f206006,2,68_1169,0,6
3088,2024_003088_1e7eeb8128e38222,0,68_1169,0,12
3089,2024_003089_84c55f589be120c4,1,68_1169,0,15
3091,2024_003091_3d691bc5dfd77695,4,69_1169,1,88
3092,2024_003092_715cdf4e76c1d36e,3,69_1169,1,39
3093,2024_003093_39ed2573f2026b24,1,69_1169,1,7
3094,2024_003094_704fe39a04e77bd4,6,69_1169,1,21
3095,2024_003095_6b910b3bfe10500f,1,69_1169,1,8
3096,2024_003096_28b00ef8303d54fa,2,69_1169,1,10
3097,2024_003097_2e64428660da91cc,2,69_1169,1,11
3098,2024_003098_86ab81fdff9008e9,0,69_1169,1,5
3099,2024_003099_950aed31a863dcda,2,69_1169,1,9
3100,2024_003100_f6d8f9b8e25670d9,2,69_1169,1,3
3104,2024_003104_c4e2306e3447ba55,0,69_1169,1,5
3113,2024_003113_f9d76099864944ff,2,69_1169,1,2
3114,2024_003114_0fc56dcd92aa5c8f,0,69_1169,1,2
3140,2024_003140_3991f507da526c1e,4,69_1169,1,25
3148,2024_003148_23b129954fc7df5d,3,69_1169,1,7
3166,2024_003166_2c2bab494206fb79,0,68_1169,0,3
3168,2024_003168_bc9e89cdb65edc35,0,68_1169,0,5
3172,2024_003172_4406d0d8c1e5e116,2,68_1169,0,18
3173,2024_003173_af4a429bfbf7145b,3,68_1169,0,9
3176,2024_003176_a09714314310efbf,0,68_1169,0,4
3187,2024_003187_62d61028d0465684,3,68_1169,0,45
3196,2024_003196_60dee83dfeafd212,2,68_1169,0,10
3200,2024_003200_b7de38df829e824f,0,68_1169,0,7
3203,2024_003203_b6335a0f431fb361,2,68_1169,0,10
3206,2024_003206_4a1993481ecebb82,0,69_1169,1,4
3236,2024_003236_e1cfd12bedbeb8db,0,69_1169,1,10
3244,2024_003244_bbf5c133a9e21cb6,2,68_1169,0,5
3250,2024_003250_3406265504e3e90e,2,68_1169,0,7
3270,2024_003270_508cf25c53f875ff,2,68_1169,0,23
3284,2024_003284_30c4cd6f2328a8d1,0,69_1169,1,39
3290,2024_003290_6e1851b2d927f92a,3,69_1169,1,42
3294,2024_003294_10fbc5130fcaaa7e,3,69_1169,1,6
3296,2024_003296_0e0a7f6b5363cf0e,6,68_1169,0,58
3301,2024_003301_d17633cad97f89df,4,68_1169,0,49
3310,2024_003310_0553f02c1dfde68c,0,69_1169,1,17
3322,2024_003322_c04247ed9a29fb19,0,69_1169,1,2
3323,2024_003323_1b20585161a8b458,0,69_1169,1,5
3341,2024_003341_2b08d09f0408d3f8,4,68_1169,0,36
3360,2024_003360_b4110a53ef419a41,2,68_1169,0,6
3365,2024_003365_107b858222c6f024,0,69_1169,1,5
3369,2024_003369_71011e72f9601d6c,0,69_1169,1,7
3378,2024_003378_6253468dd8c2feb5,0,69_1169,1,2
3380,2024_003380_7feda95473f06052,0,69_1169,1,5
3383,2024_003383_ef46089a5b7148d8,0,69_1169,1,2
3385,2024_003385_5196131a001706ba,0,69_1169,1,2
3391,2024_003391_6ace2ef1aa7acc4e,0,69_1169,1,5
3425,2024_003425_bd34fa6748dd90d3,6,69_1169,1,10
3433,2024_003433_fbbcb80098a825fd,0,69_1169,1,5
3444,2024_003444_c14f103e69e16d1b,0,69_1169,1,16
3445,2024_003445_3db4e3195bc17cfc,0,69_1169,1,3
3446,2024_003446_feb4a79f88a015ad,0,69_1169,1,9
3456,2024_003456_a576d7653f8c00e4,0,69_1169,1,4
3457,2024_003457_785fbaec840055a2,0,69_1169,1,2
3467,2024_003467_b85dd847af16c8fd,0,69_1169,1,11
3482,2024_003482_a2ed476642898b68,0,69_1169,1,4
3487,2024_003487_74225020e98ebac3,2,69_1169,1,25
3488,2024_003488_034dbaa91bc086ce,0,69_1169,1,10
3495,2024_003495_4a0a28cbc672ce63,3,69_1169,1,8
3500,2024_003500_2d27cd80716faa88,1,69_1169,1,2
3504,2024_003504_a11dfb85ca3bc06b,0,69_1169,1,2
3605,2024_003605_ef9bd1c53b557225,3,68_1170,2,19
3614,2024_003614_22f49cbfd8c25313,4,68_1169,0,54
3615,2024_003615_cebf96d66cc82968,2,68_1170,2,23
3619,2024_003619_45431de124efb26f,3,68_1169,0,111
3675,2024_003675_6abf9c06e2e86405,0,68_1170,2,7
3677,2024_003677_0005ef1c40c39dcc,2,69_1170,1,25
3678,2024_003678_49f4ec9080c40169,4,69_1169,1,40
3679,2024_003679_2cb6ca091bbc5d91,4,69_1170,1,44
3682,2024_003682_b90e6543a070cb12,4,69_1170,1,48
3684,2024_003684_b89ac2efe61b27c9,3,69_1169,1,22
3685,2024_003685_5f3d92deb826c027,5,69_1170,1,21
3687,2024_003687_81ec96a5438fb2ad,5,69_1170,1,20
3688,2024_003688_8633a4359a60a9b7,2,69_1170,1,12
3717,2024_003717_10d20b60d6b9f799,2,69_1170,1,32
3738,2024_003738_5415403a67715b07,0,69_1170,1,10
3749,2024_003749_10083c26827c1bc9,2,69_1170,1,81
3750,2024_003750_335cd13fb054b604,3,68_1170,2,33
3753,2024_003753_a65c3d305a6d1a89,0,68_1170,2,3
3757,2024_003757_1cf9580b73542866,4,68_1170,2,7
3758,2024_003758_de20e539a81e0bcc,0,69_1170,1,17
3770,2024_003770_cdc3c457eedd3c44,6,68_1170,2,3
3773,2024_003773_2da695662dfeca2f,0,69_1170,1,5
3781,2024_003781_1013d8564b10a9d7,3,69_1170,1,76
3782,2024_003782_710172e219ba4572,4,69_1170,1,43
3783,2024_003783_6b85a842b97e7f1f,3,69_1170,1,55
3784,2024_003784_ebe152edbaef315a,0,69_1170,1,28
3786,2024_003786_69ef55a1750675af,4,69_1170,1,10
3787,2024_003787_ac9be94323af69b3,6,69_1170,1,11
3788,2024_003788_776b4c6b44fbdb6a,2,69_1170,1,22
3789,2024_003789_839671aa4ece0d01,3,69_1170,1,9
3790,2024_003790_009f23b8fdaed89b,3,69_1170,1,23
3791,2024_003791_8a5d00c635365b79,2,69_1170,1,18
3794,2024_003794_4cd96bdadd4f2296,6,69_1170,1,21
3795,2024_003795_bed2175be299b4b8,3,69_1170,1,6
3796,2024_003796_42356799a96edf36,6,69_1170,1,7
3817,2024_003817_6620e0dbda213c31,3,69_1170,1,32
3819,2024_003819_7fa484f71965fad6,0,69_1169,1,6
3831,2024_003831_ab339be47c511c9e,0,69_1170,1,13
3842,2024_003842_2e5475c358c8de86,0,69_1170,1,5
3853,2024_003853_bf3efc4089170bb9,0,69_1170,1,3
3871,2024_003871_7af96ba84ceffa4c,0,69_1170,1,6
3883,2024_003883_c44073c8f3b5961e,0,69_1170,1,6
3908,2024_003908_ed146d3fd7200e47,0,69_1170,1,6
3910,2024_003910_26119c0c3ef766b9,3,69_1170,1,3
3911,2024_003911_5d6421fc3d42e85d,3,69_1170,1,32
3935,2024_003935_a193e3f86afe36db,6,69_1170,1,38
3938,2024_003938_3b871ed6a529fd1d,2,69_1170,1,28
3948,2024_003948_bd351385cf8b3654,1,68_1170,2,2
3975,2024_003975_f0dc260e2db2b172,2,69_1169,1,35
3992,2024_003992_dc7951be48f5eaac,2,69_1169,1,4
4015,2024_004015_9df804aa3ab7c9de,4,69_1169,1,5
4031,2024_004031_b0a3bcd592e14ba4,0,69_1169,1,4
4044,2024_004044_ff2c0afb5c351eb1,5,69_1169,1,2
4076,2024_004076_fc50624f116b759c,2,68_1169,0,18
4106,2024_004106_429956ce255c6630,1,68_1169,0,10
4107,2024_004107_5b409fe59ce92a49,0,68_1169,0,14
4109,2024_004109_d26d4b12d2972915,2,69_1169,1,8
4110,2024_004110_0ba64c32d2607758,1,68_1169,0,13
4124,2024_004124_01ac9eed37bb00eb,0,68_1169,0,14
4143,2024_004143_08d60268c1af89ea,3,69_1169,1,18
4181,2024_004181_3c1ea2962c817304,2,69_1169,1,4
4182,2024_004182_e341dd21f263d4e7,3,69_1170,1,5
4184,2024_004184_a38375f3d1090831,2,69_1170,1,3
4193,2024_004193_87afe7e4793f9511,4,69_1170,1,36
4196,2024_004196_e979ae421f92725b,2,69_1170,1,5
4206,2024_004206_1a14902099c9d171,2,68_1170,2,3
4215,2024_004215_e10ae52223c65ae5,2,69_1169,1,17
4225,2024_004225_34d38fec34b21f8c,3,68_1169,0,9
4226,2024_004226_cf95a634821db480,3,68_1169,0,12
4227,2024_004227_df6b4700affde693,3,68_1169,0,8
4228,2024_004228_6cc38ba1046a7acb,1,69_1169,1,9
4230,2024_004230_1bdbd034270e70b1,2,69_1169,1,9
4232,2024_004232_fd022ecb25157d12,2,69_1169,1,2
4242,2024_004242_88736a0d2045ec47,3,68_1169,0,5
4249,2024_004249_f329b0a8970dc567,2,68_1169,0,2
4261,2024_004261_2127957335e97c18,0,68_1169,0,3
4277,2024_004277_2347afb0a5073549,3,68_1169,0,3
4281,2024_004281_7fb0bf8cb8498758,2,68_1169,0,37
4288,2024_004288_1ed8b5c7aa84459e,3,68_1169,0,6
4294,2024_004294_bc6980854e08b75f,3,68_1169,0,3
4390,2024_004390_18e511c4a7a9206c,3,73_1169,2,10
4400,2024_004400_cd9771d0b323798b,4,73_1169,2,36
4406,2024_004406_c1228a64d4f39acd,6,73_1169,2,109
4407,2024_004407_0b8ce29c4d795308,3,73_1169,2,56
4409,2024_004409_840893f5131a2db7,3,73_1169,2,68
4410,2024_004410_515670c72071496e,4,73_1169,2,17
4411,2024_004411_745fd1e03bf6115c,4,73_1169,2,40
4414,2024_004414_01ad02c6a7c83361,6,73_1169,2,17
4415,2024_004415_779bec760ae0ea67,3,73_1169,2,25
4416,2024_004416_514a22482699068f,3,73_1169,2,16
4418,2024_004418_3950dd1288a45357,0,73_1169,2,6
4427,2024_004427_17537fc616eaf113,4,73_1169,2,12
4454,2024_004454_ba518c2c5dffc0c6,0,72_1169,0,7
4491,2024_004491_80d36c6fa89c5200,0,72_1169,0,3
4492,2024_004492_7d78cd24a2587e1f,2,72_1169,0,8
4495,2024_004495_161483f19fb1e63f,0,73_1169,2,9
4496,2024_004496_9bc828bc4829e3b1,0,73_1169,2,9
4503,2024_004503_38ae3b8f059257ba,3,73_1169,2,14
4509,2024_004509_499ed8ebb0738c20,4,73_1169,2,75
4537,2024_004537_444640a9f62d89e8,0,72_1169,0,11
4541,2024_004541_1758a5a6b30f21ab,2,72_1169,0,10
4547,2024_004547_98e8c6b4dff6b47f,0,72_1169,0,13
4553,2024_004553_c3339623b25a2e96,0,72_1169,0,11
4566,2024_004566_ff0c9476cbbd256a,2,73_1169,2,21
4586,2024_004586_74bc1f88c6a22d19,3,73_1169,2,40
4599,2024_004599_72fb8e912b866ac1,3,73_1169,2,12
4605,2024_004605_a0e77004025fc707,3,73_1169,2,52
4619,2024_004619_ee3016960ea0cdae,3,73_1169,2,7
4622,2024_004622_ccb5a2d4597a634b,3,73_1169,2,21
4627,2024_004627_ec950a1ef4b6417c,4,73_1169,2,7
4634,2024_004634_495af60133821de6,3,73_1169,2,7
4648,2024_004648_c3c45a229ed9f5cd,3,73_1169,2,8
4649,2024_004649_b0b85d7e63d305ad,4,73_1169,2,7
4661,2024_004661_953002479553ee01,6,73_1169,2,66
4667,2024_004667_798070738953621e,6,73_1169,2,46
4682,2024_004682_c7f94d0d228faf44,4,73_1169,2,45
4688,2024_004688_57936938aa9dd0f7,4,73_1169,2,60
4695,2024_004695_3f97b70204208a46,3,73_1169,2,72
4696,2024_004696_fddef3938923644e,6,73_1169,2,64
4698,2024_004698_67e01ba121434d11,3,73_1169,2,22
4699,2024_004699_a657a124c3e3b3c0,4,73_1169,2,41
4700,2024_004700_85ac15020264870f,3,73_1169,2,38
4702,2024_004702_fc874b37af2e6281,3,73_1169,2,55
4703,2024_004703_2e1e54730f8993e9,3,73_1169,2,32
4747,2024_004747_c309808a0d0c0abd,0,73_1169,2,9
4759,2024_004759_00bfb90f3cfd4cfc,2,73_1169,2,60
4762,2024_004762_53ccb4151d9d48a8,6,73_1169,2,70
4769,2024_004769_8df92285a593aef9,6,73_1169,2,40
4776,2024_004776_daca5124dff070b8,6,73_1169,2,75
4780,2024_004780_ff21091eb5f42d75,0,73_1169,2,4
4786,2024_004786_37b07b8d3ebcc077,4,72_1169,0,13
4788,2024_004788_1b41da7c9c84a516,0,72_1169,0,7
4797,2024_004797_e9dbcebdb8d5d759,3,72_1169,0,59
4803,2024_004803_6aa5dd39d89574c9,4,72_1169,0,48
4805,2024_004805_3bbd09e1796d7e5f,0,69_1169,1,6
4807,2024_004807_e9ea46d0f6c33adb,0,69_1169,1,6
4818,2024_004818_037114aa152b9b66,0,69_1169,1,12
4821,2024_004821_c69ff84c43eb1032,1,69_1169,1,13
4824,2024_004824_3c667c617d3d5569,0,69_1169,1,24
4849,2024_004849_6ecb7c5d7ddef340,0,69_1169,1,5
4851,2024_004851_1d82a8aaeed0162a,1,70_1169,2,8
4857,2024_004857_5b309d2e9bee7c09,3,70_1169,2,34
4866,2024_004866_926e57ba1f8e3987,1,70_1169,2,8
4867,2024_004867_3a6b4edd339904b8,2,70_1169,2,2
4904,2024_004904_53a3a04aa68ad432,2,70_1169,2,7
4914,2024_004914_5fc0ef7d0af9a91a,0,70_1169,2,31
4915,2024_004915_9f2efaeff49402b6,4,70_1169,2,70
4917,2024_004917_61302421729feb45,2,70_1169,2,4
4918,2024_004918_94403c4d4f7ba52f,0,70_1169,2,8
4923,2024_004923_d9940e73a4df0be6,4,70_1169,2,11
4924,2024_004924_f039483b36a73ce5,2,70_1169,2,6
4932,2024_004932_c743ed0c40b24ef8,2,70_1169,2,15
4939,2024_004939_7b74f8238b2d212d,3,70_1169,2,11
4940,2024_004940_86d89081aa946597,3,70_1169,2,15
4941,2024_004941_5e8c2e1483a4f90f,2,70_1169,2,4
4944,2024_004944_d37e32fedd017d8e,2,70_1169,2,12
4947,2024_004947_cfde3fd70a953359,0,70_1169,2,7
4962,2024_004962_3a7f470029eec825,0,69_1169,1,3
4990,2024_004990_d4a0b39fa6e1fd16,0,69_1169,1,3
4991,2024_004991_3680a384ed5ed055,1,70_1169,2,10
4995,2024_004995_6d28feb6af616f61,1,70_1169,2,21
5005,2024_005005_a2a348b90270b9f4,2,70_1169,2,7
5017,2024_005017_d6030862329d3ca4,0,70_1169,2,7
5027,2024_005027_769dae2c2ace31c1,0,70_1169,2,22
5028,2024_005028_5fd0430aa59d33dc,3,70_1169,2,20
5031,2024_005031_c9accb7c1eb74677,1,70_1169,2,14
5035,2024_005035_7b0990153cc432fc,0,69_1169,1,2
5039,2024_005039_80be1a6e20f034e8,0,69_1169,1,2
5045,2024_005045_0017937971a53bc0,0,69_1169,1,3
5053,2024_005053_dc5ef9c6c268d4bc,0,69_1169,1,25
5055,2024_005055_6589ead8aee30132,0,69_1169,1,15
5058,2024_005058_1e07b84ea11fa7bf,0,69_1169,1,18
5060,2024_005060_88d9d119f96d6cb4,0,69_1169,1,12
5061,2024_005061_3cace6c43d1d5295,0,69_1169,1,11
5071,2024_005071_4a22b60b85e3e10b,1,69_1169,1,13
5072,2024_005072_8283eb9767aa2575,1,69_1169,1,2
5101,2024_005101_07dc8eabfde957d0,1,70_1169,2,15
5102,2024_005102_ad2be2f2e939d1cb,3,70_1169,2,12
5104,2024_005104_ee0e5d3853038a66,1,70_1169,2,7
5105,2024_005105_2abdaa412c40d1b9,0,70_1169,2,8
5106,2024_005106_cc0c9bb3a069fae9,0,70_1169,2,4
5107,2024_005107_2672949d4989a907,0,70_1169,2,4
5111,2024_005111_92a292bfe01f56e4,0,70_1169,2,3
5112,2024_005112_98654103a848eeab,0,70_1169,2,3
5114,2024_005114_02a351304c061997,0,70_1169,2,2
5152,2024_005152_6e7b45c22ba4647f,1,70_1169,2,2
5153,2024_005153_6e2408f64b5f005b,1,70_1169,2,4
5159,2024_005159_56b881aae66eca14,2,70_1169,2,12
5160,2024_005160_ccb30285c8495185,1,70_1169,2,28
5161,2024_005161_e157348555f0cd94,0,70_1169,2,13
5162,2024_005162_141ac18929326e7d,2,70_1169,2,11
5164,2024_005164_b0f6669736ddc341,2,70_1169,2,3
5170,2024_005170_22d2395f151296fd,1,70_1169,2,6
5175,2024_005175_504a83c343246734,3,70_1169,2,38
5178,2024_005178_9c0dd5465a130efa,1,70_1169,2,14
5183,2024_005183_a20eea9af03c4b90,4,70_1169,2,27
5185,2024_005185_15e768ae14116345,1,70_1169,2,32
5187,2024_005187_5f17f5001e957199,1,70_1169,2,25
5190,2024_005190_87c00a0cfc7dd8ea,1,70_1169,2,31
5193,2024_005193_061f31c8cfd28084,0,70_1169,2,5
5195,2024_005195_16d0af2ed5d955f8,0,70_1169,2,14
5201,2024_005201_ccf7dbed8272a3f2,3,70_1169,2,14
5237,2024_005237_1737c843bcebd584,0,69_1169,1,20
5246,2024_005246_3506fcf38ce06aa0,0,69_1169,1,12
5249,2024_005249_9fd0fe3da0eb17d6,1,69_1169,1,13
5250,2024_005250_62aa113ea6cecc5b,3,69_1169,1,53
5251,2024_005251_3d8282ba0e6ccbba,0,69_1169,1,16
5255,2024_005255_bade55de45054cfc,1,70_1169,2,26
5257,2024_005257_3a1c83abdac27b0e,0,70_1169,2,25
5260,2024_005260_45f8c80f64082561,0,69_1170,1,6
5264,2024_005264_007bc3fa35c7f8f7,0,69_1170,1,8
5268,2024_005268_cd9c10cf5086f267,0,70_1169,2,13
5269,2024_005269_c790ca33798e7981,0,69_1169,1,16
5270,2024_005270_e5ce61c793ab1f10,0,70_1169,2,20
5272,2024_005272_34ccda479ab2df60,2,69_1169,1,14
5273,2024_005273_55136ce4be32497f,1,69_1169,1,14
5275,2024_005275_8dfa005376f8287f,0,69_1169,1,4
5278,2024_005278_21c9d442f2d50762,2,69_1169,1,12
5282,2024_005282_8face08a3b5efb52,0,69_1169,1,5
5287,2024_005287_1be33486ad3b2dc7,3,69_1169,1,21
5289,2024_005289_4187f7b1119891fd,3,69_1169,1,9
5293,2024_005293_edd02276fee0e844,0,69_1169,1,12
5311,2024_005311_4363d87fe239efe2,3,69_1169,1,17
5313,2024_005313_e1fb795e6c73165d,2,69_1169,1,2
5314,2024_005314_61413c0022df9503,0,69_1169,1,2
5323,2024_005323_0729c9cd0aefd58b,4,70_1169,2,7
5330,2024_005330_33be0fc220764703,3,70_1170,3,19
5335,2024_005335_6283e877e2246861,1,70_1169,2,15
5345,2024_005345_0ae8a2bd5e47806a,0,70_1169,2,7
5359,2024_005359_6ad09da5ec843c70,3,70_1169,2,12
5360,2024_005360_565c6da92402a5ca,3,70_1169,2,36
5365,2024_005365_c9722fd903ad8afc,4,70_1169,2,9
5367,2024_005367_5cd9ad5493b326ef,5,70_1169,2,35
5368,2024_005368_1538df4e25af18b8,3,70_1169,2,31
5369,2024_005369_7e554ec60b31aaa1,1,70_1170,3,22
5370,2024_005370_f5b04ddcb9b3ce3f,3,70_1169,2,20
5371,2024_005371_8d421c492fada309,2,70_1169,2,10
5372,2024_005372_ff7ff36b53738446,2,70_1170,3,9
5374,2024_005374_01943f2f450189d1,1,70_1169,2,4
5376,2024_005376_10b6a458c9ba90ed,0,70_1169,2,3
5377,2024_005377_5dbec6aef48a980a,1,70_1169,2,6
5380,2024_005380_255b262fe95484a7,0,70_1169,2,5
5381,2024_005381_8cc5b7dd4a0df827,2,70_1169,2,4
5384,2024_005384_39309962f3a85ed2,4,70_1170,3,3
5387,2024_005387_dbb89078c0870c17,0,70_1169,2,3
5388,2024_005388_0b04c1869985c3b9,0,70_1169,2,3
5391,2024_005391_1355ed45899c36b3,1,70_1169,2,3
5414,2024_005414_8c8e96847c5b2c7a,3,70_1169,2,2
5419,2024_005419_1d6f2baaef11d901,0,70_1169,2,5
5430,2024_005430_61dc5fe1a9f877a0,0,70_1169,2,5
5435,2024_005435_6f4b97176d7b2605,1,70_1169,2,20
5439,2024_005439_faa205040385f1a0,1,70_1169,2,2
5442,2024_005442_417cf634075ed721,1,70_1169,2,2
5453,2024_005453_83ab6639ed76c1a8,3,70_1169,2,3
5460,2024_005460_6bc9c1e60a5c5f1e,0,70_1170,3,5
5461,2024_005461_5130ae8d19d71be9,0,70_1170,3,5
5464,2024_005464_9900435d033de2a4,2,70_1170,3,4
5466,2024_005466_b73e508ef4f5e861,3,70_1170,3,3
5472,2024_005472_c361542d98a1d47a,4,70_1170,3,2
5483,2024_005483_bf8a16febe10645c,3,70_1170,3,5
5485,2024_005485_74410352207c47b6,3,70_1170,3,4
5488,2024_005488_cc755abe7a383741,2,69_1170,1,4
5498,2024_005498_4f749bedf2cfd02e,1,69_1170,1,3
5505,2024_005505_66a138ce4b9439ab,2,69_1170,1,7
5520,2024_005520_fa9901da96ba4fa9,0,69_1170,1,7
5543,2024_005543_244a01718feb18c9,1,69_1170,1,2
5559,2024_005559_ee7b6091a34c4698,0,69_1170,1,11
5561,2024_005561_0a5aa711e958ddc3,0,69_1170,1,5
5571,2024_005571_33ad3507788b6791,4,69_1170,1,14
5576,2024_005576_2b972b5874eea641,4,69_1170,1,13
5584,2024_005584_f8798ef16a8b1262,2,69_1170,1,25
5585,2024_005585_491fb1346939f1a4,2,69_1170,1,16
5587,2024_005587_db59c497c8d0f252,3,69_1170,1,2
5612,2024_005612_bfc0448e77094b4e,1,70_1169,2,7
5628,2024_005628_b8151548adbbef50,0,69_1170,1,11
5631,2024_005631_c8dddc4ee47d6c95,1,69_1170,1,11
5636,2024_005636_408195b92fdcc488,1,70_1170,3,5
5637,2024_005637_7487caee5ea7b891,1,70_1170,3,10
5642,2024_005642_2ac530b545b3362e,6,70_1170,3,16
5646,2024_005646_8ede318f6bc3c4fd,4,70_1170,3,22
5655,2024_005655_76d458ee0145d763,0,69_1170,1,5
5665,2024_005665_26f93420b247f9b4,0,69_1170,1,10
5673,2024_005673_e61f5946bcc3acdd,0,69_1170,1,3
5678,2024_005678_952000278b632440,1,69_1169,1,30
5680,2024_005680_2c723fedd05b36eb,2,69_1169,1,7
5683,2024_005683_02b234666ac035cc,3,69_1169,1,11
5684,2024_005684_f4d0167ced9fbd3d,4,69_1169,1,28
5685,2024_005685_736c0d91a3c25dcf,3,69_1169,1,26
5687,2024_005687_4c7f7a4a40513c72,1,69_1169,1,21
5689,2024_005689_6ebd8874c3dff0d7,1,69_1169,1,25
5705,2024_005705_368a7a13ffb46829,0,69_1169,1,5
5715,2024_005715_9e7156944ff031b7,1,69_1170,1,8
5736,2024_005736_77bc6822cd2642ae,1,70_1169,2,3
5738,2024_005738_689cc3dea6b8a0eb,0,70_1170,3,11
5749,2024_005749_c364e00df2a3d5ca,0,70_1170,3,8
5757,2024_005757_23ff6577600df9a8,1,70_1169,2,39
5758,2024_005758_fbae470af56a06f4,0,70_1169,2,8
5760,2024_005760_9f5193f45bd20db9,4,70_1169,2,18
5761,2024_005761_f20cb7ed0fd6f24d,2,70_1169,2,10
5762,2024_005762_2b5515aa31327e1c,2,70_1169,2,9
5765,2024_005765_f0443621c9bd086f,1,70_1169,2,10
5778,2024_005778_8dca3391a0026309,1,70_1169,2,4
5782,2024_005782_ce1b4df46b2319c7,1,70_1169,2,2
5785,2024_005785_2f5a3de015348f0a,2,70_1169,2,41
5787,2024_005787_41db072f96ea6674,2,70_1169,2,7
5788,2024_005788_18cb042d19413f91,1,70_1169,2,3
5789,2024_005789_afadf0aaec34bace,3,70_1169,2,5
5792,2024_005792_c79fafa12bcd7abf,0,69_1169,1,23
5821,2024_005821_e504e5bb2ffa34bd,0,69_1169,1,17
5823,2024_005823_4a92f176a636d118,2,70_1169,2,5
5826,2024_005826_48484eb6890b4f54,2,69_1169,1,14
5832,2024_005832_acbead41cceaa6e9,1,70_1169,2,12
5839,2024_005839_9bcd323beb2a84a1,3,70_1169,2,2
5840,2024_005840_55819e3f23f95852,3,70_1169,2,11
5849,2024_005849_f9879745d6e0236b,3,70_1169,2,6
5855,2024_005855_1a111fe086591618,3,70_1169,2,6
5870,2024_005870_3e8503a3c69da102,0,69_1169,1,11
5875,2024_005875_eb2e7a9f0de442b3,1,69_1169,1,10
5881,2024_005881_408f76ec2f1de48d,1,69_1169,1,2
5884,2024_005884_293c03a8a3b375c9,1,69_1169,1,3
5887,2024_005887_12072d0b41529881,1,69_1169,1,30
5892,2024_005892_e6011b998a1072f4,2,69_1169,1,6
5916,2024_005916_f64b27a5b69368cf,6,71_1170,0,36
5917,2024_005917_cb41116f2634775c,6,71_1170,0,24
5921,2024_005921_56a1ebc19a75059c,6,71_1170,0,22
5938,2024_005938_f610389beb8df027,1,71_1170,0,2
5941,2024_005941_e99b26795d7e876c,3,71_1170,0,15
5943,2024_005943_9cf8a24a77327a18,0,71_1170,0,29
5946,2024_005946_0fe0fb2d26bb0fc5,6,71_1170,0,11
5951,2024_005951_ac8f92eb76ba7b6a,1,71_1170,0,9
5957,2024_005957_9be5edafca386f9a,6,71_1170,0,10
5969,2024_005969_305b39ea51325e66,0,71_1170,0,3
5971,2024_005971_e0a9832704a2007f,0,71_1171,4,3
5972,2024_005972_0aa16d300ff928e8,0,71_1169,0,6
5973,2024_005973_332d0afe794634e0,0,71_1169,0,5
5981,2024_005981_1da92bf7596c56b2,3,72_1170,5,3
5987,2024_005987_4c5de89bf9368e71,0,72_1170,5,4
5988,2024_005988_21220033c0e4dd41,0,72_1170,5,5
5990,2024_005990_2efaacac1ac452b4,3,72_1170,5,9
5993,2024_005993_ad6aa71f00ffc122,3,72_1170,5,9
5996,2024_005996_2ec5de28530e958c,4,72_1170,5,22
5999,2024_005999_2cfecf6c54c2b371,6,72_1170,5,7
6003,2024_006003_5356fd0244825c84,2,72_1170,5,2
6014,2024_006014_3a20009990b0c49b,1,72_1170,5,10
6022,2024_006022_b5d772bd604e8382,3,72_1169,0,5
6025,2024_006025_7f8320ae1880f617,3,72_1169,0,4
6029,2024_006029_e5c0f479e3e9fe35,2,72_1169,0,2
6039,2024_006039_5738a6df8492d590,2,72_1169,0,2
6061,2024_006061_5bb75399ef911b30,6,72_1169,0,4
6063,2024_006063_516350b4bcc684cb,4,72_1169,0,45
6071,2024_006071_28d0d85a23ff221a,3,72_1170,5,13
6073,2024_006073_f1b33862378ec587,6,72_1170,5,51
6075,2024_006075_72ed7d337e55848d,3,72_1170,5,8
6079,2024_006079_383f0e2b66a1f5bb,3,72_1170,5,2
6127,2024_006127_1cc8508700005db0,4,72_1169,0,30
6134,2024_006134_787368a8c68756e7,6,72_1169,0,55
6136,2024_006136_bbb9134f30754197,4,72_1169,0,23
6144,2024_006144_4109b413fcb27aff,2,72_1169,0,16
6147,2024_006147_d1639f416a08885e,0,72_1170,5,7
6150,2024_006150_486a5e03e843ccf3,4,72_1170,5,31
6152,2024_006152_26bee1b1149a35b5,4,72_1170,5,27
6170,2024_006170_2d10eff03d366944,2,72_1170,5,16
6178,2024_006178_4a88a283a67c4ba2,4,72_1170,5,31
6179,2024_006179_b9e38ed0ab412a68,3,72_1169,0,12
6180,2024_006180_dca5cc3d7ca9a646,3,72_1169,0,13
6181,2024_006181_f1915cb37db1713d,3,72_1169,0,23
6187,2024_006187_16e58904a91487f0,2,72_1169,0,9
6188,2024_006188_409bce16c9b190fb,6,72_1169,0,8
6189,2024_006189_f7fd51897990e341,3,72_1169,0,8
6190,2024_006190_0d68d9146697e3a6,1,72_1169,0,7
6192,2024_006192_6a02971cf081bdba,3,72_1169,0,6
6195,2024_006195_244389a1dda76e33,6,72_1169,0,5
6202,2024_006202_5c44b60504d39893,3,72_1169,0,8
6232,2024_006232_434f98ebcd13a1ff,4,72_1170,5,38
6237,2024_006237_c3c0e2d39c0b57ad,6,72_1170,5,76
6242,2024_006242_7c032ac9bf369f6c,1,72_1170,5,5
6252,2024_006252_60331b52ed42eb68,3,72_1170,5,4
6253,2024_006253_cd2547fd1b3e6c94,4,72_1170,5,13
6255,2024_006255_372396cc811e5d3d,4,72_1170,5,14
6257,2024_006257_96d9922bf1d26d41,4,72_1170,5,15
6258,2024_006258_830453b3c5caf112,6,72_1170,5,6
6260,2024_006260_396ac1120436d214,3,72_1170,5,12
6262,2024_006262_bdbf70cf70777d8e,2,72_1170,5,11
6263,2024_006263_fff2501c55c6c467,2,72_1170,5,15
6264,2024_006264_89e44bb3cc12e713,0,72_1170,5,5
6265,2024_006265_19d9cf2e838d871f,2,72_1170,5,2
6269,2024_006269_518cf41741deafb7,2,72_1170,5,5
6275,2024_006275_8b2b9254e14761a2,2,72_1170,5,3
6306,2024_006306_52e8fc7927079bf2,1,72_1170,5,2
6309,2024_006309_89d2261043d0f3d5,3,72_1170,5,7
6315,2024_006315_c31d35f49cafb07f,2,72_1170,5,6
6316,2024_006316_e659de31f0845925,4,72_1169,0,13
6319,2024_006319_d5afd323b3745c92,4,72_1169,0,4
6323,2024_006323_dcb4636d487087ec,2,72_1170,5,21
6333,2024_006333_40b05e2a55065274,3,72_1169,0,12
6336,2024_006336_1441b12d077a0c32,2,72_1169,0,22
6347,2024_006347_88e66ba7f993278f,4,72_1170,5,18
6349,2024_006349_453be2df0d103eb6,2,72_1170,5,71
6353,2024_006353_cfe00d9a3ed99c52,3,72_1170,5,15
6361,2024_006361_096fb23f7d4b2bf1,3,72_1169,0,14
6364,2024_006364_cd5f0fc8c731d83a,1,72_1169,0,25
6366,2024_006366_29f16c605d2cb5fc,3,72_1169,0,11
6372,2024_006372_13d7008613069866,1,72_1169,0,9
6379,2024_006379_89032aab53e4b4d4,1,72_1169,0,38
6387,2024_006387_4ebe34a6c22ae494,1,72_1169,0,7
6401,2024_006401_b14efd600b95378b,3,72_1170,5,26
6402,2024_006402_ab510a3a842c62fa,4,72_1170,5,26
6403,2024_006403_5114f2919ae057d5,4,72_1170,5,12
6407,2024_006407_0b6c9c7f7a6f623a,2,72_1170,5,7
6408,2024_006408_c15dbe299efb8870,0,72_1170,5,5
6409,2024_006409_62c77a80e06440ef,0,72_1170,5,18
6414,2024_006414_596b5cae3289e0e7,1,72_1170,5,22
6418,2024_006418_d4a44b6245e6fcb5,3,72_1170,5,18
6421,2024_006421_4ab3f12fd443deb9,3,72_1170,5,24
6427,2024_006427_eb41dce42a496d9b,1,72_1170,5,19
6430,2024_006430_55e18e92ebbf8c77,3,72_1170,5,23
6435,2024_006435_341b4e1b8469f8ad,3,72_1170,5,16
6437,2024_006437_c16a1dd35cabd5a2,2,72_1170,5,23
6439,2024_006439_1377a3544def16b5,2,72_1170,5,11
6440,2024_006440_e18294c8f43a88a9,0,72_1170,5,6
6453,2024_006453_1873b4963315ed9e,2,72_1170,5,17
6459,2024_006459_ecd43c3892ae6961,2,72_1170,5,13
6472,2024_006472_4ecb5749ed83e0f4,0,72_1170,5,5
6473,2024_006473_3186b4a41b0bf8f8,1,72_1170,5,50
6480,2024_006480_1351062cefdd84c6,2,72_1170,5,2
6490,2024_006490_26f13bc7b32b3e3b,3,72_1169,0,9
6491,2024_006491_c48ed2fbbca28541,4,72_1169,0,10
6508,2024_006508_52d4862731d9834c,2,72_1169,0,29
6518,2024_006518_98311b2a593ac5d7,3,72_1170,5,29
6525,2024_006525_eda6f31ea4bc6f1e,6,72_1170,5,38
6541,2024_006541_81d79920ac5a8f45,6,72_1170,5,38
6543,2024_006543_7d2033a73e91c440,6,72_1170,5,27
6545,2024_006545_684723bcbeca3415,4,72_1170,5,51
6547,2024_006547_e02eda64a66bfa9d,4,72_1170,5,72
6566,2024_006566_e847806dbd349bd1,1,72_1169,0,14
6568,2024_006568_6321240e8585bcc9,2,72_1169,0,19
6575,2024_006575_ea724112cf6a941f,1,72_1169,0,18
6581,2024_006581_b2611a3dc7d3bd22,4,72_1169,0,66
6585,2024_006585_6e40e09fdd423765,6,72_1169,0,2
6586,2024_006586_d7dd64d706df8163,6,72_1169,0,4
6587,2024_006587_8afc77a72703e734,3,72_1169,0,8
6590,2024_006590_f1c02baf4571b491,6,72_1169,0,4
6594,2024_006594_ac93832fdf284c79,6,72_1169,0,9
6598,2024_006598_7a9409824b27bbf1,4,72_1169,0,3
6599,2024_006599_ed992ebe6f4c4a0c,4,72_1169,0,14
6602,2024_006602_dde2729e76ff0887,1,72_1169,0,5
6612,2024_006612_e5026ed2f2af6a6f,6,72_1170,5,59
6613,2024_006613_8bdfba5110943c2f,4,72_1170,5,70
6660,2024_006660_72962f169b089d57,0,72_1170,5,5
6684,2024_006684_9df39b6623a7e96a,2,72_1169,0,3
6687,2024_006687_d278da35130ccedc,6,72_1169,0,8
6689,2024_006689_f77e985410d4a098,6,72_1169,0,4
6693,2024_006693_ce3a051e01ae4600,2,72_1169,0,2
6695,2024_006695_1dc8bdf6ba9077b9,2,72_1169,0,2
6697,2024_006697_1a284052bfc16125,3,72_1169,0,13
6728,2024_006728_96da81d3081099ae,0,71_1170,0,3
6731,2024_006731_2858ac4be79cf077,1,72_1170,5,12
6732,2024_006732_b1456b51365688ec,6,72_1170,5,12
6735,2024_006735_ac55f9277ad044b8,0,72_1170,5,19
6739,2024_006739_987fbad92cfa3968,1,72_1170,5,40
6740,2024_006740_df5a98318e8a4717,0,72_1170,5,20
6745,2024_006745_9c12468320213cf3,2,72_1170,5,7
6748,2024_006748_2afd1b3e3d7bdda3,0,72_1170,5,4
6754,2024_006754_d79043f74843427d,3,72_1170,5,8
6756,2024_006756_c9d0fcc56e4431e2,3,72_1170,5,39
6757,2024_006757_e36fef4ff57c8c35,2,72_1170,5,3
6762,2024_006762_7162e2dee5daeb12,1,72_1170,5,37
6763,2024_006763_c7665668a7061422,4,72_1170,5,4
6767,2024_006767_69182b1b464df76c,2,72_1170,5,50
6769,2024_006769_4386660f04335ba2,0,72_1170,5,10
6775,2024_006775_0a49fc3f2d6ddb76,3,72_1170,5,3
6780,2024_006780_2ca4cc5c95186de2,6,72_1169,0,13
6782,2024_006782_e289d7aec8e893af,6,72_1169,0,10
6783,2024_006783_dd834ece26e4d966,4,72_1169,0,8
6787,2024_006787_bcd1c396571ffba8,2,72_1169,0,10
6788,2024_006788_cf8635c5577f0367,2,72_1169,0,6
6821,2024_006821_411611b716e13f2a,3,72_1169,0,16
6822,2024_006822_fa4e5e3fd4a61c30,3,72_1169,0,13
6823,2024_006823_3172cc1ab2ed1304,1,72_1169,0,17
6824,2024_006824_5b8d02a84b5e7842,3,72_1169,0,32
6825,2024_006825_2abdd9ebfa3bb23e,3,72_1169,0,20
6830,2024_006830_35106f94bdb79f1a,6,72_1169,0,11
6839,2024_006839_61954c27a820fc92,3,72_1169,0,7
6842,2024_006842_f759a9db53c6fbbc,1,72_1169,0,21
6849,2024_006849_e81afc3b7113bd91,2,72_1169,0,9
6850,2024_006850_0ada6c02d6d3d458,1,72_1169,0,9
6865,2024_006865_f2b7a8a7d0cf2561,2,72_1170,5,10
6868,2024_006868_6d07b3f5f98d1b7a,4,72_1170,5,5
6917,2024_006917_f491f0b7df39278f,3,71_1170,0,2
6923,2024_006923_c29e55cc14318898,0,71_1170,0,9
6929,2024_006929_ead1f84bcfa60414,0,72_1170,5,42
6949,2024_006949_ef5fb7806f5aed48,3,72_1170,5,11
6957,2024_006957_b138d2a00650c830,4,72_1169,0,15
6965,2024_006965_01ac932ca671bdcc,5,72_1169,0,2
6967,2024_006967_fba92ea627fb037d,3,72_1169,0,7
6988,2024_006988_ca41bb0d19690e2d,6,72_1170,5,23
6999,2024_006999_9393440163264285,3,72_1170,5,45
7004,2024_007004_cb87802ff68b4351,6,72_1170,5,72
7007,2024_007007_77c266138d4acec2,3,72_1170,5,48
7013,2024_007013_298b63a308564872,2,72_1170,5,100
7039,2024_007039_c48811c1c3c8bf01,6,72_1170,5,32
7041,2024_007041_6729d18939b641d7,6,72_1170,5,19
7042,2024_007042_ce423f22a10d641b,0,72_1170,5,17
7046,2024_007046_2d8107fbe4bb5f42,2,72_1170,5,4
7047,2024_007047_b224f0e9d44ed1a8,4,72_1170,5,11
7050,2024_007050_3d0ee001285a22f0,1,72_1170,5,2
7051,2024_007051_ddba56f1ee13bafc,0,72_1170,5,19
7053,2024_007053_4cfef517aa1df2ed,0,72_1170,5,35
7059,2024_007059_3d8ac841bf7d9d8a,0,72_1170,5,28
7062,2024_007062_11338edc3d9ce642,1,72_1170,5,24
7079,2024_007079_81d4b8daa7e41bdc,0,72_1170,5,45
7081,2024_007081_7e61a6ce8fbc67d4,3,72_1170,5,17
7089,2024_007089_917cca3de08ddb8c,3,72_1170,5,22
7096,2024_007096_d002ec5fc6fd2233,6,72_1170,5,20
7115,2024_007115_d0a6743203222363,4,72_1170,5,16
7127,2024_007127_457caf6677ccf524,0,72_1169,0,2
7138,2024_007138_80aa8ffb43b5ef28,4,72_1169,0,33
7146,2024_007146_98b54846e8746534,6,72_1169,0,2
7163,2024_007163_c8dc1f40714be6ef,4,72_1170,5,4
7167,2024_007167_416a74d4ee31e7ef,2,71_1169,0,8
7169,2024_007169_b34c8ec1e2bc0435,2,71_1169,0,5
7174,2024_007174_49b0e2a9dffd3f7d,0,71_1169,0,4
7175,2024_007175_30cb35397a0abec8,3,71_1169,0,16
7176,2024_007176_46694f0a8195205d,0,70_1169,2,4
7179,2024_007179_6b0c90ea7b532122,0,71_1169,0,7
7180,2024_007180_8bd2adfb6cdc865f,0,71_1169,0,3
7186,2024_007186_f925a55d10ff77d5,0,71_1169,0,8
7187,2024_007187_989378baf2750611,0,71_1169,0,5
7196,2024_007196_2500624ab0d343ef,4,71_1169,0,6
7197,2024_007197_570c44a8b2b5ff16,3,71_1169,0,4
7200,2024_007200_1b6698ea8f005854,0,71_1169,0,3
7205,2024_007205_a1827ad48c3eb108,0,70_1169,2,3
7206,2024_007206_ddd3223fd3ec2a02,1,70_1169,2,7
7212,2024_007212_b7ba40833cc5eec4,1,70_1169,2,14
7221,2024_007221_3715f91b18d2346c,1,70_1169,2,4
7224,2024_007224_4beadee3cc2df248,1,70_1169,2,7
7225,2024_007225_0ba5d0de7a540cf9,4,70_1169,2,28
7266,2024_007266_063e176b71b4970b,0,71_1169,0,6
7269,2024_007269_c6fb1858f1557cc4,0,71_1169,0,2
7278,2024_007278_bade131fc4b459a3,0,71_1169,0,2
7286,2024_007286_28bd59862511d9bc,4,71_1169,0,3
7296,2024_007296_f8e95842a98552a1,1,70_1169,2,9
7304,2024_007304_cbfba8d1d1e53c91,0,70_1169,2,3
7313,2024_007313_1ca2f1a8d5c904b8,3,70_1169,2,2
7321,2024_007321_a0ea757fc5456a87,0,70_1169,2,3
7323,2024_007323_71a54df164e22587,0,70_1169,2,4
7330,2024_007330_f1ae1e89edac710a,2,70_1169,2,7
7336,2024_007336_65a076d9f4fc902c,1,70_1169,2,15
7344,2024_007344_91a354c5ac50045e,1,70_1169,2,10
7349,2024_007349_938119a7f336e60b,2,70_1169,2,4
7354,2024_007354_9f8903163cf142f3,1,70_1169,2,2
7355,2024_007355_33143364d4cb948c,2,70_1169,2,4
7356,2024_007356_8fb0782b7db5a5e4,3,70_1169,2,6
7360,2024_007360_c8593944e0f35068,1,71_1169,0,21
7363,2024_007363_3beb983c5795d7ab,0,70_1169,2,9
7370,2024_007370_cd91606f6befe388,1,71_1169,0,57
7379,2024_007379_e7d843da793cb961,0,70_1169,2,21
7391,2024_007391_b1e45d7b1aa6f4c5,6,70_1169,2,16
7404,2024_007404_bd3e3f05d1ed8d03,1,70_1169,2,2
7407,2024_007407_28ec8583a54becc1,3,70_1169,2,26
7412,2024_007412_46f25f4e563a94c2,2,70_1169,2,3
7413,2024_007413_4d015b7925fab36a,3,70_1169,2,10
7416,2024_007416_58f0b0a8503151c2,1,70_1169,2,16
7425,2024_007425_b05bde3483dc0cc6,3,70_1169,2,6
7431,2024_007431_c82d5857d1db934d,6,70_1169,2,33
7437,2024_007437_c6874c501ee17474,1,70_1169,2,16
7440,2024_007440_37fbd6b2fac1537c,3,70_1169,2,7
7441,2024_007441_b98ad09fb0abc2ce,2,70_1169,2,3
7445,2024_007445_b76347aa6f70612a,1,70_1169,2,88
7466,2024_007466_d447a648376d1b2e,1,70_1169,2,14
7472,2024_007472_0343dd4fcc1eb209,1,70_1169,2,6
7474,2024_007474_0929af72b45642f0,1,70_1169,2,3
7480,2024_007480_600b31080a6cae48,0,70_1169,2,13
7500,2024_007500_72f99e7e278cc7dc,3,71_1169,0,4
7505,2024_007505_a92e7a5b9ba06ea0,3,71_1170,0,94
7510,2024_007510_6983a14f3916ff62,2,71_1169,0,3
7513,2024_007513_40c9666d5975e4e1,0,71_1169,0,2
7515,2024_007515_8200902df81fce5f,4,71_1170,0,13
7526,2024_007526_85fbc915358fbb35,1,71_1169,0,2
7532,2024_007532_4b239d3ed4488c5f,4,71_1169,0,2
7541,2024_007541_454b4bc19a9939b6,1,70_1169,2,39
7547,2024_007547_7b98d8dd363a481f,1,70_1169,2,47
7548,2024_007548_eae2fec270a57ad0,4,70_1169,2,2
7550,2024_007550_3381968bd18c355d,4,70_1169,2,12
7553,2024_007553_f55476e65fcfdcd1,6,70_1169,2,14
7558,2024_007558_e51d8c175d4173b9,6,70_1169,2,21
7561,2024_007561_f1c3cfe1a17bc85e,2,70_1169,2,18
7576,2024_007576_16825dcaa937858f,4,70_1169,2,10
7581,2024_007581_a36215a871295fd3,6,70_1169,2,17
7592,2024_007592_6d7aa7599c0be04a,1,70_1169,2,12
7596,2024_007596_e2ba03e1e27772b0,3,70_1169,2,2
7603,2024_007603_a123f6ef9cca0910,2,70_1169,2,31
7613,2024_007613_27914b3eafa093fc,0,70_1170,3,18
7625,2024_007625_24cc66f86548402f,1,70_1170,3,37
7626,2024_007626_745e618be13fd980,1,70_1169,2,8
7630,2024_007630_f39782ddc699322e,3,70_1169,2,16
7642,2024_007642_e245787a2fbab4b6,3,71_1170,0,11
7648,2024_007648_86f025c70cb55dda,6,71_1170,0,7
7650,2024_007650_a1b6405058d8b4f3,4,71_1170,0,8
7651,2024_007651_56f94d559e886af9,3,71_1169,0,2
7668,2024_007668_ee1866f7ea525b17,4,70_1169,2,28
7675,2024_007675_9d38b5860f2090d8,2,71_1169,0,19
7677,2024_007677_d22dce36148f6dde,4,71_1170,0,4
7678,2024_007678_16999cfad8102494,6,71_1169,0,22
7684,2024_007684_5859418e1b7f7abe,4,71_1169,0,23
7686,2024_007686_6c493135a73b17cc,4,71_1170,0,2
7699,2024_007699_6246195fda6b3b6a,4,70_1170,3,3
7700,2024_007700_f905752286fc5dad,4,70_1170,3,25
7705,2024_007705_1aa3196b0672b5f6,6,71_1169,0,19
7706,2024_007706_4be94f9bcc5a65d3,3,70_1170,3,17
7716,2024_007716_66372c153f6e904d,0,70_1170,3,5
7719,2024_007719_fd8512e04ef92c35,4,70_1170,3,5
7723,2024_007723_473f2d236c8fac0e,2,70_1170,3,14
7729,2024_007729_2bfe97c456893f6d,0,70_1170,3,4
7731,2024_007731_cda5018b3aa67642,4,70_1170,3,9
7737,2024_007737_9eb74d690c675382,2,70_1170,3,5
7742,2024_007742_e3ab58a271456796,1,70_1170,3,9
7745,2024_007745_30a45f9238cbd98a,3,70_1170,3,4
7749,2024_007749_8be463f7279bdfc5,2,70_1170,3,5
7757,2024_007757_67febe6f4b10d77b,4,70_1170,3,11
7759,2024_007759_ae2be3f238837eb1,0,70_1170,3,3
7778,2024_007778_b90c6c4f5dd82974,3,70_1170,3,8
7780,2024_007780_9dd9d6b01131437d,2,70_1170,3,8
7786,2024_007786_57f70c768c0c8666,4,70_1170,3,47
7788,2024_007788_76836f2850e213fe,2,70_1170,3,43
7789,2024_007789_9a24e8f91f8ce9ea,1,70_1170,3,4
7790,2024_007790_deb7a9dbaedada68,0,70_1170,3,9
7791,2024_007791_bd4cfc6c222f8aa4,1,70_1170,3,8
7792,2024_007792_9d80e69b3dbdb8e2,0,70_1170,3,6
7795,2024_007795_545ea6dd99b487e2,0,70_1170,3,15
7796,2024_007796_480adc07e153665a,0,70_1170,3,11
7797,2024_007797_abcc9984cec75ed1,0,70_1170,3,7
7798,2024_007798_ec78b104288c1fb1,3,70_1170,3,10
7799,2024_007799_701863e4a615f6df,0,70_1170,3,7
7800,2024_007800_d01edd90ff8ef649,0,70_1170,3,3
7802,2024_007802_833479f9220bc229,1,70_1170,3,4
7803,2024_007803_b3a23f9d732f2db8,1,70_1170,3,2
7829,2024_007829_80a63a493e549356,0,70_1170,3,15
7831,2024_007831_033aa535d8db0505,0,70_1170,3,15
7849,2024_007849_121326259c6730ed,0,70_1170,3,13
7867,2024_007867_37fb59243427656f,4,71_1170,0,14
7869,2024_007869_00875b75bc43b141,6,71_1170,0,19
7872,2024_007872_4c0671587965a232,0,71_1170,0,2
7874,2024_007874_cd49551f645aadf2,4,71_1170,0,10
7875,2024_007875_8213cee9635e2b7f,4,71_1170,0,3
7878,2024_007878_581030f3f6fa910b,2,71_1170,0,9
7888,2024_007888_59d6a55ecef12630,3,71_1170,0,8
7895,2024_007895_d3959c70cf04f645,0,71_1170,0,2
7898,2024_007898_eda5b936eb26a367,2,71_1170,0,17
7900,2024_007900_215d91d4a1537b89,4,71_1170,0,34
7901,2024_007901_1b7f30ab02ad78d1,0,71_1170,0,6
7906,2024_007906_ab80b9f8bdbca225,2,71_1170,0,7
7910,2024_007910_1317fe2ee4cffca5,3,71_1170,0,8
7916,2024_007916_8cecbabab760c212,6,71_1170,0,18
7919,2024_007919_d4ccc3b9318797e1,0,70_1170,3,6
7923,2024_007923_7e7559d472b3651b,3,70_1170,3,10
7928,2024_007928_5752c1365169e577,3,71_1170,0,15
7947,2024_007947_6c687eaa958b5a18,3,70_1170,3,27
7948,2024_007948_4bb8bab42e29100b,2,71_1170,0,33
7949,2024_007949_196b4926215ce056,3,71_1170,0,5
7951,2024_007951_e9ad30f4cd53c440,4,71_1170,0,2
7952,2024_007952_97a013c468879849,1,71_1170,0,5
7956,2024_007956_ffc35a952cb29109,3,71_1170,0,11
7959,2024_007959_9f83d16391c71e79,3,71_1170,0,42
7960,2024_007960_93842ee6ca840279,6,71_1170,0,35
7971,2024_007971_9a1e4c8cc2403a2d,4,71_1170,0,21
7972,2024_007972_b1ed9a2237807ae1,4,71_1170,0,20
7974,2024_007974_5483ccfe593cb7dd,3,71_1170,0,24
7975,2024_007975_1fbdc56fec54fb12,3,71_1170,0,18
7976,2024_007976_94500d0764bd3898,2,71_1170,0,8
7980,2024_007980_41a1e1d4664f79bc,6,71_1170,0,3
7981,2024_007981_591fd6d55298a2aa,0,71_1170,0,3
7982,2024_007982_a1792ef748610a73,6,71_1170,0,33
7985,2024_007985_caef575cc78bc48a,3,71_1170,0,76
7986,2024_007986_8a995083ae75aba1,4,71_1170,0,15
7989,2024_007989_dfe13f7c5b66aa30,6,71_1170,0,34
7990,2024_007990_cf5cf41065d36ff8,4,71_1170,0,17
7994,2024_007994_5efee83e76ee510f,6,70_1170,3,15
7995,2024_007995_553c571f59658f4d,0,70_1170,3,8
7998,2024_007998_9bfd2c65b9ad6da2,4,70_1170,3,23
8002,2024_008002_3cf6ea8306d46b77,0,70_1170,3,40
8016,2024_008016_702fc097cc6c5efc,4,70_1170,3,8
8017,2024_008017_84b4c669478a592e,0,70_1170,3,8
8022,2024_008022_9aac0de79026371c,3,70_1170,3,17
8028,2024_008028_387b5c5208c85b44,4,70_1170,3,12
8031,2024_008031_2287e2864d0623ec,4,71_1170,0,14
8038,2024_008038_9003e8964ddca061,3,71_1170,0,26
8041,2024_008041_7f2c3200a757f10c,5,71_1170,0,3
8044,2024_008044_e8b3ab6eb8afed19,0,71_1170,0,4
8046,2024_008046_275fac21f5f8c313,4,71_1170,0,5
8052,2024_008052_9b1f1a8dd0e920b2,3,71_1170,0,9
8058,2024_008058_f04e2dc93a622653,0,71_1170,0,3
8064,2024_008064_59efac94d33ca6d5,0,71_1170,0,3
8080,2024_008080_d8eea53396db3e35,4,71_1170,0,63
8081,2024_008081_fa10768938c2f8cc,4,71_1170,0,36
8089,2024_008089_c8eae93bf183a12a,4,71_1170,0,7
8098,2024_008098_df8c06f71f704689,6,71_1170,0,35
8113,2024_008113_299d29aaf394c2dd,0,70_1170,3,15
8131,2024_008131_ead971be1bd8823c,0,70_1170,3,6
8144,2024_008144_d3ee7f340e769ed0,0,70_1170,3,4
8146,2024_008146_7d33bdea6fc9a8b2,0,70_1170,3,4
8149,2024_008149_2b9cd0f90adeaa8e,0,70_1170,3,21
8153,2024_008153_9f20ca2ea5b21a9d,0,70_1170,3,23
8154,2024_008154_1374e00a0e61d81a,1,70_1170,3,3
8156,2024_008156_97e017b389d0db63,3,70_1170,3,14
8157,2024_008157_28590ab9d1f41eb2,1,70_1170,3,9
8168,2024_008168_8fe3c05fe020ee1c,0,70_1170,3,5
8177,2024_008177_4d56c9ae07209c77,0,70_1170,3,13
8194,2024_008194_b968418d936452d2,0,70_1170,3,2
8195,2024_008195_b810f430d64945f4,0,70_1170,3,34
8202,2024_008202_efe61b5eb6b55a4f,3,70_1170,3,16
8209,2024_008209_694bd9dd15159dfe,0,70_1170,3,12
8218,2024_008218_25c777fc12f8c9c6,1,70_1170,3,18
8227,2024_008227_207de15f82fef9a7,0,70_1170,3,16
8235,2024_008235_2cf07c7ff2642701,4,71_1170,0,22
8241,2024_008241_d9c9ba93026d40c8,0,71_1170,0,22
8250,2024_008250_e931579c752eb202,4,70_1170,3,16
8253,2024_008253_298a7bc86ddb97d7,2,71_1170,0,19
8254,2024_008254_d22e83a4a08c8bad,1,71_1170,0,3
8266,2024_008266_f77d23fa69a0d653,1,71_1170,0,14
8283,2024_008283_5cc050bf34297836,0,70_1170,3,5
8296,2024_008296_3a1ad55eae036e24,4,71_1170,0,4
8297,2024_008297_4be99cdbb35ee283,3,71_1170,0,16
8298,2024_008298_8716b35fd93a02d7,4,71_1170,0,19
8303,2024_008303_da2276d14ad964ed,4,71_1170,0,33
8306,2024_008306_ea4006263273d14c,6,71_1170,0,7
8308,2024_008308_596517b8070f6bfe,4,71_1170,0,5
8309,2024_008309_075f53ed330fd183,2,71_1170,0,3
8310,2024_008310_c1b3e9dc3f2cc3c4,3,71_1170,0,9
8324,2024_008324_4a48bec6df109950,3,71_1170,0,6
8325,2024_008325_dd29b5e55b7690b5,6,71_1170,0,4
8333,2024_008333_75be9ad7c51dfd7b,1,70_1170,3,29
8344,2024_008344_1393ab2e49767d1f,6,71_1170,0,17
8350,2024_008350_8a58a153bf8525cf,1,71_1170,0,2
8358,2024_008358_2efbe0b6258de105,0,71_1170,0,6
8359,2024_008359_e4dc1baf12e1fa27,6,71_1170,0,9
8360,2024_008360_b9fa19e2a1ac72e5,3,71_1170,0,2
8366,2024_008366_79762283bb50715e,6,71_1170,0,27
8369,2024_008369_9e4a1f9f02643dfd,3,71_1170,0,51
8371,2024_008371_00617f4e8664cc07,3,71_1170,0,39
8379,2024_008379_ce73bbf0f073674a,0,71_1170,0,18
8392,2024_008392_e3949358dc30553f,0,70_1169,2,22
8399,2024_008399_aadc2a9b66ec31bf,0,70_1169,2,32
8403,2024_008403_390d3fac495660fe,1,71_1169,0,6
8413,2024_008413_a247e7df0c8ad6a4,0,71_1169,0,4
8415,2024_008415_3237be6b7445168d,0,71_1169,0,17
8420,2024_008420_32ff9e28ab16ffb0,0,71_1169,0,8
8422,2024_008422_b6cd9efedcd9505a,0,71_1169,0,13
8424,2024_008424_2f58ab17051775ca,0,71_1169,0,3
8442,2024_008442_d94dcaaf7fcfd638,3,70_1169,2,4
8446,2024_008446_730e865cccf6b9c8,1,70_1169,2,4
8448,2024_008448_8f8bd0d8f3b96b4f,2,70_1169,2,4
8452,2024_008452_1841e72b812b6bd1,1,70_1169,2,5
8455,2024_008455_c96f307119bce548,1,70_1169,2,11
8459,2024_008459_6d8f63f07fb43d5d,0,70_1170,3,28
8461,2024_008461_bccfa4348a146215,1,70_1170,3,12
8463,2024_008463_da8556423b5acb06,0,70_1170,3,22
8466,2024_008466_0e6411840c528357,0,70_1170,3,9
8470,2024_008470_d92e552ace3cc3fa,0,70_1170,3,18
8480,2024_008480_d187762f884c156c,4,70_1169,2,16
8485,2024_008485_aac9e20d7c1c0997,1,70_1169,2,23
8492,2024_008492_e453959a87bbcffe,3,70_1169,2,14
8493,2024_008493_516f0bd89b804eaf,4,70_1170,3,9
8494,2024_008494_3c785a76275fffde,4,70_1170,3,18
8498,2024_008498_2308e5e7335bcc69,6,70_1170,3,29
8504,2024_008504_8e7e6529a99bc087,3,70_1170,3,4
8505,2024_008505_44c8ad4019fb3637,1,70_1170,3,3
8506,2024_008506_ac560671eb17cf3f,1,70_1170,3,11
8507,2024_008507_751ddbb4dad8db27,2,70_1170,3,17
8509,2024_008509_c28ee4c017f68deb,4,70_1170,3,22
8511,2024_008511_9e38a0db251c6ea8,2,70_1170,3,20
8512,2024_008512_02336b9b5145efef,2,70_1170,3,22
8513,2024_008513_344d3a54dc176fa3,0,70_1170,3,26
8521,2024_008521_5b61f64e83db8dfb,0,70_1170,3,20
8522,2024_008522_f23997c8093d98ae,0,70_1170,3,4
8527,2024_008527_9a2debbb3d236218,1,70_1170,3,15
8528,2024_008528_e04fdd1e2549c8c5,1,70_1170,3,21
8529,2024_008529_21decc5a7da37801,1,70_1170,3,29
8533,2024_008533_1302f34d34d1dd22,3,70_1170,3,31
8534,2024_008534_615c7703dfee1486,3,70_1170,3,5
8538,2024_008538_8807b268dcefbb70,3,70_1170,3,8
8564,2024_008564_2566988bbf78a457,4,70_1170,3,9
8569,2024_008569_e523956cbdc8ea5d,0,70_1170,3,2
8576,2024_008576_e96dd929da7b9a19,1,70_1170,3,5
8577,2024_008577_cde4c5ea595cf56f,1,70_1170,3,14
8580,2024_008580_87f6c8a7833c4a67,4,69_1170,1,23
8586,2024_008586_4fe2ffdd5599bd3f,3,69_1170,1,19
8589,2024_008589_b711f2e6d5ee7c80,3,69_1170,1,16
8594,2024_008594_1c5efd0692b19273,1,70_1170,3,6
8599,2024_008599_9fad1bb693190571,3,69_1170,1,5
8625,2024_008625_320dcf53a80d8c3e,1,70_1170,3,26
8626,2024_008626_e8491f69de2afb76,1,70_1170,3,7
8631,2024_008631_cc1a575d9638531a,4,70_1170,3,19
8634,2024_008634_8a4ef83b875bcf12,3,70_1170,3,27
8635,2024_008635_b9eabba6d9f0bbb3,2,70_1170,3,41
8638,2024_008638_00cef663af442ff4,1,70_1170,3,5
8644,2024_008644_b83d3fc9af250a43,0,70_1170,3,2
8653,2024_008653_b96a055be1f68b5b,4,70_1170,3,38
8654,2024_008654_46572d47a0f24d21,2,70_1170,3,20
8656,2024_008656_fbc2181382e9a0de,4,70_1170,3,17
8663,2024_008663_dd8b67e6475c0a0b,1,70_1170,3,16
8667,2024_008667_ad321793008bf37b,2,69_1170,1,4
8669,2024_008669_0bb8014d7efa57b2,6,69_1170,1,7
8686,2024_008686_2ce2631608b6e601,3,69_1170,1,32
8692,2024_008692_ef748a47929866ea,2,69_1170,1,7
8693,2024_008693_eeb698c2c8557587,3,69_1170,1,26
8695,2024_008695_d84d57802d61b4b5,1,69_1170,1,3
8697,2024_008697_b12a3490e4235018,1,69_1170,1,9
8699,2024_008699_7a0a4293018236a4,3,69_1170,1,4
8703,2024_008703_37a868f0c724ae8d,2,69_1170,1,3
8707,2024_008707_6b69d651f45d05fd,1,69_1170,1,9
8720,2024_008720_e65085942a158d5e,2,69_1170,1,2
8734,2024_008734_6b73f3214ce73dc5,1,70_1170,3,7
8748,2024_008748_f48039a095efa58a,1,70_1170,3,15
8753,2024_008753_87cca323414db786,6,69_1170,1,8
8757,2024_008757_a3e8207036a697f3,1,69_1170,1,11
8758,2024_008758_88d29bdf6a8d2de2,2,69_1170,1,22
8766,2024_008766_bfa846db6558a827,3,69_1170,1,5
8768,2024_008768_4ec7a7de47b7c076,0,69_1170,1,15
8773,2024_008773_ade779dc8024296e,4,69_1170,1,12
8777,2024_008777_f4ad45b6ba9eb086,1,70_1170,3,15
8786,2024_008786_e1fa4f7d251fad1c,0,70_1170,3,5
8810,2024_008810_111dfaa51cefb92a,1,70_1170,3,14
8815,2024_008815_03a9af2a07a5d744,3,70_1170,3,10
8821,2024_008821_1680c5741c71b0a8,1,70_1170,3,12
8825,2024_008825_d886e489d4450da7,0,70_1170,3,7
8826,2024_008826_a0de4eb40a9b8a76,6,70_1170,3,28
8836,2024_008836_cde7839cc05d7094,0,70_1170,3,3
8841,2024_008841_2335071795e9bf27,3,70_1170,3,19
8842,2024_008842_15d5ac52398e9284,0,70_1170,3,2
8849,2024_008849_d686d54d1c7c6ac3,3,70_1170,3,11
8850,2024_008850_d8c95e425c97e017,1,70_1170,3,8
8857,2024_008857_b3aa7eea5607f2d3,2,70_1170,3,3
8870,2024_008870_87380b987079203b,3,70_1170,3,12
8884,2024_008884_ce1fcd3915c1ba55,4,69_1170,1,5
8886,2024_008886_3a334e3701964e73,3,69_1170,1,12
8887,2024_008887_cdb98e486ff792be,2,69_1170,1,4
8889,2024_008889_aa10b91bcf8f65a5,2,69_1170,1,4
8891,2024_008891_78d95ac5bfec176c,0,69_1170,1,9
8901,2024_008901_ab13afb5a0ec05c4,2,70_1170,3,35
8917,2024_008917_c8106311567a0141,3,70_1170,3,50
8924,2024_008924_07f1daf73a3324f5,3,70_1170,3,2
8925,2024_008925_bfcc35f996bcacc6,3,70_1170,3,4
8933,2024_008933_6f11aa7f0f446d7f,1,70_1170,3,17
8937,2024_008937_3bc003e6d3765025,3,70_1170,3,14
8939,2024_008939_5ded611971e07f5c,1,70_1170,3,6
8941,2024_008941_16163e10ab9fda26,2,70_1170,3,19
8944,2024_008944_977b649f95e928c8,3,70_1170,3,8
8948,2024_008948_e4f870d81df8fb3e,6,70_1170,3,14
8956,2024_008956_76f6eab09cbb28f2,4,70_1170,3,16
8968,2024_008968_4202cd58337334c0,4,70_1170,3,6
8969,2024_008969_c50d6801c5b5157c,5,70_1170,3,5
8979,2024_008979_cec4fd61dc3ccd27,4,70_1170,3,5
8983,2024_008983_e5a1c1499922cd58,2,70_1170,3,9
8984,2024_008984_4cce7ad4493fe126,2,70_1170,3,7
8988,2024_008988_4694fbc11a664830,1,70_1170,3,23
8993,2024_008993_5fc8463627d8eb07,1,70_1170,3,8
8997,2024_008997_67c1938135842bb9,3,70_1170,3,7
8998,2024_008998_091237801c9fa1b1,6,70_1170,3,32
8999,2024_008999_af69b706a5dcbf60,3,70_1170,3,20
9007,2024_009007_dcd2753cf345dbca,1,70_1170,3,5
9008,2024_009008_0ca03d0611c102c7,6,70_1170,3,10
9012,2024_009012_35911b2118f64227,4,70_1170,3,9
9013,2024_009013_7f5f9e488045a08f,3,70_1170,3,6
9015,2024_009015_201917788650f9f6,3,70_1170,3,13
9017,2024_009017_92976fc02ae533b0,1,70_1170,3,9
9018,2024_009018_9f40449f29d0d594,2,70_1170,3,2
9019,2024_009019_d941aefdfd9349bc,1,70_1170,3,5
9025,2024_009025_2511f5117d536d17,0,69_1170,1,4
9030,2024_009030_b61f5bdb1a469894,1,69_1170,1,25
9031,2024_009031_200424406d40fc04,1,69_1170,1,13
9035,2024_009035_549c2ebe2f19b454,1,69_1170,1,13
9036,2024_009036_e8add8b380db865b,2,69_1170,1,39
9037,2024_009037_35f07f2a5b0f19dc,2,69_1170,1,36
9045,2024_009045_b79a8b3f43f15cc2,1,69_1170,1,5
9051,2024_009051_e5c929a28310e64f,1,69_1170,1,19
9057,2024_009057_4204b75b94c5c170,2,69_1170,1,6
9065,2024_009065_1112716f9cfa2a82,3,70_1170,3,41
9067,2024_009067_7234dad4e5a05a15,2,70_1170,3,4
9073,2024_009073_bfc5c921afb36244,0,70_1170,3,22
9087,2024_009087_58ce9a00e4ea31a2,3,70_1170,3,10
9088,2024_009088_f243de0620268a2a,4,70_1170,3,26
9101,2024_009101_1ff8139a76933108,1,70_1170,3,26
9106,2024_009106_ff0e27f839a90b3d,1,70_1170,3,7
9107,2024_009107_b449364043597304,6,70_1170,3,47
9116,2024_009116_930dcf4785c3d0c3,0,70_1170,3,31
9118,2024_009118_f1433555d9689da9,3,70_1170,3,29
9120,2024_009120_e47fbafaba04e97f,3,70_1170,3,71
9125,2024_009125_b3df7b4f1899c225,0,70_1170,3,2
9127,2024_009127_5221e78bbd27128a,3,70_1170,3,9
9142,2024_009142_8a0c62b9b1919a5a,3,70_1170,3,43
9144,2024_009144_89d32c3ac2e24901,2,70_1170,3,24
9161,2024_009161_1c21a9db3285c9a9,6,70_1170,3,8
9162,2024_009162_f9cf7679f623a2fa,3,70_1170,3,46
9163,2024_009163_916c8f453fb0813c,3,69_1170,1,4
9165,2024_009165_135119c9964e6adb,1,69_1170,1,3
9172,2024_009172_ee3bcbf7370e1051,1,69_1170,1,7
9175,2024_009175_88f7b2c7e9293f7a,0,69_1170,1,5
9178,2024_009178_93c8f8cc4d200015,0,69_1170,1,11
9189,2024_009189_4a2aabe4a1cf3047,1,69_1170,1,5
9193,2024_009193_80557e9a85ea46d5,1,69_1170,1,9
9200,2024_009200_cd342dc9a02b73a5,1,69_1170,1,5
9202,2024_009202_19b607bbe2c1506c,0,69_1170,1,5
9224,2024_009224_7f18f76f8ecff426,1,69_1170,1,11
9226,2024_009226_d814c3c4373be870,4,69_1170,1,24
9230,2024_009230_798cf6247bf19584,3,69_1170,1,22
9232,2024_009232_2682398b4f463f53,3,69_1170,1,19
9236,2024_009236_6f0ac6cf3abf61c5,3,69_1170,1,2
9251,2024_009251_779afc3d9eb139c6,4,70_1170,3,37
9257,2024_009257_13a3153d0afb2578,1,70_1170,3,21
9279,2024_009279_25bc2c7a0a9f5ed1,3,70_1171,5,8
9286,2024_009286_6258a42dc7331f76,2,70_1170,3,17
9290,2024_009290_db7ff431856adecb,3,70_1171,5,3
9292,2024_009292_0302fb2dea161310,3,70_1171,5,4
9296,2024_009296_26d8a0a59f972cc6,2,70_1170,3,5
9297,2024_009297_236256432ef0616c,0,70_1170,3,2
9304,2024_009304_43a5ea644b54d1e7,6,70_1170,3,5
9326,2024_009326_bc13e5e08321fdef,6,70_1170,3,7
9331,2024_009331_739136a8ba83aaf8,6,70_1170,3,13
9338,2024_009338_9ba7a4fadad10f03,3,70_1170,3,17
9340,2024_009340_1e3de34b8fafca19,6,70_1170,3,18
9341,2024_009341_2165492c96278663,2,70_1170,3,16
9351,2024_009351_8a160dc41f3b005e,4,70_1170,3,13
9359,2024_009359_e476fe3cd8ee2d40,1,70_1170,3,13
9366,2024_009366_b7a1238e63c7816d,3,70_1170,3,21
9383,2024_009383_8cfb3a4374a4ed5f,3,70_1170,3,57
9393,2024_009393_4b8ce2dc92b224bb,0,69_1170,1,16
9402,2024_009402_2cf80e0abdd24382,3,69_1171,3,6
9404,2024_009404_8737b8d6fa119701,4,69_1171,3,5
9407,2024_009407_c28d8287345afbe3,3,69_1171,3,2
9420,2024_009420_9cce56a64c4c23b8,6,69_1171,3,2
9421,2024_009421_f35e9fbecaac8156,3,69_1171,3,39
9427,2024_009427_31e2b2e1571ad88e,3,69_1171,3,2
9428,2024_009428_af08343f8cd116e7,4,69_1171,3,6
9431,2024_009431_25d5530cf64670f7,2,70_1171,5,10
9434,2024_009434_4a24a2c35fac8b14,3,70_1171,5,8
9438,2024_009438_ea8d736892c5d26e,4,70_1171,5,8
9440,2024_009440_00f70c4f1ac2f091,4,70_1171,5,8
9441,2024_009441_d2d07a9dd0e64590,4,70_1171,5,6
9481,2024_009481_ae01b940342fa035,6,70_1171,5,4
9487,2024_009487_2af1e4ce99de11f4,6,70_1171,5,2
9498,2024_009498_18160e0aae9c7f47,6,70_1171,5,7
9504,2024_009504_b3cbbe7f0196b90e,3,70_1171,5,2
9523,2024_009523_508673803807e47b,1,70_1171,5,3
9530,2024_009530_3673adb50fcb4fa0,6,70_1171,5,6
9544,2024_009544_453a99e3184d6d40,1,69_1170,1,7
9547,2024_009547_0897b5332051ee75,0,69_1170,1,7
9557,2024_009557_ecac00170b1ad80b,0,69_1170,1,3
9564,2024_009564_2a360f0bf425e5b7,2,69_1170,1,7
9577,2024_009577_b1ffb84c02931945,0,69_1170,1,8
9587,2024_009587_f46875ed7c60d4a0,1,70_1170,3,46
9595,2024_009595_d00c73589087d527,0,70_1170,3,7
9596,2024_009596_73cfd8b23d20dacc,0,70_1170,3,7
9597,2024_009597_4ca5094693e145e3,3,70_1170,3,31
9603,2024_009603_2d3e62283c5dc04e,0,70_1170,3,3
9608,2024_009608_d131d8aabe488df0,0,70_1170,3,49
9618,2024_009618_4a5c2f2babaf683e,0,70_1170,3,2
9628,2024_009628_13c13faea5683679,0,70_1170,3,8
9629,2024_009629_9a72d316344861fe,0,70_1170,3,2
9632,2024_009632_98eb5ff7bf770ad3,2,70_1170,3,7
9634,2024_009634_cb24d2a6e5482558,6,70_1171,5,2
9643,2024_009643_2c5dd7e2b17c94d8,4,70_1170,3,46
9650,2024_009650_ff73ee3aa6de1064,3,70_1171,5,10
9663,2024_009663_83c253a760c48c87,4,70_1170,3,7
9675,2024_009675_e228219b1978d1fb,3,69_1170,1,63
9692,2024_009692_699ff0b6661e671b,3,69_1170,1,6
9695,2024_009695_473ae44e78329899,0,69_1170,1,8
9697,2024_009697_e95543771a432cdd,0,69_1170,1,8
9699,2024_009699_cae5950aceda2653,0,69_1170,1,9
9701,2024_009701_8babb026d91c094c,0,69_1170,1,11
9702,2024_009702_017e6d2dab339a3e,0,70_1170,3,8
9704,2024_009704_a31e1b7768332cc5,1,70_1170,3,16
9707,2024_009707_89b185d9db666a2a,1,70_1170,3,2
9709,2024_009709_e4f4fcfd65b88eb6,1,70_1170,3,5
9721,2024_009721_89b015885a812456,1,70_1170,3,2
9726,2024_009726_59ac3d2766c7a278,3,69_1170,1,22
9727,2024_009727_9e7a915c442fafd2,2,69_1170,1,66
9737,2024_009737_7154905afe8bec24,2,69_1170,1,10
9740,2024_009740_3cdd2d20b7644040,1,69_1170,1,3
9742,2024_009742_a37d5f8374a24f17,0,69_1170,1,8
9745,2024_009745_d4de1b83e4781a3e,2,69_1170,1,5
9746,2024_009746_79e3100d475b17e7,1,69_1170,1,9
9750,2024_009750_f93c68f2f3843de0,3,69_1170,1,23
9751,2024_009751_0f2aad062f8b9d76,4,69_1170,1,95
9767,2024_009767_6bf8a671a2bf0c42,0,69_1170,1,2
9773,2024_009773_5ae3c642aa24020f,2,69_1170,1,3
9775,2024_009775_eddeebaed7f218f4,0,69_1170,1,2
9805,2024_009805_449203e2b2cbfe5d,0,69_1170,1,3
9808,2024_009808_93a35367c6717b81,0,69_1170,1,12
9811,2024_009811_79d4a6482cae8805,0,69_1170,1,3
9817,2024_009817_87289ca0b4a90a20,4,69_1170,1,6
9818,2024_009818_890091469e90397f,2,69_1170,1,6
9819,2024_009819_fec15a0942583667,2,69_1170,1,3
9821,2024_009821_6d7363245d0526ff,1,69_1170,1,21
9832,2024_009832_9e01fb0de29003bb,0,69_1170,1,3
9837,2024_009837_ebd1eea5ebb3839c,1,69_1170,1,33
9838,2024_009838_8246e73b3dd987aa,2,69_1170,1,4
9845,2024_009845_dc73c0357a0a5b83,2,69_1170,1,12
9846,2024_009846_342a5f22f248fc0d,0,69_1170,1,3
9849,2024_009849_a32ccf67942284fd,0,69_1170,1,4
9855,2024_009855_3ec2cab5ddfc8113,0,69_1170,1,57
9863,2024_009863_03b140385acacc32,2,69_1170,1,3
9871,2024_009871_6e7994d2da371aa1,0,69_1170,1,2
9883,2024_009883_0fb19180eced4846,5,68_1170,2,4
9884,2024_009884_0bed5a7ddb04e0ce,4,68_1170,2,25
9888,2024_009888_cb8328e9231e4ec5,3,68_1170,2,11
9891,2024_009891_fea77c87c27160fe,2,68_1170,2,7
9895,2024_009895_2c8b1d3d8e6bd908,4,68_1170,2,27
9900,2024_009900_6128d0d2438d1899,2,68_1170,2,12
9904,2024_009904_c6456c8ef824c667,5,68_1170,2,4
9907,2024_009907_78b774e51f3cf734,2,68_1170,2,17
9916,2024_009916_2d332bcccc08b795,0,69_1170,1,7
9920,2024_009920_0352c63a30ab1de8,3,68_1170,2,31
9928,2024_009928_bf6cadf1d8d943f2,1,68_1170,2,3
9932,2024_009932_b5e65ebab8d68589,2,68_1170,2,13
9953,2024_009953_7783528b398e126b,1,68_1170,2,11
9959,2024_009959_376dab3d15004a94,4,68_1170,2,22
9961,2024_009961_684676ebad107ab5,2,69_1170,1,68
9972,2024_009972_353aa82a261a95d8,2,69_1170,1,2
9979,2024_009979_73c601c41cd3438e,0,69_1170,1,22
9999,2024_009999_cfe53cc56997b99d,0,69_1170,1,18
10009,2024_010009_b0f7dce4ff396b70,0,69_1170,1,2
10010,2024_010010_59ce12faf39babe4,0,69_1170,1,38
10011,2024_010011_8749d912d43dc88d,0,69_1170,1,26
10012,2024_010012_513f0bb371c4c41f,0,69_1170,1,9
10016,2024_010016_443270301cdd7825,0,69_1170,1,2
10020,2024_010020_fef81a8d21cea25d,0,69_1170,1,9
10026,2024_010026_82482842e196b289,1,69_1170,1,6
10030,2024_010030_2af9bf8aa768e25b,0,69_1170,1,7
10053,2024_010053_d6276ed76dc659ab,2,69_1170,1,5
10054,2024_010054_e5fe1d5502cff303,0,69_1170,1,3
10056,2024_010056_56f55007f399332f,0,69_1170,1,19
10058,2024_010058_9fa9281fea54c492,5,68_1170,2,7
10061,2024_010061_8f885e3c4eb0aaaa,3,68_1170,2,4
10066,2024_010066_7e52a8bdbde9ea33,3,68_1170,2,3
10075,2024_010075_bf21f15196fde2c6,3,68_1170,2,2
10086,2024_010086_bd378f45aa1b1ab8,3,68_1170,2,5
10097,2024_010097_c8a2ce5ec83c1fe1,1,68_1170,2,23
10106,2024_010106_364be08580971583,6,68_1170,2,28
10107,2024_010107_3e2b37210a01dc9d,3,68_1170,2,24
10108,2024_010108_fcd72360d86e04f9,1,68_1170,2,9
10109,2024_010109_19c55ba2c61924ee,1,68_1170,2,6
10110,2024_010110_3181c485fd3c46bb,0,68_1170,2,10
10111,2024_010111_338941445a85b447,0,68_1170,2,3
10112,2024_010112_b3a2bde80b51760e,3,68_1170,2,17
10174,2024_010174_326809f23ce5085e,3,69_1170,1,43
10181,2024_010181_b1816e0df2649aa7,6,69_1170,1,60
10183,2024_010183_3e1377212c47f62a,3,69_1170,1,30
10187,2024_010187_940bb07e466b2d87,0,69_1170,1,2
10207,2024_010207_85bf02c938cdd05f,2,68_1170,2,7
10235,2024_010235_046f48a488d1ff0f,3,68_1170,2,43
10257,2024_010257_b1f2cda65df2af3e,0,69_1170,1,4
10268,2024_010268_bbe2f1a043be65c7,0,69_1170,1,3
10270,2024_010270_05b5fd0d5a2dbe55,0,69_1170,1,2
10272,2024_010272_b3ea8da86d443144,0,69_1170,1,2
10283,2024_010283_2809878f79a3844f,0,69_1170,1,2
10316,2024_010316_68d584c1e501d88c,1,68_1170,2,21
10328,2024_010328_d8f96d623afe3aa9,3,68_1170,2,21
10332,2024_010332_a422b2e12a31bcd8,1,68_1170,2,4
10333,2024_010333_20680b40c7aafc4c,3,68_1170,2,4
10355,2024_010355_c206c8765f25a6ac,4,69_1170,1,5
10366,2024_010366_dd36107d0f2994fc,0,69_1170,1,6
10367,2024_010367_9fe304276693de90,1,69_1170,1,38
10375,2024_010375_2a0b197c389a70b2,0,69_1170,1,12
10379,2024_010379_e6bd0aee602bb259,0,69_1170,1,2
10385,2024_010385_5e1779cf4a470551,1,69_1170,1,4
10389,2024_010389_4e4cefd6e70c0bb4,0,69_1170,1,5
10390,2024_010390_4b4ed6c8c1e54042,0,69_1170,1,21
10391,2024_010391_fe85f1b1f0e8f5b0,2,69_1170,1,12
10394,2024_010394_b1cbfbb827fa253e,0,69_1170,1,3
10395,2024_010395_89fe0d9a8fa590a9,3,69_1170,1,5
10396,2024_010396_46eee55e4a9aa540,0,69_1170,1,2
10397,2024_010397_68294a646a41094b,0,69_1170,1,10
10400,2024_010400_d12a8d8b666e8b47,0,69_1170,1,4
10404,2024_010404_0dde11e85bb8c236,3,69_1170,1,38
10409,2024_010409_73fde2bb241f3fdd,4,69_1170,1,13
10410,2024_010410_d5deec08c97ad6b2,3,69_1170,1,36
10429,2024_010429_a3e5efc09efbee6c,2,69_1170,1,34
10441,2024_010441_01f140490e0d6aa9,0,69_1170,1,2
10444,2024_010444_968c494a0159bb1b,0,69_1170,1,8
10450,2024_010450_a84ea97892415381,0,69_1170,1,4
10459,2024_010459_e746b4ce8250cdd8,0,69_1170,1,6
10471,2024_010471_015fdef5257a98e9,0,69_1170,1,10
10476,2024_010476_8113734b5fbcd391,0,69_1170,1,6
10484,2024_010484_c38b74be97d8d5c6,1,68_1170,2,8
10485,2024_010485_75417323395213d2,2,68_1170,2,18
10486,2024_010486_95ee574d80a23deb,1,68_1170,2,2
10488,2024_010488_f3b02ab384166058,1,68_1170,2,2
10492,2024_010492_af3c648a6a7ffe88,3,68_1170,2,61
10494,2024_010494_f4ce334c7d4ce4f9,1,68_1170,2,2
10500,2024_010500_19b9d85c5c6f76c0,1,68_1170,2,2
10504,2024_010504_1df12ee30e1de9ab,1,68_1170,2,2
10509,2024_010509_4f07dba48a3bcddf,1,68_1170,2,7
10516,2024_010516_d4553d5009362147,1,69_1170,1,4
10521,2024_010521_98749a581c3a303f,1,69_1170,1,6
10541,2024_010541_2ae99d06c7f051ab,0,69_1170,1,4
10543,2024_010543_50433d9b5271f755,0,68_1170,2,6
10545,2024_010545_484148dffd1d1b85,1,68_1170,2,23
10557,2024_010557_a5276cea6660068c,0,69_1170,1,14
10580,2024_010580_7692c3a59ae70e61,1,69_1170,1,7
10587,2024_010587_ddcbfc8661b4736e,4,69_1170,1,22
10626,2024_010626_5b85d95671f1f567,1,68_1170,2,13
10634,2024_010634_0d92e1906b907454,0,68_1170,2,6
10641,2024_010641_0395b3cb93f94fbe,2,69_1170,1,7
10643,2024_010643_4337307df33bac7c,0,69_1170,1,4
10661,2024_010661_c017fefbc0f53339,6,69_1170,1,3
10669,2024_010669_007d6eb50195eb27,4,69_1170,1,29
10680,2024_010680_645e05d553f2828b,0,69_1170,1,2
10694,2024_010694_5a3f2dc26287ddba,0,69_1170,1,4
10699,2024_010699_ab9c0de59660cfbf,0,69_1170,1,14
10707,2024_010707_e77e89d380a83800,2,69_1170,1,5
10708,2024_010708_9672373b36c8aa43,2,69_1170,1,5
10719,2024_010719_8f9fcc18f78e0d04,0,69_1170,1,2
10722,2024_010722_8dd39206864dd0b4,0,69_1170,1,4
10730,2024_010730_60623c9594aa4597,0,69_1170,1,4
10746,2024_010746_6b021754b9a71944,0,69_1170,1,5
10751,2024_010751_2624872a535756a0,0,69_1170,1,10
10756,2024_010756_6550a086cf225022,1,69_1170,1,17
10762,2024_010762_e726a93138ce7de0,0,69_1170,1,2
10770,2024_010770_ef3288e40d56a3e4,2,69_1170,1,7
10778,2024_010778_34f98ec6f07760cb,2,68_1170,2,10
10784,2024_010784_e97bf0cb4d03bdbc,6,68_1170,2,2
10787,2024_010787_3991f3c1ba1ca3a1,5,68_1170,2,26
10791,2024_010791_d67f58c7d130fbc7,2,68_1170,2,8
10811,2024_010811_414158e7be0933e7,1,69_1170,1,8
10849,2024_010849_f92de85d3771ec63,3,68_1170,2,37
10863,2024_010863_2076c7154f5d5163,6,69_1170,1,10
10878,2024_010878_0c4a00f445d3a872,2,69_1170,1,2
10895,2024_010895_ab3af771617713b3,0,67_1171,5,2
10898,2024_010898_ed6419eb1d88422d,3,67_1171,5,2
10900,2024_010900_89a4e34f71dc6f40,0,67_1171,5,5
10902,2024_010902_f26bb7a427bbe99a,0,67_1171,5,3
10903,2024_010903_df52e214f4ec3885,1,67_1171,5,13
10905,2024_010905_5fbf2232974cf188,2,67_1171,5,23
10907,2024_010907_8b580e9b939632a5,1,67_1171,5,21
10910,2024_010910_73d0dfc2a1c18615,1,67_1171,5,9
10923,2024_010923_55f3637b0fbc20da,0,67_1171,5,2
10927,2024_010927_8f8117e83da64225,2,66_1171,1,9
10933,2024_010933_59211ad3b8d8f28c,0,67_1171,5,4
10934,2024_010934_d0cacde441b11eea,0,67_1171,5,6
10936,2024_010936_d6833fdd223dd990,3,67_1171,5,5
10938,2024_010938_42253d1c5e30d2a7,2,67_1171,5,5
10940,2024_010940_661d9c5b82799e10,3,67_1171,5,2
10957,2024_010957_86ebccfcc6406a1f,2,67_1171,5,4
10971,2024_010971_0cfc5d9ee1e8b16d,2,67_1171,5,5
10993,2024_010993_d3328c5f4e087fb0,1,67_1171,5,5
10997,2024_010997_711696899d0c7395,2,67_1171,5,5
11000,2024_011000_8840a146376fc334,4,67_1171,5,20
11001,2024_011001_b431485892151dbc,2,67_1171,5,23
11010,2024_011010_73a422cf1ddf55bb,1,67_1171,5,4
11012,2024_011012_1b7258bb7a431378,0,67_1171,5,15
11018,2024_011018_bf64e3d005a2f3c1,0,67_1171,5,3
11025,2024_011025_737954c52ad29e0a,1,67_1171,5,6
11043,2024_011043_aa6d2258e6cd1406,0,67_1171,5,7
11044,2024_011044_925da033faa86e17,0,67_1171,5,7
11045,2024_011045_bcec173aa2aaef74,1,67_1171,5,12
11053,2024_011053_b37abc6a67849a2f,0,67_1171,5,15
11054,2024_011054_18e2f728b6bedb9b,1,67_1171,5,3
11061,2024_011061_a25e8a5dfe9f7abc,4,67_1171,5,13
11064,2024_011064_59922d8b0bb7a635,1,67_1171,5,4
11067,2024_011067_384f265a64a6fef2,3,67_1171,5,4
11076,2024_011076_99db295b8011cb2f,2,67_1171,5,5
11084,2024_011084_edea9aeae077be2a,0,67_1171,5,4
11085,2024_011085_af977f5f4735fc5b,1,67_1171,5,4
11087,2024_011087_052d9ebf97558f32,2,67_1170,0,20
11091,2024_011091_381dba3c01a400cf,4,67_1170,0,5
11092,2024_011092_4bf36e6d9177a95f,0,67_1170,0,11
11093,2024_011093_afd78bb58f9915c2,3,67_1170,0,4
11094,2024_011094_c96ba25066cef39d,2,67_1170,0,14
11098,2024_011098_e8dae8644b2d6cea,1,67_1170,0,4
11102,2024_011102_24df27465af678a6,1,67_1170,0,4
11103,2024_011103_5e7143f0e3eb95fc,1,67_1170,0,3
11140,2024_011140_d4629423d1b13600,3,67_1171,5,29
11155,2024_011155_b79fa0d70fc76d50,1,67_1171,5,30
11168,2024_011168_0aa42885e7c9bd3e,1,67_1170,0,11
11175,2024_011175_aad22d7c46b8cb9c,1,67_1170,0,12
11177,2024_011177_dff1d4d7d8a7c49a,0,67_1170,0,16
11178,2024_011178_1fa5d0354b895589,1,67_1170,0,12
11179,2024_011179_c595774f251f2c82,1,67_1170,0,15
11180,2024_011180_2c75af2b4303215e,1,67_1170,0,14
11182,2024_011182_7fbe249dd49ffb4b,1,67_1170,0,2
11185,2024_011185_280a196fc373e803,1,67_1170,0,11
11186,2024_011186_61432f254d7d69e6,1,67_1170,0,16
11190,2024_011190_2012934e23b30cbf,4,67_1170,0,12
11191,2024_011191_199b9f52223dec70,2,67_1170,0,12
11196,2024_011196_05eb6ee7d1320657,0,67_1170,0,2
11200,2024_011200_4784e4c1e008b8f9,1,67_1171,5,71
11206,2024_011206_1888a7032a1560f6,0,67_1171,5,2
11207,2024_011207_f243f277a193bfb3,1,67_1171,5,19
11212,2024_011212_3fbc7347e536715b,1,67_1171,5,4
11215,2024_011215_48831717e79057b9,3,67_1171,5,25
11225,2024_011225_50079f8a1dac6e63,1,67_1171,5,37
11226,2024_011226_53adb066cb676027,0,67_1171,5,14
11234,2024_011234_11432d183657da15,1,67_1171,5,5
11235,2024_011235_13e0e8bc9ea6839a,2,67_1171,5,10
11246,2024_011246_e7f19a68f7eda53e,0,67_1171,5,2
11254,2024_011254_5687ea2407028d9d,3,67_1171,5,29
11259,2024_011259_511953fb6e3ad6d5,0,67_1171,5,6
11262,2024_011262_06be40676d4344a3,1,67_1171,5,3
11265,2024_011265_cfc3484dc9e45271,4,67_1171,5,13
11270,2024_011270_31dd11c18ff55fc2,5,67_1171,5,11
11272,2024_011272_2030bdfa52b8bb07,1,67_1171,5,29
11278,2024_011278_dd3b04d1b21a12de,4,67_1171,5,11
11284,2024_011284_3a71bb1d27894064,3,67_1171,5,19
11288,2024_011288_05bd606240400443,2,67_1171,5,21
11302,2024_011302_adc8b0f19cf011ff,3,67_1171,5,3
11303,2024_011303_76aea3eb5640183d,3,67_1171,5,11
11306,2024_011306_57e118b96361fec3,0,67_1171,5,2
11308,2024_011308_e4228e2f333a78c6,3,67_1171,5,4
11319,2024_011319_c175677c62aee656,1,67_1171,5,5
11320,2024_011320_72afbb5a225636b2,0,67_1171,5,3
11340,2024_011340_9bff072c1e5f8b35,4,67_1171,5,21
11341,2024_011341_293ad60c13ed0217,1,67_1171,5,22
11348,2024_011348_5fd6cd4fe8728d58,3,67_1171,5,7
11349,2024_011349_be93cc3f64e8e7a5,3,67_1171,5,3
11351,2024_011351_06a67b5bcb060473,1,67_1171,5,18
11353,2024_011353_4975a3dd38488b87,4,67_1171,5,4
11363,2024_011363_ccbef7dd301c099a,0,67_1171,5,6
11365,2024_011365_56a661d438a37213,4,67_1171,5,8
11377,2024_011377_966cad68326c70bb,2,67_1171,5,35
11385,2024_011385_c8af226abd3596bb,2,67_1171,5,7
11395,2024_011395_bf02cd37e9f62933,1,67_1171,5,8
11403,2024_011403_67eeddf0f61ae1c6,1,67_1171,5,4
11410,2024_011410_4cdb0089d209a3e8,1,67_1171,5,6
11418,2024_011418_2eb9aa97b3acbe35,0,67_1171,5,4
11428,2024_011428_e5eba0487abf45b0,1,67_1171,5,3
11441,2024_011441_7a1a127626de5773,0,67_1171,5,4
11450,2024_011450_0a0b6ce31a295d10,4,67_1171,5,4
11451,2024_011451_f5dd88483f3242eb,1,67_1171,5,12
11461,2024_011461_f4df9b3d4b78f8e9,1,67_1171,5,16
11466,2024_011466_ce57582df1d85683,1,67_1171,5,3
11477,2024_011477_ef5c3034e7cbb1d2,6,67_1170,0,2
11481,2024_011481_b4ad0267df3880b2,0,67_1170,0,2
11486,2024_011486_b25b358ab3208a7d,0,67_1170,0,4
11488,2024_011488_711b8af56ffeb978,0,67_1170,0,9
11491,2024_011491_3aaec14447a00766,0,67_1170,0,5
11496,2024_011496_09a7045c2c105b0e,4,67_1170,0,3
11520,2024_011520_aab704ee5fd49ed6,2,67_1171,5,2
11531,2024_011531_2346831063fc8e02,3,67_1171,5,5
11549,2024_011549_511b8a44f37c63a0,3,67_1171,5,5
11554,2024_011554_620b7431f0588987,4,67_1171,5,3
11555,2024_011555_b60197a2a9e77af2,3,67_1171,5,2
11563,2024_011563_8718a2afcfeadbc6,3,67_1171,5,28
11572,2024_011572_63f40dd229081f5e,3,67_1171,5,3
11580,2024_011580_445b20e1c8ddfc9b,1,67_1171,5,18
11581,2024_011581_52bedaac3339bb72,0,67_1171,5,12
11582,2024_011582_2ca4034ec8108a5b,6,67_1171,5,13
11583,2024_011583_94cabd08030a3a77,1,67_1171,5,6
11584,2024_011584_be631a1c7794b3cd,0,67_1171,5,7
11587,2024_011587_3f02978214b99e29,6,67_1171,5,9
11592,2024_011592_367f5c48781b874b,0,67_1171,5,2
11625,2024_011625_cd82134f990727b8,2,67_1171,5,7
11626,2024_011626_ce1d2e6de45d9f5d,0,67_1171,5,6
11658,2024_011658_b062d5c53a790727,1,67_1171,5,6
11663,2024_011663_84dd77a2dbfc502f,1,67_1171,5,6
11671,2024_011671_309d9dc6421cfba1,6,67_1171,5,2
11679,2024_011679_d3d3f1f593230b73,2,67_1171,5,3
11683,2024_011683_cc1658ca9158d6aa,2,67_1171,5,6
11690,2024_011690_2e6221aca89bb12f,0,67_1171,5,2
11702,2024_011702_7792e175ee859c4a,3,67_1171,5,6
11703,2024_011703_ce9920f20396db5f,6,67_1171,5,13
11737,2024_011737_fa56c3d5d901d88e,1,67_1171,5,37
11742,2024_011742_9b587b8cc501ba18,3,67_1171,5,31
11749,2024_011749_01e4768d2c594cd1,2,67_1171,5,13
11760,2024_011760_c931a9e7017308db,0,67_1171,5,18
11767,2024_011767_f098e8a0a9de5590,2,67_1171,5,3
11772,2024_011772_d183e3981c9b830d,3,67_1171,5,6
11784,2024_011784_2c92081da2f698e3,3,67_1170,0,4
11786,2024_011786_4ed6438d88bea2b4,5,67_1170,0,3
11792,2024_011792_db4a364ba53a68a5,2,67_1170,0,14
11801,2024_011801_4c05b462d059477a,3,67_1171,5,9
11802,2024_011802_c7bda0aa6706385a,0,66_1171,1,6
11804,2024_011804_c348ae2bec55b031,3,67_1171,5,11
11820,2024_011820_139edabd7d286949,0,67_1171,5,3
11834,2024_011834_d1df3d473a7ce921,3,67_1171,5,6
11837,2024_011837_3d2ec91c8c84ce94,2,67_1171,5,3
11841,2024_011841_5e43c30564e7e35c,1,67_1171,5,4
11842,2024_011842_df970605340fd621,3,67_1171,5,2
11844,2024_011844_898f490ae7223ab1,1,67_1171,5,8
11857,2024_011857_579b3f1ea25519f4,3,67_1171,5,14
11865,2024_011865_5495977b11686132,2,67_1171,5,4
11880,2024_011880_18ed387f540b9b29,6,67_1170,0,20
11884,2024_011884_276ce2b5c387f0e0,1,67_1170,0,5
11903,2024_011903_ad72ea1b68833198,2,67_1171,5,11
11905,2024_011905_5d4131ce2c497e26,0,67_1171,5,3
11909,2024_011909_8580a924e01ebcdb,0,67_1171,5,8
11920,2024_011920_57054bbc00692220,6,67_1171,5,13
11929,2024_011929_c7e3dab069e75792,0,68_1171,3,15
11931,2024_011931_517033d99a42a622,1,67_1171,5,40
11932,2024_011932_713c03b1fb981487,3,68_1171,3,17
11937,2024_011937_3c90f95f49e5ef60,1,68_1171,3,48
11941,2024_011941_98dc34d16b442b36,0,68_1171,3,20
11944,2024_011944_bbf74099a43a0b2b,1,67_1171,5,12
11948,2024_011948_2aa61b4a316ba079,1,68_1171,3,22
11969,2024_011969_612b5ba330fcc4f4,2,67_1171,5,6
11976,2024_011976_4719d9c47ecf1fe1,4,67_1171,5,2
11978,2024_011978_32f07e01ab2970ea,0,67_1171,5,36
11979,2024_011979_45068fe9e4f2cd21,2,67_1171,5,2
11982,2024_011982_94897451ed39fa74,0,67_1171,5,2
11984,2024_011984_931ad4b83b9d08ad,4,68_1171,3,2
11990,2024_011990_658b3072d60a9f46,0,67_1170,0,3
11993,2024_011993_e8c7c7f89a78acd8,1,67_1170,0,2
11995,2024_011995_399d6d65455f1da6,2,67_1170,0,2
12001,2024_012001_624fe330083fcef4,4,67_1170,0,3
12002,2024_012002_aef8ce3ad898c9ec,6,67_1170,0,3
12027,2024_012027_b1bec21ac1d0a419,0,67_1170,0,4
12045,2024_012045_3a2d027bd6948ebc,3,67_1171,5,9
12047,2024_012047_8400f50bf600315d,3,67_1171,5,2
12048,2024_012048_687d9a26cd06bfc5,0,67_1171,5,5
12049,2024_012049_07ddc9fc69d93c6e,2,68_1171,3,3
12051,2024_012051_52311f64c1eefb10,4,68_1171,3,11
12056,2024_012056_c51c7ca098eb4a69,0,68_1171,3,5
12059,2024_012059_7f49f7148d4307cc,2,68_1171,3,6
12060,2024_012060_de9f9cc4237c884a,0,68_1171,3,3
12063,2024_012063_2d83211d85100d7b,6,68_1171,3,9
12073,2024_012073_7ba09d02c6f1b1c2,2,67_1171,5,8
12075,2024_012075_e9282795e2894f73,3,68_1171,3,18
12090,2024_012090_a9e9ecc00b421e5b,0,67_1171,5,5
12138,2024_012138_d14d2fefe073435a,0,67_1170,0,7
12140,2024_012140_8c4b81127c30aba1,0,68_1170,2,6
12152,2024_012152_5786efed078c3eea,6,68_1170,2,2
12158,2024_012158_5c10eadd4d216fb3,5,68_1170,2,18
12159,2024_012159_a72023a417e3dd8b,3,68_1170,2,4
12178,2024_012178_e299cb5ba97f747f,0,68_1171,3,16
12185,2024_012185_89625d470a3e1399,3,68_1171,3,30
12195,2024_012195_285a97a5b323202d,3,68_1171,3,2
12202,2024_012202_a0d755b9760506fe,5,68_1171,3,7
12207,2024_012207_d9ecb0e3dd4a721d,4,68_1171,3,29
12210,2024_012210_56349d410411e8d3,3,68_1171,3,15
12215,2024_012215_bee7304febeba310,3,68_1171,3,19
12227,2024_012227_d5e053cb20b8fcae,0,68_1171,3,10
12233,2024_012233_4e99755a8032bc79,0,68_1171,3,7
12250,2024_012250_5d5c6044c7622a4d,0,68_1171,3,6
12261,2024_012261_c81abb82609cb0db,4,68_1170,2,12
12267,2024_012267_c61e5fb63de871f8,2,68_1170,2,5
12269,2024_012269_3b71b8ca3b25cbba,1,68_1170,2,26
12271,2024_012271_d0f80259c8d11b08,1,68_1170,2,17
12275,2024_012275_d18a2258632ac392,6,68_1170,2,32
12286,2024_012286_9d1016ff974510df,4,68_1170,2,19
12290,2024_012290_aee77fdb2804c1bf,1,68_1170,2,19
12303,2024_012303_88b49e838e1cea2c,6,68_1170,2,13
12336,2024_012336_0a9a7a673b0ac906,0,68_1171,3,5
12357,2024_012357_fa73efd66b5ae5bb,6,68_1171,3,16
12360,2024_012360_d09e287c2590867f,1,68_1171,3,12
12364,2024_012364_cc9f70f3525e3a24,0,68_1171,3,5
12367,2024_012367_da3fd2efc30c715e,0,68_1171,3,19
12369,2024_012369_f35617e918fbc617,4,68_1171,3,59
12378,2024_012378_565ce74a0df5cc6a,0,68_1171,3,15
12380,2024_012380_ead510df2c55fa29,1,68_1171,3,2
12403,2024_012403_0b2c585bb37c8618,4,68_1171,3,23
12405,2024_012405_05da22ea747adf18,0,68_1171,3,10
12437,2024_012437_6740da3734adeaf6,0,68_1171,3,10
12449,2024_012449_894facadbbfa46ff,0,68_1171,3,5
12451,2024_012451_01380cacf3e0f569,0,68_1171,3,2
12459,2024_012459_450deb4ba12a29bc,0,68_1171,3,4
12464,2024_012464_b05a420cf2518367,3,68_1171,3,44
12465,2024_012465_2a23a4a6a937c56e,6,68_1171,3,3
12466,2024_012466_46bbdc3d2bf7a45b,3,68_1171,3,18
12477,2024_012477_af8289b52d110241,3,68_1171,3,4
12488,2024_012488_63cced3ec0464489,3,68_1171,3,17
12490,2024_012490_f433ff0bf2532975,3,68_1170,2,20
12491,2024_012491_48c55d3ed989b0b4,6,68_1170,2,9
12497,2024_012497_4ffea36cd0e00c17,6,68_1170,2,20
12513,2024_012513_465410077ab10954,6,68_1171,3,12
12520,2024_012520_781a096858e54681,6,68_1171,3,25
12521,2024_012521_ef27720570e2bd24,6,68_1171,3,36
12528,2024_012528_c0c7dca9f3296403,4,68_1171,3,16
12531,2024_012531_087db7be70c08be2,0,68_1171,3,9
12534,2024_012534_62ca08701b577eff,0,68_1171,3,11
12542,2024_012542_32f1d2950323cfbc,4,68_1170,2,6
12547,2024_012547_16efa3c820b74c76,1,68_1170,2,18
12550,2024_012550_f12aa1483f03ece7,6,68_1170,2,17
12556,2024_012556_4cfd781a372bd4f9,3,68_1170,2,4
12563,2024_012563_a9981ac7aecd0585,3,68_1170,2,6
12565,2024_012565_2c50142c2de547de,2,68_1170,2,17
12566,2024_012566_27aed79d96573acf,1,68_1170,2,11
12573,2024_012573_df743195030fe9c2,6,68_1170,2,13
12575,2024_012575_3dd1bc9663dc3a7b,6,68_1170,2,3
12582,2024_012582_94b1739e22cdc3c3,6,68_1171,3,6
12602,2024_012602_f7a2312037f47356,0,68_1170,2,8
12608,2024_012608_c80341e318e27913,6,68_1171,3,8
12613,2024_012613_cec6bfbd442bf4e3,4,68_1171,3,4
12633,2024_012633_008178fa0354da1c,0,68_1171,3,19
12637,2024_012637_a39932253e090842,5,68_1171,3,4
12649,2024_012649_1d790b2decb3124f,2,68_1171,3,8
12659,2024_012659_a8c6d8ca1c43e350,3,68_1171,3,7
12661,2024_012661_3581e07b0cabd0f7,0,68_1171,3,13
12662,2024_012662_d985e9d646a93fd9,0,68_1171,3,16
12669,2024_012669_9b61afa8145e9481,1,68_1171,3,11
12677,2024_012677_a3ae3b851de60a89,0,68_1171,3,2
12707,2024_012707_f042144817d212e8,0,68_1171,3,3
12721,2024_012721_9c1b4bed234f2bbd,6,68_1171,3,5
12738,2024_012738_3d4f816136f04e7c,0,68_1171,3,5
12742,2024_012742_e9d4543e1e2984b5,0,68_1171,3,2
12745,2024_012745_05df2d14358968a3,0,68_1171,3,10
12763,2024_012763_ba2c8df8fc74e059,0,68_1171,3,25
12764,2024_012764_e21747131748282b,0,68_1171,3,21
12768,2024_012768_fc1a3e3d70587d27,0,68_1171,3,26
12769,2024_012769_08404371af8b7d40,0,68_1171,3,53
12770,2024_012770_2dc6745cf7cd336f,0,68_1171,3,13
12771,2024_012771_3321ce4c9eb6ae51,0,68_1171,3,8
12775,2024_012775_685a7e5cf94a09b1,1,68_1171,3,5
12777,2024_012777_1a0a1263e02fa586,6,68_1171,3,21
12782,2024_012782_4df892acae39ed4a,6,68_1171,3,21
12785,2024_012785_710baf7b121136f1,2,68_1171,3,28
12786,2024_012786_651907f561598bf7,4,68_1171,3,11
12791,2024_012791_1957abe4ca15a9a2,0,68_1171,3,2
12792,2024_012792_58da9170eda2849b,3,68_1171,3,12
12813,2024_012813_61b37da5679ac57f,0,68_1170,2,5
12823,2024_012823_e58bf53693eaec12,0,68_1170,2,8
12829,2024_012829_35f686c9390fc2ef,0,68_1170,2,7
12836,2024_012836_57ecf9e4e6797055,1,68_1170,2,16
12882,2024_012882_8818974b666ece06,4,68_1170,2,15
12902,2024_012902_544713f612141b4f,0,68_1170,2,2
12914,2024_012914_0fbf60d76e6c8c55,2,68_1171,3,9
12922,2024_012922_e8d36592aa4e4319,0,68_1171,3,29
12925,2024_012925_4b7a1208a33ce76f,1,68_1171,3,18
12931,2024_012931_74d0c675bfe9fc74,0,68_1171,3,7
12936,2024_012936_4bec7447c66075bb,2,68_1171,3,20
12941,2024_012941_bb3f4b826daafdf5,4,68_1171,3,17
12942,2024_012942_4a6e2f4726a688b0,6,68_1171,3,15
12952,2024_012952_e314ff6bfcb716fb,1,68_1171,3,15
12957,2024_012957_53329c08daa827ab,1,68_1171,3,13
13007,2024_013007_23707b7dfbe24172,0,67_1171,5,7
13012,2024_013012_760ed2322954657d,2,67_1171,5,13
13019,2024_013019_be790c14cfb93a5e,1,67_1171,5,52
13021,2024_013021_0df3310c70fe501b,1,67_1171,5,5
13036,2024_013036_a49635bd31a9f06b,0,68_1171,3,7
13055,2024_013055_fd1596d4a3e001bb,2,68_1171,3,3
13056,2024_013056_e8c5b0d4c8bd3f91,1,68_1171,3,19
13065,2024_013065_80e05ccf94dfc32a,4,68_1171,3,26
13070,2024_013070_6dc74f916a1c0d63,3,68_1171,3,15
13072,2024_013072_fcff090bc966e1c6,1,68_1171,3,6
13080,2024_013080_d1dd4f9e005159ab,0,68_1171,3,30
13082,2024_013082_d6978ed9622fa173,1,68_1171,3,6
13094,2024_013094_8d0b12758e45e000,3,68_1171,3,15
13104,2024_013104_fbac6c9c82bb8eb7,6,68_1171,3,5
13108,2024_013108_1dda5b04ce75e6d4,1,68_1171,3,13
13110,2024_013110_556842f7ae14060b,3,68_1171,3,7
13115,2024_013115_ba28cadb600776da,1,68_1171,3,12
13126,2024_013126_972ae9cb34e4a7fc,4,68_1171,3,22
13131,2024_013131_c0594cbd93bc85d7,6,68_1171,3,21
13132,2024_013132_52ba3d21989f3e53,1,67_1171,5,3
13136,2024_013136_4ff77d54c57511ea,6,67_1171,5,11
13139,2024_013139_48a08d87351cbb53,2,67_1171,5,10
13141,2024_013141_f9d71bf6caa68c79,0,68_1171,3,18
13144,2024_013144_e2c59f33e6328887,3,68_1171,3,24
13148,2024_013148_12b2158a7641c2e0,1,67_1171,5,13
13151,2024_013151_a0c6c9c1160144ad,2,67_1171,5,19
13152,2024_013152_5e4c848f8ec1d6f4,2,68_1171,3,5
13153,2024_013153_2d5186a347ec3246,3,67_1171,5,6
13155,2024_013155_256a6c756c393c5c,0,68_1171,3,2
13164,2024_013164_31af451a519bc2ad,2,68_1171,3,46
13167,2024_013167_6a5b024e5977d02a,0,68_1171,3,11
13172,2024_013172_bb35e4b78bedc300,0,68_1171,3,11
13180,2024_013180_f288c951f4515dd0,3,68_1171,3,5
13190,2024_013190_1ad5dce6937b4e76,3,68_1171,3,31
13199,2024_013199_7477ca61b5db83a5,6,68_1170,2,12
13253,2024_013253_453b8c864b99ec7a,6,68_1171,3,19
13254,2024_013254_909a3311fc9ca21c,4,68_1171,3,18
13256,2024_013256_289f635df22c241a,2,68_1171,3,14
13257,2024_013257_5091e5712d5271d1,2,68_1171,3,2
13292,2024_013292_b408763455fdccc5,0,68_1171,3,19
13315,2024_013315_320fd76ebb709f38,3,68_1171,3,56
13332,2024_013332_a9a725e698652999,0,68_1171,3,3
13344,2024_013344_7a4672883fb45404,0,68_1171,3,7
13347,2024_013347_784f42f5baaff034,6,68_1171,3,2
13366,2024_013366_d31448fee149a456,0,68_1171,3,2
13367,2024_013367_254f1fca7ae8e956,0,68_1171,3,2
13369,2024_013369_3ac04635dc94a31f,0,68_1170,2,6
13378,2024_013378_82b46b1ccc881e3f,0,68_1170,2,6
13383,2024_013383_df7b0d2e2df655fc,0,68_1170,2,8
13392,2024_013392_3717aafd340c811d,1,68_1170,2,16
13396,2024_013396_a52062569053de9e,1,68_1171,3,11
13407,2024_013407_7cc5de73a9b15853,4,69_1170,1,46
13415,2024_013415_a59532dfbb11a789,2,69_1170,1,8
13416,2024_013416_3a2c8dfc00a63a38,0,69_1170,1,2
13417,2024_013417_1a554980aa89ef82,0,69_1170,1,5
13435,2024_013435_7bf0ca0cc1788d28,2,69_1170,1,8
13440,2024_013440_0cf7525a49464971,1,69_1170,1,10
13447,2024_013447_e7d7309f7e96f049,4,69_1170,1,25
13449,2024_013449_6076c16aa68c95a4,0,69_1170,1,14
13450,2024_013450_3d57ec0cd0e02a20,3,69_1170,1,27
13451,2024_013451_e79f1aaca266e16d,2,69_1170,1,13
13452,2024_013452_f8d251811b2f887f,3,69_1170,1,12
13455,2024_013455_32261a74250c58f3,3,69_1170,1,2
13457,2024_013457_9a0804143a69ae31,0,69_1170,1,4
13464,2024_013464_771e513eead23196,6,69_1170,1,2
13496,2024_013496_bbdf4aab88c8b433,0,68_1170,2,3
13497,2024_013497_9889febb140b3c1b,3,69_1170,1,25
13498,2024_013498_0286999009e7dcb3,0,68_1170,2,3
13502,2024_013502_0c70ee6bd6d8b17e,1,69_1170,1,12
13506,2024_013506_777cacaad1775875,1,68_1170,2,4
13513,2024_013513_796873a8551b5012,1,69_1170,1,15
13520,2024_013520_efa63d7d37d77c20,3,69_1170,1,16
13521,2024_013521_07f5c925996cb949,0,69_1170,1,12
13524,2024_013524_5584097df9cf1869,0,69_1170,1,4
13532,2024_013532_cf0f6c46a5767549,0,68_1170,2,2
13534,2024_013534_f47c3b06e357d1f3,0,68_1170,2,11
13542,2024_013542_4f42927ed3d082a0,1,68_1170,2,9
13555,2024_013555_4cda40badc6f0d6c,1,68_1170,2,10
13567,2024_013567_8165cf5d38324e85,3,68_1170,2,16
13573,2024_013573_a4182674d709bf30,4,68_1170,2,21
13579,2024_013579_20867a28702605e6,0,68_1170,2,20
13593,2024_013593_14b2b0faeebd4fb6,3,68_1170,2,25
13597,2024_013597_f108759afbcbbd1e,0,68_1170,2,32
13603,2024_013603_c72eac7272dbec37,0,68_1170,2,17
13614,2024_013614_66814c27791e8400,3,68_1170,2,19
13620,2024_013620_7d65975c64e3420f,5,68_1170,2,14
13636,2024_013636_8265ba4f71969543,2,68_1170,2,17
13642,2024_013642_08b76fdcd4672759,0,68_1171,3,8
13654,2024_013654_2affbd1d009635c5,1,69_1170,1,5
13662,2024_013662_9546d65b5118b567,1,68_1170,2,6
13669,2024_013669_574a107c8e4e97d4,0,69_1170,1,14
13672,2024_013672_ba0cce12b7cef12c,0,68_1170,2,18
13674,2024_013674_22360b85ec4916ba,0,68_1170,2,13
13675,2024_013675_de5c9d5cbed85641,4,68_1170,2,9
13690,2024_013690_a10ee35d4824abc0,4,69_1170,1,26
13699,2024_013699_2ec5e4592cde6a28,0,69_1170,1,31
13708,2024_013708_5b3fc4b28a0b9a00,0,69_1170,1,2
13713,2024_013713_558943061dd68d34,4,69_1170,1,4
13718,2024_013718_e8d5fb5401cbc326,3,69_1170,1,14
13719,2024_013719_32bb1bec4fc5362d,4,69_1171,3,2
13720,2024_013720_3000dafea8d516be,0,69_1170,1,10
13725,2024_013725_f12f6a4eed2ede84,0,69_1170,1,15
13726,2024_013726_f1af2f326a8c0264,1,69_1170,1,2
13734,2024_013734_0c8fbd70b9d3a16a,0,69_1170,1,18
13738,2024_013738_29d2d3ad23c21dfa,1,69_1170,1,13
13740,2024_013740_62722c6ec29ed46b,1,69_1170,1,11
13749,2024_013749_0a2ce35084b29187,4,69_1170,1,16
13756,2024_013756_172dfcc8876639b8,0,69_1170,1,19
13760,2024_013760_4bc84441be0c302b,2,69_1170,1,7
13764,2024_013764_c0f0b0a2c2472375,0,69_1170,1,15
13775,2024_013775_6a6b2a906527a94b,0,69_1170,1,24
13780,2024_013780_46e3f469bcfb4f5f,0,69_1170,1,4
13796,2024_013796_c2249b4aff50466b,4,68_1170,2,3
13799,2024_013799_11510b60030da400,4,68_1170,2,26
13806,2024_013806_0457c420b04dd576,4,68_1170,2,7
13831,2024_013831_7541ee65db14fa20,4,68_1170,2,12
13847,2024_013847_d9f28c88493796d5,3,68_1170,2,9
13853,2024_013853_b260daaf0d5438b8,3,68_1170,2,11
13877,2024_013877_af7bf22736967c8a,3,69_1170,1,21
13883,2024_013883_0671786600c1acbd,3,69_1170,1,5
13885,2024_013885_a16a0676d27d3fb7,6,69_1170,1,6
13888,2024_013888_5c3680d8a6fa2fe9,1,69_1170,1,17
13895,2024_013895_cdc1c450ab6cae88,6,69_1170,1,18
13903,2024_013903_1c73eb02713bb82a,3,69_1170,1,39
13907,2024_013907_13dc738c6b991cfa,3,69_1171,3,27
13929,2024_013929_5af200f58a914ec3,2,69_1170,1,2
13936,2024_013936_c450621d7cd593d8,6,69_1170,1,28
13954,2024_013954_057139171fcf4a3d,0,68_1171,3,4
13968,2024_013968_5c41a74285fab0d9,0,68_1171,3,2
13970,2024_013970_d3a6c1773cf356dc,1,68_1171,3,6
13971,2024_013971_2953cf06b3cf3658,0,68_1171,3,2
13981,2024_013981_ad26e7d77a01354c,2,68_1171,3,14
13986,2024_013986_a1d1a7cc52cfd7bc,2,68_1171,3,12
13991,2024_013991_2fe42431e3c59e99,4,68_1171,3,20
13995,2024_013995_872b29b41c9de9e4,4,68_1171,3,11
14007,2024_014007_92646806bad7bc45,6,68_1171,3,18
14008,2024_014008_50ff0a7a7386b996,1,68_1171,3,13
14013,2024_014013_df4833cf460eb7d5,2,68_1170,2,27
14015,2024_014015_d297b1ac362d1e26,3,68_1170,2,12
14017,2024_014017_bbe0200a256f9329,3,68_1170,2,12
14018,2024_014018_d026ca29f3006ac4,2,68_1171,3,17
14019,2024_014019_7566ecaa766d83e7,1,68_1171,3,21
14021,2024_014021_50d7ada5a4ba4c81,1,68_1171,3,9
14030,2024_014030_8e6b4c86e81c6096,1,68_1171,3,5
14034,2024_014034_ff1d68cffa543345,3,68_1171,3,28
14053,2024_014053_71906d96d8959367,0,68_1171,3,11
14054,2024_014054_8181f2d399ee02c2,0,68_1171,3,34
14058,2024_014058_b13e7be0a2a30c0e,0,68_1171,3,11
14060,2024_014060_d5704a57c95c0cdc,2,68_1171,3,4
14067,2024_014067_fe0b6e4897726083,0,68_1171,3,4
14068,2024_014068_bd7b4c9bd8bcae74,1,68_1171,3,9
14070,2024_014070_8434bf8ab5e5c0e4,1,68_1171,3,7
14072,2024_014072_bae9c704b578d140,0,68_1171,3,2
14090,2024_014090_4edab647a5949282,3,69_1171,3,4
14099,2024_014099_6d5d98a1fa23c11c,2,68_1171,3,14
14100,2024_014100_25a07056d730336d,0,68_1171,3,5
14110,2024_014110_b104eeeeb4b0fe4c,4,69_1171,3,8
14122,2024_014122_f0b0fbeb5500b86a,0,69_1171,3,19
14135,2024_014135_9342d4bea99c9096,3,69_1171,3,15
14137,2024_014137_f072d0350dd9abbb,2,69_1171,3,29
14141,2024_014141_dcf5eb1ba59eaae9,2,69_1171,3,8
14146,2024_014146_4ee14226871252bf,2,69_1171,3,17
14152,2024_014152_b4aca2448fb53c03,2,69_1171,3,6
14162,2024_014162_7a1e32fee0e85e11,3,69_1171,3,12
14168,2024_014168_62ec23a4e1adfb22,3,69_1171,3,26
14170,2024_014170_360cc4866d98bfab,3,69_1171,3,2
14174,2024_014174_d42f52b914fdb08e,3,69_1171,3,2
14179,2024_014179_60dd6981012de491,3,69_1171,3,3
14185,2024_014185_113c92fa1aa59ec5,4,69_1171,3,6
14201,2024_014201_09cf077cdf1141a7,0,69_1171,3,18
14202,2024_014202_a4a55ffd6d29e5f6,0,68_1171,3,25
14203,2024_014203_983acb370d4b59f4,0,69_1171,3,2
14207,2024_014207_7f91578238a842c3,0,68_1171,3,9
14221,2024_014221_b8a1f1435696e595,4,68_1171,3,17
14222,2024_014222_fccdf56fec071975,3,68_1171,3,57
14231,2024_014231_d368c4b7773a9d4f,2,68_1171,3,11
14233,2024_014233_99e7ec0484c857a8,4,68_1171,3,17
14246,2024_014246_1ac357f204c96912,0,68_1171,3,7
14251,2024_014251_573b121b68da61b4,6,68_1171,3,6
14256,2024_014256_c6ef3eaff44d157a,1,68_1171,3,68
14271,2024_014271_ea481c4238a96083,3,68_1171,3,51
14272,2024_014272_c7bcc49e2cb418eb,1,68_1171,3,10
14293,2024_014293_d033faa6459bb29b,4,68_1171,3,7
14294,2024_014294_a77a92229c56fa34,6,68_1171,3,4
14297,2024_014297_3ffc3afe32f0da0b,1,68_1171,3,14
14301,2024_014301_992ebbe646adefb6,6,68_1171,3,12
14303,2024_014303_9952bb046ca0e62e,6,68_1171,3,4
14309,2024_014309_5848e1a155654948,6,68_1171,3,5
14315,2024_014315_f87ff6c365fdff03,0,68_1171,3,2
14324,2024_014324_d4c66ef5111d24d3,4,68_1171,3,13
14325,2024_014325_042ff7f3a7ebedf9,0,69_1171,3,8
14326,2024_014326_00b0a8b47e59b7e4,0,69_1171,3,6
14331,2024_014331_b226e6a2a52a052f,0,69_1171,3,10
14332,2024_014332_9a95a757439f00ab,0,69_1171,3,4
14339,2024_014339_e23e239d34001c68,0,69_1171,3,3
14351,2024_014351_5801300e45158017,2,69_1171,3,27
14355,2024_014355_c7d9c1039f5e56ed,1,69_1171,3,22
14364,2024_014364_169b0d23dc7a2539,1,69_1171,3,2
14366,2024_014366_10de7a02f4ec063d,1,69_1171,3,5
14371,2024_014371_e58e857889f3c408,0,69_1171,3,3
14372,2024_014372_ced7c4da8755b2e4,0,69_1171,3,4
14377,2024_014377_5a8df3f80d260801,2,69_1171,3,13
14392,2024_014392_b89387dcbcfac1c1,3,69_1171,3,48
14394,2024_014394_9b48395e6b1d721b,3,69_1171,3,4
14400,2024_014400_ad77d032083c0ce0,6,68_1171,3,21
14412,2024_014412_78b5c746a4d96cf6,2,68_1171,3,4
14421,2024_014421_69a989258c95b446,3,68_1171,3,4
14439,2024_014439_cb746db6e4453871,0,68_1171,3,27
14442,2024_014442_6c16d3ddc10bed94,0,68_1171,3,15
14459,2024_014459_69560da07ac154db,0,69_1171,3,7
14463,2024_014463_d015094ab6ef4d22,0,69_1171,3,37
14469,2024_014469_c55fba13e4e1308e,0,69_1171,3,5
14499,2024_014499_b539b5352cf6c200,0,69_1171,3,5
14500,2024_014500_9bc4202d514438d4,0,69_1171,3,2
14503,2024_014503_2df4d59019054c88,0,69_1171,3,3
14506,2024_014506_ebd4c29963d3bfef,2,68_1171,3,3
14510,2024_014510_103752a8e384dcf3,4,68_1171,3,22
14514,2024_014514_758009163e56e228,1,68_1171,3,14
14536,2024_014536_1033c7ba763ae4d7,0,68_1171,3,5
14543,2024_014543_95f1e11a4ea9ed49,0,68_1171,3,5
14550,2024_014550_deff08fc4e358995,0,68_1171,3,19
14566,2024_014566_f5031c1bd40712f3,6,68_1171,3,8
14578,2024_014578_507f268217c0a8b5,6,68_1171,3,13
14584,2024_014584_c824f09ffd5ee9d6,2,68_1171,3,48
14590,2024_014590_06bd889cac9bcef4,3,68_1171,3,32
14596,2024_014596_95a47174618575ac,3,68_1171,3,11
14606,2024_014606_f444cd82ba2ce79a,4,68_1171,3,8
14607,2024_014607_3bf2d70f43ad9dc1,5,68_1171,3,61
14610,2024_014610_8547ceda5ca774ac,4,69_1171,3,21
14621,2024_014621_8993162f885e5380,4,69_1171,3,18
14624,2024_014624_0826774e1a88da13,4,69_1171,3,35
14625,2024_014625_b8def7c782a6e15d,3,69_1171,3,39
14629,2024_014629_a3d939d4dcea7fba,4,68_1171,3,7
14632,2024_014632_1d9f8dac2cf596e6,4,68_1171,3,17
14647,2024_014647_9962820c8ed91897,0,68_1171,3,6
14651,2024_014651_279ca1fd8269aa02,2,68_1171,3,2
14655,2024_014655_2fb2a0c4f59b5905,0,68_1171,3,13
14657,2024_014657_2f1e79185babba6e,2,68_1171,3,59
14658,2024_014658_df3de54319e49c94,6,68_1171,3,8
14663,2024_014663_7037ccb337b63b2a,3,68_1171,3,34
14676,2024_014676_3cf414a01e57beb0,1,68_1171,3,2
14677,2024_014677_c2d5a006393a4760,4,68_1171,3,12
14701,2024_014701_4184b45ed94cd9bf,6,69_1171,3,11
14706,2024_014706_88a7323d85de207c,3,69_1171,3,19
14707,2024_014707_2a98114abd999653,4,69_1171,3,7
14711,2024_014711_3a7be58d6a4aeab3,6,69_1171,3,12
14714,2024_014714_688ae98c26d013c1,3,69_1171,3,10
14716,2024_014716_3db2840dc3d5fea9,3,69_1171,3,21
14718,2024_014718_a51af977d8814531,4,69_1171,3,23
14728,2024_014728_60e63cf932937340,0,69_1171,3,13
14732,2024_014732_79630b09c93d49e1,6,69_1171,3,7
14734,2024_014734_cb2b1bec121b9e41,2,69_1171,3,29
14738,2024_014738_4fbb9b682c1cdb01,3,69_1171,3,2
14741,2024_014741_76a3e9525c65e113,3,69_1171,3,2
14745,2024_014745_81cb932a6f9eff39,6,69_1171,3,21
14752,2024_014752_90b23b88a8f4e444,6,69_1171,3,5
14775,2024_014775_6d5bf42ad1202f52,4,69_1171,3,4
14776,2024_014776_e41627366641f95c,3,69_1171,3,4
14779,2024_014779_45b6e8a4d7d51833,3,69_1171,3,2
14782,2024_014782_80cf5ac919db1e32,3,69_1171,3,13
14791,2024_014791_126e3a1ca25475dc,0,68_1171,3,9
14803,2024_014803_a552de095c8f646b,1,68_1171,3,4
14804,2024_014804_c21efe75554f1d00,1,68_1171,3,4
14806,2024_014806_21fcc2a6eb0af9f8,6,68_1171,3,22
14810,2024_014810_2023327fdaa6d310,6,68_1171,3,12
14817,2024_014817_225cc4a43f55f103,3,68_1171,3,39
14835,2024_014835_48ac69598f1cc57d,4,68_1170,2,5
14846,2024_014846_a9fdab6d4c716fb6,0,68_1170,2,10
14856,2024_014856_7929161431c296f5,4,70_1171,5,17
14858,2024_014858_030d0c0cce5d7474,3,70_1171,5,17
14862,2024_014862_f200d4313a5c22a6,3,70_1171,5,6
14863,2024_014863_9c5387774fddf8c5,1,70_1171,5,4
14864,2024_014864_9cf249c2bdeb2a24,6,70_1171,5,18
14866,2024_014866_9c55ac6c59b8438b,3,70_1171,5,7
14867,2024_014867_a6f4b6abd628ca96,3,70_1171,5,22
14871,2024_014871_b54b1cd1017a32d7,4,70_1171,5,8
14875,2024_014875_4ebfe38bb06a9f92,3,70_1171,5,35
14880,2024_014880_12459d4c8326ed65,4,70_1171,5,6
14883,2024_014883_f16fc617220e90e6,4,70_1171,5,8
14899,2024_014899_e93826ed4b92b044,4,70_1171,5,12
14903,2024_014903_fa6e426da1b33fe0,3,70_1171,5,3
14906,2024_014906_2c8e1b2c20306a6f,4,70_1171,5,3
14913,2024_014913_8513a8f49b4a6f08,4,70_1171,5,9
14915,2024_014915_70ac17fa469cac3b,3,70_1171,5,22
14919,2024_014919_5c852dc86ff7b505,4,70_1171,5,49
14923,2024_014923_46c422fd5e5814ef,3,70_1171,5,83
14927,2024_014927_4f3618a0c0f5c8ac,4,70_1171,5,11
14933,2024_014933_02fb03b8d1247fc8,3,70_1171,5,13
14934,2024_014934_d12a5a6883455cdb,4,70_1171,5,14
14935,2024_014935_86723e2ccc2d4bb8,6,70_1171,5,28
14939,2024_014939_d3040c8adaf4de60,3,70_1171,5,74
14941,2024_014941_065915cbf4736a93,4,70_1171,5,3
14945,2024_014945_f69c4d85e04bd79d,3,70_1171,5,24
14948,2024_014948_d8a40fa998b64f96,5,70_1171,5,25
14950,2024_014950_0c86e50860f42e76,6,70_1171,5,23
14952,2024_014952_8395ad38bcdf4d3b,4,70_1171,5,14
14953,2024_014953_2765537aea0abb78,4,70_1171,5,9
14956,2024_014956_813f04be3105958a,2,69_1171,3,5
14958,2024_014958_95c160efc9f99a8b,2,69_1171,3,24
14960,2024_014960_e9a217c547c6dde8,2,69_1171,3,12
14968,2024_014968_06bc1b2c0d333189,6,69_1171,3,15
14969,2024_014969_a1272d18fddb110e,4,69_1171,3,6
14971,2024_014971_7e7ba8d1879c197c,0,69_1171,3,13
14974,2024_014974_8279389e6e7a501d,0,69_1171,3,7
14975,2024_014975_308ac108ee85ccd2,4,69_1171,3,15
14976,2024_014976_245fdb951d5dcc97,4,69_1171,3,22
14977,2024_014977_eea3eca0585f9163,1,69_1171,3,3
14980,2024_014980_5017a061afba569b,1,69_1171,3,2
14988,2024_014988_b3a6742393b53896,1,70_1171,5,2
14992,2024_014992_6ca7b1d44a676b4b,3,69_1171,3,2
14993,2024_014993_1bb804f6dfff1c98,4,70_1171,5,7
14995,2024_014995_085e69715a7bad10,6,70_1171,5,6
15001,2024_015001_50f3deda12bf63c9,1,70_1171,5,7
15002,2024_015002_a9339027166cf472,3,70_1171,5,39
15007,2024_015007_a4565f944de487d6,6,70_1171,5,2
15010,2024_015010_02edbd386b2c7f7d,2,70_1171,5,11
15014,2024_015014_2564b7c3695476dd,6,70_1171,5,9
15035,2024_015035_32a4285cbdd4a35d,4,70_1171,5,7
15037,2024_015037_1f93fd87760e2718,1,70_1171,5,5
15061,2024_015061_8dd9ed5221f58c96,0,70_1171,5,5
15065,2024_015065_38b638d3d6c2f214,6,70_1171,5,45
15085,2024_015085_7fb6d346486ac84f,3,70_1171,5,7
15089,2024_015089_4e36b39328707b60,4,71_1171,4,55
15092,2024_015092_3fda86e04f993a46,3,71_1171,4,21
15093,2024_015093_c841a3b0fcbccdc9,3,71_1171,4,5
15095,2024_015095_2ec006c841a82fa4,4,71_1171,4,10
15096,2024_015096_6cc116ceac0a64ee,6,71_1171,4,25
15098,2024_015098_605173b48b242239,3,71_1171,4,31
15102,2024_015102_d1d5b1b9daefafb3,4,71_1171,4,5
15103,2024_015103_784fe2f0bf21fa68,4,71_1171,4,2
15105,2024_015105_8560ab986aa28d77,4,71_1171,4,16
15113,2024_015113_d882c74909c7ea54,6,71_1171,4,2
15115,2024_015115_19f847b15203a3ce,3,71_1171,4,42
15119,2024_015119_668ad845378c31b7,3,70_1171,5,7
15120,2024_015120_0721090026a2fb1b,6,70_1171,5,6
15128,2024_015128_bf596e7f63318763,6,70_1171,5,6
15132,2024_015132_2d1abb29d44b1bb5,4,70_1171,5,8
15133,2024_015133_96d18f99c891d107,3,70_1171,5,6
15150,2024_015150_327f049bae6dbd62,4,70_1171,5,9
15156,2024_015156_9312f8668adae36e,4,70_1171,5,3
15158,2024_015158_4914461188b5b1e9,3,70_1171,5,7
15161,2024_015161_8bc34be79c84fbd0,3,70_1171,5,6
15166,2024_015166_827704391ba533ac,5,70_1171,5,5
15167,2024_015167_d574946ee4982e88,4,70_1171,5,6
15170,2024_015170_b4d0dc1a873533da,5,70_1171,5,30
15171,2024_015171_75e643bb3862e89e,4,70_1171,5,8
15173,2024_015173_8da5f2471d476c70,4,70_1171,5,17
15174,2024_015174_2de529ee75931935,6,70_1171,5,7
15183,2024_015183_278c5f465a9031c3,1,70_1171,5,4
15184,2024_015184_9d6e184e8e2b19b4,4,70_1171,5,13
15185,2024_015185_ef1b736db4aae6d5,3,70_1171,5,11
15198,2024_015198_6fa4617cf8b544b2,3,70_1171,5,2
15216,2024_015216_a64f71b01adc0e41,4,69_1171,3,23
15218,2024_015218_7bb6119cb322116f,3,69_1171,3,3
15221,2024_015221_3b9825f684e746c0,1,69_1171,3,7
15222,2024_015222_2cbce06ae3b91282,2,69_1171,3,6
15223,2024_015223_8f4c61537ea63056,4,69_1171,3,7
15224,2024_015224_7a6f13be0d49bc6b,3,69_1171,3,24
15237,2024_015237_663bf82faea4ba1b,4,69_1171,3,19
15238,2024_015238_542a26eb5b9a41d8,2,69_1171,3,3
15239,2024_015239_c3afc63debf6f335,3,69_1171,3,15
15242,2024_015242_35e899834d07bfae,3,69_1171,3,7
15254,2024_015254_f909de93614bcd72,0,69_1171,3,3
15256,2024_015256_6181c24940220501,1,70_1171,5,3
15258,2024_015258_9d37f8dc4bac0940,3,70_1171,5,22
15265,2024_015265_57e379f3965624ce,6,70_1171,5,2
15268,2024_015268_5882af864f857240,3,70_1171,5,9
15277,2024_015277_a53bd15ca0bbff51,3,70_1171,5,7
15285,2024_015285_f4ef2297e56c56a6,1,70_1171,5,2
15290,2024_015290_134a4e94695d1e64,4,70_1171,5,8
15298,2024_015298_228963bee18969bb,3,70_1171,5,4
15299,2024_015299_3c2efdb1807247c7,3,70_1171,5,27
15301,2024_015301_4301bafe8cf79106,3,70_1171,5,8
15305,2024_015305_6ac5d195f501516b,3,70_1171,5,14
15307,2024_015307_5e3982debc672483,3,70_1171,5,21
15313,2024_015313_37bbfa136d810db3,3,70_1171,5,18
15340,2024_015340_290636caf069dae0,2,71_1171,4,24
15343,2024_015343_8300e14723566445,1,71_1171,4,17
15345,2024_015345_f48d2764f9443a39,6,71_1171,4,17
15349,2024_015349_ed74846c4f538d76,3,71_1171,4,16
15351,2024_015351_b98ad508f6d6ba57,4,71_1171,4,32
15355,2024_015355_0bba14c7577f8c93,4,71_1171,4,2
15357,2024_015357_02cc1fef02df8471,4,71_1171,4,2
15359,2024_015359_bbf49038d2e70584,6,71_1171,4,4
15362,2024_015362_e5111ae9ec1fde7b,3,71_1171,4,2
15368,2024_015368_1989c7bab79f917b,3,71_1171,4,35
15371,2024_015371_66759ae433a49bed,6,70_1171,5,8
15372,2024_015372_a3427f65ed46b120,3,70_1171,5,8
15373,2024_015373_5d12c8c12fa71922,4,70_1171,5,7
15375,2024_015375_4681ec5cbe026f4d,3,70_1171,5,7
15384,2024_015384_f5ec3c706e999e88,4,70_1171,5,2
15386,2024_015386_cd1a7e561a33764c,1,70_1171,5,3
15395,2024_015395_18bd1e5b62e77396,6,70_1171,5,2
15402,2024_015402_49c6c5ac80dc3781,0,70_1171,5,2
15414,2024_015414_ab6506d2d9678886,3,70_1171,5,5
15415,2024_015415_4c4ea4f1eb8c67c6,4,70_1171,5,8
15417,2024_015417_aaa2128693d6dff0,4,70_1171,5,6
15419,2024_015419_2572b9b704fa36de,3,70_1171,5,6
15420,2024_015420_5c10656fb7995d18,5,70_1171,5,5
15421,2024_015421_0887d534e81477cd,3,70_1171,5,20
15422,2024_015422_cecb66dc10f7dac8,2,71_1171,4,12
15425,2024_015425_f3195b3d21296b2b,1,70_1171,5,36
15427,2024_015427_8d19e1f1feeb75bd,2,70_1171,5,2
15428,2024_015428_793fe90540d7e6fa,6,71_1171,4,12
15429,2024_015429_2c83bece15c6bb25,3,70_1171,5,10
15435,2024_015435_940f7d116b5874b4,0,70_1171,5,5
15438,2024_015438_6e5efba6a6be50ad,3,70_1171,5,4
15440,2024_015440_66691e1bfeb7b9af,6,70_1171,5,10
15441,2024_015441_6244efc0451267de,0,70_1171,5,27
15444,2024_015444_54e5f8d9b82b2ca7,0,70_1171,5,3
15445,2024_015445_a829d1ebc79d3a01,0,70_1171,5,4
15446,2024_015446_5343f17c40d5c07e,0,70_1171,5,4
15451,2024_015451_35371e69e0c732b4,2,70_1171,5,10
15453,2024_015453_3054ced45cfe6957,0,70_1171,5,6
15457,2024_015457_0d4d108e5b038443,1,70_1171,5,9
15461,2024_015461_c3cad015d29ac79d,1,70_1171,5,2
15472,2024_015472_5a81f85dca4ff476,1,70_1171,5,5
15499,2024_015499_441d76376d15273b,3,70_1171,5,23
15502,2024_015502_798df04c550f606d,1,70_1171,5,2
15505,2024_015505_859c15599f4e9303,3,70_1171,5,6
15515,2024_015515_20cc39db6c23783a,6,70_1171,5,2
15525,2024_015525_390690645b966192,1,70_1171,5,2
15537,2024_015537_14f1f6a54e179b64,0,70_1171,5,2
15569,2024_015569_65fe901a90834252,1,70_1171,5,2
15584,2024_015584_1a838b36e4e99e1f,3,70_1171,5,49
15585,2024_015585_9fd9c44d3477610b,4,70_1171,5,35
15589,2024_015589_cc6effaff0d2c673,3,70_1171,5,20
15592,2024_015592_eec2e476870f3582,6,70_1171,5,9
15608,2024_015608_c050316144a094b8,4,71_1171,4,23
15611,2024_015611_5ef8b74293f7d1c0,3,71_1171,4,6
15617,2024_015617_47e4d027cea87e87,4,71_1171,4,27
15629,2024_015629_b58693fae4d77c82,4,71_1171,4,23
15634,2024_015634_33dd293c2895191e,3,71_1171,4,3
15638,2024_015638_898779e9de7061b7,3,71_1171,4,17
15644,2024_015644_23be2d6576616b4a,3,71_1171,4,14
15651,2024_015651_e2e1e71abbac6e42,6,70_1171,5,5
15656,2024_015656_a28dc832ba82a36c,6,70_1171,5,4
15684,2024_015684_00ff4bd34b57dbbb,6,70_1171,5,4
15695,2024_015695_90fe556026288bb7,5,70_1171,5,23
15702,2024_015702_d3248a999515806f,4,70_1171,5,11
15704,2024_015704_908f90cacb08b844,6,70_1171,5,2
15707,2024_015707_2d5ce4d877257a7b,0,70_1171,5,4
15730,2024_015730_b79502c759d2cea9,3,70_1171,5,14
15739,2024_015739_f9aa3dc6590b6b5e,3,70_1171,5,6
15740,2024_015740_f0240b22f5303f26,6,70_1171,5,13
15743,2024_015743_dc74a40102061e1d,3,70_1171,5,25
15748,2024_015748_c97991d430ed05bc,2,70_1171,5,7
15749,2024_015749_5d80cde9212a7caa,2,70_1171,5,8
15757,2024_015757_a10e274e7578d90b,3,70_1171,5,14
15777,2024_015777_a3dbfa726eaa6260,3,70_1171,5,6
15779,2024_015779_2528db8a4d0a8275,6,70_1171,5,7
15794,2024_015794_4c6b4b845fbf44d0,4,70_1171,5,24
15797,2024_015797_4e9073b1aa59c81f,3,70_1171,5,10
15802,2024_015802_7d39bb802f006319,4,70_1171,5,11
15805,2024_015805_7fe895abb5fd543d,2,70_1171,5,31
15808,2024_015808_a5502dfaf604610c,6,70_1171,5,5
15810,2024_015810_fa41094d0c09cdc8,3,70_1171,5,16
15811,2024_015811_f0e7141f85ae2f80,6,70_1171,5,10
15818,2024_015818_9416e7ba672e8cca,1,70_1171,5,8
15827,2024_015827_c8a48086f919d150,1,70_1171,5,2
15836,2024_015836_cb7f88726883a535,1,70_1171,5,7
15849,2024_015849_687860ae83e1d690,6,70_1171,5,2
15850,2024_015850_6d941dc28f2888dd,3,70_1171,5,2
15852,2024_015852_08dce4c20d001711,3,70_1171,5,9
15856,2024_015856_d688af9061147e50,0,70_1171,5,2
15861,2024_015861_7ba5d7cb9b47d2ff,5,70_1171,5,2
15863,2024_015863_ad217a54c1420b64,6,70_1171,5,8
15864,2024_015864_8db8ddf41c3beff3,4,70_1171,5,82
15867,2024_015867_08e2f67b97f14080,3,70_1171,5,9
15869,2024_015869_fd2c12486565cfdf,3,70_1171,5,4
15880,2024_015880_9ffde6ab954d2165,0,70_1171,5,16
15883,2024_015883_bd8c8e47a25fc34d,0,70_1171,5,11
15884,2024_015884_d16cc9c93063e0fb,0,70_1171,5,16
15885,2024_015885_93fe49eebf2e1a27,4,70_1171,5,45
15900,2024_015900_fc0d4da27ebf66ca,3,70_1171,5,20
15906,2024_015906_8b9c059bb5b65677,0,69_1171,3,5
15970,2024_015970_40b6b5d06541dc15,3,69_1171,3,23
15971,2024_015971_87c0d5e9c3d64aa2,3,69_1171,3,25
15977,2024_015977_d9303e9aaa33a9cc,6,70_1170,3,6
15984,2024_015984_76c295111576f9be,4,71_1170,0,13
15991,2024_015991_c63d912313262efc,4,71_1170,0,19
15994,2024_015994_bfac3c49825e6852,4,70_1170,3,40
16002,2024_016002_f70248eaadc352c7,3,70_1171,5,12
16005,2024_016005_38305f86a25075d7,4,71_1171,4,29
16006,2024_016006_c2521bc09a53fbf6,4,71_1171,4,13
16010,2024_016010_56a0213a2bd76e20,4,70_1171,5,10
16019,2024_016019_65fa03b3c574a30d,4,71_1171,4,10
16026,2024_016026_19e9fcb4b17cd436,3,70_1171,5,8
16032,2024_016032_c4fe65e05a4d7623,6,70_1171,5,3
16044,2024_016044_13ae3acae67ec609,4,70_1171,5,3
16049,2024_016049_21974811c03cda31,4,70_1171,5,7
16054,2024_016054_3e3048201f10a15f,4,70_1171,5,2
16078,2024_016078_a66627a86e4e5b22,3,70_1171,5,2
16088,2024_016088_7d38510d2a77ff64,6,71_1171,4,7
16089,2024_016089_69d2d79dffdb91bc,3,70_1171,5,13
16091,2024_016091_9f22e92db4952ecf,5,71_1171,4,34
16094,2024_016094_cc91ab41e580131d,6,70_1171,5,20
16097,2024_016097_d751724e2ad30260,0,71_1171,4,2
16101,2024_016101_f0873e4d98694638,3,71_1171,4,57
16102,2024_016102_b8f3aa9dfa4ef19b,1,71_1171,4,5
16103,2024_016103_95de2c191cadd7ed,4,70_1171,5,3
16112,2024_016112_9f3b1a1f09e08626,5,71_1171,4,12
16115,2024_016115_e3fcbf0f157461e8,4,71_1171,4,18
16119,2024_016119_9fb8153533ad1863,3,70_1171,5,38
16133,2024_016133_084b789e4e6aa9af,4,69_1171,3,24
16134,2024_016134_e92da4669ce2b850,4,69_1171,3,9
16137,2024_016137_4c594f411257b6de,3,69_1171,3,12
16147,2024_016147_a2fa844ccf95add1,5,70_1171,5,2
16149,2024_016149_dfa2f2a8f54d574d,4,70_1171,5,10
16153,2024_016153_47c7ab2efb39ed37,3,70_1171,5,4
16155,2024_016155_c2b81bb9a008b72e,3,70_1171,5,2
16159,2024_016159_4728e09fe88dcb34,3,70_1171,5,22
16162,2024_016162_1c502403b3b147f2,3,70_1171,5,29
16167,2024_016167_022598b40b5d025c,6,70_1171,5,27
16172,2024_016172_4bdd138b92495a35,2,70_1170,3,2
16182,2024_016182_556f6b08e6ef6e88,5,70_1170,3,29
16210,2024_016210_e716c8d8e7244def,3,70_1171,5,3
16240,2024_016240_ee59b9b52437625e,6,70_1171,5,4
16252,2024_016252_283ac7de17da96aa,3,71_1171,4,13
16254,2024_016254_95f59e0249dbdcf5,3,71_1171,4,8
16256,2024_016256_6c34eba3c8fe4cf4,6,71_1171,4,10
16259,2024_016259_8180450c2e4a27d6,4,71_1171,4,7
16260,2024_016260_99a8a9400406af0f,4,71_1171,4,3
16262,2024_016262_0980f3f890a0c9a3,3,71_1171,4,54
16273,2024_016273_eae4782d87fe057c,2,72_1170,5,13
16277,2024_016277_fc9ae26932f6e915,6,72_1170,5,3
16278,2024_016278_378bbf7101de6523,3,72_1170,5,21
16280,2024_016280_0e33333020fde1f2,3,72_1170,5,29
16281,2024_016281_d9bedaeefbd14bae,4,72_1170,5,4
16283,2024_016283_2e0426d0eee1762f,4,72_1171,3,13
16284,2024_016284_c91159b8306b45a0,3,72_1171,3,34
16295,2024_016295_15ea9aee97af682f,2,72_1170,5,28
16311,2024_016311_9d07e404c6715c09,6,73_1170,3,26
16314,2024_016314_12f41f8f8fb8905d,2,72_1170,5,49
16315,2024_016315_17deebb803d392d8,1,73_1170,3,30
16320,2024_016320_8b31138c412558ea,4,73_1170,3,9
16324,2024_016324_334861470469f84a,0,73_1170,3,14
16325,2024_016325_d0b0555eb5057c93,0,73_1170,3,12
16328,2024_016328_a1e2c7ebc8ed9177,1,73_1170,3,10
16331,2024_016331_2841424e6fc5f673,3,73_1170,3,5
16343,2024_016343_a8cb159db121603f,2,73_1170,3,14
16344,2024_016344_7392aaf1b84ab1b0,3,73_1171,4,85
16345,2024_016345_c5491bfeec60f731,6,73_1171,4,72
16347,2024_016347_566a647cbf4344ce,4,73_1171,4,99
16351,2024_016351_7c811a4bac478f0a,4,73_1171,4,61
16354,2024_016354_8fa6f61cf23eedb4,6,73_1171,4,50
16356,2024_016356_ecc507cc171532e1,3,73_1171,4,28
16358,2024_016358_721832590a59e695,3,73_1171,4,9
16359,2024_016359_e00b41d66bceefa5,4,73_1170,3,41
16360,2024_016360_3184a14164e37fd2,6,73_1170,3,50
16361,2024_016361_050abeb99364003f,3,73_1170,3,45
16365,2024_016365_a9a8a684e934c99b,3,73_1171,4,38
16367,2024_016367_23c19dc16890a83a,3,73_1171,4,37
16371,2024_016371_d3e923e671d87a0d,4,73_1170,3,20
16400,2024_016400_d1ac540f56bda7f8,3,73_1170,3,54
16402,2024_016402_25e8ab5aa6c3c7b9,2,73_1170,3,15
16427,2024_016427_0ba786b7eeecc52f,3,73_1171,4,8
16437,2024_016437_6d6bbb8ec827ce72,4,73_1171,4,15
16441,2024_016441_1300afa19a1efdf7,3,73_1171,4,6
16452,2024_016452_dba2a2367d9253a4,6,73_1171,4,11
16464,2024_016464_5ef737855484fb9e,0,73_1171,4,74
16468,2024_016468_9375fb589ff0dc54,1,73_1171,4,24
16475,2024_016475_af1a7f6a2e0d2e67,6,73_1171,4,2
16502,2024_016502_f0006baa430e8662,0,73_1171,4,4
16504,2024_016504_22b1ca2f1badd522,4,73_1171,4,31
16507,2024_016507_b5027c186db026d5,4,73_1171,4,8
16508,2024_016508_5546e9d6de749120,4,73_1171,4,3
16514,2024_016514_61b296e6205ac9bf,4,73_1171,4,4
16544,2024_016544_ffb3346598aa75ad,0,72_1171,3,14
16566,2024_016566_9020f3491fdf496c,1,73_1171,4,12
16568,2024_016568_6b02cc7cd0f42bac,6,73_1171,4,8
16582,2024_016582_9be09eed7ebec7be,0,73_1171,4,58
16587,2024_016587_4a6a7f72c371a321,2,73_1171,4,8
16596,2024_016596_b7f6565c76554b97,1,73_1171,4,35
16598,2024_016598_202d3102019b4eb4,6,73_1171,4,4
16628,2024_016628_5f245c7a607514c6,4,73_1171,4,38
16657,2024_016657_bf641196dc37142a,3,73_1171,4,12
16659,2024_016659_fc2caf7b6a4f892c,0,73_1171,4,33
16661,2024_016661_635eecbc5f370b78,0,73_1171,4,6
16663,2024_016663_7f666907f3a95feb,1,73_1171,4,2
16667,2024_016667_a588fdc487549114,3,73_1171,4,10
16682,2024_016682_f93ac7b29201d2e2,1,73_1171,4,13
16699,2024_016699_536cce9966f81325,2,73_1171,4,7
16704,2024_016704_04ccc8869ee109ac,3,73_1171,4,2
16709,2024_016709_aa49518df13977d0,0,73_1171,4,7
16753,2024_016753_ab3bffef06c89d97,6,73_1171,4,8
16756,2024_016756_03c46d00f0abcdc0,0,73_1171,4,15
16757,2024_016757_2fbb19d2960f07b6,2,73_1171,4,7
16784,2024_016784_61c99b9f7ebc305e,0,73_1171,4,25
16790,2024_016790_56110a1afd5a6f4a,6,73_1171,4,2
16799,2024_016799_94d2421c99ea2d16,1,73_1171,4,15
16805,2024_016805_850f9e1428adf069,4,73_1171,4,11
16822,2024_016822_eb4cbc10bdca4717,3,73_1171,4,98
16826,2024_016826_b865b50492edcf15,1,73_1171,4,52
16830,2024_016830_0f121ac3550d7fa2,0,73_1171,4,24
16833,2024_016833_8e1ad2bdcce75d03,4,73_1171,4,42
16837,2024_016837_9be7166a7f652f6f,3,73_1171,4,9
16846,2024_016846_731370cd3c5a6a9a,4,73_1171,4,10
16857,2024_016857_e58f4fd415bd6ae5,3,73_1171,4,34
16865,2024_016865_f2d29c8cae1ae79b,1,73_1170,3,22
16868,2024_016868_3ebd9aba524b85a9,2,73_1170,3,38
16869,2024_016869_ffd3e8a9b5dba7c9,6,73_1170,3,53
16871,2024_016871_d25a323f5ddc4af6,3,73_1170,3,6
16878,2024_016878_5efc6be82633d063,6,73_1170,3,22
16883,2024_016883_d484232eb6a6c3c1,4,73_1170,3,70
16888,2024_016888_f3d946fcaacbcdff,0,73_1171,4,38
16896,2024_016896_2ff8788fb31de1b9,1,73_1171,4,24
16904,2024_016904_867df6ba45f36834,6,73_1171,4,30
16909,2024_016909_a6af69f6194be89a,2,73_1171,4,21
16913,2024_016913_89507715e01144f6,2,73_1171,4,12
16917,2024_016917_259a89bc4097f360,2,73_1171,4,15
16929,2024_016929_9e9fcebc86d62289,4,73_1171,4,8
16947,2024_016947_7bc9ab4ebe0ba252,3,72_1171,3,42
16949,2024_016949_ca5335457400ffbc,3,72_1171,3,41
16950,2024_016950_b47f07ebbcae2567,3,72_1171,3,38
16952,2024_016952_adfbd43d966323ad,3,72_1171,3,35
16953,2024_016953_e2e75fb8c6e230f8,3,72_1171,3,32
16960,2024_016960_c9a9727f6fee833d,6,72_1171,3,15
16962,2024_016962_d6177ce9bcf9b640,3,72_1171,3,60
16967,2024_016967_da4a397fce1014c1,4,72_1171,3,81
16998,2024_016998_1fd967de4d8df845,1,73_1171,4,19
17002,2024_017002_9e881e4540974c54,0,73_1171,4,2
17029,2024_017029_3733ea58f53be4da,1,73_1171,4,2
17048,2024_017048_f5b67f3f1581a271,2,72_1171,3,51
17049,2024_017049_03b9014304122fa8,2,72_1171,3,81
17051,2024_017051_613092e722dcb7f2,3,72_1171,3,32
17056,2024_017056_bd3d6b2af7a2d985,3,72_1171,3,23
17060,2024_017060_d241f35bfe2b7143,6,72_1171,3,18
17067,2024_017067_14041e459838d54f,0,72_1171,3,10
17082,2024_017082_bee1da3c11ac591d,3,73_1171,4,21
17083,2024_017083_820bce8ae6df5d5e,0,73_1171,4,2
17084,2024_017084_72207a3091c12bf9,3,73_1171,4,3
17090,2024_017090_fffad6fdd5e943e7,6,73_1171,4,5
17097,2024_017097_af949bb806748fb6,6,73_1171,4,28
17110,2024_017110_8fa38306641a8b6d,3,73_1171,4,5
17111,2024_017111_558bfcdeecbf9252,3,73_1171,4,4
17128,2024_017128_baa72b7c93216334,1,72_1170,5,25
17129,2024_017129_b9665f719d32b6c5,3,71_1170,0,4
17133,2024_017133_f858eb9a1b426633,3,71_1170,0,9
17134,2024_017134_5899f5622170daa9,1,72_1170,5,13
17137,2024_017137_02f5af87fa359182,1,72_1170,5,4
17142,2024_017142_d169916e6af790f2,1,72_1170,5,5
17144,2024_017144_8217d4b462d02be5,4,71_1170,0,6
17146,2024_017146_b47494e74bdf48e5,3,72_1171,3,24
17157,2024_017157_d06bd16284c04c75,0,71_1170,0,2
17161,2024_017161_5b88a7018a536ac5,0,72_1170,5,2
17163,2024_017163_c29885c29e7fa868,0,72_1170,5,15
17165,2024_017165_ead96e7b6cb18bcc,1,72_1170,5,4
17172,2024_017172_1b2953e081ee0957,6,71_1170,0,13
17174,2024_017174_4867db1df6552936,3,71_1170,0,2
17179,2024_017179_5b7097da03c8c06d,3,71_1170,0,20
17180,2024_017180_7c0dc08380f4eb08,3,71_1170,0,17
17181,2024_017181_83cea336945b994c,0,71_1170,0,3
17188,2024_017188_733592efbbc1d229,3,71_1170,0,20
17196,2024_017196_829c14814c6c0370,0,71_1170,0,4
17197,2024_017197_eca7581ab746e239,6,71_1170,0,17
17204,2024_017204_96478eaf986fa752,2,72_1170,5,31
17206,2024_017206_8ffa0a7325b471b1,1,72_1171,3,6
17207,2024_017207_f4300951b25ad512,4,72_1170,5,43
17208,2024_017208_6624ebacefd7d87a,0,72_1170,5,6
17212,2024_017212_4a0a12424bed3b5a,2,72_1170,5,8
17213,2024_017213_afc4193a7a2f9c75,1,72_1170,5,7
17215,2024_017215_63c989f9c207505c,3,72_1170,5,14
17222,2024_017222_a081c8969fab7586,0,72_1170,5,69
17228,2024_017228_7e187ecf1787a9d9,2,72_1170,5,2
17240,2024_017240_1e184dfa385c851e,4,72_1170,5,57
17243,2024_017243_79499a73fe5cf4f2,3,72_1170,5,27
17244,2024_017244_23411cf3aa5ac131,3,72_1171,3,2
17248,2024_017248_acda032a4f4deace,4,72_1170,5,30
17249,2024_017249_f6ed55e694bb3892,1,72_1170,5,34
17250,2024_017250_7d2be287c6dbf176,3,72_1170,5,48
17251,2024_017251_4942689b944786fd,3,72_1171,3,10
17253,2024_017253_7063726e788a38c5,2,72_1171,3,9
17257,2024_017257_3a3bf2335c0d33ce,0,72_1171,3,9
17259,2024_017259_82b5120441dfac29,2,72_1171,3,10
17260,2024_017260_0b7fe381138ed91c,3,72_1171,3,29
17266,2024_017266_01c728f094914721,3,72_1171,3,9
17270,2024_017270_7b8dbf2a11c01f09,3,72_1171,3,3
17272,2024_017272_ac3892e6ad67f2c7,3,72_1171,3,8
17275,2024_017275_c563fe4d8e8cdcb4,4,72_1171,3,8
17276,2024_017276_087bc6093a5a3dd8,4,72_1171,3,18
17278,2024_017278_66e89c8241762ca5,6,72_1171,3,11
17280,2024_017280_fae944146def931a,3,72_1171,3,7
17286,2024_017286_a059c71140d0524c,6,72_1170,5,39
17287,2024_017287_4dd27cee46cd163b,2,72_1170,5,32
17289,2024_017289_93d91690dd7b9328,3,72_1170,5,26
17291,2024_017291_53b9c6eab22aadae,6,72_1170,5,58
17301,2024_017301_67d7997a28df4a21,4,72_1170,5,49
17305,2024_017305_e24092f46039f733,6,72_1171,3,16
17308,2024_017308_8de046a122b8875e,3,72_1171,3,9
17319,2024_017319_37b166cc7869e614,3,72_1171,3,54
17330,2024_017330_d8451dfb0be9bc57,6,72_1171,3,33
17340,2024_017340_4f3f0c517d32e310,3,72_1171,3,6
17348,2024_017348_f87388854a5ddfb4,6,72_1170,5,45
17355,2024_017355_9c6cf12c0adcdcc1,3,72_1171,3,30
17359,2024_017359_73cbe1a06eb8dbc4,2,71_1171,4,43
17363,2024_017363_91602cd054774e5e,6,71_1171,4,11
17364,2024_017364_79be02dd7f5fd0c1,0,71_1171,4,6
17371,2024_017371_7982d93a6a1c2155,4,71_1171,4,19
17373,2024_017373_3bbde98bb591a6d6,6,71_1171,4,4
17374,2024_017374_f0666969269f4f69,3,71_1171,4,6
17376,2024_017376_b5bd38be215f71cc,6,71_1171,4,8
17379,2024_017379_d019bf9a60c95c9c,1,71_1171,4,7
17389,2024_017389_4c222fc84f22605f,6,71_1171,4,32
17399,2024_017399_7d4a2ce6fffa5e8b,4,71_1171,4,2
17401,2024_017401_1d041698f1aaa31e,6,71_1171,4,19
17402,2024_017402_91a76a22eb1f0c38,3,71_1171,4,17
17407,2024_017407_67eb6288e003d23b,3,71_1171,4,4
17408,2024_017408_93eaa726fa4d0948,2,71_1171,4,20
17418,2024_017418_0be094e07f06c949,5,71_1171,4,5
17419,2024_017419_58660065443c0457,3,71_1171,4,3
17430,2024_017430_bb4a623ea3b8f867,5,71_1171,4,2
17432,2024_017432_eb028affa8768b31,3,71_1171,4,18
17434,2024_017434_eb876c185ec612c4,3,71_1171,4,4
17435,2024_017435_c387ed7d93e4eb00,3,71_1171,4,46
17436,2024_017436_1ac1b9b6df43ded4,4,71_1171,4,28
17437,2024_017437_7f9a60f38a7d2af7,3,71_1171,4,9
17438,2024_017438_4a5f48671cd01858,3,72_1171,3,15
17439,2024_017439_65e17bb66f74f6bb,3,71_1171,4,53
17440,2024_017440_63e7bbfe54e68159,1,71_1171,4,8
17444,2024_017444_58b7a137c442fde7,0,71_1171,4,2
17448,2024_017448_f028ea9b2f47fee9,3,72_1171,3,16
17449,2024_017449_7f3f2a2cdd75e956,3,71_1171,4,38
17452,2024_017452_3d8c63aa06f94f3c,6,72_1171,3,9
17455,2024_017455_ea1c96b5104d49fb,3,71_1171,4,8
17459,2024_017459_e868c6cfca88e129,3,71_1171,4,18
17470,2024_017470_8491de5486134b36,6,71_1171,4,8
17475,2024_017475_203e9af718e5dd41,4,72_1171,3,42
17487,2024_017487_acdc3fd6254448f4,6,72_1171,3,17
17499,2024_017499_7bac8ee194d57962,3,72_1171,3,12
17515,2024_017515_3c9c40acef065da0,4,72_1171,3,30
17517,2024_017517_1073f7d5a9e6da00,3,72_1171,3,5
17530,2024_017530_4d41d896bbcab1fc,4,72_1171,3,28
17540,2024_017540_53b05422cce8bae1,4,72_1171,3,4
17541,2024_017541_10aa884ff9ded557,3,72_1171,3,4
17543,2024_017543_14a1abf12ccd2ff6,6,72_1171,3,16
17547,2024_017547_c6b09540909b230c,3,72_1171,3,21
17549,2024_017549_7b985569daf1c1e2,3,72_1171,3,16
17558,2024_017558_fe219b3e4eafde15,1,72_1171,3,7
17559,2024_017559_95aec66bef55d6c4,4,72_1171,3,16
17562,2024_017562_7a859fcdc03baf53,2,72_1171,3,19
17576,2024_017576_7115cf42879a69a6,4,72_1171,3,2
17589,2024_017589_ba72009608676e58,3,72_1171,3,4
17594,2024_017594_01d1cbdc52845b0a,0,72_1171,3,2
17596,2024_017596_5673885098490148,6,72_1171,3,18
17604,2024_017604_13a545b41222be55,1,72_1171,3,6
17610,2024_017610_de444b471d3f0fc3,2,72_1171,3,3
17612,2024_017612_0faebe278a678bcf,4,72_1171,3,88
17623,2024_017623_0244932d0dd99236,2,72_1171,3,13
17632,2024_017632_9b53c76d6ccb5252,3,72_1171,3,17
17643,2024_017643_55aeaa4fbc82f28b,3,72_1171,3,26
17649,2024_017649_8629d440a89b0896,1,72_1171,3,9
17650,2024_017650_0860e8ae0358f2a5,4,72_1171,3,36
17653,2024_017653_f8b64916ce1a074a,6,72_1171,3,14
17663,2024_017663_da8a27f127206351,3,72_1171,3,17
17679,2024_017679_61fbdc33a5568e44,4,72_1171,3,49
17690,2024_017690_0aeb34e6ccbc2a1b,3,71_1171,4,21
17710,2024_017710_8ca21019f19f0041,3,71_1171,4,5
17712,2024_017712_90fa374b1e79b214,6,71_1171,4,52
17714,2024_017714_11c320779dfd7e67,3,71_1171,4,19
17715,2024_017715_55b9478a9a393525,4,71_1171,4,72
17717,2024_017717_9507602e8c683156,3,72_1171,3,51
17724,2024_017724_2a5817466d2a65ca,3,72_1171,3,4
17740,2024_017740_b5b17a4687c79455,3,72_1171,3,90
17744,2024_017744_0627e8633cb2c60a,6,72_1171,3,92
17745,2024_017745_b548cf6375cbef3d,4,72_1171,3,91
17754,2024_017754_2eb1a3dc97c0c4a5,3,71_1171,4,22
17760,2024_017760_c1d96cfd785df380,6,71_1171,4,18
17762,2024_017762_c53b5154c5efe912,3,71_1171,4,19
17764,2024_017764_47b5692f446ec421,3,71_1171,4,3
17769,2024_017769_4f1a69f194f0dc65,3,72_1171,3,70
17782,2024_017782_01c4de133c7c23fa,4,71_1171,4,6
17785,2024_017785_a0c4118c3b1b223a,6,71_1171,4,5
17788,2024_017788_da4afc1c91da9e03,6,71_1171,4,6
17791,2024_017791_595fd3d3b9897dc5,3,71_1171,4,39
17794,2024_017794_585e47b14aba8345,3,71_1171,4,6
17804,2024_017804_01a0805273dcf909,0,71_1171,4,2
17805,2024_017805_8d831d63c4915fc0,2,71_1171,4,2
17806,2024_017806_a65582d1aaba4549,5,71_1171,4,12
17808,2024_017808_36e1561263078005,4,71_1171,4,68
17810,2024_017810_4a429fc7ac46b274,4,71_1171,4,22
17813,2024_017813_0b81cd61e1f33d75,4,71_1171,4,10
17814,2024_017814_f27c37933d1c7d68,3,71_1171,4,9
17815,2024_017815_35318b5402d4f16e,6,72_1171,3,34
17830,2024_017830_cda91c9d887c9b0a,6,72_1171,3,107
17843,2024_017843_e14cfbdc35f4767e,3,72_1171,3,40
17844,2024_017844_ac7ffe12abe66082,4,72_1171,3,8
17845,2024_017845_ed5e556644aa4431,2,72_1171,3,39
17859,2024_017859_b46fb4fb1295ca63,3,72_1171,3,92
17860,2024_017860_acdd926e89df5689,2,72_1171,3,83
17888,2024_017888_e45a9d07481635a5,3,72_1171,3,4
17893,2024_017893_e5f4b28c22648d00,0,72_1171,3,2
17894,2024_017894_7d7c9eb0a3ff1f47,3,72_1171,3,37
17900,2024_017900_fa5cf01cf41263ec,3,72_1171,3,21
17904,2024_017904_fcccfc05c78a8cef,6,72_1171,3,14
17905,2024_017905_fa75b3f81d1ecedd,3,72_1171,3,17
17908,2024_017908_5dfbbc620299bda4,2,72_1171,3,17
17930,2024_017930_40db62985dfb2ae0,0,72_1171,3,2
17933,2024_017933_665cea3574572c54,4,72_1171,3,13
17934,2024_017934_f128ad39131f83ed,3,72_1171,3,19
17941,2024_017941_ce634c13126c283e,3,71_1171,4,30
17943,2024_017943_944bad7a2b6d1e5d,2,71_1171,4,2
17949,2024_017949_1d2bea5ab2440b83,2,71_1171,4,2
17951,2024_017951_e0889b7e06ce30cc,4,71_1171,4,19
17962,2024_017962_db862dee6c2aa493,4,71_1171,4,12
17968,2024_017968_3f6ef89bf9f9f1e2,3,71_1171,4,4
17974,2024_017974_d98e35558972b99d,5,71_1171,4,3
17978,2024_017978_1266824c98ed9f47,2,71_1171,4,14
17995,2024_017995_ae323dafb763811f,3,71_1171,4,4
17997,2024_017997_7293dedcad5dc6bc,0,71_1171,4,15
18002,2024_018002_8c7dba6eb5892835,0,71_1171,4,10
18009,2024_018009_69e1156d803302bb,3,71_1171,4,43
18013,2024_018013_3ea4ba2425d3c4d8,3,71_1171,4,23
18026,2024_018026_f30734aac8b9d413,3,72_1171,3,53
18030,2024_018030_4e0af60b0cc204ea,3,72_1171,3,16
18035,2024_018035_f0e4763edaa0e96c,3,72_1171,3,13
18036,2024_018036_c4b0bc909cb9b78b,3,72_1171,3,11
18040,2024_018040_59b7031ba1f16bc4,3,72_1171,3,5
18051,2024_018051_a4e5f1e3514242e6,3,72_1171,3,5
18053,2024_018053_35af183da5d3eaa8,3,72_1171,3,23
18054,2024_018054_34c9a0da75aa729c,6,72_1171,3,22
18060,2024_018060_7543fd5a65abb477,6,72_1171,3,7
18063,2024_018063_00102e1a51a756f7,2,69_1171,3,45
18065,2024_018065_467f9abc4a773a3f,3,69_1171,3,8
18066,2024_018066_96e8be7e4493e981,4,69_1171,3,9
18067,2024_018067_a42dc3b53c153ca6,3,69_1171,3,22
18068,2024_018068_121601c3b2f53465,2,69_1171,3,6
18069,2024_018069_a350f9aaf6cacbfe,6,69_1171,3,11
18070,2024_018070_8319b03e3d840809,1,69_1171,3,10
18071,2024_018071_9df7dae774401ecb,0,69_1171,3,2
18072,2024_018072_7ef81b644b57701a,2,69_1171,3,7
18073,2024_018073_65e1d0db684e3dbc,1,69_1171,3,2
18075,2024_018075_96a60cbefeb6cf70,3,69_1171,3,4
18114,2024_018114_969600327fc31efc,3,69_1171,3,41
18122,2024_018122_8d0b7a9f8671fe56,3,69_1171,3,20
18126,2024_018126_dd4ca7f2346a94a1,6,69_1171,3,5
18134,2024_018134_61bd15f1cec4ee9f,3,69_1171,3,8
18152,2024_018152_1381386078307063,0,68_1171,3,12
18158,2024_018158_bcbaef787784d2f6,1,68_1171,3,29
18160,2024_018160_b42cef717f411a3c,0,68_1171,3,11
18161,2024_018161_356fa617b0840250,6,68_1171,3,18
18166,2024_018166_06fcea108738cc3f,0,68_1171,3,7
18169,2024_018169_a804bac97725e8d8,3,68_1171,3,4
18191,2024_018191_711a9fa6fc250d1e,0,68_1171,3,10
18197,2024_018197_5783d2883bd452be,3,68_1171,3,20
18212,2024_018212_20e41893f0b36bb0,0,68_1171,3,5
18222,2024_018222_02bd07d36c7e96c6,0,68_1171,3,2
18229,2024_018229_cdd639896d3022ae,3,68_1171,3,9
18233,2024_018233_9a7f32a009d61d26,0,68_1171,3,4
18238,2024_018238_c9acead43647bfec,0,68_1171,3,12
18247,2024_018247_619b152b78e85c91,2,68_1171,3,4
18267,2024_018267_ae25432673494872,2,68_1171,3,3
18268,2024_018268_71923b159c98a74b,1,68_1171,3,12
18280,2024_018280_ac3282427b7b9be5,0,69_1171,3,6
18284,2024_018284_01d2467cf111521d,1,68_1171,3,7
18294,2024_018294_9b3149556517ca37,4,68_1171,3,40
18304,2024_018304_45b77a0dff57c38c,4,68_1171,3,44
18312,2024_018312_681ce1d6bbefd716,2,68_1171,3,20
18322,2024_018322_70d4eb380e62d367,4,68_1171,3,26
18324,2024_018324_28c1923bdf469c36,3,68_1171,3,2
18330,2024_018330_44a0a8e8eda341a8,3,68_1171,3,33
18339,2024_018339_3fbf00a9a0c1a88f,6,68_1171,3,6
18356,2024_018356_7e77a318e47c9b7d,5,68_1171,3,64
18366,2024_018366_4fab40f93a60ddf9,3,68_1171,3,22
18369,2024_018369_501bc1e6c1454ba3,2,68_1171,3,2
18386,2024_018386_94bfd27c5dd2224d,0,69_1171,3,28
18390,2024_018390_4a45576917cb9c6d,0,68_1171,3,8
18391,2024_018391_a1b5784abc181c3a,0,69_1171,3,11
18393,2024_018393_43856eca74f274cd,0,69_1171,3,5
18396,2024_018396_36591a1899a75c24,0,69_1171,3,7
18400,2024_018400_160d7ffea89f207b,0,69_1171,3,17
18402,2024_018402_e37c734c375d89eb,1,69_1171,3,12
18404,2024_018404_eb29855e4de530f3,0,69_1171,3,13
18405,2024_018405_5ccc4b76fdad4dbd,2,69_1171,3,2
18410,2024_018410_530794b01ff149f0,3,68_1172,4,29
18434,2024_018434_f8b15d3cb58e6941,4,68_1171,3,25
18435,2024_018435_a46facb990fa8468,4,68_1171,3,21
18436,2024_018436_94f4c122e977cc32,4,68_1171,3,29
18438,2024_018438_cd7096ec9f00bb1e,2,68_1171,3,44
18439,2024_018439_68c269e43ac9ee14,2,68_1171,3,13
18443,2024_018443_235238ccb00039fa,2,69_1171,3,8
18449,2024_018449_1f992f6d779ee25b,4,69_1171,3,5
18454,2024_018454_70b7a5e6b3709f4e,3,69_1171,3,21
18455,2024_018455_71608625ec0edc8d,4,69_1171,3,29
18464,2024_018464_ee6ae6a2b80f19ca,1,69_1171,3,13
18479,2024_018479_21bcf29bd755fdbe,5,69_1171,3,21
18484,2024_018484_4fbed1df1038daad,3,69_1171,3,8
18485,2024_018485_ed2aa987f244631f,1,69_1171,3,2
18487,2024_018487_8629aae0fe6e4899,4,69_1171,3,10
18488,2024_018488_552888f5bea427d2,2,69_1171,3,8
18492,2024_018492_def75add0fd32e4f,0,69_1172,5,3
18494,2024_018494_eb9937138a61ca8a,6,69_1172,5,6
18499,2024_018499_85e09d9a02c13713,2,69_1172,5,11
18500,2024_018500_a3f2bb265e83a96c,3,69_1172,5,11
18502,2024_018502_89387f9d49573639,2,69_1172,5,5
18509,2024_018509_100f073aa4c4f56c,3,69_1172,5,12
18518,2024_018518_3f1e743511fc99fd,0,69_1172,5,6
18522,2024_018522_819d038c9af4add4,6,69_1171,3,34
18531,2024_018531_21cdacf3db904870,3,68_1171,3,39
18533,2024_018533_b65646dc3a18b553,1,69_1171,3,25
18535,2024_018535_cf262a41895421fb,1,69_1171,3,16
18536,2024_018536_8a00e9c83d5bba9b,1,69_1171,3,7
18557,2024_018557_0c86b231122179aa,4,69_1172,5,29
18567,2024_018567_af78a176d0dc3159,1,69_1171,3,11
18570,2024_018570_d8333c30e4d94ad4,3,69_1172,5,40
18572,2024_018572_f8db83da73c073f1,3,69_1172,5,39
18574,2024_018574_c4016163923f9411,6,69_1172,5,37
18602,2024_018602_3fe0c0c459ecddb3,0,69_1172,5,5
18606,2024_018606_9831e51c201bf252,0,69_1172,5,20
18611,2024_018611_b164e36dd129feb6,2,69_1172,5,3
18618,2024_018618_8bbf6494a2a17009,0,69_1172,5,2
18620,2024_018620_ba63fdcf81fc27cf,0,69_1172,5,6
18621,2024_018621_6df8df9b9c1167b1,1,69_1172,5,2
18630,2024_018630_17dec39badbbccc9,2,69_1172,5,6
18633,2024_018633_6fd334ecc06e4370,3,68_1172,4,66
18636,2024_018636_2d4e841ed956343f,0,68_1172,4,3
18645,2024_018645_d59e3cd9ed9190a7,0,68_1172,4,5
18657,2024_018657_d022f117d2ec5b61,6,68_1172,4,9
18669,2024_018669_13e112ae07282ccb,2,69_1172,5,12
18676,2024_018676_39a4fa3a7a46cc4b,2,69_1172,5,6
18684,2024_018684_6096b30b1d259885,3,69_1172,5,16
18686,2024_018686_a822546985ab1d81,1,69_1172,5,3
18700,2024_018700_4aa5531c41f76462,4,69_1172,5,2
18725,2024_018725_8c9b352a646db475,3,69_1172,5,32
18751,2024_018751_eb9632cbaa938593,3,69_1172,5,8
18798,2024_018798_feadb89a6659493a,4,69_1173,4,26
18803,2024_018803_960dcf037913f2ad,3,69_1173,4,26
18805,2024_018805_22dd7dbf90d5bd49,3,69_1172,5,20
18815,2024_018815_81fb90430ddf6035,1,69_1172,5,3
18816,2024_018816_845d2f3a019ee742,6,69_1173,4,4
18841,2024_018841_34b1128b938f14df,2,69_1171,3,3
18842,2024_018842_22211bc5d0763217,3,69_1171,3,3
18847,2024_018847_6af2f790ef3b2b51,0,69_1171,3,3
18854,2024_018854_53281c5b11a9feb6,0,68_1171,3,10
18864,2024_018864_de4b6289e5f074ec,0,68_1171,3,5
18865,2024_018865_d935f6573f30b8f7,3,68_1171,3,9
18880,2024_018880_ec6a81b5300cda68,0,69_1171,3,8
18882,2024_018882_8bb985aad8ada5c0,2,68_1171,3,11
18883,2024_018883_db963989e301bebb,1,68_1171,3,4
18885,2024_018885_551fa548db319b6a,6,69_1171,3,6
18891,2024_018891_02414fb42e08b31f,1,68_1171,3,5
18897,2024_018897_85d91b6e18eca96a,1,68_1171,3,8
18900,2024_018900_c0c1a65987dd4a15,2,68_1171,3,4
18901,2024_018901_bd851a91f3ae9ab2,0,69_1171,3,17
18902,2024_018902_72574bf6b8d550ea,1,68_1171,3,8
18903,2024_018903_2900205689484486,0,69_1171,3,14
18904,2024_018904_7d2637cce9ebdfe1,1,68_1171,3,7
18911,2024_018911_2819de9be84dd167,1,68_1171,3,10
18916,2024_018916_a3afef2258857b29,0,68_1171,3,50
18920,2024_018920_d940da22601d1f3a,0,68_1171,3,14
18921,2024_018921_40a36d61b9cc3896,0,68_1171,3,10
18925,2024_018925_ca48ef3ff87ff3e5,0,68_1171,3,11
18931,2024_018931_09ef13744193dd8f,0,68_1171,3,12
18932,2024_018932_a0efb6dd2e1809d6,0,68_1171,3,14
18934,2024_018934_409873965f21b4af,0,68_1171,3,3
18966,2024_018966_37092c80faee624a,0,68_1171,3,12
18973,2024_018973_65506a305f0ff238,0,68_1171,3,5
18989,2024_018989_ed4f80244fc96cd5,5,68_1171,3,39
18991,2024_018991_c4ac74ffa1a8aaab,3,68_1171,3,58
18994,2024_018994_dd9d872e30918695,0,68_1171,3,13
19002,2024_019002_ee025c8af77e5b16,0,68_1171,3,10
19005,2024_019005_769d9332837d8e6b,0,68_1171,3,2
19008,2024_019008_e557400a6dbfd82e,3,67_1171,5,9
19010,2024_019010_f76ab488a800e78a,3,68_1171,3,4
19013,2024_019013_1d66e67a6b05eb4a,1,67_1171,5,12
19021,2024_019021_e3e01112d9c635af,0,68_1171,3,5
19028,2024_019028_bd6371ddab05188f,1,67_1171,5,10
19035,2024_019035_52f92f1204bf54d5,0,67_1171,5,2
19036,2024_019036_62e965ac365077ef,0,67_1171,5,2
19039,2024_019039_a25729dce216cbc4,6,67_1172,2,61
19040,2024_019040_1366d4ec6d760caa,0,67_1171,5,11
19043,2024_019043_5c91475e78bffc88,0,67_1171,5,34
19045,2024_019045_04c5976ee3068ddf,2,67_1172,2,28
19048,2024_019048_6625db3f587b6658,0,67_1172,2,29
19049,2024_019049_00db87aaf80150a4,2,67_1172,2,13
19050,2024_019050_b1862fd75869d867,3,67_1172,2,6
19051,2024_019051_f8bba63aef688f2a,0,67_1172,2,23
19054,2024_019054_be2e2583b4228733,0,67_1172,2,20
19056,2024_019056_40f15796fd621537,3,67_1172,2,2
19057,2024_019057_461de19d1218e802,0,67_1172,2,13
19058,2024_019058_604df43461806951,1,67_1171,5,10
19060,2024_019060_f66dd8a58af56f20,2,67_1172,2,6
19088,2024_019088_b01b1d720153d6fe,0,68_1171,3,6
19091,2024_019091_68f1c24941f7cfcd,1,68_1172,4,11
19092,2024_019092_42830f85b621d7e9,3,68_1171,3,10
19098,2024_019098_a12f04da98987e3a,2,68_1172,4,11
19103,2024_019103_176170ece7130a7c,2,68_1172,4,2
19105,2024_019105_9c7d5a3e754b1ea3,2,68_1172,4,6
19110,2024_019110_b91deefc4c43968e,0,68_1171,3,3
19111,2024_019111_e920d14ebb8c0ecd,1,68_1171,3,6
19112,2024_019112_f81fa0f31aab5925,2,68_1172,4,15
19118,2024_019118_56f5a556ac73f0fa,0,68_1172,4,2
19119,2024_019119_0c67d89e29873049,1,68_1172,4,5
19123,2024_019123_cb549dae2439b279,1,68_1172,4,3
19125,2024_019125_4888ddd9e5bff244,1,68_1171,3,3
19128,2024_019128_d4ebf763a0c010fc,0,68_1171,3,21
19130,2024_019130_2e0e439adeae644e,1,68_1171,3,4
19131,2024_019131_36c471ac04af6cce,1,68_1171,3,18
19136,2024_019136_8437a92a5a22a44d,3,67_1172,2,5
19141,2024_019141_f00b1b351bc4b053,0,67_1172,2,13
19147,2024_019147_f4a1de72e1489dbf,0,67_1171,5,4
19151,2024_019151_307f3fbcc10ce593,0,67_1172,2,3
19152,2024_019152_7d4040f2ebb5e2f5,0,67_1172,2,4
19156,2024_019156_ea79cf57faf1a028,0,67_1172,2,2
19159,2024_019159_5f0df13f9ed1e583,2,67_1172,2,32
19175,2024_019175_f849b24a4cc7e772,2,67_1172,2,24
19177,2024_019177_19fb71ae04c32654,2,67_1171,5,41
19188,2024_019188_7710b5341a6094fa,0,67_1171,5,12
19189,2024_019189_4b437def2a252748,2,67_1172,2,24
19192,2024_019192_5b93492725d9a466,2,67_1172,2,15
19197,2024_019197_73233047d941ad4d,1,67_1172,2,6
19199,2024_019199_4d853ebaa2a1cdc9,0,67_1172,2,6
19207,2024_019207_d4a85e1e32029578,0,67_1172,2,3
19211,2024_019211_c59a9748e97ec278,3,67_1172,2,33
19224,2024_019224_4b2c60580122284e,1,68_1172,4,6
19226,2024_019226_004b1f4b17fd1d15,1,68_1172,4,7
19233,2024_019233_54299e9416bae5aa,3,68_1171,3,3
19235,2024_019235_d7ee97cc55b1da45,3,67_1171,5,10
19237,2024_019237_8541b4c5ec5284b6,4,67_1171,5,61
19238,2024_019238_8322b16c9e840cb3,4,67_1171,5,9
19244,2024_019244_4427342ee071fecd,0,68_1171,3,15
19254,2024_019254_a437ff479240c131,0,68_1172,4,11
19263,2024_019263_a38d3f087c73f872,0,68_1171,3,15
19276,2024_019276_def71edc5cdaa042,1,68_1172,4,25
19279,2024_019279_b242420c30e2652e,1,68_1172,4,12
19293,2024_019293_506dab4b4898a6a8,3,68_1172,4,23
19301,2024_019301_e6153913cd2d30a4,1,68_1172,4,16
19303,2024_019303_7c77d32ce43e35c0,1,68_1172,4,22
19308,2024_019308_380d398124e1306e,3,68_1172,4,12
19326,2024_019326_5f607fda3233ac19,2,68_1172,4,17
19330,2024_019330_36a790ee75f5b74d,0,68_1172,4,4
19331,2024_019331_39a6e101a20873c8,0,68_1172,4,8
19346,2024_019346_745f3ced93a8ff71,0,67_1172,2,2
19355,2024_019355_bcd66966a344622a,0,67_1172,2,3
19369,2024_019369_0e7395fccd82bd2a,0,67_1172,2,4
19370,2024_019370_b8f67c52da01b58c,2,67_1172,2,4
19374,2024_019374_d5deb6506b35d246,0,67_1172,2,9
19378,2024_019378_3b9bb51fe59635f6,1,68_1172,4,8
19380,2024_019380_a338d716ea3ac718,0,67_1172,2,5
19385,2024_019385_2676f9526dbe4167,1,68_1172,4,9
19391,2024_019391_1ec24b453a4aa011,2,68_1172,4,24
19396,2024_019396_0b44322a7bb7455b,4,68_1172,4,7
19406,2024_019406_242aa9081acf4ebf,3,68_1172,4,9
19459,2024_019459_f07e93b2cbc007bc,1,67_1172,2,14
19462,2024_019462_26311ac0044a8835,0,67_1172,2,7
19485,2024_019485_6ff1a6e60d68d71a,0,67_1172,2,2
19490,2024_019490_2d1867482bb2c13b,0,67_1172,2,2
19500,2024_019500_ecf7a3dba7b3b7d1,1,68_1172,4,15
19504,2024_019504_d87c1a5d2ff7a2be,1,68_1172,4,3
19508,2024_019508_2dc6ae450addc0b6,0,68_1172,4,3
19510,2024_019510_9f4ba0636c9d8a49,2,68_1172,4,10
19521,2024_019521_361e5ed5b599ab8a,2,68_1172,4,12
19537,2024_019537_d96fd2fbb5faa7c0,0,67_1172,2,6
19538,2024_019538_f127f5e6943fc5af,4,67_1173,3,10
19541,2024_019541_a6e4a3e9c13f669e,0,67_1172,2,9
19550,2024_019550_fdead5bb02d81059,6,67_1172,2,29
19551,2024_019551_b7466e40e49c96f4,1,67_1172,2,31
19559,2024_019559_d288df0885cd7f99,1,67_1172,2,9
19566,2024_019566_1c02cefe7d44d3d5,1,67_1172,2,9
19568,2024_019568_11b01f4a13c8343d,3,67_1172,2,6
19569,2024_019569_69c2dad46a551c08,2,67_1172,2,38
19576,2024_019576_4fadf3834c961924,3,67_1172,2,36
19577,2024_019577_df79391f91546f30,6,67_1172,2,11
19585,2024_019585_23c876d7f2d4ab9e,0,67_1172,2,11
19586,2024_019586_7ff6209b6ddaa6a6,0,67_1172,2,5
19588,2024_019588_5c61c52ac7201a2d,0,67_1172,2,8
19597,2024_019597_85f52d7292833bb3,0,67_1173,3,18
19600,2024_019600_027a8392fb710856,1,67_1173,3,18
19604,2024_019604_6147fa60ff57c719,4,67_1172,2,18
19611,2024_019611_9d898993c0c2f48c,3,67_1172,2,32
19613,2024_019613_6729f7fe0fc835b4,2,67_1173,3,5
19615,2024_019615_746199cb9186ee10,6,71_1171,4,40
19618,2024_019618_7575bf9459ed98b4,0,71_1171,4,2
19619,2024_019619_2be87335b7831d8d,0,71_1171,4,14
19621,2024_019621_e6d57e12da1cff78,0,71_1171,4,33
19622,2024_019622_27c91a10d2954afe,3,71_1171,4,41
19632,2024_019632_061155ba43a6726a,0,71_1171,4,40
19636,2024_019636_8284001b5c741b6d,0,71_1171,4,34
19640,2024_019640_fb47c28e3ef9bc24,6,71_1171,4,9
19643,2024_019643_4c9d5bbd4a065fcc,6,71_1171,4,8
19645,2024_019645_cd66dcc17d4fc009,0,71_1171,4,42
19646,2024_019646_06284708f5bbfca8,6,71_1171,4,4
19649,2024_019649_54681ac945abb3f0,3,69_1171,3,19
19650,2024_019650_0b476401fc1b2bd2,3,69_1171,3,8
19735,2024_019735_f035c33b9b994746,0,70_1171,5,4
19736,2024_019736_c1f6d1d2e42a348b,1,70_1171,5,39
19737,2024_019737_c38ef507d724642a,4,70_1171,5,11
19738,2024_019738_fdc9cf23f849910f,1,70_1171,5,29
19739,2024_019739_96c586de104ca6fd,2,70_1171,5,20
19741,2024_019741_df3d56e6fe370c47,4,70_1171,5,3
19749,2024_019749_632ea8e4d93f1166,1,70_1171,5,3
19750,2024_019750_83788b8e0eeed80e,6,70_1171,5,4
19752,2024_019752_47f597df10313122,1,70_1171,5,7
19755,2024_019755_0feeb69a36ec6877,1,70_1171,5,67
19767,2024_019767_6ff2d26502574e04,6,69_1171,3,12
19774,2024_019774_b8daa098b0cee65e,6,70_1171,5,9
19775,2024_019775_87dec4057acbbf98,4,70_1171,5,11
19776,2024_019776_5a11e9256abf58a0,6,69_1171,3,21
19779,2024_019779_57ff1155e0eb481f,3,70_1171,5,7
19781,2024_019781_c43de95b58de6ac4,4,70_1171,5,7
19796,2024_019796_b7daf74f0a9f740c,4,69_1171,3,2
19801,2024_019801_c006159fb3eeeb24,2,70_1171,5,2
19807,2024_019807_9154f683bb5b69e6,3,70_1171,5,2
19809,2024_019809_950cc8de0148d8be,1,70_1171,5,31
19811,2024_019811_2658f29c0952a30f,6,70_1171,5,8
19812,2024_019812_4657a1d6024f56b0,1,70_1171,5,21
19816,2024_019816_a45e106e9b83f308,6,70_1171,5,7
19818,2024_019818_c001fbc3e1ee96a6,3,70_1171,5,27
19819,2024_019819_1917bd1f712b4b1d,3,70_1171,5,3
19820,2024_019820_3121ed1339363d1f,3,70_1171,5,4
19822,2024_019822_092eaeeae1b37e82,3,70_1171,5,33
19823,2024_019823_ab254995883522ad,3,70_1171,5,39
19824,2024_019824_ddf6ed9e8398f533,6,70_1171,5,29
19828,2024_019828_cb35f1bd0a8766dc,3,70_1171,5,4
19829,2024_019829_4ca3ec9764e1da3d,3,70_1171,5,6
19840,2024_019840_64587902d772fa11,3,70_1171,5,18
19841,2024_019841_4b973460348a9c8c,3,70_1171,5,2
19845,2024_019845_c6a4a3c368e8b9e3,6,70_1171,5,11
19848,2024_019848_6035829800a90064,2,69_1171,3,36
19850,2024_019850_90b5440c7be319a4,0,69_1171,3,3
19852,2024_019852_6a30150bac5c2e3f,1,69_1171,3,5
19853,2024_019853_8fb4557160a939d2,6,69_1171,3,3
19854,2024_019854_7d7a0347d0f77b8b,2,69_1171,3,5
19855,2024_019855_71cca5686e321126,2,69_1171,3,4
19858,2024_019858_90d08128be39ef1a,4,69_1171,3,3
19864,2024_019864_82be641d4b647d24,3,69_1171,3,8
19867,2024_019867_aaae45af3ded9c9b,4,69_1171,3,4
19868,2024_019868_4fec5614d69df967,3,69_1171,3,4
19883,2024_019883_c68e37ce4145b356,1,69_1171,3,5
19884,2024_019884_e4290b295d8c87ff,6,69_1171,3,18
19885,2024_019885_7851e4a4a95aae83,0,71_1171,4,13
19886,2024_019886_018d585d75ac7b73,3,71_1172,0,21
19888,2024_019888_9619b9af44ba9feb,3,71_1171,4,43
19889,2024_019889_eeba8282b5a651d2,6,71_1172,0,44
19890,2024_019890_5a7125f36118306b,6,71_1172,0,36
19891,2024_019891_f4ac990937da12fe,6,71_1172,0,23
19892,2024_019892_826fcf9955542de3,0,71_1171,4,5
19894,2024_019894_8bd793bc8015bedf,4,71_1172,0,19
19895,2024_019895_f3f71ebfc062472f,1,71_1172,0,17
19903,2024_019903_cd73f3bf2d021f1e,3,71_1172,0,3
19908,2024_019908_83c21bc6279c4c1e,0,71_1172,0,2
19938,2024_019938_49f0518544ebe927,4,69_1172,5,12
19963,2024_019963_0b1a0da206626ec1,4,69_1171,3,27
19969,2024_019969_ac725e04c62734fe,3,70_1171,5,17
19970,2024_019970_ca8b9badd609e516,4,70_1171,5,60
19974,2024_019974_e57fbc2e197d3f5b,3,70_1172,0,6
19984,2024_019984_5c8d89aeb6ef4e9e,1,70_1172,0,33
19988,2024_019988_8ebf4c922ab342bd,0,70_1172,0,24
19996,2024_019996_56c5e92fe09eb360,6,70_1172,0,8
19999,2024_019999_0e1395de3512a5a2,3,70_1171,5,18
20008,2024_020008_8b74dbee8e050141,1,70_1172,0,10
20014,2024_020014_aac9390a60fb5939,6,69_1172,5,7
20017,2024_020017_4cf009acd72c46c4,3,69_1172,5,13
20025,2024_020025_6f1cebd26f956848,0,69_1172,5,6
20032,2024_020032_f730985642fa6473,4,69_1172,5,5
20033,2024_020033_d5fbe8cf7969686b,3,69_1172,5,29
20040,2024_020040_2e544fd33b66d494,0,69_1172,5,6
20041,2024_020041_c13053851692dd72,3,69_1172,5,20
20042,2024_020042_6de40ec633c5c348,3,69_1172,5,93
20045,2024_020045_dd096e64e9bac1c9,0,70_1172,0,68
20047,2024_020047_1d3eee1eec7efa9d,0,70_1172,0,21
20048,2024_020048_b9722cd1d47eb7aa,0,70_1172,0,20
20050,2024_020050_896495a902c12f77,3,70_1172,0,18
20051,2024_020051_a6852b6e6d1b4ad0,4,70_1172,0,26
20052,2024_020052_54da981426a3100f,2,70_1172,0,2
20053,2024_020053_9f051bed6abeaadd,4,70_1172,0,4
20056,2024_020056_722dc959dc1bc072,0,70_1172,0,5
20059,2024_020059_5328a08abdc91b3f,0,70_1172,0,3
20069,2024_020069_60e6ef0e188dd072,2,70_1172,0,36
20073,2024_020073_dff170f0230bd863,4,70_1172,0,19
20083,2024_020083_a1a88c37ad698033,2,70_1172,0,2
20084,2024_020084_c93bf28ef1fe676a,0,70_1172,0,2
20089,2024_020089_3d34a370a072f6af,0,70_1172,0,12
20107,2024_020107_891b472ed5d44e51,3,70_1172,0,3
20117,2024_020117_76dfb957ccc6f8ac,0,70_1172,0,3
20122,2024_020122_c3f084247e7d1f01,4,70_1172,0,5
20126,2024_020126_027e8f4e2f09f228,4,70_1172,0,10
20130,2024_020130_ea001d18945e2f55,3,70_1172,0,29
20132,2024_020132_4bae5d10135753a0,3,70_1172,0,46
20133,2024_020133_badc6f34eccf8516,2,69_1172,5,4
20134,2024_020134_5e152aef80d69585,4,69_1172,5,16
20136,2024_020136_aaf15b0715a9bf0f,0,69_1172,5,14
20148,2024_020148_e53052b3605bd43f,6,69_1172,5,2
20150,2024_020150_7164e873014f7820,3,69_1172,5,9
20175,2024_020175_8939aba3a6550341,2,71_1172,0,55
20178,2024_020178_e3944eeda5c5eb1b,2,71_1172,0,14
20180,2024_020180_70d9e2ca047a472c,1,71_1172,0,3
20182,2024_020182_edd613efa9925519,3,71_1172,0,5
20189,2024_020189_5ad0a54ab9439cd6,4,71_1172,0,16
20194,2024_020194_81bf6e8c338a5531,4,71_1172,0,8
20195,2024_020195_0311c98afa14ea52,3,71_1172,0,8
20197,2024_020197_ae7e469ea73954a9,6,71_1172,0,8
20199,2024_020199_55b74b7dc6aa15ea,4,71_1172,0,2
20216,2024_020216_d1fe8c9d09781f7b,3,70_1172,0,14
20220,2024_020220_88454b7ce5975b75,6,70_1172,0,23
20222,2024_020222_96206c9efd64d421,0,70_1172,0,8
20225,2024_020225_1dafe17e6d77afda,3,70_1172,0,2
20226,2024_020226_fd4a4719533ab97f,3,70_1172,0,2
20231,2024_020231_6fceb4c6efaf55f8,3,70_1172,0,38
20236,2024_020236_c5f6a154dff7b21d,3,70_1172,0,11
20240,2024_020240_7f57910b3855a9b6,4,70_1172,0,10
20246,2024_020246_b66262e294828acf,0,70_1172,0,4
20261,2024_020261_1bd7cea2e2227cf3,6,69_1172,5,9
20267,2024_020267_eaf321d962e90b37,0,69_1172,5,3
20276,2024_020276_91b1c5ab218e1f42,3,69_1172,5,5
20279,2024_020279_14e0ec3e0b73cf9d,0,69_1172,5,5
20287,2024_020287_9486e4a76d108e85,3,70_1172,0,7
20295,2024_020295_d6f3084d8071fbea,0,70_1172,0,7
20304,2024_020304_c91709dfcd88bb5a,2,70_1172,0,6
20312,2024_020312_51af468da5c60a77,2,71_1172,0,4
20325,2024_020325_241d9a71c21da649,0,71_1172,0,2
20340,2024_020340_be455d3c7b5fa48f,3,71_1172,0,3
20341,2024_020341_03f13af7d51199a1,3,71_1172,0,4
20354,2024_020354_1a4f7e84f45b7f04,3,71_1172,0,35
20364,2024_020364_3337e2ea9f996c11,3,71_1172,0,5
20368,2024_020368_56d3e91351b29a62,0,71_1172,0,6
20369,2024_020369_3b494e7ee9dd3e91,0,71_1172,0,3
20371,2024_020371_78b5b7af2d0cf802,0,71_1172,0,26
20376,2024_020376_457259b9452d8f9d,3,71_1172,0,2
20378,2024_020378_df061a53f2a2b14c,3,71_1172,0,6
20413,2024_020413_f2ea2a509da1ae1f,4,70_1173,1,14
20416,2024_020416_e40dc1522b35db21,0,70_1172,0,3
20422,2024_020422_0c1cbe1494931a1b,0,70_1172,0,5
20423,2024_020423_16fc39a47974cbd0,0,70_1172,0,7
20425,2024_020425_7253165bd3141b85,0,70_1172,0,24
20427,2024_020427_ec2363fdd45e0133,0,69_1172,5,3
20438,2024_020438_537890cb723cc55e,1,69_1172,5,3
20441,2024_020441_e0f6a1c6e3a2c293,6,69_1172,5,15
20442,2024_020442_a33ba4205164370f,5,69_1172,5,19
20443,2024_020443_59de55ffb1ec4a1e,4,69_1172,5,5
20450,2024_020450_b3f424312692e26c,0,69_1173,4,15
20460,2024_020460_11d2ffcf50bc1bfa,1,69_1173,4,8
20471,2024_020471_acdcd6d84fd0a09e,3,69_1172,5,7
20472,2024_020472_fa8fc2f26862a327,4,69_1172,5,12
20477,2024_020477_fd1c618ee20935d6,4,69_1172,5,10
20487,2024_020487_2dc3b7c54ef2a2b9,2,70_1172,0,24
20496,2024_020496_5452a9dfb77bf09a,4,70_1172,0,6
20504,2024_020504_ba420ab89e8bae20,0,70_1172,0,71
20507,2024_020507_78770f9adf778f7a,3,70_1172,0,16
20509,2024_020509_bff1552840b12e62,6,70_1172,0,5
20552,2024_020552_d9d392641b865e86,6,70_1172,0,18
20569,2024_020569_fb21f18b241185f6,6,71_1172,0,32
20597,2024_020597_31794cb7fbaaa54d,3,70_1172,0,64
20606,2024_020606_b35d0a7e369ba8f7,2,71_1172,0,32
20607,2024_020607_3d5f8c3121a1593a,1,71_1172,0,11
20608,2024_020608_7ae141e8dc139fd5,6,71_1172,0,13
20614,2024_020614_bcfc4fd4395079bb,3,71_1172,0,38
20617,2024_020617_98bf4616a4746310,2,71_1172,0,7
20619,2024_020619_732dff1db1fb9920,0,71_1172,0,32
20621,2024_020621_9c5b610e295b21bb,0,71_1172,0,4
20629,2024_020629_961227a4aa159bc4,0,71_1172,0,3
20632,2024_020632_25f562eaec25cb87,0,71_1172,0,18
20646,2024_020646_2a0fec533826dc2f,3,70_1172,0,33
20662,2024_020662_a403247f17972e84,0,70_1172,0,8
20675,2024_020675_85c775a3e5b85f21,3,70_1172,0,11
20677,2024_020677_cf6006dcafb83560,6,70_1173,1,3
20684,2024_020684_cf9f17164c415d01,0,71_1172,0,4
20714,2024_020714_ec4d79e2a82f4f3c,4,71_1171,4,43
20721,2024_020721_597bd5864f7e444a,0,71_1171,4,2
20722,2024_020722_9b3dba37505196ae,0,71_1171,4,48
20725,2024_020725_3d9b4d4c76ec1152,0,71_1171,4,20
20727,2024_020727_fa7af50ff102c640,3,71_1171,4,37
20729,2024_020729_f05e13e48e7c23bc,0,71_1171,4,3
20730,2024_020730_ccec2a73ea2fe54e,0,71_1171,4,24
20760,2024_020760_1bbdfa6a3bf9bc52,6,73_1171,4,27
20775,2024_020775_4addd98dc1378dbc,4,73_1171,4,6
20786,2024_020786_d9d62c9f85e761b6,4,73_1171,4,8
20789,2024_020789_cc9e685576c1e971,1,73_1171,4,13
20791,2024_020791_be9bcb60f3490082,3,73_1171,4,10
20792,2024_020792_dfbdfb05528a1cbb,4,73_1171,4,12
20798,2024_020798_eaedb06fe98b4022,6,73_1171,4,8
20807,2024_020807_df7062619c80bce2,4,73_1171,4,7
20812,2024_020812_8c9c3be84a36c3b4,3,73_1171,4,24
20837,2024_020837_c89d5e675466bc51,3,73_1171,4,25
20838,2024_020838_b12f6d9e13e499a0,1,73_1171,4,28
20839,2024_020839_11822ef6c9ccf9c5,3,73_1171,4,9
20841,2024_020841_02a32b1ab4d3aed0,1,73_1171,4,25
20850,2024_020850_b9ee221edab3cb1b,2,73_1171,4,12
20852,2024_020852_0d68de633dba9065,3,73_1171,4,3
20863,2024_020863_0670e87099937f1f,3,73_1171,4,13
20864,2024_020864_a3526cb044e9e49e,1,73_1171,4,15
20865,2024_020865_1222965bbeec1635,2,73_1171,4,2
20872,2024_020872_faa731334431c9cc,0,73_1171,4,6
20875,2024_020875_7d19de64fe2075fc,1,73_1171,4,28
20878,2024_020878_b92300cae9975b82,0,73_1171,4,6
20879,2024_020879_089e8d65086f4127,3,73_1171,4,20
20884,2024_020884_48faab9ed34a0cd2,6,73_1171,4,14
20888,2024_020888_e6c7cc00809edc53,2,73_1171,4,4
20903,2024_020903_37a0e69eb9db069d,4,73_1171,4,13
20905,2024_020905_1992a56fde410828,6,73_1171,4,24
20906,2024_020906_6bc5f2e03930886a,4,73_1171,4,9
20907,2024_020907_e8abbac7c1958983,3,73_1171,4,18
20909,2024_020909_5e74f34bc870489d,3,73_1171,4,2
20918,2024_020918_03bd788e70a6019c,4,73_1171,4,8
20928,2024_020928_f34bb71fee64b7a0,3,73_1171,4,2
20929,2024_020929_df398982edd72f4d,4,73_1171,4,9
20933,2024_020933_417629242a756fb8,4,73_1171,4,4
20947,2024_020947_f8db4c9e01cfe137,0,73_1171,4,23
20955,2024_020955_186177d3c9fdb314,2,73_1171,4,19
20958,2024_020958_671134b1bd47e3e5,0,73_1171,4,18
20973,2024_020973_d2dc157f0ecbc944,0,73_1171,4,5
20977,2024_020977_23bb7ca3b83291a4,0,73_1171,4,10
20983,2024_020983_23fe6be0e5c17746,3,73_1171,4,11
20990,2024_020990_687d6153a8df8111,3,72_1171,3,23
21000,2024_021000_90fa0ffcdc4d96e1,1,72_1171,3,17
21001,2024_021001_bcb78ef3578a2f25,1,72_1171,3,6
21004,2024_021004_0b6b49118f846deb,3,72_1171,3,8
21010,2024_021010_bce19d76cf63b7a1,4,73_1172,0,17
21013,2024_021013_7fedefc90f0b2330,4,73_1171,4,11
21017,2024_021017_986ab87f6bd30fe2,4,72_1172,2,9
21018,2024_021018_31330841e1682256,6,72_1172,2,34
21024,2024_021024_848b394080a54a75,4,73_1171,4,121
21028,2024_021028_518da81c4cd124cb,3,73_1172,0,53
21033,2024_021033_8705b83c31b0cde8,4,72_1172,2,5
21037,2024_021037_799800518470a240,3,73_1171,4,63
21045,2024_021045_5ffba047a3733d6d,0,73_1171,4,5
21047,2024_021047_ad453e1098fa7c74,3,73_1171,4,18
21056,2024_021056_c7856ef38617e450,2,73_1172,0,2
21060,2024_021060_2b98f68a825dc60d,2,73_1172,0,43
21080,2024_021080_94af9082571f8bca,5,73_1171,4,44
21084,2024_021084_3357fa6d2c908baf,2,73_1171,4,5
21090,2024_021090_b7cfec8c0e43efb8,1,73_1171,4,17
21104,2024_021104_8d498f63fa053302,4,73_1172,0,20
21105,2024_021105_187bafa85dfdf407,4,73_1171,4,37
21111,2024_021111_3207b66b4013d5b5,2,73_1171,4,7
21112,2024_021112_1020dbbf51262c44,2,73_1171,4,31
21113,2024_021113_ee0141eccbdbae4c,4,73_1171,4,8
21119,2024_021119_65feb5188c201923,4,73_1172,0,37
21120,2024_021120_8e5877a887a6f226,3,73_1172,0,49
21124,2024_021124_6c5ca1015c4cb2da,2,72_1172,2,11
21125,2024_021125_b8a60c71f7fe8642,4,72_1172,2,8
21131,2024_021131_99c99f921b2a41de,4,73_1172,0,11
21133,2024_021133_e42df760c50e869d,3,73_1172,0,3
21138,2024_021138_e57568e5c0f1dd72,6,73_1172,0,2
21142,2024_021142_022948f9c3eaa691,4,73_1172,0,7
21145,2024_021145_7ce38c849a3e2068,6,72_1172,2,35
21146,2024_021146_e7856e44a2634492,3,73_1172,0,90
21147,2024_021147_867886654507888f,3,72_1172,2,4
21149,2024_021149_6a0f007ee39aecac,3,73_1172,0,90
21150,2024_021150_d0341cccaf827011,4,73_1172,0,5
21154,2024_021154_0d1245ab06166485,6,73_1172,0,25
21159,2024_021159_1e84b7b8c65a4190,4,72_1172,2,40
21168,2024_021168_d18723a601f9c460,3,73_1172,0,3
21172,2024_021172_b87d6a5a05817d89,3,73_1172,0,23
21195,2024_021195_ddf56be853605f02,6,73_1172,0,18
21212,2024_021212_790fa6ad988c409d,3,73_1172,0,28
21220,2024_021220_2b6901e6d6587a11,3,73_1172,0,81
21228,2024_021228_c0aa9b8f5d33b02e,2,72_1172,2,3
21230,2024_021230_2d62c85f39b3db48,4,72_1172,2,3
21231,2024_021231_f84d6b0b20f2a6e5,6,72_1172,2,3
21233,2024_021233_3afe3e1682e71129,4,72_1172,2,2
21237,2024_021237_05b072000f6ad99f,6,73_1172,0,3
21239,2024_021239_59ec263d2c29f965,3,73_1172,0,51
21253,2024_021253_af7535c4c16d8438,4,73_1172,0,49
21255,2024_021255_bb1d9a7e16e55fff,3,73_1172,0,61
21258,2024_021258_eae8fc9591d3f53e,6,73_1172,0,3
21261,2024_021261_796242cc38e0f02b,4,73_1172,0,43
21264,2024_021264_fbf513af40c04f03,5,73_1172,0,37
21280,2024_021280_cc40bf5470638bcb,4,73_1172,0,11
21288,2024_021288_b369e7773512b8a7,3,72_1172,2,14
21297,2024_021297_e06cb64ca438ede8,4,73_1172,0,16
21302,2024_021302_2ffa1ada6c7b1f4b,3,73_1172,0,16
21303,2024_021303_189447d472acf720,1,73_1172,0,18
21305,2024_021305_4f2b837f5498ab7f,0,72_1172,2,2
21306,2024_021306_d02b3ce000a1e740,0,73_1172,0,12
21313,2024_021313_e264f4bc50c05d11,0,72_1172,2,15
21315,2024_021315_f010fc3285a23388,6,73_1172,0,5
21317,2024_021317_2e01d1f6ea3ba3c6,6,73_1172,0,19
21333,2024_021333_a864598d422ac993,6,73_1172,0,27
21351,2024_021351_4b0a0c3563446f62,6,73_1172,0,28
21359,2024_021359_ecb07b8eaee4219e,4,73_1172,0,3
21360,2024_021360_54212879562f957a,2,73_1172,0,12
21368,2024_021368_273081b0d200df3b,6,73_1172,0,3
21394,2024_021394_8e839eb530b1a367,6,73_1172,0,4
21398,2024_021398_02170a5a537eb85f,3,73_1172,0,7
21401,2024_021401_d6635ec84ff26159,3,73_1172,0,8
21404,2024_021404_77926002a3c64b57,4,73_1172,0,2
21408,2024_021408_3c0409dcf94acefe,3,73_1172,0,5
21420,2024_021420_bca62255e8b3e941,6,73_1172,0,20
21422,2024_021422_5bd177883cfd652e,3,73_1172,0,10
21426,2024_021426_9b7ddb01474de086,6,73_1172,0,5
21438,2024_021438_60b567fe3c854cad,3,73_1172,0,24
21448,2024_021448_70b9c3db9f1d87fa,6,73_1172,0,2
21454,2024_021454_5e3d6253205e8809,3,73_1172,0,16
21458,2024_021458_b534066b96460be0,3,73_1172,0,42
21461,2024_021461_6a61e573254b22ce,6,73_1172,0,19
21477,2024_021477_3b62ddde6b748fe0,3,73_1172,0,4
21486,2024_021486_8e13a9c2dc593c61,3,73_1172,0,13
21492,2024_021492_f40ebdff8576b711,2,73_1172,0,3
21495,2024_021495_55662a59d8235c35,6,73_1172,0,13
21504,2024_021504_66bc58e64800c039,0,73_1172,0,2
21510,2024_021510_974dc044b6713951,3,73_1172,0,73
21521,2024_021521_770f970df21c0c15,3,73_1172,0,6
21523,2024_021523_eea1d7f5b0367ad7,4,73_1172,0,6
21524,2024_021524_26ae974a17ea6550,3,73_1172,0,9
21527,2024_021527_7a442ee05d32a066,3,73_1172,0,25
21542,2024_021542_6ec3848785eb4023,4,73_1172,0,13
21570,2024_021570_a19e9d57dd807df4,6,73_1172,0,50
21579,2024_021579_30bf9871e2cef61e,3,68_1170,2,6
21587,2024_021587_eb9784b6a4087bda,3,68_1170,2,36
21596,2024_021596_fe0423fe554a215b,3,68_1170,2,4
21600,2024_021600_253a74e0fc99f33f,3,68_1170,2,4
21622,2024_021622_2e1e1bf555051ff2,3,68_1170,2,11
21629,2024_021629_ade1695534d09b4c,3,68_1170,2,53
21631,2024_021631_1d5df3763c5a0b83,2,68_1170,2,17
21635,2024_021635_b8ae4d24e2b37e2e,0,68_1170,2,5
21647,2024_021647_3b2fb383df0c9fc0,1,68_1170,2,12
21650,2024_021650_bfd6d7bf6be19500,0,68_1170,2,21
21667,2024_021667_e53ddfe41664ae84,6,68_1170,2,4
21668,2024_021668_d8ba729c32b46134,4,68_1170,2,10
21671,2024_021671_bf14e15896cc59bb,3,68_1170,2,9
21677,2024_021677_271f32869eacd7a8,4,68_1170,2,14
21678,2024_021678_eb3b860269890130,4,68_1169,0,16
21679,2024_021679_8e4572494ff9d4c0,4,68_1170,2,18
21683,2024_021683_7201a8298514eb74,1,68_1170,2,9
21685,2024_021685_894713670c7bc12f,1,68_1170,2,2
21689,2024_021689_543446f68e0b71ae,3,68_1169,0,11
21691,2024_021691_459c8b40b23ddf20,3,68_1169,0,8
21694,2024_021694_00d79ef48958dbbb,3,68_1170,2,5
21700,2024_021700_17f4dcb197334e7b,2,68_1170,2,4
21722,2024_021722_f69524f25bc15b93,0,67_1169,0,37
21727,2024_021727_4e693bde1d4e65fb,3,68_1170,2,17
21729,2024_021729_0ba636a832e2e9af,3,68_1170,2,23
21734,2024_021734_5910e2b4042bfdeb,1,68_1170,2,13
21738,2024_021738_a1ec7f8ae2d70f8b,1,68_1170,2,2
21743,2024_021743_747ec9762b5f1f04,3,68_1170,2,17
21748,2024_021748_155d77af88740869,4,68_1170,2,5
21749,2024_021749_9758d2e8822b048e,4,68_1170,2,8
21751,2024_021751_7c3f858afedc25f9,3,68_1170,2,3
21752,2024_021752_a303ebd3a99697d8,3,68_1170,2,8
21764,2024_021764_cbc776697d56ba37,6,68_1170,2,5
21768,2024_021768_b3c25626c628f671,4,68_1170,2,14
21793,2024_021793_23fd080a470a34d8,5,68_1170,2,13
21796,2024_021796_4c2c3510b20bf9fa,2,68_1170,2,65
21803,2024_021803_5ae8afd4c1693880,4,68_1170,2,16
21807,2024_021807_d1add5853825720b,4,68_1170,2,10
21808,2024_021808_12b702ef2b1d314f,5,68_1170,2,19
21810,2024_021810_042bbbe9942ab0a8,6,68_1170,2,7
21821,2024_021821_ea37c1080b89cfe2,6,68_1170,2,3
21835,2024_021835_5ea73d9cfcdaf9bc,6,68_1170,2,13
21838,2024_021838_3949edcc601b4430,4,68_1170,2,13
21846,2024_021846_9f75bb9b3932154e,6,68_1170,2,13
21857,2024_021857_cc0927c2c109637a,4,68_1170,2,19
21861,2024_021861_c41af367c4b0d5b3,1,68_1170,2,3
21864,2024_021864_daf0327d7dff4b66,6,68_1170,2,3
21888,2024_021888_c37f5875f0b726f3,4,68_1170,2,9
21889,2024_021889_f0cc379ff570950b,2,68_1170,2,34
21894,2024_021894_44a11ead36f273c6,2,68_1170,2,35
21901,2024_021901_1810973ca34037bb,4,68_1170,2,25
21904,2024_021904_cafe43a4b4ee041d,3,68_1170,2,39
21905,2024_021905_a4b4fa16630885be,3,68_1170,2,8
21906,2024_021906_9f09ca15640d7635,0,68_1170,2,68
21907,2024_021907_7113d5b15b968dae,0,68_1170,2,39
21909,2024_021909_f84fbeb79617ecb5,0,68_1170,2,14
21910,2024_021910_ab88dac4a45bf942,4,68_1170,2,20
21911,2024_021911_b851f8f00853b2b1,0,68_1170,2,3
21912,2024_021912_ff093540d723f3e1,0,68_1170,2,50
21913,2024_021913_e4b83986d3f37a9f,6,68_1170,2,40
21920,2024_021920_eaaa39471a2fcfbd,5,68_1170,2,11
21922,2024_021922_42ad3b67a23c9419,0,68_1170,2,27
21923,2024_021923_e98a7b1a2118210b,6,68_1170,2,2
21924,2024_021924_38640fc59374450f,3,68_1170,2,14
21931,2024_021931_11bb2f1b7b0914cb,6,68_1170,2,4
21946,2024_021946_e28aa8345ac11add,0,68_1170,2,13
21950,2024_021950_664727480fa6abcd,6,68_1170,2,4
21951,2024_021951_7cc4509ead9d2cf3,0,68_1170,2,4
21952,2024_021952_1bb831a445e392d5,3,68_1170,2,3
21954,2024_021954_0d666a75e98e7ae8,3,68_1170,2,5
21957,2024_021957_5062780cab056da2,4,68_1170,2,5
21966,2024_021966_fd8492b8cf0964ae,6,68_1170,2,12
21975,2024_021975_d2bdd4e4bfe74989,3,68_1170,2,26
21976,2024_021976_645428b66fb23e6e,3,68_1170,2,4
21977,2024_021977_4ed6687665606dce,1,68_1170,2,16
21979,2024_021979_37d0bbcd3902a241,4,68_1170,2,7
22018,2024_022018_8205a54790396fae,4,68_1170,2,31
22024,2024_022024_38b3dcd546b99b6d,2,68_1170,2,94
22025,2024_022025_854ddd612ecbefbd,5,68_1170,2,14
22031,2024_022031_10ba52e4d1bfc4d0,3,68_1170,2,24
22046,2024_022046_f4d9a63854796c05,4,68_1170,2,2
22049,2024_022049_4ef77ecd0826dc8a,4,68_1170,2,28
22051,2024_022051_52b9a7d2e5efd745,6,68_1170,2,15
22052,2024_022052_a08c14cfc64be8c7,3,68_1170,2,13
22058,2024_022058_1f7d7212214919d7,6,68_1170,2,13
22062,2024_022062_6a921183ef82f485,6,68_1170,2,31
22063,2024_022063_789e592dc15e78ca,4,68_1170,2,22
22066,2024_022066_5357c80f207a37b0,6,68_1170,2,4
22076,2024_022076_c9be9ee12d43be31,6,68_1170,2,15
22080,2024_022080_136bc6b907043668,3,68_1170,2,8
22083,2024_022083_2a6c19ac7e21d68b,3,68_1170,2,33
22085,2024_022085_8922158b4b8172b4,6,68_1170,2,2
22089,2024_022089_7e9e7db7b317053e,3,68_1170,2,55
22099,2024_022099_433b84713b2a650f,1,68_1170,2,28
22101,2024_022101_93d3fb07c4f0d1b3,6,68_1170,2,46
22102,2024_022102_293ed255d0800f45,2,68_1170,2,44
22107,2024_022107_5a8a5288052ff7f2,0,68_1170,2,31
22108,2024_022108_98ae9db2a6924d93,3,68_1170,2,22
22117,2024_022117_db3acbaba4f168e6,2,68_1170,2,4
22142,2024_022142_fdd55343159ddc68,1,68_1170,2,44
22159,2024_022159_5a9dcc80d11e0f58,6,68_1170,2,11
22160,2024_022160_10c27f260e4fd47f,2,68_1170,2,20
22164,2024_022164_f925fac642253d09,0,68_1169,0,193
22171,2024_022171_124401a6df519c36,5,68_1170,2,8
22173,2024_022173_0c97972220f90d85,3,68_1170,2,62
22178,2024_022178_06c664b358034f9f,5,68_1170,2,7
22179,2024_022179_1d2332c38b4f75f5,2,68_1170,2,52
22186,2024_022186_4c91443bdd64a305,0,68_1169,0,88
22188,2024_022188_7f77177156aadd1d,3,68_1170,2,64
22193,2024_022193_150d17984d1a0264,1,68_1170,2,88
22204,2024_022204_00467fb4b095fc5c,3,68_1170,2,71
22210,2024_022210_d57d74c0d0939fe2,4,68_1170,2,23
22215,2024_022215_f19f4ce5a82c2f66,1,68_1170,2,6
22216,2024_022216_47ff487189d352f5,2,68_1170,2,3
22217,2024_022217_e7d399728f0af0f9,0,68_1170,2,9
22218,2024_022218_279c1fb1901343bb,0,68_1170,2,2
22223,2024_022223_49d704e26536cac2,0,68_1169,0,211
22227,2024_022227_c0e06511ed4f47fa,0,68_1169,0,111
22230,2024_022230_227281d38e4c1f3b,0,68_1169,0,196
22232,2024_022232_56c0fdcdce81337d,0,68_1169,0,9
22250,2024_022250_f417ed4ebbd25ca3,0,68_1169,0,24
22257,2024_022257_f8151ed11b15f03f,0,68_1169,0,3
22259,2024_022259_5cf8e123b2daf7ad,0,68_1169,0,8
22263,2024_022263_7c5f469480cb98c4,6,68_1170,2,14
22269,2024_022269_a31114ed309d51a3,6,68_1170,2,8
22274,2024_022274_1ad3ab1474ec4ce3,3,68_1170,2,28
22294,2024_022294_3cd111db2a3da9af,2,68_1170,2,3
22296,2024_022296_37a85996e71a3c5e,5,68_1170,2,2
22303,2024_022303_918c5a095d9a2a9f,3,68_1170,2,32
22315,2024_022315_9073f3bc8a2978bb,3,71_1171,4,19
22316,2024_022316_ca77b4e41e7fd89a,1,71_1171,4,17
22321,2024_022321_03a5f10f5154522b,0,71_1171,4,8
22336,2024_022336_4d2122c776b0f651,3,71_1171,4,16
22340,2024_022340_48639d4bc91321e9,0,71_1171,4,30
22346,2024_022346_d05cf4429ca714c9,6,72_1171,3,19
22349,2024_022349_3d548927ee77f58e,6,72_1171,3,4
22355,2024_022355_386dc79f79b64fea,2,72_1171,3,11
22366,2024_022366_fa11ae5e437c7cff,6,72_1171,3,16
22368,2024_022368_a3e943847ba9f982,6,72_1171,3,19
22372,2024_022372_6612b5c47696de84,0,72_1171,3,2
22385,2024_022385_b382fab5e3850bce,4,72_1171,3,16
22393,2024_022393_52a16b5327bc961d,3,72_1171,3,47
22408,2024_022408_90a7945d94046460,3,72_1171,3,17
22427,2024_022427_afa26000fdd3c106,6,72_1171,3,14
22432,2024_022432_5e95b611c543e497,0,72_1171,3,71
22433,2024_022433_b13fe010eafa56d6,1,72_1171,3,14
22435,2024_022435_a057e92ece48faef,6,72_1171,3,39
22440,2024_022440_547a86d71115c33b,0,71_1171,4,7
22441,2024_022441_d3c347a1c32bc3bf,0,71_1171,4,8
22444,2024_022444_1c1eca2d28490dbe,2,71_1171,4,15
22449,2024_022449_874742ec1264aa0d,1,71_1171,4,22
22451,2024_022451_3a723d94c5ba4791,0,71_1171,4,6
22452,2024_022452_b708cf44644d0c80,1,71_1171,4,10
22458,2024_022458_344fca11b0aa1677,2,72_1171,3,13
22466,2024_022466_8b17384ee48d1b05,2,72_1171,3,47
22470,2024_022470_e811949ff8a5d40f,6,71_1171,4,4
22476,2024_022476_675f0f4f4bc90f48,2,71_1171,4,5
22478,2024_022478_67040f37ce9171ac,3,72_1171,3,5
22481,2024_022481_fd9f24dc71e1d41a,3,72_1171,3,49
22482,2024_022482_87d0d80730ae4cc4,2,72_1171,3,70
22484,2024_022484_3b38dd69a84dde32,1,72_1171,3,10
22494,2024_022494_2a7b77dbde4214fa,2,72_1171,3,11
22498,2024_022498_817bd6adcbaa34b1,0,72_1171,3,2
22521,2024_022521_7c7bcdc663b064d4,3,72_1171,3,5
22555,2024_022555_354862b5f6d5ba46,1,71_1171,4,47
22561,2024_022561_fa26b74c2e952ec7,0,71_1171,4,2
22562,2024_022562_e930073ae56fcd60,0,71_1171,4,13
22567,2024_022567_99d585d90e6fe636,0,71_1171,4,20
22569,2024_022569_1b322327c488ada6,3,71_1171,4,22
22574,2024_022574_5b307a8d954a164c,3,71_1171,4,9
22586,2024_022586_6ccaf32dbb35109b,1,71_1171,4,13
22591,2024_022591_b99b010010ee6d67,0,71_1171,4,12
22595,2024_022595_da2131fe321c9ba7,0,71_1171,4,8
22597,2024_022597_1e0b95827b5c464f,0,71_1171,4,3
22599,2024_022599_e423f432d23dd5d6,1,71_1171,4,37
22600,2024_022600_3eb1309bb95fc2cd,1,71_1171,4,16
22602,2024_022602_ede888575b8ad665,4,71_1171,4,27
22604,2024_022604_b414cf191b672e6b,1,71_1171,4,4
22608,2024_022608_bd8ab37ebd9f6633,3,71_1171,4,41
22612,2024_022612_106362337470d587,2,72_1171,3,5
22618,2024_022618_04ef3727439af026,4,72_1171,3,16
22619,2024_022619_72b399762156dd62,3,72_1171,3,11
22623,2024_022623_dd2cb281ae2fbd45,4,72_1171,3,22
22635,2024_022635_4a3118e61086104c,2,72_1171,3,49
22643,2024_022643_1b5201ce3835a149,4,72_1171,3,14
22646,2024_022646_0f36ab89e7bbebad,3,72_1171,3,38
22656,2024_022656_7649353953015012,4,72_1171,3,16
22659,2024_022659_c61c96573049933b,3,72_1171,3,16
22665,2024_022665_3fa658435762cb3f,3,72_1171,3,53
22692,2024_022692_0faad3fc49277953,6,72_1171,3,74
22699,2024_022699_54204a034ae853c0,0,72_1171,3,26
22700,2024_022700_d739b5806a5b387c,0,72_1171,3,25
22701,2024_022701_b9b306c55437374a,3,72_1171,3,35
22702,2024_022702_5834345d0c3693a5,0,72_1171,3,9
22703,2024_022703_1247ac55ab361b63,0,72_1171,3,26
22706,2024_022706_7d9338a7d52a509d,0,72_1171,3,27
22708,2024_022708_17a4b3c9546ce464,0,72_1171,3,20
22709,2024_022709_f252d2539e4a449b,4,72_1171,3,36
22712,2024_022712_c1516eeedeaa7794,4,72_1171,3,9
22714,2024_022714_c0ff4cb9f702f965,0,72_1171,3,14
22715,2024_022715_fedbe946eb34ff63,3,72_1171,3,18
22716,2024_022716_1519e8bd16b25cdf,0,72_1171,3,9
22717,2024_022717_e450947f27b4f3d5,3,72_1171,3,21
22722,2024_022722_cceb2d5a6ad8e153,3,72_1171,3,25
22723,2024_022723_c3b541c344513de8,3,72_1171,3,10
22724,2024_022724_a70d9038efecc01f,6,72_1171,3,32
22729,2024_022729_bc26abc59d84b199,4,72_1171,3,3
22731,2024_022731_e723570c8a611528,4,72_1171,3,51
22741,2024_022741_ec15dadce5b071d5,3,72_1171,3,9
22744,2024_022744_31900869b5ef92c8,3,72_1171,3,2
22749,2024_022749_3a1ea2a61b04a332,6,72_1171,3,65
22764,2024_022764_1e7444c556bd606c,6,71_1172,0,20
22765,2024_022765_62cbf1b19bdb41fa,3,71_1172,0,87
22766,2024_022766_3bd8ee235a1003a2,5,71_1171,4,70
22767,2024_022767_d1d9997f671ac58a,4,72_1171,3,20
22768,2024_022768_b22645773c040ca3,3,72_1172,2,14
22769,2024_022769_4d520cf1a356ce74,4,72_1171,3,6
22770,2024_022770_69f6f34e2a2f06ce,4,71_1171,4,15
22783,2024_022783_7fb294a18e80f97c,2,72_1172,2,6
22784,2024_022784_46dfbb2e1ab65e69,1,71_1171,4,13
22799,2024_022799_88325bc485a603b5,6,72_1171,3,3
22817,2024_022817_8fbb2a36a0ae76d4,2,71_1171,4,10
22841,2024_022841_2200b821ed971fc5,4,71_1171,4,31
22871,2024_022871_5d0da90421f8b223,6,72_1172,2,4
22879,2024_022879_19f9cb602f059d3b,3,72_1172,2,10
22883,2024_022883_987ffe20b62c272f,6,72_1172,2,4
22885,2024_022885_845beaa84cddd7f4,4,72_1172,2,8
22892,2024_022892_ff2cce69de1c0ec6,6,72_1172,2,4
22895,2024_022895_d296ae4566111449,3,72_1172,2,36
22903,2024_022903_5e5202337838f5a7,3,72_1172,2,12
22909,2024_022909_9e859e67cbee141d,3,72_1172,2,81
22913,2024_022913_ff374e4f7d5d7cfa,4,72_1172,2,28
22914,2024_022914_74ad7752444f9573,3,72_1172,2,41
22921,2024_022921_217736468e7058c2,3,72_1172,2,9
22928,2024_022928_20bc9ab0336727f3,3,72_1172,2,2
22931,2024_022931_ca4fab821d3b5dc6,3,72_1172,2,16
22937,2024_022937_40371f78eb191d8c,6,72_1172,2,7
22939,2024_022939_ecf46dda8a63001a,6,72_1172,2,8
22941,2024_022941_711c593ee2f66b65,3,72_1172,2,18
22942,2024_022942_8b333309406b4fb2,6,72_1172,2,62
22943,2024_022943_2db2b048e1eb47f1,2,72_1172,2,19
22959,2024_022959_a3c2fa5521c9dbd4,4,72_1172,2,4
22962,2024_022962_299c66450027a49e,1,71_1172,0,4
22968,2024_022968_ea8a4251c7d541ab,3,72_1172,2,6
22975,2024_022975_78c0bea8c3a34c19,4,71_1172,0,3
22986,2024_022986_4e6b9a7a52864fca,4,71_1172,0,7
22987,2024_022987_61de4ca9e0a23f52,3,71_1172,0,42
23005,2024_023005_ded52f76946ccf5d,1,71_1172,0,2
23013,2024_023013_b5209dbb256276d6,4,71_1172,0,7
23017,2024_023017_66a79b63c93e3224,3,71_1172,0,8
23020,2024_023020_e84e60563a911423,6,71_1172,0,8
23027,2024_023027_0a810edbc5243f27,6,71_1172,0,12
23028,2024_023028_e6db05dd7042c034,6,71_1172,0,11
23032,2024_023032_c5f735a1d0c026b7,3,71_1172,0,10
23039,2024_023039_0f0f6ae1e12680ff,3,72_1172,2,62
23043,2024_023043_3290192d38c023ed,3,72_1172,2,59
23060,2024_023060_57a05d6b52c8839e,1,71_1172,0,18
23093,2024_023093_3e398eaa1b2b9a1b,3,72_1172,2,19
23099,2024_023099_7ffa02a7b7dc7658,5,72_1172,2,21
23102,2024_023102_087c32d5a909833a,3,72_1172,2,21
23104,2024_023104_18b9739315dc2995,4,72_1172,2,5
23108,2024_023108_f9bfc65bba5d8f67,6,72_1172,2,9
23109,2024_023109_e59f714a3610ef06,3,72_1172,2,47
23118,2024_023118_f36f636ec920f813,3,72_1172,2,9
23128,2024_023128_2eb1302f062a35cc,3,72_1172,2,18
23129,2024_023129_9f3cba8f573423fb,5,72_1172,2,15
23135,2024_023135_7650f7f0d51fcf9a,4,72_1172,2,43
23139,2024_023139_f930782440b62565,4,72_1172,2,11
23140,2024_023140_412948d9dc9f28f0,4,72_1172,2,29
23144,2024_023144_723b20db2ca13ec1,3,72_1172,2,26
23147,2024_023147_76787f564ac8c0c8,3,72_1172,2,36
23148,2024_023148_967fa328511bf8ab,3,72_1172,2,13
23151,2024_023151_80b3a50a52bb78b8,5,72_1172,2,8
23156,2024_023156_aa772fb71c0d4352,6,72_1172,2,8
23162,2024_023162_a5a9ff6623a508ec,1,72_1172,2,17
23166,2024_023166_c9e1fa794516e34c,1,72_1172,2,12
23168,2024_023168_e4735977b6d86895,4,72_1172,2,3
23179,2024_023179_d63a982e532b3fed,3,72_1172,2,19
23180,2024_023180_6df51a804d0770c8,6,72_1172,2,31
23183,2024_023183_d29b14c659a4eacf,6,72_1172,2,18
23188,2024_023188_cf35dd92dd41deef,3,71_1172,0,7
23194,2024_023194_a37b4d9225053d20,3,71_1172,0,6
23205,2024_023205_bc9da1e4be2450a4,3,71_1172,0,10
23221,2024_023221_3d330c9f3fe66992,0,71_1172,0,9
23225,2024_023225_7929efa9c92a999a,3,71_1172,0,23
23226,2024_023226_93658a76ff6cc772,3,71_1172,0,22
23228,2024_023228_7183dcd20cfde122,3,71_1172,0,6
23233,2024_023233_393407ff4c376486,1,71_1172,0,12
23242,2024_023242_9fa28ae033ee2095,3,71_1172,0,6
23247,2024_023247_382d2c3f291cf5a6,0,71_1172,0,16
23257,2024_023257_ec3c78d1c41a1fa0,2,71_1172,0,5
23267,2024_023267_2bb1cf8d4cab9969,6,72_1172,2,11
23272,2024_023272_4112e29965f204fd,2,72_1172,2,11
23302,2024_023302_cd2ba8589a861ca3,2,72_1172,2,14
23306,2024_023306_60482d5414d0eb46,4,72_1172,2,24
23308,2024_023308_f8abb369ca469aca,6,71_1172,0,5
23326,2024_023326_29d915f8876d5613,6,71_1172,0,6
23347,2024_023347_1d264c8dba431031,2,71_1172,0,5
23349,2024_023349_2a8aeb895d9c7e00,2,71_1172,0,3
23358,2024_023358_401c1c94e802f07a,4,71_1172,0,3
23366,2024_023366_a73fbded2309cff1,2,71_1172,0,19
23372,2024_023372_078fe267a1a3dd91,3,71_1172,0,36
23375,2024_023375_b224ed4b1eec2971,3,71_1172,0,20
23394,2024_023394_e84c6c838cbad067,4,72_1172,2,33
23399,2024_023399_baad51f426c1167d,4,72_1172,2,10
23452,2024_023452_80ac18901331b5d2,4,71_1172,0,9
23461,2024_023461_42bfa3c9423ee004,1,71_1172,0,30
23467,2024_023467_970f240295c71a3e,4,71_1172,0,12
23476,2024_023476_517c6f8fe646ab42,2,71_1172,0,33
23488,2024_023488_fe34c9cd7324fafa,6,71_1172,0,24
23491,2024_023491_e6e9bd3e2a15296b,3,71_1172,0,5
23493,2024_023493_7044489f999e7389,6,71_1172,0,10
23494,2024_023494_80719c3d4626df2e,6,71_1172,0,10
23507,2024_023507_2ad016e7ec0741df,6,72_1172,2,3
23518,2024_023518_6cb879424e27621b,5,71_1172,0,5
23525,2024_023525_ee4f60b07c63f1a0,6,72_1172,2,36
23529,2024_023529_7e597afa7cdb5304,3,72_1172,2,47
23546,2024_023546_be46586303ffecd7,1,71_1172,0,11
23553,2024_023553_494f64fda97512a9,3,71_1172,0,2
23556,2024_023556_fdc560cb6304bd14,3,71_1172,0,5
23571,2024_023571_62117e1818995202,3,71_1172,0,11
23573,2024_023573_a2933d6363e1fe1b,0,71_1172,0,3
23584,2024_023584_e339302ebd03b946,3,72_1172,2,12
23587,2024_023587_2ffdb3cd940a8181,4,72_1172,2,2
23594,2024_023594_600be092218fa11d,4,72_1172,2,15
23619,2024_023619_0e51ca1e3d9c8a8d,0,71_1172,0,5
23623,2024_023623_cd257e4679942366,1,71_1172,0,2
23624,2024_023624_232f64cec8d1384a,3,71_1172,0,4
23632,2024_023632_7fd9427bfbe2887f,0,71_1172,0,2
23636,2024_023636_368eb75d8930eead,3,71_1172,0,9
23650,2024_023650_c6e241ed69d4dfdb,4,72_1171,3,10
23651,2024_023651_f8cf1edc815e78af,1,72_1171,3,4
23657,2024_023657_9dfb35f573d30cf9,1,72_1171,3,10
23660,2024_023660_0ed68db37d614440,6,72_1171,3,8
23684,2024_023684_56a72e3bb01bafdf,3,73_1169,2,31
23688,2024_023688_dbfc6c1a9bd6698c,1,73_1169,2,7
23689,2024_023689_5ada176982b33aac,6,73_1169,2,8
23706,2024_023706_6892459c726ccc93,3,73_1169,2,39
23712,2024_023712_370ce8a2ad22a797,4,73_1169,2,96
23729,2024_023729_086023923c864fd0,4,73_1169,2,54
23730,2024_023730_4fdd9be6ad14ad11,3,73_1169,2,15
23743,2024_023743_370a514f757edcd2,3,73_1169,2,8
23751,2024_023751_8fc5c08bf5215b97,3,73_1169,2,14
23754,2024_023754_260f3f71fe6a5900,4,73_1169,2,32
23757,2024_023757_b5b1e7bb246b0530,4,73_1170,3,37
23759,2024_023759_7cb5f8cd28b17e59,3,73_1170,3,51
23760,2024_023760_4c24dbcf552bb0c0,1,73_1170,3,36
23761,2024_023761_2b3bdd4111411fd3,1,73_1170,3,17
23762,2024_023762_21507ea6706a2a31,4,73_1169,2,36
23763,2024_023763_5fbdf722c4f918a1,4,73_1169,2,41
23764,2024_023764_b947d9be08886cb9,4,73_1169,2,34
23771,2024_023771_e34af6e0ec816dcd,0,73_1169,2,9
23806,2024_023806_177b504338c65ec9,4,72_1169,0,32
23807,2024_023807_056758f409bb2dfa,4,72_1169,0,77
23810,2024_023810_5f74f6838127af05,3,73_1170,3,47
23819,2024_023819_6e371d348934ccae,2,72_1170,5,63
23832,2024_023832_bead14f5b73117c2,2,73_1170,3,6
23849,2024_023849_6f13e879503ed556,6,73_1169,2,22
23864,2024_023864_bc9f15d87299da76,3,73_1170,3,10
23868,2024_023868_29f52a21bcf8af65,1,73_1170,3,7
23870,2024_023870_a24dd5dbff238ae7,1,73_1169,2,5
23874,2024_023874_70c75443a7d48d57,0,73_1170,3,2
23875,2024_023875_8e3bc488a75df41a,4,73_1170,3,35
23877,2024_023877_ffcdcb6271de6d36,3,73_1170,3,92
23881,2024_023881_436aee16f5225b32,2,73_1170,3,5
23895,2024_023895_2869014107c2dd9e,4,73_1170,3,77
23907,2024_023907_592bee172a6b845f,6,73_1170,3,67
23931,2024_023931_393da4dc09b63fa8,2,72_1170,5,24
23935,2024_023935_249ecacf1bc27c60,3,72_1170,5,74
23940,2024_023940_563376dd9e7103fb,2,72_1170,5,6
23959,2024_023959_50727dbb315f2673,1,73_1170,3,82
23961,2024_023961_c36d6f48f099354f,1,73_1170,3,32
23967,2024_023967_a88643e0dd1e9bce,1,73_1170,3,18
23972,2024_023972_e8a87fac4f75a6da,1,73_1170,3,34
23978,2024_023978_e792c1739343c630,3,73_1170,3,25
23983,2024_023983_7edf0f014139a753,1,73_1170,3,32
23989,2024_023989_23b7ba0fe63e51b4,6,73_1170,3,15
23992,2024_023992_232fca0dee19e68b,3,73_1170,3,14
23994,2024_023994_dd9ae8261a2b8500,3,73_1170,3,4
23999,2024_023999_91423f47cef96454,0,73_1170,3,2
24007,2024_024007_8e073000badba7e2,3,73_1170,3,3
24009,2024_024009_c5900d1cc7cb2615,3,73_1170,3,10
24011,2024_024011_8ee20ca7375afb6e,1,73_1170,3,7
24013,2024_024013_91aca94ff551152e,2,73_1170,3,13
24014,2024_024014_99878750cd526349,1,73_1170,3,29
24015,2024_024015_5ad1d3ce693344d7,0,72_1170,5,2
24039,2024_024039_ac10f418e8a1c054,6,73_1170,3,9
24040,2024_024040_9b7da3a567090c82,1,72_1170,5,63
24049,2024_024049_7ea9a7a94ac9d273,1,73_1170,3,8
24052,2024_024052_9829fc084a7b714e,2,73_1170,3,10
24055,2024_024055_2517c0413a6e8801,0,73_1170,3,4
24069,2024_024069_8bda2b1bae275a5b,1,73_1170,3,20
24074,2024_024074_16a3e56f4f2b52d2,3,73_1170,3,19
24078,2024_024078_e3f8931d38272d5e,0,73_1170,3,14
24081,2024_024081_ec331381b3ff08b3,3,72_1170,5,6
24086,2024_024086_2c452e872246f286,4,72_1170,5,34
24105,2024_024105_256e6a93bb35530a,4,72_1170,5,60
24119,2024_024119_12fdded022c886ff,3,73_1170,3,74
24131,2024_024131_d54cf91e7277d961,6,73_1170,3,3
24144,2024_024144_5d304a28d27e8370,6,73_1170,3,21
24149,2024_024149_c91119d1097850b9,2,73_1170,3,19
24154,2024_024154_0f98b941a2925f49,3,73_1170,3,25
24160,2024_024160_1ccf5c3e22f58bab,1,73_1170,3,18
24170,2024_024170_6975414b6e12bcb3,4,73_1170,3,3
24180,2024_024180_ee238abd9bebe6e0,1,73_1170,3,4
24181,2024_024181_ee31d8b362ebd990,1,73_1170,3,39
24183,2024_024183_7afb94e38d574fe7,3,73_1170,3,13
24185,2024_024185_67d3f0cf22895e8d,0,73_1170,3,52
24186,2024_024186_69b65d6ef1a92d05,4,73_1170,3,39
24209,2024_024209_7d2ce7938ef81820,1,73_1170,3,57
24220,2024_024220_cd2255d98b32a414,1,73_1170,3,8
24223,2024_024223_f19162c2ef77dfce,1,73_1170,3,4
24230,2024_024230_6307e202d7cf8710,4,73_1170,3,3
24233,2024_024233_a6b95f6c3d895578,4,73_1170,3,31
24257,2024_024257_b3a38bf9ba98b976,6,73_1170,3,2
24290,2024_024290_6eeee301ba323fbc,2,73_1170,3,5
24298,2024_024298_78ceb5f435438d9c,4,72_1170,5,53
24299,2024_024299_f4e680c231d7dfd8,3,72_1170,5,73
24300,2024_024300_8e2220e1943b30f6,1,72_1170,5,4
24301,2024_024301_a62152d85af90e9e,4,72_1170,5,23
24304,2024_024304_7b3990db7b968a0f,4,72_1170,5,17
24310,2024_024310_73b88f5f947b73be,4,72_1170,5,16
24353,2024_024353_1469b1f736d83885,0,73_1170,3,7
24371,2024_024371_b061fbd0668f5c83,4,73_1170,3,13
24375,2024_024375_59ec21085e85a4ce,6,73_1170,3,17
24380,2024_024380_eb42aa30ad348475,4,73_1170,3,8
24384,2024_024384_d5114add0ae91109,4,73_1170,3,20
24393,2024_024393_b255da10fdb523e2,6,73_1170,3,22
24406,2024_024406_ac6379e5ee4083ff,3,73_1170,3,63
24412,2024_024412_8767675f0fef39bf,4,73_1170,3,40
24413,2024_024413_4a738c5831fa29ac,4,73_1170,3,23
24415,2024_024415_5415bb021a7eeaf0,2,73_1170,3,11
24420,2024_024420_cf03d6e495276918,4,73_1170,3,17
24427,2024_024427_96760cab9f247bcf,1,73_1170,3,6
24432,2024_024432_72a6ae8970ff2e4a,3,73_1170,3,10
24443,2024_024443_5e0f7f2ef3fb3dee,4,73_1170,3,23
24452,2024_024452_b47ca37e11c277f8,3,73_1170,3,20
24454,2024_024454_56fcb8e690652591,2,73_1170,3,5
24457,2024_024457_ad41aa3ee161a02d,6,73_1170,3,19
24474,2024_024474_02d612663264db38,5,73_1170,3,8
24485,2024_024485_8c8a38b85813ef98,3,73_1170,3,11
24488,2024_024488_570c27938bd406e6,1,72_1170,5,15
24495,2024_024495_0780c9500f67431f,6,73_1170,3,9
24497,2024_024497_e2cca0aedf2a76eb,6,73_1170,3,12
24502,2024_024502_567f7caffa6540e9,4,73_1170,3,12
24507,2024_024507_36c9b1267090e8ca,4,73_1170,3,2
24509,2024_024509_f9443c2016ba4acd,2,73_1170,3,4
24511,2024_024511_a171bfbbbbc24536,3,73_1170,3,6
24515,2024_024515_f38e5ebf3d261bc3,3,73_1170,3,4
24520,2024_024520_f85de4e99200db23,4,73_1170,3,26
24534,2024_024534_24c4d5c2018184e8,3,72_1170,5,63
24542,2024_024542_c1be718bd460af7e,6,73_1170,3,88
24545,2024_024545_56f12a25afefddb9,3,73_1170,3,75
24547,2024_024547_dfd29110d97e9a97,1,73_1170,3,14
24554,2024_024554_39233949b4a8dd6d,1,73_1170,3,6
24557,2024_024557_97ba8dbc5631169a,1,73_1170,3,14
24564,2024_024564_6a67f0a4e6b9c470,1,73_1170,3,15
24566,2024_024566_00a2b1275f4fabc9,1,73_1170,3,13
24568,2024_024568_af15ab2509790155,3,73_1170,3,57
24572,2024_024572_4982a8fce54b8fbc,1,73_1170,3,8
24576,2024_024576_4e6c64287a7c933a,1,73_1170,3,3
24581,2024_024581_dd41013461b1b3c2,3,71_1170,0,12
24582,2024_024582_126f72586ac5fc56,3,71_1170,0,13
24584,2024_024584_5d25618dc3d2e435,3,71_1170,0,13
24585,2024_024585_cf62704e0e1a0edf,3,71_1170,0,11
24587,2024_024587_e7262b9723170c68,3,71_1170,0,10
24589,2024_024589_eb5d142d1e821b54,1,71_1170,0,16
24590,2024_024590_d339ae602f081f56,4,71_1170,0,11
24595,2024_024595_5409bd86ff0fc692,4,71_1170,0,12
24598,2024_024598_da467ce0d026ecd5,1,71_1170,0,10
24599,2024_024599_aa57d114fc708ada,2,71_1170,0,23
24600,2024_024600_c448128a24c6f9cf,6,71_1170,0,58
24607,2024_024607_c679cf6b5158ae00,1,71_1170,0,15
24610,2024_024610_af65345f7908b304,6,71_1170,0,19
24612,2024_024612_88111fd0e66a6971,6,71_1170,0,12
24613,2024_024613_c8859ca8ad24f87e,3,71_1170,0,26
24617,2024_024617_17803634169adcc4,3,71_1170,0,31
24618,2024_024618_db4ccceedcdcc669,2,71_1170,0,13
24619,2024_024619_e4e7b28391ab16d0,1,71_1170,0,12
24625,2024_024625_a57c9dd9e92272e1,1,71_1170,0,15
24627,2024_024627_ffebf825af28df53,1,71_1170,0,12
24628,2024_024628_6c53b3d79208a3d4,3,71_1170,0,13
24630,2024_024630_e410105fc36db6f2,0,70_1170,3,7
24638,2024_024638_0c6cdaad969d5973,0,70_1170,3,14
24651,2024_024651_baa5230f753acc5b,0,70_1170,3,8
24666,2024_024666_fa40f0e5fb7984be,0,70_1170,3,4
24668,2024_024668_0c5ebef1c2cb95db,3,71_1170,0,41
24671,2024_024671_faa6bfe9068d98d3,1,71_1170,0,4
24678,2024_024678_e8f0cfe86057daf7,4,71_1170,0,6
24696,2024_024696_616cfee27231d5fc,3,71_1170,0,35
24697,2024_024697_051d6c01e0fb7d4f,0,71_1170,0,2
24702,2024_024702_322f46f5f14a8638,0,70_1170,3,11
24704,2024_024704_658642d68324ae0d,4,70_1170,3,44
24705,2024_024705_f9ab37dc5be5c7d9,0,70_1170,3,5
24706,2024_024706_de256649476c82bf,0,70_1170,3,6
24707,2024_024707_adb1e81ae70fe827,6,70_1170,3,34
24708,2024_024708_e1c4f0982c4d0f05,0,70_1170,3,4
24714,2024_024714_ba14b0cbbefbc3eb,0,70_1170,3,2
24716,2024_024716_f87afcce87b538f4,0,70_1170,3,7
24737,2024_024737_e4467f02d7289d34,1,71_1170,0,16
24749,2024_024749_29325a962d83323c,6,71_1170,0,6
24767,2024_024767_f2ee3217ad1be864,4,71_1170,0,20
24769,2024_024769_48b374803e236bdc,6,71_1170,0,17
24770,2024_024770_7425d5a23d65683c,6,71_1170,0,13
24771,2024_024771_4fa433ed678da690,1,71_1170,0,14
24781,2024_024781_24822a99fedae059,1,71_1170,0,37
24797,2024_024797_1720503eec4f711f,6,71_1170,0,6
24801,2024_024801_09d31b61b9804b6d,4,70_1170,3,77
24802,2024_024802_1e69def75daa300f,3,70_1170,3,34
24803,2024_024803_ef9feedcba24148d,1,70_1170,3,46
24805,2024_024805_1f4e283c11329ff3,3,70_1170,3,47
24806,2024_024806_45e2ee1dbaf86daa,3,70_1170,3,44
24807,2024_024807_2be0f5ff6bd4a5c8,1,70_1170,3,34
24809,2024_024809_eac511f1e66d83fd,0,70_1170,3,16
24810,2024_024810_572ee83ad97e5990,3,70_1170,3,23
24811,2024_024811_589c6a6766605555,1,70_1170,3,23
24816,2024_024816_b93834dcaec6c389,6,70_1170,3,14
24818,2024_024818_637883c7f5309e74,3,70_1170,3,2
24821,2024_024821_4036d66371ecaac7,0,70_1170,3,7
24859,2024_024859_23379aa0a0021419,0,71_1170,0,19
24860,2024_024860_42c2b4a0d11cc80e,3,71_1170,0,16
24861,2024_024861_59a0144e17f47595,4,71_1170,0,4
24866,2024_024866_e7bdc154071294ee,6,71_1170,0,8
24867,2024_024867_262c648ca2db12dd,3,71_1170,0,3
24874,2024_024874_2d720e7a99b546ba,6,71_1170,0,21
24881,2024_024881_c07ab0cc4aa5d6b6,4,71_1170,0,5
24888,2024_024888_ee0612fd374ceb16,6,71_1170,0,61
24891,2024_024891_7a7c852ca66bee31,6,71_1170,0,12
24895,2024_024895_5f9734358d3a8d6c,3,71_1170,0,39
24898,2024_024898_9d9cda67c394cdec,0,70_1170,3,5
24906,2024_024906_28c726d80c908930,3,70_1170,3,11
24913,2024_024913_e15e1608df2a7e40,3,71_1170,0,19
24916,2024_024916_6159e744db484d1f,1,70_1170,3,3
24920,2024_024920_46431ef1e177e775,1,71_1170,0,24
24921,2024_024921_9c93d527a2e24d4b,3,71_1170,0,13
24926,2024_024926_2ff856eb52493c2a,0,70_1170,3,31
24939,2024_024939_3f4203a7ad80f2f6,6,71_1170,0,19
24954,2024_024954_437a58a1216b8fca,2,71_1170,0,7
24960,2024_024960_dfeda1102a3d0361,2,71_1170,0,12
24970,2024_024970_bcc2c6b295bc50eb,3,71_1170,0,12
24971,2024_024971_ce4bc1476bf28aea,6,71_1170,0,7
24980,2024_024980_e50b50475e89da75,0,71_1170,0,12
24984,2024_024984_5d4394edca1f81d6,3,71_1170,0,4
24987,2024_024987_8d04a7ae882b98b7,1,71_1170,0,24
24992,2024_024992_7ea24a74a41126f8,2,71_1170,0,25
25006,2024_025006_94ab70bb94ecac0e,3,71_1171,4,24
25014,2024_025014_69716863ae2d9775,3,71_1170,0,10
25017,2024_025017_a77d84b820d5e2a3,0,71_1170,0,7
25026,2024_025026_e11a3030961b8f55,3,71_1170,0,29
25027,2024_025027_aa69b066c397a57f,3,71_1171,4,5
25028,2024_025028_1386b02b3e4ad43c,1,71_1171,4,6
25029,2024_025029_25ccb47ea80674ac,0,71_1170,0,15
25030,2024_025030_ff5c879a4c5eac70,3,71_1170,0,10
25043,2024_025043_214763923cc81a23,3,71_1170,0,2
25047,2024_025047_4db7c892bedac160,3,71_1170,0,8
25062,2024_025062_d5f00d2c90dacd9c,6,70_1170,3,38
25065,2024_025065_6a30897230126fbd,0,70_1170,3,2
25066,2024_025066_2e722b6679922ad7,3,70_1170,3,40
25084,2024_025084_18307477c20cf885,3,70_1170,3,8
25088,2024_025088_c4e4cd50d9b8c015,1,70_1170,3,5
25094,2024_025094_5a98177f6cfdd211,2,71_1170,0,12
25097,2024_025097_dd6898d04bc5fcbf,4,70_1170,3,11
25098,2024_025098_a98143620d054b1d,4,70_1170,3,9
25103,2024_025103_2d7f900084b1d4ff,6,71_1170,0,7
25105,2024_025105_e10ea8d7ac26debf,1,71_1171,4,7
25106,2024_025106_e636d3583b1c6358,2,71_1170,0,3
25140,2024_025140_2339a25bcf9eeb7c,4,70_1170,3,27
25144,2024_025144_66cf1375bf9adb27,5,70_1170,3,32
25159,2024_025159_975809d82d775c7f,3,70_1171,5,5
25171,2024_025171_658c1cef320fa72a,6,70_1171,5,4
25173,2024_025173_2b51334543ce47f3,6,70_1171,5,35
25180,2024_025180_9775f0e5fd410e9d,3,70_1171,5,12
25186,2024_025186_0b1338547563410a,3,71_1170,0,32
25188,2024_025188_032639ce5943efb4,1,71_1170,0,6
25192,2024_025192_593814638338523a,1,71_1170,0,4
25214,2024_025214_75360accc41bfdf8,3,71_1170,0,13
25216,2024_025216_68b19745bb1761e8,4,71_1170,0,20
25224,2024_025224_f2f6472cf9d50264,0,70_1170,3,6
25236,2024_025236_e60b725ad2189eff,0,70_1170,3,12
25238,2024_025238_0449cde091cb3709,0,70_1170,3,11
25243,2024_025243_cad5b727aeb4576b,2,71_1170,0,3
25247,2024_025247_dcd3eafb7d1ad5a8,3,71_1170,0,29
25257,2024_025257_61d4f1714b07687c,1,71_1170,0,12
25260,2024_025260_fb3a0135ca4e3599,3,71_1171,4,7
25262,2024_025262_8a74d03810024890,3,71_1171,4,10
25274,2024_025274_9a6e5a0ae4f38f04,3,70_1176,2,66
25278,2024_025278_db477149af73a213,5,70_1176,2,12
25283,2024_025283_695335ef7354aa7f,1,70_1176,2,7
25284,2024_025284_56784fb7759d6def,2,69_1176,2,26
25285,2024_025285_d95379984697b59c,5,70_1176,2,14
25289,2024_025289_9643187cfb49592e,6,70_1176,2,27
25297,2024_025297_68059a642ec1af10,0,69_1176,2,55
25300,2024_025300_b3098d4beee3c0d8,6,70_1176,2,40
25301,2024_025301_15bafa148cd9a8af,0,70_1176,2,15
25307,2024_025307_fa32acff133c4e0d,4,70_1176,2,31
25311,2024_025311_00555713114169ef,5,70_1176,2,50
25317,2024_025317_10368a1e109a5fbb,3,70_1176,2,13
25321,2024_025321_b8fc515c6a945fc4,3,70_1176,2,115
25324,2024_025324_05213cefb30d70c6,3,69_1176,2,24
25326,2024_025326_fb39afa65f135008,1,69_1176,2,5
25327,2024_025327_e10e8eea9580628c,1,70_1176,2,2
25334,2024_025334_728fa4594b8e9620,1,70_1176,2,13
25337,2024_025337_05bf18a6ccbc9959,1,70_1176,2,5
25338,2024_025338_2adc8383d916457a,1,70_1176,2,2
25340,2024_025340_d71bd07a3a7841fc,3,70_1176,2,4
25345,2024_025345_3c0f14c12e009bee,3,70_1176,2,33
25346,2024_025346_842b18b5fabe7d01,0,69_1176,2,19
25347,2024_025347_c323586188369fff,6,70_1176,2,7
25349,2024_025349_dc3195838958516c,4,70_1176,2,25
25360,2024_025360_bdfc1e209e8d7f1b,1,70_1176,2,11
25368,2024_025368_6736101b308eb43b,6,70_1176,2,8
25373,2024_025373_f929b037abb0f57d,3,70_1176,2,20
25376,2024_025376_e7608126ce31fb4f,3,70_1176,2,31
25377,2024_025377_f5799371c906437c,6,70_1176,2,33
25381,2024_025381_f9ceaf5d92a754b0,6,70_1176,2,32
25385,2024_025385_2701c43c20536804,3,70_1176,2,2
25386,2024_025386_ceae65377910d97e,3,70_1176,2,4
25392,2024_025392_7e2a2fb45c972967,6,70_1176,2,22
25393,2024_025393_7c509b36c27b80e1,3,70_1177,2,58
25412,2024_025412_39ba4f525cbe5adb,3,70_1176,2,3
25422,2024_025422_fff1dded0c202ccc,6,70_1176,2,5
25427,2024_025427_eefb641ace4488c1,3,70_1176,2,29
25429,2024_025429_c5e73aa3275f12a3,3,70_1176,2,11
25447,2024_025447_c412c4614fd98e13,3,70_1176,2,33
25448,2024_025448_0ee215c7935eeda8,4,70_1176,2,18
25451,2024_025451_fa7551d1af99a85f,3,70_1176,2,4
25452,2024_025452_7a2d445d0e4563dd,0,70_1176,2,16
25457,2024_025457_52aa41dbe9bc1072,3,70_1176,2,4
25464,2024_025464_f904f799d1f8d816,4,70_1176,2,3
25467,2024_025467_000638dae4ed4a22,2,70_1176,2,15
25477,2024_025477_0d6c15458728aaa8,2,70_1176,2,3
25481,2024_025481_cafb3050405aaa73,4,70_1176,2,9
25483,2024_025483_1d1f1355ab14c7ae,4,70_1176,2,38
25502,2024_025502_a6d470a9a49714eb,3,70_1176,2,10
25504,2024_025504_0bd18122f6d37236,4,70_1176,2,35
25512,2024_025512_381c6e95bc52d0f1,3,70_1176,2,78
25517,2024_025517_24fbc4aefcfb3767,5,70_1176,2,66
25526,2024_025526_738187d2239f0d65,3,70_1176,2,48
25534,2024_025534_36dc70b5844e2fa1,0,70_1176,2,31
25542,2024_025542_648145a725430eb5,4,70_1176,2,67
25558,2024_025558_30242614c68ddaaa,3,70_1176,2,21
25564,2024_025564_dc8e67da2e13ec64,3,70_1176,2,2
25568,2024_025568_5dd80143e3b9360b,3,70_1176,2,13
25570,2024_025570_4378a84447bbd9a4,0,70_1176,2,4
25573,2024_025573_152d77de838e925d,3,70_1176,2,46
25578,2024_025578_d957289db63161b2,4,70_1176,2,7
25616,2024_025616_38894eb2a4237573,4,70_1177,2,19
25617,2024_025617_26596380d1368533,3,70_1177,2,28
25618,2024_025618_4f468466b3646d0f,2,70_1177,2,26
25619,2024_025619_a06aadfdcf761155,2,70_1177,2,10
25621,2024_025621_f7ad3d5f2063e002,4,70_1177,2,2
25666,2024_025666_b70935aca8181197,4,70_1176,2,78
25668,2024_025668_0bd79df0416da6c3,3,70_1176,2,79
25678,2024_025678_01f57cc0b0aa7bae,4,70_1176,2,36
25679,2024_025679_a9245129150f9f24,4,70_1176,2,78
25683,2024_025683_1b20abd0ab633142,4,70_1176,2,5
25687,2024_025687_89df6de62fd55618,3,70_1176,2,66
25689,2024_025689_3dbd36ad22553733,3,70_1176,2,4
25707,2024_025707_c1fa3e519438daff,3,70_1176,2,74
25714,2024_025714_c7a3940c05ac7d63,6,70_1176,2,30
25720,2024_025720_c0359228e53a49b0,2,70_1176,2,4
25729,2024_025729_acdf98f71625c610,3,70_1176,2,44
25733,2024_025733_848d09c15fdd43e1,6,70_1176,2,22
25748,2024_025748_97778207816b8adb,6,70_1176,2,33
25758,2024_025758_26c8f9b1c58a4349,3,70_1176,2,9
25759,2024_025759_0ed64fff0678e521,6,70_1176,2,47
25763,2024_025763_dbde1c6da709f54b,5,70_1176,2,28
25788,2024_025788_3d8e144314222a74,6,70_1176,2,3
25793,2024_025793_9f0ae564b1e0771d,4,70_1176,2,14
25797,2024_025797_d6b0620f7e74b3fa,6,70_1176,2,4
25802,2024_025802_aaedd6e8d8d230f0,3,70_1176,2,10
25807,2024_025807_35600899bc40d76e,3,70_1176,2,24
25813,2024_025813_05f3b676554891a5,2,70_1176,2,21
25826,2024_025826_02615c7e343a11ca,4,70_1176,2,64
25837,2024_025837_06a21b569daff629,3,70_1176,2,25
25843,2024_025843_b377c7e0b4923abd,4,70_1176,2,23
25865,2024_025865_76fff1c78eeb9c89,5,70_1176,2,23
25869,2024_025869_7f6439c29a29abcf,3,70_1176,2,11
25872,2024_025872_8a2950a9acb198f2,3,70_1176,2,38
25875,2024_025875_c7bb686fd8db6889,3,70_1176,2,18
25876,2024_025876_03fecd9fb3d11219,3,70_1176,2,37
25887,2024_025887_1ca10de7511421c0,2,70_1177,2,34
25911,2024_025911_aa7c90b413ef64f3,3,70_1176,2,16
25918,2024_025918_70e6950717f2a109,6,70_1177,2,5
25924,2024_025924_c20d7c892158e4f2,4,70_1177,2,14
25929,2024_025929_54f4b1c595d03f1c,3,70_1177,2,14
25934,2024_025934_0968dc26f3071567,6,70_1177,2,11
25958,2024_025958_7a7914f690872d58,5,70_1177,2,14
25962,2024_025962_77d9c464d1d70bcb,3,70_1177,2,15
25967,2024_025967_001e273775fd8b98,3,70_1177,2,20
25970,2024_025970_5dca0c7b4a30aa76,6,70_1177,2,35
25973,2024_025973_4631980a47de6e64,6,70_1176,2,9
25976,2024_025976_27484e45f875b89f,4,70_1176,2,6
25977,2024_025977_093dcf2bdfc2c30b,6,70_1176,2,5
26022,2024_026022_de8360dbdd8f9841,6,70_1176,2,56
26023,2024_026023_d24c810eec49416a,4,70_1176,2,44
26024,2024_026024_a4d3aa114a335ed0,3,70_1176,2,33
26025,2024_026025_f0aa1c4bfd14eda4,4,70_1176,2,61
26027,2024_026027_9a5a81fcbe3b97bf,6,70_1176,2,7
26033,2024_026033_01280372ebd84f82,6,70_1176,2,5
26068,2024_026068_2cbd1ccdfb113e37,0,70_1176,2,68
26069,2024_026069_ab8123588c6cd6f4,1,70_1176,2,63
26070,2024_026070_d124b1f627eb7834,4,70_1176,2,93
26071,2024_026071_6c01dc1f77e29f0d,3,70_1176,2,100
26072,2024_026072_26b52c50c0afda3a,4,70_1176,2,47
26074,2024_026074_02640327315229c3,3,70_1176,2,16
26075,2024_026075_0962ba8a3d92572a,6,70_1176,2,2
26081,2024_026081_cac6b2e5095fd782,4,70_1176,2,10
26109,2024_026109_42978b9d5462e4d0,3,70_1176,2,12
26125,2024_026125_8aa70bf64dc5bffd,6,70_1176,2,10
26127,2024_026127_24ddbf1f5553254b,6,70_1176,2,15
26147,2024_026147_ea411fbb5811aa44,3,70_1176,2,96
26155,2024_026155_d31fd59564862875,6,70_1176,2,9
26172,2024_026172_d5b9cce11fd7d052,3,70_1176,2,60
26185,2024_026185_42da6281887c72f8,3,70_1176,2,21
26187,2024_026187_20872b52f5baad3d,3,70_1176,2,74
26190,2024_026190_2f3aeff0c818d5d2,4,70_1176,2,25
26195,2024_026195_70ac7b972c8dd9d6,6,70_1176,2,28
26200,2024_026200_0019372a45d4311f,3,70_1176,2,31
26202,2024_026202_e4fb1637c3b0a584,3,70_1176,2,3
26206,2024_026206_3194ff0fd2c0adc0,3,70_1176,2,3
26207,2024_026207_992749db6586242a,3,70_1176,2,7
26210,2024_026210_25c67609151d47e1,3,70_1176,2,10
26226,2024_026226_ef6def55dabe9195,3,70_1176,2,12
26236,2024_026236_57509e20b1e5328e,3,70_1176,2,65
26237,2024_026237_dbbc3c082ae86e87,4,70_1176,2,144
26238,2024_026238_bc9c604daae71b34,6,70_1176,2,92
26244,2024_026244_26b8e981f01ffa35,3,70_1176,2,65
26249,2024_026249_2ee548782ab25ca7,3,70_1176,2,104
26283,2024_026283_1be1ba24d430a97c,3,70_1176,2,14
26312,2024_026312_a268f4a99d1636a9,4,70_1176,2,38
26319,2024_026319_de81b56da9725745,6,70_1176,2,44
26339,2024_026339_ed2b3554c8eae435,5,70_1176,2,23
26342,2024_026342_e8c5d1a8aa096d89,4,70_1177,2,23
26345,2024_026345_3e1434c5599e36de,4,70_1177,2,32
26363,2024_026363_5a910c1383c00e36,6,70_1176,2,39
26364,2024_026364_24139afeeccc3b87,4,70_1176,2,9
26369,2024_026369_d16f3f6d3f11064a,4,70_1176,2,6
26378,2024_026378_955ea1c78935a7b0,4,70_1176,2,49
26382,2024_026382_056bac2219ff9719,3,70_1176,2,6
26384,2024_026384_237c56726616b551,3,69_1173,4,6
26385,2024_026385_f69e4bba1ff5ac57,0,69_1172,5,2
26387,2024_026387_09116406da2425b4,0,69_1173,4,17
26388,2024_026388_cdbf09a3c97e56c2,3,70_1173,1,13
26390,2024_026390_f5aa8f9236f36fa5,0,70_1172,0,2
26394,2024_026394_833e762612a2aa08,1,70_1173,1,9
26406,2024_026406_b2b70b749349a175,2,70_1172,0,2
26409,2024_026409_15b6440a3f666f84,4,70_1173,1,15
26431,2024_026431_80280d3954fb2432,1,70_1172,0,20
26432,2024_026432_6f6f5bab17db50d0,2,70_1172,0,4
26435,2024_026435_3d4d887d8cc2d53f,4,70_1172,0,3
26442,2024_026442_7e3ab52b5c47001c,0,70_1172,0,3
26444,2024_026444_b054a7515f05979f,3,70_1172,0,21
26450,2024_026450_8ce9012fc401a0e4,4,70_1172,0,2
26464,2024_026464_c4098b4d336a0160,4,70_1172,0,20
26471,2024_026471_48cbb69831c6421b,0,70_1172,0,5
26527,2024_026527_8639baedacbf7d37,0,70_1172,0,2
26528,2024_026528_a507792c5e37bcfd,2,70_1172,0,8
26529,2024_026529_dfe34936388db331,2,70_1172,0,18
26532,2024_026532_cbc0ef4b29988672,1,70_1172,0,14
26533,2024_026533_fde416cb4a373ae5,1,70_1172,0,4
26534,2024_026534_20b78c1d3bfcf1dd,6,70_1172,0,7
26565,2024_026565_878db4cda0f85b3b,3,70_1173,1,23
26569,2024_026569_9d2ea55cda32969e,1,70_1173,1,9
26570,2024_026570_1c0a90aeed0d1014,1,70_1173,1,5
26571,2024_026571_adbe92ae89dc4ba7,1,70_1173,1,8
26574,2024_026574_725d56821e80d67a,6,70_1173,1,7
26611,2024_026611_62720e6442b2a93c,1,70_1173,1,7
26613,2024_026613_eb7fe9883d30446e,3,70_1173,1,4
26632,2024_026632_a5541e29c9a7716a,0,70_1172,0,3
26649,2024_026649_a4c91f8f77f78dec,0,70_1172,0,8
26654,2024_026654_e0de76f41b07a36d,1,70_1172,0,6
26662,2024_026662_9adff47072ff7fe0,4,70_1172,0,33
26666,2024_026666_322bdc5c634eb871,4,70_1171,5,25
26668,2024_026668_fc40412367f89be0,4,70_1171,5,36
26672,2024_026672_a85111ebc0142997,2,70_1172,0,20
26680,2024_026680_f4e1ca9d1abdbf43,2,70_1172,0,62
26683,2024_026683_d23a4328fb11b458,2,70_1171,5,2
26688,2024_026688_34d17f1b57a590b1,3,70_1171,5,3
26702,2024_026702_04b2a1f4478ea5bc,6,70_1172,0,12
26718,2024_026718_3f2e09d481511bae,6,70_1172,0,8
26721,2024_026721_73e4394316eb02b6,5,70_1172,0,11
26726,2024_026726_e541207506b04d29,6,70_1172,0,11
26779,2024_026779_b338ca11079e39f4,2,70_1172,0,13
26790,2024_026790_30ae9be3ece8a936,3,70_1172,0,3
26793,2024_026793_3a0685141d8be7fd,6,70_1172,0,2
26798,2024_026798_68eaf7be39d217ea,0,70_1172,0,3
26799,2024_026799_dc0e7c365f6566cf,4,70_1172,0,16
26802,2024_026802_cf7b8f22fbc68a92,1,70_1172,0,66
26809,2024_026809_9264cc19fe7eb6a5,4,70_1172,0,28
26815,2024_026815_5f9f79f92339fd34,3,70_1172,0,22
26817,2024_026817_d6645c8986893cb0,2,70_1172,0,35
26825,2024_026825_c518cf7d0b5904f6,4,70_1172,0,9
26828,2024_026828_193ca70380d99ce0,2,70_1172,0,15
26843,2024_026843_22e3996792e61447,0,70_1172,0,3
26851,2024_026851_d15f85eb2d5f9e3e,0,70_1172,0,5
26857,2024_026857_e59eccdc8961bd55,2,70_1172,0,22
26862,2024_026862_ebdcea044e4d0f15,0,70_1173,1,10
26872,2024_026872_091bcf55a9ab134a,6,70_1173,1,9
26876,2024_026876_743aee03d11014c6,6,70_1173,1,39
26879,2024_026879_74b90b06fd223ad0,3,70_1173,1,7
26888,2024_026888_b4588da07b092c02,4,70_1172,0,21
26889,2024_026889_1647612d794d3c82,4,70_1172,0,12
26890,2024_026890_057ad854618b3cbc,0,70_1172,0,2
26892,2024_026892_eee5cd8b2a0a68a5,0,70_1172,0,4
26898,2024_026898_2ec0fa4d3904dbfc,0,70_1173,1,8
26900,2024_026900_cf6d3f7dc876cee1,3,70_1172,0,19
26901,2024_026901_b20d7a88671fcc4f,6,70_1173,1,7
26903,2024_026903_2942eabf433cae24,2,70_1172,0,19
26904,2024_026904_f73548d05459820a,1,70_1172,0,9
26906,2024_026906_2ba360db8ab7f233,1,70_1172,0,12
26910,2024_026910_dca9535ab07a36b7,1,70_1172,0,78
26911,2024_026911_3277fe54c28acb29,3,70_1172,0,26
26913,2024_026913_71214bb0299c239e,1,70_1172,0,21
26920,2024_026920_b9da7776a3587447,1,70_1172,0,24
26922,2024_026922_a7193f1962296932,2,70_1172,0,97
26923,2024_026923_1ad401406b169e2a,4,70_1172,0,95
26927,2024_026927_c3f205822b2542ef,2,70_1172,0,33
26928,2024_026928_db6acf6e8dcb5e64,2,70_1172,0,11
26931,2024_026931_a9b9141477debc66,1,70_1172,0,15
26932,2024_026932_ec00a2ce9bf8df72,3,70_1172,0,19
26935,2024_026935_7671701288d64962,3,70_1172,0,9
26947,2024_026947_9e647a9cfdc29f42,1,70_1172,0,2
26991,2024_026991_9d6578283d889307,6,70_1171,5,5
26993,2024_026993_3b12049b6ef4cbf4,6,70_1172,0,78
27028,2024_027028_326d01ebe11b17f6,1,70_1173,1,12
27029,2024_027029_9a89f7b1eb37a2cd,0,70_1173,1,7
27033,2024_027033_0db8843e37448ee3,1,70_1173,1,3
27041,2024_027041_ccbc49c30e79c729,0,70_1173,1,6
27043,2024_027043_2f80858678f784b8,6,70_1173,1,22
27046,2024_027046_d978a09e3fa0077e,6,70_1173,1,5
27050,2024_027050_e7a72a3265cfa7b0,3,71_1173,2,112
27052,2024_027052_5770cb0e20e74536,6,70_1172,0,51
27053,2024_027053_e01348b135e3b483,3,70_1173,1,100
27054,2024_027054_04c926a1f510dcda,4,70_1173,1,52
27055,2024_027055_9c745f9679e8ab2f,3,70_1173,1,45
27056,2024_027056_7c0438e503e5b27d,3,70_1173,1,27
27057,2024_027057_f7f31690fb60d967,6,70_1173,1,23
27058,2024_027058_f7c3ffc1b8202340,3,70_1173,1,5
27061,2024_027061_f69a7ed25624a595,3,70_1173,1,13
27062,2024_027062_c93c2a9b0e7e0654,6,70_1173,1,40
27063,2024_027063_1c0d2cb14e4ea878,4,70_1173,1,33
27064,2024_027064_864739b006bb6e0e,6,70_1173,1,26
27067,2024_027067_93be09416aad9672,2,70_1173,1,25
27068,2024_027068_551610c48f4d5f89,6,70_1173,1,13
27091,2024_027091_be9c25cdc65747a4,6,70_1173,1,8
27097,2024_027097_5df793339ae9d6e2,1,70_1172,0,37
27098,2024_027098_c50d6452f3989f92,4,70_1172,0,27
27106,2024_027106_0688108ff58ec480,4,70_1172,0,25
27109,2024_027109_3d592d0ead0eaaf3,6,70_1172,0,2
27116,2024_027116_758f77a59dd480a3,3,70_1172,0,15
27118,2024_027118_a8202994ff51c860,4,70_1172,0,18
27123,2024_027123_5c47638f4ecd2a51,4,70_1172,0,30
27135,2024_027135_3d21d39e029825f3,4,70_1172,0,18
27139,2024_027139_973928a00d236340,4,70_1171,5,17
27151,2024_027151_5cf6c5fa6539b70e,3,70_1172,0,8
27165,2024_027165_d2c3b4cf2e815d31,3,69_1172,5,28
27170,2024_027170_303fb6f66a759cc0,2,69_1172,5,38
27171,2024_027171_c6a1a454504a1358,3,70_1172,0,75
27176,2024_027176_5e460219bf5c0eb3,3,70_1172,0,9
27179,2024_027179_c83718332ce2ec67,3,70_1172,0,8
27181,2024_027181_ed223d55919d954a,3,70_1172,0,52
27212,2024_027212_1a48b6029b7f0cc2,3,70_1172,0,5
27218,2024_027218_deb89e0760edb6a3,3,70_1172,0,3
27221,2024_027221_38e3aab07c644584,0,70_1172,0,3
27231,2024_027231_9994367b27a2822d,4,71_1173,2,25
27233,2024_027233_0f54cd8e4e135607,4,71_1173,2,10
27246,2024_027246_9a23f7266d10d914,3,71_1173,2,22
27251,2024_027251_4b91584512086097,3,71_1173,2,7
27262,2024_027262_3369d3d6b698f7f2,3,71_1173,2,6
27275,2024_027275_bf82097d2b2b1c04,3,71_1173,2,10
27282,2024_027282_567eb04805067d94,3,71_1173,2,16
27291,2024_027291_23fab0110d8a2cab,3,71_1173,2,85
27300,2024_027300_618a99fbe96ab19a,3,71_1173,2,13
27304,2024_027304_952050e0c80e3cbc,3,71_1173,2,7
27307,2024_027307_9a3058c679eaf4d4,3,71_1173,2,13
27330,2024_027330_308dec942175292a,6,70_1173,1,4
27331,2024_027331_14c5dc14d83d83f4,3,70_1173,1,18
27338,2024_027338_32852c3980aea0c3,3,70_1173,1,44
27341,2024_027341_ccc166d27aa49d4c,3,70_1173,1,3
27360,2024_027360_12f3466b6bda0e9b,3,70_1173,1,9
27363,2024_027363_e5b40e04895a5e43,3,70_1173,1,10
27379,2024_027379_a252aa433f73dc76,6,70_1173,1,22
27386,2024_027386_98069e666c05b3e8,3,70_1173,1,7
27388,2024_027388_717196b2473aca59,3,69_1174,2,7
27396,2024_027396_36df65f25db1d0c2,3,71_1173,2,16
27409,2024_027409_2a91264188ce6183,4,71_1173,2,15
27418,2024_027418_53e8a95896ad1cb0,3,71_1174,0,41
27431,2024_027431_d0d257a361b57df0,3,71_1174,0,11
27433,2024_027433_2b4cfc9c3230124f,4,71_1174,0,8
27445,2024_027445_2d8def7288e0824e,6,71_1174,0,2
27447,2024_027447_8e4971fde1f2c0c2,4,71_1173,2,3
27453,2024_027453_107ec645b7fad169,3,71_1174,0,12
27455,2024_027455_678347b967deb07f,3,71_1174,0,16
27456,2024_027456_8b2b717b99af0fb3,6,71_1174,0,20
27480,2024_027480_d77f330376ece181,4,71_1174,0,11
27483,2024_027483_9a5ac80b506d991a,2,71_1174,0,7
27484,2024_027484_2a5cfd57c4c20295,0,70_1174,5,22
27485,2024_027485_4fbc633610eab199,0,70_1174,5,34
27486,2024_027486_393142b9e8fc6ab2,3,70_1174,5,47
27487,2024_027487_e1fd92103bdc1699,0,70_1174,5,11
27488,2024_027488_f5489fdb447fa85e,3,70_1174,5,12
27489,2024_027489_8c71aa66171867f4,0,70_1174,5,5
27490,2024_027490_d8116f2592aa261b,3,70_1174,5,3
27492,2024_027492_6702336175e95ccb,3,70_1174,5,9
27493,2024_027493_243547e08e2348a9,3,70_1174,5,10
27495,2024_027495_780a9ef981add431,0,70_1174,5,6
27501,2024_027501_bf48260a470b3cf3,0,70_1174,5,3
27502,2024_027502_0b85b9f032d118a7,1,70_1174,5,2
27508,2024_027508_a22b805e05064bc8,0,70_1174,5,2
27540,2024_027540_afdcceb09fb36356,4,71_1174,0,9
27554,2024_027554_701311ea92444706,4,71_1174,0,9
27555,2024_027555_6331632d552fe6f4,1,71_1174,0,23
27565,2024_027565_bffc1222d8b6d465,4,71_1174,0,73
27573,2024_027573_4ca89e9e56dd6006,6,70_1174,5,7
27575,2024_027575_08713bd0debeb06a,0,69_1174,2,4
27579,2024_027579_bfbedad4163bc065,0,70_1174,5,4
27594,2024_027594_ae9303bd7695aea1,3,70_1174,5,60
27604,2024_027604_e631c35c5413d893,0,70_1174,5,2
27613,2024_027613_b05de6cdb4961219,0,70_1174,5,8
27620,2024_027620_11db5580848572c5,4,70_1174,5,6
27624,2024_027624_79d08a239dbb8c32,4,70_1174,5,7
27627,2024_027627_226f19a12394c971,2,70_1174,5,6
27631,2024_027631_4fcb47343014b2d4,6,70_1174,5,6
27637,2024_027637_50cb4e0ba05fb11f,0,71_1174,0,53
27638,2024_027638_b645499b53d65a06,1,71_1174,0,10
27639,2024_027639_5f8d5fce0ef025fa,3,71_1174,0,11
27640,2024_027640_5687faeab0df634b,0,71_1174,0,12
27641,2024_027641_0b61d22fe08970bb,0,71_1174,0,2
27645,2024_027645_af8cfa8844ecaf70,1,71_1174,0,4
27647,2024_027647_2ac59f92194f2e63,1,71_1174,0,2
27681,2024_027681_ced9253e195eacde,2,71_1174,0,66
27690,2024_027690_3114faaffcaf3af4,1,71_1174,0,17
27693,2024_027693_ffdfa729a6bfdceb,1,71_1174,0,9
27695,2024_027695_64a84c5b8ee612ab,4,71_1174,0,17
27701,2024_027701_508254292f27c8a3,3,71_1174,0,47
27710,2024_027710_1f8981388fab73ce,1,71_1174,0,20
27719,2024_027719_301ddc7a44f6b885,3,71_1174,0,3
27723,2024_027723_19baaa974d24b786,4,71_1174,0,48
27725,2024_027725_149f37e83dbf4447,5,71_1174,0,12
27728,2024_027728_b4cc544231fe08fe,6,71_1174,0,12
27730,2024_027730_deed38496cdfa26e,6,71_1174,0,6
27731,2024_027731_953232cd83e9a5ec,3,71_1174,0,9
27775,2024_027775_b5a8127a21016975,2,70_1174,5,10
27776,2024_027776_17aef45e5d90813a,3,70_1174,5,42
27781,2024_027781_bfce97c849a94978,3,70_1174,5,23
27790,2024_027790_c6116473cb034efd,3,70_1174,5,10
27812,2024_027812_4fe7de9fed2dccf3,3,70_1174,5,2
27817,2024_027817_5e99d15aa89a1a1e,6,71_1174,0,12
27818,2024_027818_05a1821cb6723011,3,71_1174,0,14
27819,2024_027819_6f5d2d3e2f83a20c,3,71_1174,0,12
27821,2024_027821_f750e1390f1b48ed,3,71_1174,0,11
27838,2024_027838_af63f09815d48a1d,6,71_1174,0,15
27840,2024_027840_0e64a3fea54be73e,4,71_1174,0,9
27847,2024_027847_ca1227ce9684a983,6,71_1174,0,5
27849,2024_027849_bb6d9bcac94dc01d,3,71_1174,0,13
27861,2024_027861_8c64627c0dd48cca,3,71_1174,0,7
27870,2024_027870_fda95d85f124bb0c,3,71_1174,0,36
27872,2024_027872_d0dca6f7b9211059,3,71_1174,0,2
27879,2024_027879_6027e65e8580bb09,3,71_1174,0,8
27884,2024_027884_dd4b69846496edd1,1,70_1174,5,43
27885,2024_027885_b3b25545c91583b1,3,70_1174,5,28
27886,2024_027886_553187f1868f2332,4,70_1174,5,20
27887,2024_027887_248191afab43fa19,2,70_1174,5,14
27890,2024_027890_1041e9aa6b89a5e9,3,70_1174,5,16
27892,2024_027892_1b1f7b2929020c9e,4,70_1174,5,17
27894,2024_027894_0ada2de16ee7c25a,2,70_1174,5,18
27895,2024_027895_3e58f69a69e13a9e,4,70_1174,5,8
27896,2024_027896_3670625a409d2a53,2,70_1174,5,13
27897,2024_027897_3577a2912a3a838f,3,70_1174,5,13
27899,2024_027899_e6ee56a4d3254fba,4,70_1174,5,3
27931,2024_027931_e89eeb6c8d334c53,4,70_1174,5,4
27932,2024_027932_eba564a1b27d6175,0,70_1174,5,7
27934,2024_027934_97c2da8a7e6ecd7e,0,71_1174,0,4
27936,2024_027936_7af558f295cafd3e,1,71_1174,0,5
27951,2024_027951_6ef928f929b35a3d,0,70_1174,5,6
27957,2024_027957_eb7955657f601d15,6,71_1174,0,61
27963,2024_027963_c12490619d54ea0a,4,71_1174,0,6
27967,2024_027967_727d90fd3f141531,3,71_1174,0,55
27989,2024_027989_23856a707598f3e5,4,71_1174,0,5
27998,2024_027998_66142845b1332a10,3,71_1174,0,7
28000,2024_028000_068cad57a7eb24e7,4,71_1174,0,15
28002,2024_028002_d12be38775bcce96,3,71_1174,0,6
28003,2024_028003_021b8d142d033cb7,3,71_1174,0,39
28011,2024_028011_05e7f9ee17f79c14,4,71_1174,0,19
28013,2024_028013_d0af9d54dc749fff,3,71_1174,0,3
28020,2024_028020_2668fe324823c0de,4,71_1174,0,6
28022,2024_028022_78cda742af2a7996,6,71_1174,0,7
28023,2024_028023_31505eef7e3efd43,4,71_1174,0,8
28042,2024_028042_fdd123e951cfccc7,3,71_1174,0,10
28047,2024_028047_2e0a8d1c52ab66c3,3,70_1173,1,30
28061,2024_028061_aa3bcc854f092ee9,3,70_1173,1,14
28062,2024_028062_ca861f1fcfd901cf,6,70_1173,1,25
28067,2024_028067_471296183d9f92a4,0,70_1173,1,10
28069,2024_028069_703b44d7567ba6ff,3,70_1173,1,4
28074,2024_028074_976550404829aa68,3,70_1173,1,7
28078,2024_028078_92c396d2763580b2,3,70_1173,1,5
28094,2024_028094_2f5b64793d942909,2,70_1174,5,4
28095,2024_028095_c31ce74fef942d81,6,70_1174,5,21
28104,2024_028104_22fd9368bdbf26dc,0,70_1174,5,6
28105,2024_028105_55e84b0518a45bc2,0,70_1174,5,26
28110,2024_028110_840b19fb73b40373,0,70_1174,5,18
28111,2024_028111_abe5c79b3472224b,4,70_1174,5,4
28116,2024_028116_a55bcd8d90e57998,4,70_1174,5,5
28118,2024_028118_1e2c2e534bc97f34,3,70_1174,5,10
28122,2024_028122_469bcb1daf1414ab,4,70_1174,5,3
28123,2024_028123_b67865c921d5bcb5,1,70_1174,5,20
28124,2024_028124_f61cd35c947fd3f0,4,70_1174,5,60
28125,2024_028125_ff34d7871b197a3c,3,70_1174,5,35
28126,2024_028126_32bf197daa4b8e80,1,70_1174,5,29
28127,2024_028127_de3ec0ca6163a625,3,70_1174,5,32
28128,2024_028128_7fa6064948618489,3,70_1174,5,8
28131,2024_028131_bf6cce8d481c7973,1,70_1174,5,8
28134,2024_028134_d06915066f1ba20d,0,70_1174,5,14
28139,2024_028139_c7c3b79a31aa0a8e,0,70_1174,5,4
28144,2024_028144_fc6788440d7efaba,0,70_1174,5,2
28146,2024_028146_31e690c13e4d3305,0,70_1174,5,2
28148,2024_028148_fc10c61c6e6140b4,0,70_1174,5,4
28149,2024_028149_6cbecba66670fbc8,0,70_1174,5,2
28171,2024_028171_8194573fc0dc66f6,6,71_1173,2,6
28179,2024_028179_1ff02e50cca2ccf8,3,71_1173,2,8
28184,2024_028184_f64463aa3f7efb01,3,71_1173,2,4
28195,2024_028195_d1c0dd568c16592b,4,70_1174,5,17
28196,2024_028196_9a580dbdf5596a2c,2,69_1174,2,12
28198,2024_028198_32bf17359cda3791,3,70_1174,5,27
28200,2024_028200_2587191e8141933d,6,70_1174,5,26
28202,2024_028202_52029939cd4fb67b,1,70_1174,5,15
28203,2024_028203_81c2cf0a66ef89f3,1,70_1174,5,24
28205,2024_028205_2d661b6542b99d33,0,70_1174,5,14
28206,2024_028206_2d2bbcea5ae6fe9b,2,70_1174,5,15
28210,2024_028210_b4479663f18a729f,1,70_1174,5,13
28218,2024_028218_845f97860fabdf23,1,70_1174,5,22
28221,2024_028221_0b4998bb5b61f77a,0,70_1174,5,3
28235,2024_028235_5db92e6356179707,3,71_1173,2,46
28252,2024_028252_a42d8371b7979713,3,71_1173,2,6
28255,2024_028255_7de0f95769dc418d,3,71_1174,0,10
28256,2024_028256_9a0e4d29442e99db,4,71_1174,0,42
28265,2024_028265_282af45c942c0441,3,71_1174,0,9
28269,2024_028269_b0d48c70e235d437,6,71_1174,0,9
28279,2024_028279_bc1f3fbe07a68128,6,71_1174,0,10
28280,2024_028280_46bbd8cdfe6f9c1c,3,71_1174,0,7
28290,2024_028290_191d2381fd9ec5dc,6,71_1174,0,47
28292,2024_028292_3bb8cba7a2ccf78d,3,71_1174,0,47
28296,2024_028296_8005715bd1d3ab53,4,71_1174,0,23
28300,2024_028300_a1d18c176f52df82,6,71_1174,0,10
28308,2024_028308_fc0a33ed8c03f8fa,6,71_1174,0,14
28319,2024_028319_0192d9e1c6249ac5,6,71_1174,0,6
28329,2024_028329_67ae229669474c5c,4,71_1174,0,58
28333,2024_028333_59be51d9d3c10e6b,4,71_1174,0,20
28339,2024_028339_1d8c78fe7c273312,4,71_1174,0,8
28344,2024_028344_52fad4526ad1a16c,3,71_1174,0,18
28346,2024_028346_05039da17f81c271,4,71_1173,2,21
28360,2024_028360_e6865a5444b64f05,3,71_1174,0,10
28368,2024_028368_aa3c84b76282727f,6,71_1174,0,14
28373,2024_028373_b42649b935d2b522,6,71_1174,0,30
28375,2024_028375_ceddbfa8e3316923,3,71_1174,0,76
28376,2024_028376_d8955f179b7040f3,6,71_1174,0,18
28378,2024_028378_400c8732f1905f3e,4,71_1174,0,60
28379,2024_028379_aeb77fc83ed60219,6,71_1174,0,8
28384,2024_028384_1abbe99391988e3a,6,71_1174,0,42
28389,2024_028389_1476f909b4e75714,3,71_1174,0,7
28395,2024_028395_962baf95c0afefca,3,71_1174,0,6
28397,2024_028397_283c447956eb6288,1,71_1174,0,28
28398,2024_028398_32e92df5feb3c48b,4,71_1174,0,7
28405,2024_028405_c45c9ac05b8d031e,3,71_1174,0,18
28406,2024_028406_eb9293b11aaba487,0,71_1174,0,13
28424,2024_028424_56e1397d984f06d7,3,70_1174,5,12
28426,2024_028426_256acec83d84a8bc,0,70_1174,5,45
28431,2024_028431_db15a9a73c909c41,0,70_1174,5,2
28445,2024_028445_51a0b60f4daa3e1f,6,70_1174,5,2
28450,2024_028450_c66c38c1ed519cb5,6,70_1174,5,2
28456,2024_028456_2375adc24031d29a,6,71_1174,0,8
28465,2024_028465_28d851f2bddb6787,1,71_1174,0,13
28471,2024_028471_aaa68ed82d31ac35,2,71_1174,0,2
28483,2024_028483_dfab29629e73d4af,4,71_1174,0,4
28505,2024_028505_fc1720efe3af7510,4,71_1174,0,2
28509,2024_028509_e5c70eb74620209b,4,71_1174,0,2
28524,2024_028524_57d3d8b0d1ff7311,6,71_1174,0,2
28526,2024_028526_3c47526d629ab7df,3,71_1174,0,10
28530,2024_028530_bb03149c669855b7,6,70_1174,5,2
28534,2024_028534_b63f51383d483a04,6,70_1174,5,27
28538,2024_028538_649d0fc7c7bb1e99,6,70_1174,5,10
28541,2024_028541_a6688a0108429fe1,1,70_1174,5,2
28547,2024_028547_5797fc4cb78e4272,4,70_1174,5,35
28559,2024_028559_259f73790f1ed7a9,3,70_1174,5,8
28565,2024_028565_0c9ac704b8d6cb11,4,70_1174,5,4
28572,2024_028572_b9e83b99b5562f42,4,70_1174,5,4
28582,2024_028582_62c84b603d3910c2,4,70_1174,5,21
28588,2024_028588_00fad0a2ea2aaa4c,0,70_1174,5,2
28604,2024_028604_d66cecc514c1d9c0,0,70_1174,5,2
28605,2024_028605_a5fcc712f37c0956,0,71_1174,0,15
28610,2024_028610_ad696c013c5f0d9e,0,71_1174,0,6
28611,2024_028611_f3a771fa71c818c8,4,71_1174,0,7
28616,2024_028616_b4b1570ecd259465,0,71_1174,0,5
28634,2024_028634_98f987d70b036f44,0,71_1174,0,4
28636,2024_028636_b7169f7fd3819f60,0,71_1174,0,2
28643,2024_028643_723ea2c9158ea76b,3,71_1174,0,6
28645,2024_028645_5087a452f9abd142,4,71_1174,0,6
28646,2024_028646_acac31e5ef425153,3,71_1174,0,3
28647,2024_028647_31c21842364846bf,0,70_1174,5,4
28650,2024_028650_3f353e1c7b1d6f35,3,71_1174,0,5
28658,2024_028658_1695d79fd3e738bb,3,71_1174,0,15
28660,2024_028660_107bf1c938b4d4aa,3,71_1174,0,3
28663,2024_028663_d3d5ca894b84a848,3,71_1174,0,3
28672,2024_028672_6e000d8e6aa997ce,3,71_1174,0,6
28679,2024_028679_aafb436242c33cc0,6,71_1174,0,41
28687,2024_028687_e675ebe794240d78,6,71_1174,0,9
28695,2024_028695_e351805cc3b31414,3,71_1174,0,56
28697,2024_028697_ab69282b48f66722,3,71_1174,0,5
28706,2024_028706_83bad04ecf9c288c,3,71_1174,0,4
28725,2024_028725_449d7e6a089282d7,3,71_1174,0,32
28727,2024_028727_706820bc40dbec36,4,71_1174,0,49
28751,2024_028751_ac425a99089185e8,3,71_1174,0,7
28759,2024_028759_96a76df56449bd02,3,71_1174,0,32
28761,2024_028761_7d1496d06842c3c8,3,71_1174,0,2
28765,2024_028765_f13f570dfbafb3b6,6,71_1174,0,40
28774,2024_028774_0048e1a1c84400cc,2,71_1174,0,14
28782,2024_028782_03e8288c3e6d0046,6,71_1174,0,5
28785,2024_028785_7c395e6596b68b9f,6,71_1174,0,7
28786,2024_028786_d97d9edd9ad711da,4,71_1174,0,8
28808,2024_028808_ee8e55a79fb8593f,3,71_1174,0,22
28810,2024_028810_31f97ce7ab4e042c,6,71_1174,0,13
28832,2024_028832_269190898f147b4a,3,71_1174,0,10
28848,2024_028848_fc7659f29423fa1b,4,70_1174,5,16
28854,2024_028854_6d0d788d1f2c5589,6,70_1174,5,5
28868,2024_028868_c39803a1fcd85be0,3,71_1174,0,19
28873,2024_028873_329013fc97908bfb,3,71_1174,0,8
28874,2024_028874_e8a266f6ddbf6996,3,71_1174,0,9
28879,2024_028879_d63b51aa0dcba980,4,71_1174,0,12
28906,2024_028906_fb3bfdba992193dc,5,71_1173,2,7
28909,2024_028909_69b3b60ae6cba3de,3,69_1174,2,39
28910,2024_028910_f033c25badeaf579,4,69_1174,2,28
28921,2024_028921_91ead9d41d75dbf8,0,69_1174,2,9
28935,2024_028935_18fce11d1ddfa8ee,5,69_1175,4,10
28938,2024_028938_5973baa9455c2ad4,3,70_1175,5,4
28939,2024_028939_286ffe2585d12b0c,3,69_1175,4,8
28947,2024_028947_0812fc1dacca6fae,0,69_1175,4,4
28950,2024_028950_7c6ebfd441aeaa25,6,70_1175,5,7
28976,2024_028976_82c7ff97b2779eb5,3,69_1175,4,9
28987,2024_028987_7e10580981641a6c,4,70_1175,5,21
28993,2024_028993_9693c496e1371bbe,0,69_1175,4,2
29002,2024_029002_00e7f5107c7157a8,3,69_1175,4,22
29003,2024_029003_b2d07cdb961c6696,6,69_1174,2,7
29006,2024_029006_ac78eaf8b4d36c6e,6,69_1174,2,5
29016,2024_029016_fbc9d8b825dbd981,3,69_1174,2,13
29018,2024_029018_cee00cb4f7db330a,3,69_1174,2,9
29027,2024_029027_a2112005facc384f,3,69_1174,2,9
29064,2024_029064_e2bc7d433edd691c,3,70_1175,5,7
29071,2024_029071_627450ba2a540d97,0,70_1175,5,16
29076,2024_029076_84c9f8451d39cf3c,0,70_1175,5,7
29083,2024_029083_d4589bf7c2653c68,3,70_1175,5,2
29085,2024_029085_591037cc476c14c6,3,70_1175,5,50
29086,2024_029086_bf50419258725fea,1,70_1174,5,14
29087,2024_029087_fe29bf9df806dd2f,0,70_1174,5,25
29088,2024_029088_c0b92861c39e8337,2,70_1174,5,18
29089,2024_029089_8f82438bfd32dfc9,3,70_1174,5,16
29091,2024_029091_ec5919cb84b7f460,4,70_1174,5,12
29092,2024_029092_332a3df294ae0238,4,70_1174,5,10
29093,2024_029093_469db790b4064f60,3,70_1174,5,12
29095,2024_029095_5e93764abb0232a8,3,70_1174,5,2
29096,2024_029096_5958062c78a2ba95,6,70_1174,5,7
29099,2024_029099_38501201f4693fd7,3,70_1174,5,5
29143,2024_029143_f97e6c2311f55d93,0,70_1175,5,3
29145,2024_029145_b0ae94250a9f9715,0,70_1175,5,8
29151,2024_029151_d551cb9ccdcb06ed,3,70_1174,5,3
29158,2024_029158_b3b39b6e34c8e83a,3,70_1174,5,20
29160,2024_029160_171327a1b94ffacd,0,70_1175,5,7
29166,2024_029166_b7d8085a7a5f0721,3,70_1174,5,6
29169,2024_029169_4abb93fa9b23dc3e,3,70_1174,5,20
29177,2024_029177_3e90ee5805d8f85f,6,70_1174,5,3
29180,2024_029180_0034ffcae5a1dbc8,1,70_1174,5,5
29183,2024_029183_f7e99f15ddacc89e,6,70_1174,5,2
29192,2024_029192_6b01a6c68587f097,5,70_1174,5,9
29198,2024_029198_42ecc3752573beb2,1,70_1174,5,6
29200,2024_029200_3357cc2bc8ce44b1,4,70_1174,5,12
29202,2024_029202_667135d6dbe80730,2,70_1174,5,7
29212,2024_029212_3858599a901e1d8f,0,70_1174,5,5
29216,2024_029216_a2aba1d634b937d4,4,70_1174,5,7
29224,2024_029224_0c94d2ee63c74af8,3,70_1174,5,11
29228,2024_029228_17d6f823768aa27f,4,70_1174,5,8
29230,2024_029230_db208e152001740a,3,70_1174,5,8
29232,2024_029232_3d43104c9dfa89e2,4,70_1174,5,10
29237,2024_029237_d570cb429f7cc8f5,0,70_1174,5,3
29243,2024_029243_d1ccd009a04dbb53,3,70_1174,5,12
29247,2024_029247_7be7abae0b0964ec,6,70_1174,5,10
29255,2024_029255_ea5c785776adc5e1,6,70_1174,5,7
29264,2024_029264_450ce2c1a6f27c70,0,70_1175,5,40
29272,2024_029272_e8da4f8b67431755,2,70_1175,5,30
29274,2024_029274_416d3fd6b8bff7ba,6,70_1175,5,23
29278,2024_029278_4bb8151eff8e2ae6,6,70_1175,5,25
29281,2024_029281_0e2a468019582112,6,70_1175,5,24
29282,2024_029282_37501f0776ea3a4f,1,70_1175,5,2
29287,2024_029287_f6dbcb6daa0f0222,4,70_1175,5,12
29288,2024_029288_7ed25a77a556d5a3,1,70_1175,5,24
29290,2024_029290_9827f6c4fa923e81,3,70_1175,5,25
29306,2024_029306_46e76583538bbd02,2,70_1175,5,10
29307,2024_029307_ec362ff7cfd2dc5b,0,70_1175,5,3
29312,2024_029312_f86485d4ec75d656,6,70_1175,5,3
29316,2024_029316_b27e2b2f40dc53e7,1,70_1175,5,9
29322,2024_029322_695a1c675c10b61f,3,70_1175,5,27
29338,2024_029338_f18e98dc1624039f,4,70_1175,5,24
29339,2024_029339_d223bc394ef04faa,6,70_1175,5,19
29340,2024_029340_95221ec54ada5876,0,70_1175,5,4
29342,2024_029342_564512fe2a98efba,4,70_1175,5,17
29347,2024_029347_bc62e0ddd0515523,4,70_1175,5,13
29349,2024_029349_0fec377c9964829d,2,70_1175,5,13
29360,2024_029360_36cda94eef6954c0,0,70_1175,5,19
29367,2024_029367_d627b10b2ad2cfe7,0,70_1175,5,10
29373,2024_029373_01b91345fd20a4d1,0,70_1175,5,16
29376,2024_029376_080f39e996d788fc,0,70_1175,5,6
29381,2024_029381_e0e938ea4b83c9d2,2,70_1175,5,2
29386,2024_029386_c9ccd63e623e56d3,0,70_1174,5,2
29389,2024_029389_9dbb51547ffa4da0,0,70_1175,5,5
29391,2024_029391_7d96d53aac6972eb,0,70_1174,5,5
29400,2024_029400_4a5086a6b2d59d5b,0,70_1175,5,2
29406,2024_029406_4b6ad4beb4d63734,1,70_1175,5,9
29417,2024_029417_b99014d9d1ac508d,2,70_1175,5,19
29428,2024_029428_c19e92e7a5185969,6,70_1174,5,84
29429,2024_029429_c4ee521acf59ba0e,2,70_1174,5,44
29430,2024_029430_e75a842c26028892,6,70_1174,5,32
29431,2024_029431_752ebd368d1690aa,3,70_1174,5,30
29432,2024_029432_47d7099b36783f7c,6,70_1174,5,22
29433,2024_029433_e14822228ab5b437,2,70_1174,5,14
29434,2024_029434_8d71cbb294441017,2,70_1174,5,3
29435,2024_029435_fa1a19e697bf5c53,1,70_1174,5,10
29436,2024_029436_63c5e5a06532ff88,3,70_1174,5,5
29439,2024_029439_67dc52bc0800462f,6,70_1174,5,10
29440,2024_029440_d5f156da33b98f3b,0,70_1174,5,4
29443,2024_029443_cb7445c805065af4,5,70_1174,5,3
29444,2024_029444_9e8f86d7f01eff83,6,70_1174,5,3
29449,2024_029449_26a5d84fff146bdc,6,70_1174,5,2
29468,2024_029468_c57394f3b93dc9d2,1,70_1175,5,50
29472,2024_029472_9edab17e5c24bcee,0,70_1175,5,22
29473,2024_029473_5c042f2fc1cabd51,1,70_1175,5,25
29476,2024_029476_02cfae58e0531075,3,70_1175,5,16
29481,2024_029481_713c4b2e1ad0dfb0,3,70_1175,5,8
29513,2024_029513_5fc73177f6bf0e19,3,70_1175,5,8
29516,2024_029516_665bd29e86da0131,0,70_1175,5,33
29519,2024_029519_0b8b86ce30d3b2ce,2,70_1174,5,2
29520,2024_029520_d4bdb52c0404f4a3,1,70_1174,5,7
29523,2024_029523_678da59e6150e387,3,70_1174,5,26
29526,2024_029526_273f76d563cba7ee,6,70_1174,5,49
29536,2024_029536_65c907bb20b98ba0,3,70_1175,5,25
29539,2024_029539_3e39081f85c375a2,4,70_1175,5,18
29540,2024_029540_2bab5aceb7ce21b7,1,70_1174,5,9
29548,2024_029548_2cbbf60166d3f2ba,0,70_1174,5,5
29550,2024_029550_67a8cb7e868413a3,0,70_1174,5,2
29555,2024_029555_2c0192ccf00a565b,4,70_1175,5,16
29556,2024_029556_f8237656c69ff6f6,6,70_1175,5,27
29557,2024_029557_6adced0246b91499,6,70_1174,5,56
29559,2024_029559_675329dd8291ded1,6,70_1174,5,18
29563,2024_029563_c3fd9fefaf6b3b23,1,70_1174,5,9
29564,2024_029564_65c48c25e8bce74d,3,70_1174,5,10
29571,2024_029571_16d1780040a359c7,1,70_1174,5,5
29604,2024_029604_f543c9941a77cecd,2,70_1174,5,13
29608,2024_029608_1f16accad3e73a6d,3,70_1174,5,9
29610,2024_029610_1e394d0564b3b91a,2,70_1174,5,10
29614,2024_029614_56057cc339e5b447,4,70_1174,5,4
29616,2024_029616_70f2cc4adb67c56b,0,70_1174,5,6
29643,2024_029643_62950b53c620e158,3,70_1174,5,15
29653,2024_029653_e3db65b48ba3a13f,1,70_1174,5,2
29679,2024_029679_4c2a9cd1808732a0,3,70_1175,5,48
29680,2024_029680_77bdc7c71243476c,3,70_1175,5,33
29683,2024_029683_2bf4f1ea4a5f412f,6,70_1175,5,26
29688,2024_029688_f01bcb6c0d9e5160,6,70_1175,5,40
29690,2024_029690_d02abc04532c3293,6,70_1175,5,27
29692,2024_029692_28e6b9ff028deb94,4,70_1175,5,30
29693,2024_029693_5f3638a8fdd22ed7,3,70_1175,5,22
29694,2024_029694_789cd6135498f079,6,70_1175,5,22
29696,2024_029696_e9c6b412a4eafac8,4,70_1175,5,10
29699,2024_029699_32912959c9c4bf12,0,70_1175,5,3
29731,2024_029731_2e21dc5e98b09361,2,70_1177,2,5
29740,2024_029740_82fa5995935f1e4a,3,70_1177,2,4
29745,2024_029745_d48a397a9ad201aa,6,69_1175,4,4
29756,2024_029756_0041615cce9724a2,3,70_1175,5,42
29793,2024_029793_5f271af49fb98a88,0,70_1175,5,9
29794,2024_029794_4f20cbcf309dde1b,1,70_1176,2,23
29795,2024_029795_ea2a8e26236dcd10,0,70_1176,2,129
29808,2024_029808_d67b10e6eec07028,2,70_1175,5,17
29810,2024_029810_0cd11a28eb62df08,3,69_1175,4,25
29841,2024_029841_d898d13b58530b50,6,69_1175,4,5
29843,2024_029843_4bbd563254d746f4,2,70_1175,5,5
29855,2024_029855_af871ff0e7cd1ecc,6,70_1175,5,62
29856,2024_029856_b6f95ff8d8479bd3,3,70_1175,5,24
29857,2024_029857_3f006f065c113764,0,70_1175,5,23
29858,2024_029858_596717d35e4e8c5c,0,70_1175,5,13
29859,2024_029859_473c77eb8e7564ff,1,70_1175,5,18
29860,2024_029860_65720860c960095a,1,70_1175,5,14
29861,2024_029861_7f2662ca680439c6,0,70_1175,5,8
29864,2024_029864_8194ec6d1825a14e,6,70_1175,5,11
29873,2024_029873_9b1ee67a0ebb9396,1,70_1175,5,2
29907,2024_029907_c6025b53c275f1db,0,70_1176,2,98
29917,2024_029917_5d4928424df9373c,0,70_1176,2,7
29922,2024_029922_055397481c85d80b,0,70_1176,2,3
29930,2024_029930_0d8b071bbde22458,3,70_1176,2,44
29939,2024_029939_60f4a8a690227abf,0,70_1175,5,8
29953,2024_029953_dcb0f41a0c26e8e7,0,70_1175,5,10
29955,2024_029955_ef35a335ee2564cb,1,70_1175,5,2
29958,2024_029958_1a7b4193f9e4316a,3,70_1175,5,7
29959,2024_029959_408f21ab6a0e7fbe,0,70_1175,5,10
29970,2024_029970_4f46ec78a7f39bf3,6,70_1175,5,15
29997,2024_029997_cbe2366f852425ec,3,70_1175,5,26
29998,2024_029998_c26bddcd7600983c,6,70_1175,5,19
29999,2024_029999_ecf50bff7e24d511,4,70_1175,5,11
30003,2024_030003_879462a887cbcb0b,1,70_1175,5,5
30005,2024_030005_fab4b5e5317bb6ed,4,70_1175,5,6
30009,2024_030009_c29911c550a51c04,1,70_1175,5,2
30013,2024_030013_03fc9c32fa14452a,3,70_1175,5,2
30050,2024_030050_2e9eead7449e9581,3,70_1176,2,3
30075,2024_030075_a1736a3e44bece4c,0,70_1176,2,5
30081,2024_030081_83cc3d9e4f350a94,4,70_1176,2,7
30091,2024_030091_2a8be08930a209b9,1,70_1175,5,9
30092,2024_030092_f67117471e19da1e,1,70_1175,5,14
30102,2024_030102_12c26dde908dc20a,0,70_1175,5,7
30128,2024_030128_4486cd8a05acc928,0,70_1175,5,21
30137,2024_030137_e3928a5bbfcf1d6a,0,70_1175,5,39
30145,2024_030145_e7fbfc48ca3d05ab,6,70_1175,5,3
30148,2024_030148_e21c4a0360b393c2,2,70_1175,5,12
30159,2024_030159_1bd20cf55020d2c4,4,70_1175,5,14
30160,2024_030160_5e515f59f36596db,4,70_1175,5,8
30162,2024_030162_a647c10ff7e4c976,4,70_1175,5,7
30163,2024_030163_0ce332fe287dec6d,6,70_1175,5,18
30164,2024_030164_96e8bdb4c4c767ca,0,70_1175,5,8
30166,2024_030166_9b6d182e6f4abcae,0,70_1175,5,6
30170,2024_030170_d343194b94bf8777,2,70_1175,5,2
30176,2024_030176_dfdaedd32f226eb0,2,70_1175,5,2
30214,2024_030214_68f7011d6a97afe6,3,70_1176,2,56
30222,2024_030222_f7a609b998b36d31,3,70_1176,2,8
30229,2024_030229_d7378853160170da,0,70_1176,2,4
30243,2024_030243_1da6ee54fdfca5fd,2,70_1176,2,3
30250,2024_030250_79c92850e46e530b,3,70_1175,5,16
30251,2024_030251_8cce5b142a853fcc,2,70_1175,5,9
30257,2024_030257_db8cf219bdcd8b0f,3,70_1175,5,5
30264,2024_030264_9c11a94781433391,3,70_1175,5,15
30266,2024_030266_98c0465998c8dd9c,3,70_1175,5,3
30284,2024_030284_42e72549ebb14b61,0,70_1175,5,5
30287,2024_030287_2170118770da9dd2,0,70_1175,5,21
30288,2024_030288_220df2c409135d90,0,70_1175,5,24
30307,2024_030307_d2b3b245b43cdb6e,0,70_1175,5,14
30330,2024_030330_08dbeb686c5fef43,1,70_1175,5,9
30335,2024_030335_920f694ae6db559d,3,70_1175,5,9
30340,2024_030340_231e88903e1dce94,3,70_1175,5,23
30356,2024_030356_a4876e2016f05d13,0,70_1175,5,45
30381,2024_030381_5fc4ee269af1d41c,3,70_1175,5,2
30386,2024_030386_3a953486dd5ff137,4,70_1175,5,74
30388,2024_030388_0dcee0cab97b4262,3,70_1175,5,2
30396,2024_030396_4dc49aa41f16e19c,0,70_1175,5,4
30405,2024_030405_14457b5004b1370c,0,70_1175,5,23
30409,2024_030409_6c2d016af49598fa,0,70_1175,5,2
30410,2024_030410_b8a685323dc5211e,3,70_1175,5,12
30414,2024_030414_41b27237cff0baa0,6,70_1175,5,4
30418,2024_030418_74fe9dda91e02b5c,6,70_1175,5,6
30423,2024_030423_abe690cd009e2585,3,70_1175,5,2
30428,2024_030428_7f2c661111925991,0,70_1175,5,3
30455,2024_030455_95b4d98101c4be8c,3,70_1175,5,20
30457,2024_030457_e30a9efed30ad39e,2,70_1175,5,4
30486,2024_030486_af4b5afaf944b897,0,70_1175,5,9
30488,2024_030488_a01ec442dd20a4cd,0,70_1175,5,11
30534,2024_030534_a90034dbec3d1174,3,70_1175,5,4
30561,2024_030561_081c41f17b02b6f0,2,70_1175,5,2
30564,2024_030564_c147d254aa4a6d51,3,70_1175,5,2
30565,2024_030565_918d1180aaaa8d97,3,70_1175,5,16
30573,2024_030573_000fba09f3471581,3,70_1176,2,2
30608,2024_030608_2782796e921339e3,3,70_1175,5,2
30621,2024_030621_78f86b540949fdab,3,70_1175,5,5
30640,2024_030640_432be564c07cbaa4,3,70_1175,5,7
30642,2024_030642_d7a4223fd5a18588,3,70_1175,5,5
30701,2024_030701_8e480a8edeca5820,3,70_1175,5,18
30709,2024_030709_4174d56bbd7190bd,4,70_1176,2,98
30729,2024_030729_9dbe6100c0bf474d,4,70_1175,5,8
30754,2024_030754_27f191d5f04d5505,0,70_1175,5,43
30755,2024_030755_6bf206b3a7bc8d64,0,70_1175,5,7
30826,2024_030826_08169e4de9ec8fa9,0,70_1175,5,7
30846,2024_030846_d40427e67e27115a,0,70_1175,5,11
30858,2024_030858_7ad0bb2160513920,3,70_1175,5,24
30861,2024_030861_acf453aedec1eaf3,0,70_1175,5,64
30866,2024_030866_257b46b9b4fb7cbb,4,70_1175,5,18
30874,2024_030874_a0e9f93cde08f1af,1,70_1175,5,18
30881,2024_030881_6e3004435fce646a,0,70_1175,5,18
30883,2024_030883_b63498e564fe8b22,4,70_1175,5,3
30904,2024_030904_1ddee92618b88a32,1,70_1175,5,5
30930,2024_030930_4ab08415a0fa95ab,0,70_1175,5,21
30962,2024_030962_3b758c8c4a72e110,4,70_1173,1,33
30965,2024_030965_63fb81b18fa54f69,3,70_1173,1,24
30989,2024_030989_760c0e4991ffe2c7,4,70_1173,1,13
30992,2024_030992_cb8055d7dfbcd648,3,70_1173,1,13
30993,2024_030993_4600fffb8d6e3e71,3,70_1173,1,8
30994,2024_030994_8af2860a71d90f55,4,70_1173,1,21
30995,2024_030995_a8096917cb8852b7,4,70_1173,1,15
30996,2024_030996_39729cf6befff22b,4,70_1173,1,10
30997,2024_030997_0735220ad7d3864e,6,70_1173,1,2
31000,2024_031000_76f43e75af8ffb2e,6,70_1173,1,5
31032,2024_031032_08be182169f572fe,4,70_1173,1,89
31037,2024_031037_54a55772826a9b36,3,70_1173,1,4
31038,2024_031038_34e4e63be7a22cb1,3,70_1173,1,6
31042,2024_031042_dde34bc4a06682e9,6,70_1173,1,55
31043,2024_031043_0913702c4bb166eb,4,70_1173,1,23
31044,2024_031044_cef94b260c17bcb5,4,70_1173,1,54
31046,2024_031046_7acc419b7dadce21,4,70_1173,1,4
31051,2024_031051_8fc3e6841336f6d0,6,70_1173,1,54
31056,2024_031056_0235322e14403b5f,6,70_1173,1,63
31057,2024_031057_707eccfc077446da,6,70_1173,1,12
31058,2024_031058_3e7576ed3c6b875c,4,70_1173,1,84
31059,2024_031059_fd8ab2cc2bca421c,4,70_1173,1,32
31088,2024_031088_83fdbe3e5a650170,6,70_1173,1,11
31092,2024_031092_6ae7dbeab3879ab6,2,70_1173,1,10
31103,2024_031103_19dd30e7299f79a0,4,70_1173,1,7
31122,2024_031122_bf552b491356a006,0,70_1173,1,5
31127,2024_031127_e281b7bd8490467b,6,70_1173,1,2
31134,2024_031134_b98b27ed4bc4ba16,4,70_1173,1,10
31136,2024_031136_f850b1f092c8d496,3,70_1173,1,8
31153,2024_031153_e5d51cc1ec50aeba,4,70_1173,1,71
31158,2024_031158_61684442359a38db,3,70_1173,1,12
31160,2024_031160_fcb43de880abcc5f,1,70_1173,1,3
31167,2024_031167_47a6e0dfbcf549ba,3,70_1173,1,4
31170,2024_031170_e3571e3fd329abb1,3,70_1173,1,3
31178,2024_031178_5071ae821abf09be,0,70_1173,1,2
31182,2024_031182_70c2597eda21e53a,4,70_1173,1,7
31186,2024_031186_45b4ba4764a3a812,1,70_1173,1,3
31197,2024_031197_e84cc8b199cf9d49,1,70_1173,1,3
31226,2024_031226_7af5353963a3eef6,0,70_1173,1,9
31242,2024_031242_b7de2302f74b11fd,0,70_1173,1,4
31258,2024_031258_6e5c62d4890ad7ef,0,70_1173,1,9
31267,2024_031267_669f960b26cd745c,0,70_1173,1,2
31277,2024_031277_6b49716cf566395c,0,70_1173,1,9
31285,2024_031285_331ee3ee1fc5cdab,0,70_1173,1,19
31287,2024_031287_0e72bd2111d8406b,0,70_1173,1,17
31290,2024_031290_afa1d9e31f174a61,0,70_1173,1,4
31295,2024_031295_8a6717d8a33cf6ec,1,70_1173,1,3
31310,2024_031310_4e60108777099c9c,3,70_1173,1,2
31319,2024_031319_58f45d2594b75392,0,70_1173,1,5
31326,2024_031326_bb4762c132b67f4d,1,70_1173,1,19
31330,2024_031330_607c5e6891557c81,4,70_1173,1,7
31335,2024_031335_9310134aab2e3dc7,4,70_1173,1,6
31355,2024_031355_12f24c2e87be671f,6,70_1173,1,39
31360,2024_031360_66de79bed325e77d,0,70_1173,1,10
31368,2024_031368_fd3247fe2c3d02ef,1,70_1173,1,3
31398,2024_031398_a7ba0656bb7ebb04,3,70_1173,1,46
31403,2024_031403_90613323c4519ecf,0,70_1173,1,5
31404,2024_031404_44ff7446b0e116b9,4,70_1173,1,11
31407,2024_031407_65b0ab125847ec9a,0,70_1173,1,3
31413,2024_031413_a0b1f7dc41b55479,4,70_1173,1,12
31419,2024_031419_dbfc1c9574fd65d8,6,70_1173,1,9
31422,2024_031422_a927c4ae23293e4e,5,70_1173,1,10
31424,2024_031424_0dfbb0ac1806ed67,6,70_1173,1,4
31429,2024_031429_a96426f31e413639,6,70_1173,1,9
31434,2024_031434_1753b015d95f669a,3,70_1173,1,21
31444,2024_031444_e4876a9a06961bb5,6,70_1173,1,3
31446,2024_031446_10dded7394043343,4,70_1173,1,13
31448,2024_031448_c0e38602ecad0f32,0,70_1173,1,3
31450,2024_031450_fddf4042419011e7,3,70_1173,1,51
31458,2024_031458_6614ef2d694a4bf1,5,70_1173,1,14
31464,2024_031464_93c3bcf6a2c9b296,5,70_1173,1,8
31465,2024_031465_2e19580a77c21713,1,70_1173,1,3
31474,2024_031474_87df2950b59a9037,6,70_1173,1,17
31478,2024_031478_d62170becab58fae,0,70_1173,1,6
31479,2024_031479_c2ffb10cf90378f8,6,70_1173,1,5
31488,2024_031488_a645cfa85c407ab3,0,70_1173,1,5
31493,2024_031493_bbc1c4ad2d78f83e,0,70_1173,1,3
31507,2024_031507_8325dece5fe3b758,4,70_1173,1,4
31519,2024_031519_92be92ac7a83c263,4,70_1173,1,6
31537,2024_031537_715b022746c7a4d5,5,70_1173,1,17
31539,2024_031539_0e1b246e38a31a60,0,70_1173,1,8
31542,2024_031542_67918296fc83587f,4,70_1173,1,8
31548,2024_031548_b8e61d98e1caa330,4,70_1173,1,26
31561,2024_031561_bbece1daed533465,4,70_1173,1,9
31562,2024_031562_7f0be72b1d47bf86,3,70_1173,1,60
31573,2024_031573_79bd140e36ca57ac,6,70_1173,1,16
31576,2024_031576_ded8f2f07cb027f7,3,70_1173,1,21
31577,2024_031577_7057cde6fcdf116c,0,70_1173,1,2
31582,2024_031582_156f8dd3e0aad409,6,70_1173,1,17
31583,2024_031583_d02d29b148717514,6,70_1173,1,3
31588,2024_031588_3ef1976bc2f88a16,3,70_1173,1,3
31589,2024_031589_08fdca3606b9d44b,4,70_1173,1,41
31590,2024_031590_7b677b8d086a0fd5,4,70_1173,1,19
31591,2024_031591_6494d1e4c32dc548,3,70_1173,1,17
31592,2024_031592_4c0fa6fb484038aa,6,70_1173,1,17
31593,2024_031593_30f8274cc675ad09,4,70_1173,1,16
31595,2024_031595_0c55467547f073f3,4,70_1173,1,7
31596,2024_031596_46f56dbeeb614da1,3,70_1173,1,6
31598,2024_031598_112d56020e97a0b0,3,70_1173,1,5
31600,2024_031600_655de404505c03ee,6,70_1173,1,3
31640,2024_031640_398634f5064c467d,0,70_1173,1,15
31651,2024_031651_e1f82ca6effea509,1,70_1173,1,11
31653,2024_031653_74da09358caa2d21,3,70_1173,1,24
31658,2024_031658_5274a7b1b3c3484a,3,70_1173,1,39
31670,2024_031670_78b9d80cea72495a,3,70_1173,1,12
31686,2024_031686_148fcc80d2e6f9a0,3,70_1173,1,14
31687,2024_031687_4c39e0b25b66f68f,0,70_1173,1,9
31694,2024_031694_84c6f72d0dd703f2,2,70_1173,1,3
31708,2024_031708_5bef141532eff495,0,70_1173,1,3
31719,2024_031719_2e8c2ba11c13341a,4,70_1173,1,8
31724,2024_031724_daf9419cc64a043d,3,70_1173,1,2
31728,2024_031728_de8046ae335d1b6d,3,70_1173,1,9
31735,2024_031735_1ad0a8c5d7d3881f,3,70_1173,1,87
31742,2024_031742_20289be087b8f65c,2,70_1173,1,2
31743,2024_031743_c39dbedafa38e70c,6,70_1173,1,2
31744,2024_031744_59e094dd164dd3c5,3,70_1173,1,4
31750,2024_031750_60dc31c5fe808808,0,70_1173,1,2
31755,2024_031755_af7faac8f32255ff,6,70_1173,1,2
31759,2024_031759_4fa47de6ed936f6e,3,70_1173,1,16
31763,2024_031763_a5204e7d9e72c743,6,70_1173,1,21
31769,2024_031769_4107a8f6652c8fa2,2,70_1173,1,69
31776,2024_031776_6fa747203cc99b9f,3,70_1173,1,6
31777,2024_031777_56875521128f9e10,3,70_1173,1,3
31778,2024_031778_e8ac329e927d37ca,3,70_1173,1,3
31782,2024_031782_e2ce6e4f1185dde7,4,70_1173,1,10
31802,2024_031802_d05e3f63ebe66f3d,0,70_1173,1,7
31822,2024_031822_e06706297e734673,4,70_1173,1,6
31827,2024_031827_528a3f7ac9cc1468,2,70_1173,1,3
31830,2024_031830_a721f06ba6100a56,6,70_1173,1,117
31834,2024_031834_0cf87c19972bb142,3,70_1173,1,14
31837,2024_031837_a68a4a30cbed9b2e,3,70_1173,1,11
31838,2024_031838_c327b778d1b87411,3,70_1173,1,6
31843,2024_031843_78a0316f09ec5a80,3,70_1176,2,81
31844,2024_031844_28c3ea35bb2e6df7,3,70_1175,5,64
31845,2024_031845_a238aff8f7d2297d,3,70_1175,5,10
31853,2024_031853_dd432c2c28f6ac42,3,70_1175,5,3
31886,2024_031886_ddb91be214a88669,3,70_1175,5,27
31909,2024_031909_2fe3c0da53d8da3d,4,70_1175,5,11
31926,2024_031926_df3d178cd279da4e,3,70_1175,5,7
31928,2024_031928_95cf87890afe3cf1,0,70_1175,5,8
31931,2024_031931_184970de3b3f8ecb,4,70_1175,5,18
31933,2024_031933_ea6ec7e991fd4eda,0,70_1175,5,5
31938,2024_031938_27660654f74dabe3,3,70_1175,5,8
31942,2024_031942_a20094b45c9d8a4a,3,70_1175,5,16
31968,2024_031968_f3a73b3c90cdd87f,0,70_1175,5,5
31973,2024_031973_9ed37dd97eba28f5,1,70_1175,5,2
31982,2024_031982_25adac557a589ea1,0,70_1175,5,2
31985,2024_031985_8be472e062f913bd,1,70_1175,5,18
31991,2024_031991_b9362f6d75242f90,0,70_1175,5,14
32000,2024_032000_eda95d6498f27a84,3,70_1175,5,5
32001,2024_032001_001d18224f93977e,0,70_1175,5,11
32006,2024_032006_b7c9e283176f23dc,0,70_1175,5,4
32007,2024_032007_733dddaff65e2246,0,70_1175,5,148
32032,2024_032032_46efa226814147ff,0,70_1175,5,2
32037,2024_032037_0912a31521ae0b82,3,70_1175,5,19
32041,2024_032041_6a3e4c8566ece146,3,70_1175,5,15
32051,2024_032051_e0035cfe6e176abd,6,70_1175,5,11
32055,2024_032055_44fe602e8d79a348,6,70_1175,5,11
32057,2024_032057_d988b2245d9d833b,3,70_1175,5,32
32061,2024_032061_def95a7b24d1758f,2,71_1175,1,15
32063,2024_032063_a71578deb6f6b70c,2,70_1175,5,13
32076,2024_032076_dc36d5befed2714e,3,70_1175,5,18
32102,2024_032102_40f3c930cb8c33c1,3,70_1175,5,3
32109,2024_032109_7f27d6dfd7bf045f,1,71_1175,1,8
32110,2024_032110_5d04fff573f226f2,1,71_1175,1,5
32112,2024_032112_b1d5532e8803e355,3,71_1175,1,9
32116,2024_032116_0be13a1dfed37138,0,71_1175,1,5
32118,2024_032118_7db3640f2c9395d9,3,71_1175,1,29
32121,2024_032121_7cf7eabe6a76fc4b,3,71_1175,1,7
32122,2024_032122_c8303d20119ae3ff,0,71_1175,1,9
32135,2024_032135_47da23f939bdafbb,1,71_1175,1,8
32149,2024_032149_3b1667f8d84f6f4a,6,71_1175,1,10
32153,2024_032153_0cefddd44b6f03b2,0,71_1175,1,12
32154,2024_032154_12a775470e1f977d,3,71_1175,1,8
32156,2024_032156_3736877aa2482ddd,4,70_1175,5,33
32163,2024_032163_397c8f31fe5a16d0,1,70_1175,5,7
32169,2024_032169_88107eacee8541ae,5,70_1175,5,3
32222,2024_032222_7fc94096cf092baf,3,71_1175,1,56
32229,2024_032229_2d567b75b7116cc8,4,71_1175,1,14
32231,2024_032231_568fefba615b791c,3,71_1175,1,20
32233,2024_032233_245fa62ac416e102,3,71_1175,1,13
32235,2024_032235_8ba175cf6d9cca0b,3,71_1175,1,10
32236,2024_032236_faa316f0f3135683,3,71_1175,1,16
32238,2024_032238_05c6fec2a194ec9a,4,71_1175,1,19
32242,2024_032242_ad8204c9f2131a9d,3,71_1175,1,31
32245,2024_032245_1f177906b6b5bbd1,6,71_1175,1,29
32248,2024_032248_25e042b3ba0038db,4,71_1175,1,35
32256,2024_032256_dd47e482cbc474ff,3,71_1175,1,64
32277,2024_032277_0d5f2e3a82bf871b,3,71_1175,1,7
32281,2024_032281_0f81953858219b2e,3,71_1175,1,6
32285,2024_032285_d59fab4b3522d189,3,71_1175,1,23
32302,2024_032302_5605762da8db26b7,4,71_1175,1,36
32307,2024_032307_1a259819fcfc4593,1,71_1175,1,7
32308,2024_032308_3a1573a11e04358c,1,71_1175,1,2
32311,2024_032311_12345d3fbd080d66,3,71_1175,1,10
32313,2024_032313_a996059203f3419f,3,71_1175,1,18
32314,2024_032314_9ff53299d84c9ad9,1,71_1175,1,13
32315,2024_032315_cb096f56701f29fc,3,71_1175,1,7
32319,2024_032319_0fb1ddc669eef547,0,71_1175,1,2
32323,2024_032323_846dc7fd998e7c19,5,71_1175,1,2
32326,2024_032326_21a3ee4b632423e9,3,71_1175,1,10
32333,2024_032333_6f6279447a7136bb,4,71_1176,5,48
32335,2024_032335_4bee080353a549d1,5,71_1175,1,9
32339,2024_032339_b4c7923d172002cc,0,71_1175,1,4
32348,2024_032348_79f2d1e086c563c4,2,71_1175,1,55
32369,2024_032369_2450bc26c01e8b92,3,71_1175,1,9
32387,2024_032387_db206ea294b81a45,3,71_1175,1,27
32394,2024_032394_58730ce0565aed13,1,71_1175,1,23
32397,2024_032397_456149a47f115544,0,71_1175,1,12
32412,2024_032412_cab5277a2882c414,1,71_1175,1,37
32423,2024_032423_26c524704f6f242b,1,71_1175,1,8
32429,2024_032429_a0a54c1e58c5dc1e,0,71_1175,1,17
32433,2024_032433_cffe3429bc32681d,4,71_1175,1,33
32434,2024_032434_07555df2083c8625,4,71_1175,1,43
32437,2024_032437_e72f22269d18eac4,1,71_1175,1,19
32441,2024_032441_ee769337fdbfdaa8,3,71_1175,1,15
32472,2024_032472_f12e9120e95d9bf3,3,71_1175,1,12
32476,2024_032476_041b53bbd13fc190,6,71_1175,1,16
32478,2024_032478_74acba95dda72abd,6,71_1175,1,21
32482,2024_032482_db2cea10ca297e78,3,71_1175,1,9
32498,2024_032498_1156c4743e8516ce,1,71_1175,1,2
32503,2024_032503_5ea44b400c2bee7a,6,71_1175,1,30
32505,2024_032505_5492741fe9b9eac7,3,71_1175,1,4
32517,2024_032517_b36b3fa46cf27ad2,3,71_1175,1,28
32518,2024_032518_5242ebdb88bf3546,6,71_1175,1,27
32520,2024_032520_5982f9fb432a7319,4,71_1175,1,29
32522,2024_032522_461f86e0dba27904,3,71_1175,1,15
32569,2024_032569_0c7d34367dc664a7,4,71_1175,1,26
32582,2024_032582_1ae2813ca0374819,3,71_1175,1,28
32587,2024_032587_66b80f45f2a52509,6,71_1175,1,73
32610,2024_032610_4e2d071f26260e90,3,71_1175,1,16
32619,2024_032619_89215542627172ca,3,71_1175,1,2
32638,2024_032638_6b36894df959e5b4,4,71_1175,1,46
32643,2024_032643_f0e8dded4995478c,3,71_1175,1,2
32653,2024_032653_8d857c60a61cd7e9,3,71_1175,1,24
32655,2024_032655_6474227f38f80b07,4,71_1175,1,5
32676,2024_032676_4a2163b60640a60f,3,71_1175,1,52
32683,2024_032683_8412bf9f6db4f6ec,1,71_1176,5,4
32685,2024_032685_4779e6df5b8a7684,1,71_1176,5,6
32690,2024_032690_a634822eb1cd585e,3,71_1175,1,6
32698,2024_032698_d7770313d48ef160,5,71_1175,1,7
32702,2024_032702_f78bfaf4410c6e09,4,71_1175,1,15
32706,2024_032706_98a34ff6f2e3d792,3,71_1175,1,31
32708,2024_032708_bb7d623a67839178,2,71_1175,1,37
32713,2024_032713_317aea78bedca4ff,3,71_1175,1,24
32716,2024_032716_57a8f57a8b54229c,2,71_1175,1,27
32729,2024_032729_43163d7d24a0cd96,3,71_1175,1,3
32736,2024_032736_d29f88b6500763cf,5,71_1175,1,13
32759,2024_032759_240f9fb1e2c68b36,6,71_1175,1,2
32760,2024_032760_558ae8c3d757a662,3,71_1175,1,38
32766,2024_032766_b3f3757cd8051290,3,71_1175,1,2
32775,2024_032775_9989c25901d06472,3,71_1175,1,2
32777,2024_032777_2c1a33d5c5c69f00,5,71_1175,1,3
32782,2024_032782_ca1b5764a3b3e9cb,0,71_1176,5,3
32788,2024_032788_bd213c03c704599d,2,71_1176,5,9
32822,2024_032822_24f301f9a1d6a2bd,6,70_1175,5,117
32834,2024_032834_3f639092b223ccbe,6,70_1176,2,28
32872,2024_032872_d25253046cb470b9,1,71_1173,2,6
32876,2024_032876_af8ebfcfe37c02bb,6,71_1173,2,6
32882,2024_032882_fb064cd12838a6b3,6,71_1173,2,8
32886,2024_032886_1e234cb4693b6a66,0,71_1173,2,8
32890,2024_032890_db72780918c1dcf3,3,70_1173,1,4
32922,2024_032922_d1b8d7b905c88f37,0,71_1173,2,2
32928,2024_032928_b3130e06d72d9bff,6,71_1173,2,11
32935,2024_032935_4369010d710d1f5e,3,71_1173,2,14
32937,2024_032937_fc8aa5098cad3fed,4,71_1173,2,5
32944,2024_032944_771db99e01b2d9ea,3,71_1173,2,6
32963,2024_032963_77fd90373930847b,3,71_1173,2,7
32965,2024_032965_173d5b6b8902d085,3,71_1173,2,11
32971,2024_032971_10d410a83c0d6f9d,6,70_1173,1,5
32979,2024_032979_7745058d8d234d9c,3,70_1173,1,3
32993,2024_032993_a47fcd43cb3ae2f3,3,71_1173,2,2
33009,2024_033009_2f7c0e8886c63a3c,0,71_1173,2,4
33013,2024_033013_ce48b7b8836bd7f0,3,71_1173,2,15
33024,2024_033024_d4591f501dd62801,0,71_1173,2,3
33028,2024_033028_5c97c685c5260fc0,3,71_1173,2,3
33031,2024_033031_997ec32dc827047a,0,71_1173,2,9
33032,2024_033032_34f093a686879176,6,71_1173,2,6
33043,2024_033043_9f361995e1fc85d0,6,71_1173,2,4
33048,2024_033048_60e2ec2d2762a91d,0,71_1173,2,2
33050,2024_033050_d4145816aa78edf7,0,71_1173,2,2
33086,2024_033086_0a8d3748e97de3bf,4,71_1173,2,3
33093,2024_033093_559eb5391fbf7c6a,6,71_1173,2,7
33115,2024_033115_dddc2e066d1c1a7d,3,71_1173,2,14
33117,2024_033117_1611bb79ccafa563,6,71_1173,2,10
33119,2024_033119_d74dc9df699e84de,6,71_1173,2,11
33122,2024_033122_4f587c54326589d4,3,71_1173,2,26
33123,2024_033123_d9f2d8384490bc05,2,71_1173,2,17
33128,2024_033128_ea0d1af941dcb4b7,3,71_1173,2,16
33131,2024_033131_81a40b33c9af6235,0,71_1173,2,4
33134,2024_033134_468ae5cfd769acfb,2,71_1173,2,10
33135,2024_033135_f3f081b4b8885b0f,0,71_1173,2,4
33172,2024_033172_598fc81bfea7e954,6,71_1173,2,2
33193,2024_033193_95acb12906cfa213,0,71_1173,2,3
33217,2024_033217_37e81ba9655b9e5c,1,71_1173,2,3
33225,2024_033225_885314db0d090f46,1,71_1173,2,6
33230,2024_033230_172b8b346e2f9036,0,71_1173,2,3
33232,2024_033232_9511c44e667ba1f5,6,71_1173,2,2
33241,2024_033241_1c80cd76e15c1672,0,71_1173,2,5
33261,2024_033261_b1110257ae95c780,1,71_1173,2,5
33289,2024_033289_f787a859ea9d731c,3,71_1173,2,2
33292,2024_033292_48754fda6c8eb505,0,71_1173,2,3
33304,2024_033304_cbe899a3365254fa,3,71_1173,2,24
33316,2024_033316_0d177955ce3c9aae,0,71_1173,2,3
33321,2024_033321_d93f4b4a95b333ce,4,71_1173,2,12
33328,2024_033328_23fc749ba9fdda94,3,71_1173,2,10
33332,2024_033332_0f1a511d0f81e101,1,71_1173,2,21
33336,2024_033336_77dc16a7a4cf9b32,3,71_1173,2,3
33339,2024_033339_2ceeea7d53dd7435,3,71_1173,2,8
33350,2024_033350_295828f229b97bc8,3,71_1173,2,6
33352,2024_033352_2c8b26704da324bb,4,71_1173,2,3
33360,2024_033360_e53b45e29b020266,0,71_1173,2,7
33362,2024_033362_c513751d389649ae,3,71_1173,2,13
33371,2024_033371_48e2a6cb107064b5,6,71_1173,2,7
33374,2024_033374_cc9cd90b2ca1ad5a,6,71_1173,2,3
33379,2024_033379_06bee2438fd14abc,2,71_1173,2,19
33389,2024_033389_9657797ca97c80a5,6,71_1173,2,5
33400,2024_033400_4928b55c5a847432,4,71_1173,2,4
33412,2024_033412_902d549a5a8b542e,0,71_1173,2,3
33424,2024_033424_223c1fc653ea40bd,3,71_1173,2,9
33470,2024_033470_b38ba32e000b80d3,6,71_1173,2,21
33475,2024_033475_a871c708b909e89d,0,71_1173,2,3
33476,2024_033476_8254ba7f2bd1688f,3,71_1173,2,2
33477,2024_033477_1b064994464a2bb5,1,71_1173,2,2
33478,2024_033478_646e9b333d5cdb33,6,71_1173,2,6
33481,2024_033481_fd397a88717320ca,3,71_1173,2,5
33492,2024_033492_3f14ca2b74d05ca4,1,71_1173,2,3
33521,2024_033521_659bb13fd1283603,3,71_1173,2,6
33543,2024_033543_fe9ed3296adf7007,4,71_1173,2,7
33547,2024_033547_b7ade65290a7e82f,4,71_1173,2,8
33554,2024_033554_caa961784c7624bc,4,71_1173,2,11
33559,2024_033559_b15611b113123a39,0,71_1173,2,6
33563,2024_033563_549ff029d3d032a9,0,71_1173,2,2
33573,2024_033573_dd76cbebf1faa472,3,71_1173,2,9
33580,2024_033580_7e842cf623afaa17,3,71_1173,2,6
33591,2024_033591_1f5ce8f6b14f80eb,3,71_1173,2,8
33594,2024_033594_8a717f3eadae38f5,3,71_1173,2,8
33597,2024_033597_1e155b99a9b83315,4,71_1173,2,26
33628,2024_033628_40539125209f5a34,5,71_1173,2,3
33640,2024_033640_0b04c26d6487febe,4,71_1173,2,9
33644,2024_033644_2c7e218012aa3c7f,4,71_1173,2,48
33661,2024_033661_18763651cdbac2e5,6,71_1173,2,4
33677,2024_033677_45ca527d3e630c87,4,71_1173,2,3
33678,2024_033678_6c1727811c435bdd,3,71_1173,2,12
33689,2024_033689_f289e6108df5fa8a,4,71_1173,2,10
33691,2024_033691_14f4042cc9f40206,6,71_1173,2,2
33692,2024_033692_c2e5b3e06709e369,0,71_1173,2,12
33696,2024_033696_fbf90eeb4a1ade0e,3,71_1173,2,7
33697,2024_033697_a5976fad170a56fc,0,71_1173,2,2
33711,2024_033711_a7c03f73972f6a49,4,71_1173,2,24
33714,2024_033714_e5bc8a1404cd73e1,3,71_1173,2,2
33725,2024_033725_5b6437528772f464,3,71_1173,2,6
33734,2024_033734_6cf4c815f7bf2e13,4,71_1173,2,8
33743,2024_033743_0660aedaa8720a90,1,71_1173,2,5
33753,2024_033753_c82acd3009430014,3,71_1173,2,60
33761,2024_033761_6e8a3e39f0bec0a1,3,71_1173,2,29
33763,2024_033763_3ac2f5a2ce824a7e,6,71_1173,2,27
33781,2024_033781_7c04934e12b715ec,6,71_1173,2,3
33796,2024_033796_a3bc590bb0c45d03,3,71_1173,2,3
33807,2024_033807_1c2a5b648bbf7a23,2,71_1173,2,2
33808,2024_033808_c50e004311e88578,3,71_1173,2,29
33824,2024_033824_cd705127bd1739f7,3,71_1173,2,4
33829,2024_033829_a1cc631d76ab74d9,2,71_1173,2,7
33833,2024_033833_02219c5fa7709f8e,6,71_1173,2,13
33834,2024_033834_c6ff8b5225d33f40,3,71_1173,2,64
33847,2024_033847_3b20d14b0411133b,4,71_1173,2,14
33854,2024_033854_e8b4c3b148f85008,6,71_1173,2,2
33855,2024_033855_c070e9a24d3b7809,3,71_1173,2,27
33872,2024_033872_44965878d40f0e8b,3,71_1173,2,6
33882,2024_033882_1a31cebe9514525b,3,71_1173,2,5
33883,2024_033883_1d9bb00d35aba0ea,1,71_1173,2,61
33887,2024_033887_b7eb03a0e7e2aebf,3,71_1173,2,29
33892,2024_033892_d6d74a6e6cb54a1c,1,71_1173,2,27
33904,2024_033904_2500bd34960e0f0e,4,72_1173,4,33
33919,2024_033919_7c9e62c9ea4fde66,6,71_1173,2,40
33927,2024_033927_f41e107b9139f208,6,71_1173,2,65
33935,2024_033935_2bc2bf3ee19aaee4,3,71_1173,2,13
33938,2024_033938_34ad022a1b6b2373,0,72_1173,4,4
33943,2024_033943_8529b7f704eae2f5,3,71_1173,2,28
33944,2024_033944_01b6602924a0bad0,3,71_1173,2,6
33952,2024_033952_64fd0096e24dd423,0,71_1173,2,32
33957,2024_033957_0ba17bb5f7ebcc68,1,72_1173,4,5
33962,2024_033962_8a486ee65b82185e,4,72_1173,4,2
33966,2024_033966_2c5c69e4cebc02e0,6,72_1173,4,49
33967,2024_033967_40804576c584c995,3,72_1173,4,18
33969,2024_033969_d39e6ff1c0f7923b,3,72_1173,4,60
33977,2024_033977_ee7a1866f3a9e05b,0,71_1173,2,57
33984,2024_033984_f32eb11fbc47c10a,4,72_1173,4,43
34004,2024_034004_176cd67cc9b1cf9a,3,72_1173,4,33
34009,2024_034009_b6917715e5eaf5dc,3,71_1173,2,12
34017,2024_034017_f36601963c25611d,6,71_1173,2,61
34023,2024_034023_79095e98f9dc6eb0,4,71_1173,2,18
34024,2024_034024_e4e420de5da9f7ea,3,71_1173,2,14
34029,2024_034029_b2ceec98acf82a93,4,71_1173,2,14
34032,2024_034032_d9843265308240ec,3,71_1173,2,8
34048,2024_034048_1a4351a2caf679ea,3,71_1173,2,12
34050,2024_034050_02e0864eb9a20c18,3,71_1173,2,8
34061,2024_034061_d10b2732c0f66e3c,4,71_1173,2,8
34063,2024_034063_b424c6841c217d95,4,71_1173,2,30
34065,2024_034065_457830b838fc56ec,2,71_1173,2,24
34082,2024_034082_974365fc9e939c08,3,71_1173,2,7
34090,2024_034090_f455f2bb35ccde1d,4,71_1173,2,27
34096,2024_034096_0f5f91e4dda13628,3,72_1173,4,29
34100,2024_034100_35a54b0f5b969d0f,4,72_1173,4,29
34122,2024_034122_09b836a16ad068c3,1,71_1173,2,23
34136,2024_034136_6250f620b8d0f51d,6,71_1173,2,6
34143,2024_034143_9bd8732387d6eb13,3,71_1173,2,5
34154,2024_034154_cd790c80f48e02ae,3,71_1173,2,4
34155,2024_034155_cce98af063b4301d,4,71_1173,2,51
34160,2024_034160_b64cc5e4ffd741a4,6,71_1173,2,6
34171,2024_034171_dd2f8eb54b956806,3,71_1173,2,58
34175,2024_034175_489afec3ffe2fcd8,4,71_1173,2,61
34178,2024_034178_5893376a1e04823e,3,71_1173,2,54
34180,2024_034180_55d851e9be7a9aa9,3,71_1173,2,54
34182,2024_034182_fa4205c47c9daa41,3,71_1173,2,11
34188,2024_034188_95f5013bd9dc1228,3,71_1173,2,12
34189,2024_034189_bd8c2d1a4614c3c5,6,71_1173,2,5
34192,2024_034192_ffe6baf0b50df2b9,0,71_1173,2,10
34193,2024_034193_a094719b00d2638d,0,71_1173,2,7
34197,2024_034197_faaecc32ff5bf8f5,0,71_1173,2,13
34223,2024_034223_f7780ebcc5d64e57,3,71_1173,2,6
34225,2024_034225_b86b314b2fca0c5a,3,71_1173,2,13
34231,2024_034231_c4fc428eaf2694f9,2,71_1173,2,16
34237,2024_034237_d3f26ff4aad1ce94,2,71_1173,2,3
34267,2024_034267_2dc44fc0e97e7c5f,1,71_1173,2,6
34307,2024_034307_0fb3f3e22aba2871,6,71_1173,2,10
34358,2024_034358_246381cd9f021bc6,3,71_1173,2,39
34359,2024_034359_8a3d329f2c74e245,3,71_1173,2,2
34364,2024_034364_1f56261be5979d71,4,71_1173,2,20
34367,2024_034367_d5266ba1f4d77414,4,71_1173,2,2
34372,2024_034372_db3fa2bf1685e36a,4,71_1173,2,5
34382,2024_034382_2d1a763d4423c553,6,71_1175,1,37
34390,2024_034390_c5a2c6eb6a1c286c,3,71_1175,1,47
34393,2024_034393_fa3fff19fe855371,3,71_1175,1,25
34418,2024_034418_a80cd9c54ae76561,0,71_1175,1,4
34423,2024_034423_f2d1e49a946b3e21,6,71_1175,1,38
34425,2024_034425_82d91149dfd7c287,3,71_1175,1,4
34430,2024_034430_483e9a8d1a22605e,3,71_1175,1,4
34436,2024_034436_44f53c68062a37b3,3,71_1175,1,48
34449,2024_034449_16309ae9d984b3cb,4,71_1175,1,9
34450,2024_034450_b17153696732ca3c,3,71_1174,0,37
34451,2024_034451_b79bc4f9693d07f2,3,71_1174,0,36
34452,2024_034452_d3c81a96f4992c11,3,71_1174,0,10
34490,2024_034490_80b9861b14cf1d7a,3,71_1174,0,13
34491,2024_034491_e3070e6ff3e0d818,3,71_1174,0,11
34500,2024_034500_ad92231947f124a6,6,71_1175,1,7
34502,2024_034502_d269306087101ac9,3,71_1175,1,4
34512,2024_034512_f5e276a57ff2394f,6,71_1175,1,15
34518,2024_034518_d9f672d189460b6b,3,71_1175,1,51
34531,2024_034531_adb3be55aa097d3d,6,71_1175,1,5
34537,2024_034537_af9a40a4c025750b,4,71_1175,1,18
34570,2024_034570_72e207e519aa09cf,3,71_1174,0,2
34580,2024_034580_cecc739e14a4ed0c,6,71_1174,0,20
34588,2024_034588_ea1d523cbdf629b4,4,71_1174,0,19
34591,2024_034591_0ea6930966950625,6,71_1174,0,10
34598,2024_034598_bf5de803e6ba55f3,3,71_1174,0,9
34635,2024_034635_47f18c379813cb73,6,71_1174,0,4
34654,2024_034654_2c0452603e0c5cae,1,71_1174,0,2
34662,2024_034662_168fcdd9978e40d9,6,71_1174,0,3
34668,2024_034668_aa7accfb706e9c0b,4,71_1174,0,48
34669,2024_034669_c1c0959035e1294e,4,71_1174,0,31
34671,2024_034671_4d28865a9870de36,3,71_1174,0,30
34673,2024_034673_9bd9c8345348b6d5,3,71_1174,0,11
34687,2024_034687_7a93607044480596,4,71_1175,1,16
34719,2024_034719_2abefbd26a844a99,3,71_1175,1,24
34728,2024_034728_f4571b2239998584,3,71_1175,1,13
34744,2024_034744_1032f084616b75f7,4,71_1175,1,10
34745,2024_034745_e899a1bf778431ed,3,71_1175,1,29
34748,2024_034748_1f2e451b988d6d32,3,71_1175,1,10
34751,2024_034751_7afa2e21c9b34c42,4,71_1175,1,22
34758,2024_034758_a334182e4ad23c86,4,71_1175,1,27
34761,2024_034761_b212ea03af54e53a,3,71_1175,1,47
34769,2024_034769_c1c12305321f457e,6,71_1175,1,21
34796,2024_034796_585989129d945b86,1,71_1175,1,57
34806,2024_034806_57bc6e6d1f01f2aa,1,71_1175,1,15
34837,2024_034837_618afc05f5214b2b,6,71_1174,0,3
34846,2024_034846_93c877c4efd35296,0,71_1174,0,8
34862,2024_034862_2625d309c5d4d359,6,71_1174,0,2
34875,2024_034875_1cdab4972c273f99,2,71_1174,0,3
34885,2024_034885_5b3b045965bb8238,3,71_1174,0,17
34901,2024_034901_b78b0c1cb3b384c5,6,71_1175,1,35
34905,2024_034905_3711991e17e433b4,3,71_1175,1,40
34929,2024_034929_60be5b9eed89c769,3,71_1175,1,40
34931,2024_034931_aebda2481bbd4a0e,3,71_1175,1,5
34933,2024_034933_612c12ddbafddde5,1,71_1175,1,2
34939,2024_034939_d069186288236f6a,3,71_1174,0,19
34984,2024_034984_ac413d1a2759f272,4,71_1174,0,3
34989,2024_034989_7ba3e04f1ba0d769,2,71_1174,0,8
34992,2024_034992_67860a2dc268b488,2,71_1174,0,2
34998,2024_034998_de0c325f53da403e,4,71_1174,0,23
35008,2024_035008_fff1a52d1f91b879,0,71_1174,0,34
35030,2024_035030_30448e346e3cf4f1,0,71_1174,0,41
35031,2024_035031_80afa5fabebc5975,2,71_1174,0,3
35035,2024_035035_4b4548b3325733a3,0,71_1174,0,38
35039,2024_035039_9633c98a6d2639e0,4,71_1174,0,6
35077,2024_035077_2eca541f9f509122,0,71_1175,1,24
35090,2024_035090_63fe0fbfa9aa0b8b,0,71_1175,1,37
35100,2024_035100_06ccd5c9286eff86,0,71_1175,1,3
35101,2024_035101_ab4d71c332de0f16,0,71_1175,1,32
35150,2024_035150_6368e8e6ece9dd53,0,71_1175,1,3
35159,2024_035159_3789d0c689c0b396,6,71_1175,1,3
35161,2024_035161_45529ca3647e40ff,6,71_1175,1,4
35179,2024_035179_e988a21d2555421b,3,71_1175,1,18
35180,2024_035180_0d26812d53c8eed1,4,71_1175,1,18
35214,2024_035214_ee951bb9d070854e,3,71_1175,1,28
35220,2024_035220_0a2c61e669dd91f8,4,71_1175,1,69
35224,2024_035224_3e4301a4c29a316a,3,71_1175,1,9
35228,2024_035228_49025f7723a13afc,4,71_1175,1,123
35235,2024_035235_9875edfe699241a4,4,71_1175,1,2
35244,2024_035244_e37e978afe775795,0,71_1175,1,29
35248,2024_035248_c135c1f785bc4b21,6,71_1175,1,6
35255,2024_035255_144914b67388e79f,3,71_1175,1,10
35259,2024_035259_c6ea6351e20eff10,2,71_1175,1,5
35261,2024_035261_a6cb9d7554d69346,4,71_1175,1,11
35268,2024_035268_538d27a67a379534,4,71_1175,1,15
35309,2024_035309_7831b9dc3e04cbe7,4,71_1175,1,13
35312,2024_035312_eb6b78b7d6b23dd5,3,71_1175,1,9
35335,2024_035335_b8adf4ee2259fb1b,4,71_1175,1,58
35339,2024_035339_b4f44ed5aab32be5,3,71_1174,0,5
35347,2024_035347_f53ed3fdabc74f94,3,71_1174,0,8
35350,2024_035350_6f536116328ad1dd,6,71_1174,0,10
35352,2024_035352_a86e499d9bd02313,6,71_1174,0,8
35357,2024_035357_386610a9b32a4cba,4,71_1174,0,9
35359,2024_035359_a746d703fd37dff2,3,71_1174,0,2
35363,2024_035363_7cbb144f9c2e7bf7,3,71_1174,0,8
35367,2024_035367_b198bcae7412dbe3,1,71_1174,0,9
35373,2024_035373_afc899a0b519e1c6,4,71_1174,0,2
35378,2024_035378_24e61da9c1cda699,3,71_1174,0,6
35380,2024_035380_8d0bb52431d78cf1,4,71_1174,0,8
35385,2024_035385_e9ab4761b44484ba,6,71_1174,0,7
35420,2024_035420_554e882530655154,4,71_1174,0,11
35448,2024_035448_48e9143812fac10d,3,71_1175,1,12
35461,2024_035461_1b436b826d43b31e,4,71_1174,0,25
35465,2024_035465_a0871afea397b8ae,3,71_1174,0,8
35503,2024_035503_1961a44bc19fab67,0,71_1175,1,4
35504,2024_035504_9055f7c3eb706499,0,71_1175,1,10
35533,2024_035533_a13c7a607436ff46,3,71_1175,1,50
35535,2024_035535_4b409d4c2f194b9f,6,71_1175,1,45
35544,2024_035544_da3cc01c87bd29de,3,71_1174,0,40
35548,2024_035548_38bbe2118dc4d1a7,6,71_1174,0,10
35549,2024_035549_cf7874b6afa03c4d,3,71_1174,0,8
35572,2024_035572_2f24e59797bafaef,4,71_1174,0,10
35573,2024_035573_32afcf3efafff347,4,71_1175,1,15
35583,2024_035583_afa152b94be55c73,3,71_1175,1,33
35637,2024_035637_992fdc40f1a21f6f,6,71_1175,1,19
35638,2024_035638_e2e4cdbb4528b569,4,71_1175,1,33
35645,2024_035645_e7eab36d32e4af53,3,71_1175,1,7
35653,2024_035653_6e8c70cd915f7191,2,71_1175,1,2
35678,2024_035678_3bb22cd142e609bf,3,71_1174,0,4
35690,2024_035690_a85574f103d42958,2,71_1175,1,92
35707,2024_035707_19048990938abe95,2,71_1172,0,14
35708,2024_035708_39fecbf8f7df51d6,4,71_1172,0,18
35709,2024_035709_7ee242546406dd91,1,71_1172,0,2
35710,2024_035710_03e24a15ab85bd91,2,71_1172,0,7
35712,2024_035712_fc9322bdd0b2095d,3,71_1172,0,16
35714,2024_035714_80c2ae0a8cd81a2e,2,71_1172,0,31
35716,2024_035716_40639c1d253f45cb,0,71_1172,0,4
35717,2024_035717_03676a6c78b26dd6,0,71_1172,0,5
35718,2024_035718_21ea7177ae2b43a0,0,71_1172,0,3
35728,2024_035728_213c9ee426eba862,0,71_1172,0,2
35729,2024_035729_ce257962879ecc31,2,71_1172,0,9
35733,2024_035733_334d4359f59741d5,0,71_1172,0,3
35736,2024_035736_d30fe64e443d5246,4,71_1172,0,23
35751,2024_035751_f4bb9df03f652263,4,71_1172,0,21
35756,2024_035756_5efa671fd4dd8691,3,71_1172,0,16
35757,2024_035757_8a44b0f58157723c,6,71_1172,0,3
35759,2024_035759_17dde4ebfa87b36e,6,71_1172,0,2
35762,2024_035762_dc679dd0d628dd3e,6,71_1172,0,5
35778,2024_035778_9571ef153d252f03,6,71_1172,0,70
35779,2024_035779_495dfacafa734656,6,71_1172,0,2
35781,2024_035781_a5245ca4b5a3d472,3,71_1171,4,58
35782,2024_035782_ead1ab5455abb7d1,4,71_1172,0,66
35787,2024_035787_ec1834a67c8e6558,3,71_1172,0,33
35788,2024_035788_d7b529794da14963,3,71_1172,0,9
35789,2024_035789_07d0cf756198b90d,4,71_1172,0,23
35792,2024_035792_239e8bae17a6f3c7,3,71_1172,0,41
35793,2024_035793_bd7691dafbc75975,3,71_1172,0,39
35798,2024_035798_0f5ad00fc95c1f6b,6,71_1172,0,44
35808,2024_035808_ed0ac731f163dab5,3,71_1172,0,49
35838,2024_035838_eb9a924c1ac6c930,4,71_1172,0,108
35842,2024_035842_5c5c6429310210c4,4,71_1172,0,20
35848,2024_035848_47c26c6dc1cf3014,0,71_1172,0,24
35849,2024_035849_0cab8bd2d591ce8c,0,71_1172,0,4
35853,2024_035853_46839be17e853205,0,71_1172,0,3
35860,2024_035860_eff1231f703ef50f,0,71_1173,2,12
35864,2024_035864_63d43a82605e6366,3,71_1172,0,23
35873,2024_035873_9b6510ead757aa68,0,71_1173,2,8
35880,2024_035880_c7f862731ea5e1f4,6,71_1173,2,3
35888,2024_035888_7f11904cd12d9edb,3,71_1173,2,4
35896,2024_035896_bd28f142b651a628,1,71_1173,2,10
35901,2024_035901_310a8c65f9d26975,1,71_1173,2,12
35910,2024_035910_f3f8258b57f30b37,2,71_1173,2,11
35911,2024_035911_cfb81f2d26067b28,1,71_1172,0,27
35913,2024_035913_564cd3733070a6d6,1,71_1172,0,22
35921,2024_035921_d4479ab1b96d4385,6,71_1172,0,23
35923,2024_035923_71502cec1e7bbb7d,0,71_1172,0,2
35928,2024_035928_5442fb02a6812152,2,71_1172,0,10
35939,2024_035939_8c839a58a4c44294,2,71_1172,0,10
35944,2024_035944_aaa2aec91230346d,0,71_1173,2,7
35948,2024_035948_cebd48418ee624e1,0,71_1173,2,8
35953,2024_035953_3ce89d96dda51d55,1,71_1173,2,8
35963,2024_035963_bb1a8d74c9bc951b,0,71_1173,2,7
35971,2024_035971_8459d4ec35e39266,0,71_1173,2,17
35991,2024_035991_9bcef992c9e71147,0,71_1173,2,3
35995,2024_035995_66718ad6e6b1bcbf,0,71_1172,0,33
36012,2024_036012_b526a42820377575,0,71_1172,0,2
36018,2024_036018_ad66f87c381e34e9,0,71_1172,0,24
36023,2024_036023_0eaeb011153738d7,0,71_1172,0,13
36031,2024_036031_3f58e2a4b0142a34,0,71_1172,0,14
36036,2024_036036_53b89b65b205a335,0,71_1173,2,21
36039,2024_036039_8a445086cf6104f0,0,71_1173,2,23
36052,2024_036052_fda6cbac32e26518,0,71_1173,2,13
36081,2024_036081_fbd1f6b40cfc0b23,4,71_1172,0,34
36082,2024_036082_6f94ff6ab80bd391,0,71_1172,0,10
36084,2024_036084_0377b20aa176e136,3,71_1172,0,5
36085,2024_036085_50e321ff05880086,0,71_1172,0,13
36087,2024_036087_317917cd5fb78cf0,2,71_1172,0,21
36088,2024_036088_691f8c69f185fba9,1,71_1172,0,20
36089,2024_036089_a87dc0e4cbca0b77,3,71_1172,0,17
36101,2024_036101_e57aba357383a851,1,71_1172,0,3
36119,2024_036119_853bed36d579007c,0,71_1172,0,5
36126,2024_036126_2fd98710228c9d52,2,71_1172,0,8
36128,2024_036128_b74a8d1cd86041b5,0,71_1172,0,2
36140,2024_036140_38108a4dce6753c7,6,71_1172,0,7
36145,2024_036145_120141dda4a4e6bb,4,71_1172,0,47
36153,2024_036153_2c82f3482a463bb1,2,71_1172,0,14
36176,2024_036176_f3b2b538119bc952,4,71_1172,0,4
36185,2024_036185_9931a3fa7b1340ec,6,71_1172,0,2
36187,2024_036187_e9062d43d37f6576,4,71_1172,0,8
36196,2024_036196_5a39ff3cbc2ff00a,6,71_1172,0,3
36231,2024_036231_9032de89af162c66,0,71_1173,2,2
36232,2024_036232_8ed3a5198acccc6f,0,71_1173,2,3
36233,2024_036233_321dd4e0d02dba70,0,71_1173,2,2
36237,2024_036237_3729e4c8356718c1,0,71_1173,2,5
36252,2024_036252_b02ddd75fa7c4f0b,4,71_1172,0,21
36253,2024_036253_fbdc89ce509dd785,2,71_1172,0,2
36256,2024_036256_f20231989befbb6c,2,71_1172,0,3
36263,2024_036263_908bff559ef9a3be,2,71_1172,0,6
36266,2024_036266_96d940b110d002e2,0,71_1173,2,27
36269,2024_036269_f144994f24c70629,3,71_1173,2,10
36290,2024_036290_99f94771d05f07f6,2,71_1172,0,23
36299,2024_036299_87ad4d8ea9452012,3,71_1172,0,14
36308,2024_036308_2512a993bcf5a9a6,3,71_1172,0,10
36314,2024_036314_16b06f9dcaa18a10,4,71_1172,0,23
36318,2024_036318_70e0b783d63b4478,3,71_1172,0,33
36329,2024_036329_ec73e5bd05dbe53f,3,71_1172,0,19
36330,2024_036330_8f415eca1ae1eed5,0,71_1172,0,4
36331,2024_036331_159b71cdab49c027,6,71_1172,0,10
36333,2024_036333_403316b93e2693cf,6,71_1173,2,3
36343,2024_036343_56f825efa3b23556,4,71_1172,0,13
36344,2024_036344_9424bfaea024002a,0,71_1172,0,3
36345,2024_036345_4aa469913f6b5172,0,71_1173,2,5
36347,2024_036347_ae1f1350be04776d,0,71_1173,2,5
36364,2024_036364_c6b8f611a40f485a,4,71_1173,2,6
36365,2024_036365_492ed8d90c022903,6,71_1171,4,4
36380,2024_036380_5ba34181142e43b1,6,71_1172,0,42
36382,2024_036382_b81d71919485aff6,4,71_1172,0,3
36386,2024_036386_bb3d0fb453f63acf,0,71_1172,0,2
36401,2024_036401_2161f64dc9623981,0,71_1171,4,12
36402,2024_036402_3659fcbc01e72bdb,0,71_1171,4,23
36404,2024_036404_0107438003daf88b,6,71_1171,4,14
36411,2024_036411_170bed64dc950541,0,71_1171,4,2
36414,2024_036414_72a674ccc5692800,1,71_1171,4,4
36421,2024_036421_cdbdef40e57133d7,0,71_1171,4,6
36427,2024_036427_dc0bc2254cd94923,2,71_1171,4,37
36429,2024_036429_b4ed270e5c85ca2b,0,71_1171,4,30
36430,2024_036430_93717724d446f6c6,0,71_1171,4,4
36434,2024_036434_c7c5f9c36fd27961,3,71_1171,4,9
36442,2024_036442_8193d7c1f7b57357,4,71_1173,2,4
36465,2024_036465_9569c358a0eea281,4,71_1173,2,7
36473,2024_036473_895f8a6ae838d7b6,3,71_1173,2,26
36475,2024_036475_5f80b8a7c9141cdf,6,71_1173,2,28
36492,2024_036492_d26de88f9652e1fb,0,71_1173,2,6
36495,2024_036495_b4207ad9bbf25254,2,71_1173,2,19
36511,2024_036511_5e26cd4f8ffc44b9,6,71_1172,0,13
36513,2024_036513_00bb54d972a62a59,2,71_1172,0,32
36527,2024_036527_149c49c33346a4d8,6,71_1172,0,12
36530,2024_036530_fdb6dce7cd8e417b,3,71_1172,0,9
36540,2024_036540_e0a4cfd6caf52bc8,3,71_1172,0,8
36541,2024_036541_4691444cc33f9b75,3,71_1172,0,23
36545,2024_036545_5950a139be8a3f8d,3,71_1172,0,13
36557,2024_036557_ace3e40594110de8,3,71_1172,0,7
36559,2024_036559_1febd9ce8a4d2176,3,71_1172,0,19
36565,2024_036565_3e453e392af81fdf,4,71_1173,2,5
36572,2024_036572_1ea68b5758742b97,0,71_1173,2,9
36586,2024_036586_316b49acd66907a4,6,71_1173,2,11
36592,2024_036592_19ff92df7ebaab63,0,71_1173,2,28
36599,2024_036599_40370becb6754b97,0,71_1173,2,9
36617,2024_036617_415e17572dd93364,2,71_1172,0,18
36619,2024_036619_d48c835e04bc6eaf,6,71_1172,0,25
36623,2024_036623_9814a1e6048067a3,4,71_1172,0,35
36626,2024_036626_ec1bcaf62b1313f7,3,71_1172,0,3
36644,2024_036644_0d7dbad6fe66f6f8,2,71_1172,0,4
36645,2024_036645_23bb2f12fa61daed,4,71_1172,0,6
36647,2024_036647_405b5327105bfb9b,0,71_1172,0,3
36657,2024_036657_2725161383130ad9,0,71_1172,0,2
36659,2024_036659_818815cb7c4fcb27,3,71_1172,0,7
36660,2024_036660_ce12d510004e590f,3,71_1172,0,8
36686,2024_036686_89d8c9c2b37b3b6e,4,71_1172,0,5
36712,2024_036712_09db0e04ea5a79db,3,71_1172,0,47
36714,2024_036714_aa1fc3e0c86a83af,3,71_1172,0,12
36715,2024_036715_7dd72e189a30e1bf,0,71_1172,0,3
36725,2024_036725_e1517b1f199dc9b0,3,71_1172,0,12
36744,2024_036744_8a1efef4fcfb4b4a,1,72_1171,3,3
36745,2024_036745_1041bc94b81b7ff5,6,71_1171,4,9
36753,2024_036753_739f8bccd4bfe769,3,71_1171,4,70
36757,2024_036757_ab1f8beae00776c0,0,71_1171,4,3
36773,2024_036773_afb60bdda498e030,3,71_1171,4,10
36774,2024_036774_b4bd42011ed034dc,3,71_1172,0,5
36775,2024_036775_568ae36f8d0c703a,5,71_1172,0,17
36776,2024_036776_3b5891bae6d70f61,3,71_1172,0,5
36779,2024_036779_d0b90ade57056beb,4,71_1172,0,12
36780,2024_036780_05a0ef60bc2d2b40,4,71_1172,0,11
36781,2024_036781_b8d744ee9bf5bebe,3,71_1172,0,3
36815,2024_036815_e4ff641ecbd1bed5,4,71_1173,2,9
36824,2024_036824_8c40123fedd81198,4,71_1173,2,43
36835,2024_036835_4cb664abd6d9f27c,2,71_1172,0,2
36845,2024_036845_f898a9f043943763,6,71_1172,0,54
36851,2024_036851_2ed2e1dad210db0c,4,71_1172,0,20
36858,2024_036858_cba9962da5951932,4,71_1172,0,11
36868,2024_036868_c409f94900b1680a,0,71_1172,0,4
36872,2024_036872_e214a3f9121ab6d2,0,71_1172,0,2
36875,2024_036875_f3256d9437759c9c,0,71_1172,0,5
36879,2024_036879_d3a1f744af83d2a9,0,71_1172,0,4
36885,2024_036885_3339d9dc1cb7b446,0,71_1172,0,5
36892,2024_036892_5010c3b6542852eb,0,71_1172,0,19
36903,2024_036903_6a5988c9a20ed653,3,71_1172,0,23
36904,2024_036904_088c0fbc860930d7,3,72_1172,2,4
36908,2024_036908_241ee5e3e5c50ff8,4,71_1172,0,11
36911,2024_036911_5eda394cba76f67c,4,71_1172,0,16
36913,2024_036913_21e20f2ecc46f62f,3,71_1172,0,57
36918,2024_036918_ed5cf9fe19afb656,3,72_1172,2,26
36920,2024_036920_b2c3d4e2c0532558,4,71_1172,0,30
36947,2024_036947_0e731abcf667ff09,0,71_1171,4,38
36948,2024_036948_9ab9528d14e1e275,0,71_1171,4,10
36952,2024_036952_d660e47104ced4b2,4,71_1171,4,57
36955,2024_036955_e6600643457f94d4,3,71_1171,4,3
36956,2024_036956_85e91dfd493bb5d0,3,71_1171,4,13
36959,2024_036959_68346222e5c5f502,0,71_1171,4,6
36971,2024_036971_73c08f828aa76e75,6,71_1171,4,3
36992,2024_036992_b1ffde5017ddd372,2,71_1172,0,25
36999,2024_036999_0efc76b8349087c9,4,71_1172,0,25
37009,2024_037009_59155ec3d4a1361f,4,71_1172,0,12
37011,2024_037011_722b7bf31f17e463,3,71_1172,0,13
37017,2024_037017_7b96296fc599a0e8,0,71_1172,0,2
37030,2024_037030_54b1323ea6a96e69,6,71_1172,0,8
37035,2024_037035_0a66d23216749cb9,3,71_1172,0,7
37039,2024_037039_9d336843d255f492,0,71_1172,0,7
37051,2024_037051_533349a35e972a30,3,71_1172,0,10
37054,2024_037054_d7275f2a153b8e16,3,71_1172,0,9
37066,2024_037066_c632b1239f6b6a82,0,71_1172,0,11
37070,2024_037070_c67be0131e057c6c,3,71_1173,2,42
37072,2024_037072_815ba1efff544fa3,3,71_1173,2,20
37078,2024_037078_908bdbc747b8b9e5,3,71_1173,2,10
37084,2024_037084_cf647a10f2dbb0f8,3,71_1173,2,10
37088,2024_037088_99cc6d23da5e2d14,6,71_1173,2,10
37095,2024_037095_97cbb388564e5d27,6,71_1173,2,47
37097,2024_037097_9efaee52910eb5f4,4,71_1173,2,9
37099,2024_037099_f58f6317ba02a39f,3,71_1173,2,18
37101,2024_037101_b506a966682e9ff9,3,71_1173,2,3
37102,2024_037102_cc6855016f81de58,3,71_1173,2,4
37106,2024_037106_564ccfaac17f7156,3,71_1173,2,11
37122,2024_037122_6ada1150233dce0f,4,71_1173,2,9
37124,2024_037124_74ef957a78520a1b,6,71_1173,2,4
37139,2024_037139_d6654b77f4c8e5ee,3,71_1173,2,7
37145,2024_037145_720b714c54da00fd,0,71_1173,2,10
37146,2024_037146_6e0535411d704398,0,71_1173,2,25
37174,2024_037174_aaa04312df424f58,3,71_1173,2,4
37175,2024_037175_172287629446dc1c,1,71_1173,2,3
37178,2024_037178_6e6a45b91457d3d0,0,71_1173,2,9
37189,2024_037189_b457896da9560ee4,0,71_1174,0,2
37208,2024_037208_54fcf36c8efa5437,0,71_1175,1,17
37212,2024_037212_7ba528d811e2c2eb,0,71_1175,1,17
37222,2024_037222_2dfc571f46ff3873,6,71_1174,0,2
37233,2024_037233_c4fd258d2344467a,6,71_1175,1,30
37234,2024_037234_9f4ee0418ad16981,6,71_1175,1,6
37235,2024_037235_aee851a1cb309194,6,71_1175,1,37
37237,2024_037237_c4647ec09a459969,3,71_1175,1,25
37240,2024_037240_03f546d06fdaa7e0,6,71_1175,1,2
37241,2024_037241_f88049e062321eb5,1,71_1175,1,38
37242,2024_037242_76a4fb1367ce9750,4,71_1175,1,8
37244,2024_037244_4a5bdb6d122202df,3,71_1175,1,46
37246,2024_037246_77337fdd6cdf3e9f,3,71_1175,1,35
37248,2024_037248_1a130e329c6d6ab5,3,71_1175,1,6
37256,2024_037256_b0277dba7de1c079,1,71_1175,1,2
37257,2024_037257_644a1e7a391e2ce8,4,71_1175,1,5
37269,2024_037269_f5f3598bb97a6714,6,71_1175,1,3
37270,2024_037270_c1a59ecf7b4c0508,4,71_1175,1,10
37279,2024_037279_e959afbe2db4be23,6,71_1174,0,7
37289,2024_037289_667f73d2eb281a7f,3,71_1174,0,9
37319,2024_037319_7b6102157e0e38d7,1,71_1175,1,37
37324,2024_037324_814c5420b73b2cde,2,71_1175,1,44
37325,2024_037325_44aa55224c543be6,2,71_1175,1,12
37329,2024_037329_04f51b67ef936129,2,71_1175,1,10
37335,2024_037335_14fbe89af87d7365,1,71_1174,0,20
37337,2024_037337_9783a78d59d0d6f3,1,71_1175,1,13
37342,2024_037342_9e6b7a3e7bfd1f91,3,71_1174,0,10
37344,2024_037344_71b71eed241b297c,2,71_1174,0,18
37345,2024_037345_81ad9786b670841c,1,71_1175,1,32
37349,2024_037349_be2905dbc782e060,2,71_1174,0,15
37353,2024_037353_fb0093a353696009,3,71_1175,1,40
37365,2024_037365_01fbce00c43c92e0,2,71_1174,0,18
37370,2024_037370_6aa6cf9b5b8de0ea,1,71_1174,0,10
37382,2024_037382_ff7879791c1fe025,1,71_1175,1,38
37384,2024_037384_ee64196f0c4118c4,3,71_1175,1,14
37386,2024_037386_d004f18f2928f98b,0,72_1175,4,7
37388,2024_037388_abd2a1ab453dca95,3,71_1175,1,12
37391,2024_037391_696c9c8c19dec733,0,71_1175,1,5
37395,2024_037395_bcf723c79ca95791,2,71_1175,1,4
37406,2024_037406_86d704981609ea02,0,71_1175,1,4
37414,2024_037414_29a2e61d1572b6a4,3,71_1175,1,11
37415,2024_037415_62e66c9bb4be1b15,4,71_1175,1,12
37416,2024_037416_766db49c0b396a14,3,71_1175,1,14
37422,2024_037422_a0755c5cb54f6714,3,71_1175,1,7
37423,2024_037423_9dabfa8a9021fe9f,3,71_1175,1,18
37425,2024_037425_64ee25445fa6c906,6,71_1175,1,2
37429,2024_037429_4e0f9d5240f31b4f,3,71_1175,1,11
37432,2024_037432_e1e6b40eb801c497,6,71_1175,1,12
37444,2024_037444_18d261295158bb53,4,71_1175,1,7
37451,2024_037451_61dc79a6c226fcbd,1,71_1175,1,12
37455,2024_037455_6848c259bc88231d,4,71_1175,1,16
37459,2024_037459_08783eb5f1fa10f9,4,71_1175,1,2
37487,2024_037487_0ccd2f8d43ae80c7,2,72_1175,4,16
37494,2024_037494_5486dd9f8439ab8c,2,71_1175,1,8
37509,2024_037509_4b1554fdb3c472cd,2,71_1174,0,12
37510,2024_037510_02f59d1f8ef6ccd6,2,71_1174,0,6
37511,2024_037511_aebea8de05167a15,2,71_1174,0,13
37514,2024_037514_8900eda2911ac56d,0,72_1175,4,3
37519,2024_037519_b5b31e404e593e01,0,72_1175,4,2
37527,2024_037527_800c4ad87f92c258,2,71_1174,0,3
37533,2024_037533_22e79265783d949e,4,71_1174,0,15
37536,2024_037536_49fca81dbecd6ee3,3,71_1175,1,43
37543,2024_037543_9ef9ae92acc57410,4,72_1175,4,71
37544,2024_037544_c922691d9af6609b,4,72_1175,4,13
37545,2024_037545_639ca4d991941503,3,72_1175,4,14
37546,2024_037546_79fc7a9b3361de45,3,72_1175,4,17
37550,2024_037550_a6cbf3b50136e6f6,3,72_1175,4,15
37555,2024_037555_4206049378672f19,2,71_1175,1,4
37568,2024_037568_f383862abcc39061,3,71_1175,1,5
37575,2024_037575_19ab06c386709ee0,0,71_1175,1,2
37626,2024_037626_1e7c09eb5f4225c7,0,72_1174,1,45
37637,2024_037637_47d70fe41ac5711e,0,72_1174,1,33
37650,2024_037650_b01a13bc4d45b93f,2,72_1174,1,17
37655,2024_037655_ae5259e77f88d81f,3,72_1175,4,6
37658,2024_037658_2f6279819c6159c6,1,72_1175,4,10
37663,2024_037663_aee14119fd5cd504,4,72_1175,4,19
37704,2024_037704_7d45c48949edcd6c,4,72_1175,4,13
37705,2024_037705_d1cba9f4918f5b8d,3,72_1175,4,16
37708,2024_037708_8e76d3cd52e0b8df,2,72_1175,4,14
37713,2024_037713_ab8aece23c40a787,3,72_1175,4,9
37717,2024_037717_33842d76d4a08568,4,72_1175,4,9
37720,2024_037720_e704828c72be8bf6,3,72_1175,4,7
37721,2024_037721_320cdd3984715a31,4,72_1175,4,7
37731,2024_037731_58af38084b276433,3,72_1175,4,4
37744,2024_037744_e8f50287c8ace558,1,72_1175,4,49
37745,2024_037745_0bcd67fe84ace71f,2,72_1175,4,48
37746,2024_037746_08d41fe0b0305217,1,72_1175,4,26
37750,2024_037750_d1f38f2546c6f317,0,72_1175,4,8
37752,2024_037752_f4ec8cc2dff28d9c,1,72_1175,4,50
37753,2024_037753_9ffb969a27a4e4b5,3,72_1175,4,30
37754,2024_037754_519acaadf691ef11,3,72_1175,4,25
37755,2024_037755_57860882cdd4ac23,3,72_1175,4,26
37758,2024_037758_f8ed74ea8ed612dc,3,72_1175,4,18
37759,2024_037759_d1fd241e7708e696,3,72_1175,4,20
37760,2024_037760_5c7b6b33a3c14cf1,3,72_1175,4,16
37761,2024_037761_1842034da275b6fd,1,72_1175,4,22
37762,2024_037762_123a673b8a18b82b,3,72_1175,4,17
37771,2024_037771_0069a3d2e97ba5fd,3,72_1175,4,11
37786,2024_037786_09f05e17f1f6c050,3,72_1175,4,3
37799,2024_037799_7e0ab42f2537169d,3,72_1175,4,4
37804,2024_037804_90304959e91e4c43,6,72_1175,4,2
37811,2024_037811_befbad819f87d60b,0,72_1175,4,33
37829,2024_037829_cf09f86b9fdc98e5,3,72_1175,4,20
37831,2024_037831_9b630695e51b0d61,3,72_1175,4,28
37847,2024_037847_95d2a7362505657f,4,72_1175,4,9
37850,2024_037850_fea59022bfdc1bd1,4,72_1175,4,5
37853,2024_037853_186a449b4012fb20,4,72_1175,4,3
37855,2024_037855_3f7810add5bd8d0e,4,72_1175,4,16
37871,2024_037871_45ddcab54c0d04bd,3,72_1175,4,7
37890,2024_037890_ddd02bfc2aac7edd,4,72_1175,4,6
37898,2024_037898_582ead48489da820,3,72_1174,1,21
37900,2024_037900_48369c4d81e0cb53,2,72_1174,1,4
37904,2024_037904_422278a8dc7ec102,1,72_1174,1,5
37913,2024_037913_094f715e1ea068f4,4,72_1174,1,5
37916,2024_037916_4fbeed9857326537,0,72_1174,1,7
37929,2024_037929_c20d37db8b267fe1,6,72_1174,1,7
37934,2024_037934_81eec3efc6558285,3,72_1174,1,52
37946,2024_037946_f5abd2ea3e568628,6,72_1174,1,6
37951,2024_037951_f2df965de8dd74d5,6,72_1175,4,10
37952,2024_037952_c4b57eb257501e3e,3,72_1175,4,5
37954,2024_037954_3ae46f736b47f8e9,4,72_1175,4,3
37956,2024_037956_0ae35449821ca7bf,1,72_1175,4,25
37958,2024_037958_efb88d11569d6731,1,72_1175,4,28
37967,2024_037967_dcc6ae341b12c8fd,4,72_1174,1,37
37968,2024_037968_0cc075682ac852ff,6,72_1174,1,5
37974,2024_037974_e71e52ac05da9898,6,72_1174,1,7
37977,2024_037977_89a1b652586c04c6,3,72_1175,4,4
37978,2024_037978_c25b6d4ba3991b36,3,72_1175,4,12
37983,2024_037983_17e1213928838dfd,1,72_1175,4,52
37987,2024_037987_97015cbadda923c3,1,72_1175,4,16
37991,2024_037991_5fe3b52f79cd98b8,6,72_1175,4,12
37992,2024_037992_d216fd4199befc1c,3,72_1175,4,6
37995,2024_037995_c6c46721e3dbafcd,3,72_1175,4,60
37997,2024_037997_99634e403c790fc4,3,72_1175,4,15
37998,2024_037998_8245e412f5d61601,3,72_1175,4,30
38009,2024_038009_ef9ce4df4a9ada55,4,72_1175,4,55
38018,2024_038018_60c1f6e422f01cf7,4,72_1175,4,25
38047,2024_038047_079d167242d9b9fb,0,72_1174,1,5
38058,2024_038058_a84262086ca5f9a4,4,72_1175,4,37
38059,2024_038059_88aae3abacbea133,6,72_1175,4,8
38062,2024_038062_4c1665c68c6b23e6,2,72_1175,4,4
38070,2024_038070_5c5233ca87900c0e,4,72_1175,4,36
38073,2024_038073_b3fd4fdbe39bc277,3,72_1175,4,21
38090,2024_038090_54aedaee6c3ad8aa,6,72_1175,4,38
38092,2024_038092_e2b099fa08b7de62,1,72_1174,1,10
38094,2024_038094_59fc49f18e386a42,3,72_1174,1,10
38100,2024_038100_739cf2cf7017e8a1,6,72_1174,1,8
38112,2024_038112_ea94e44e93fae245,2,72_1175,4,9
38115,2024_038115_2712b8b215c45c45,3,72_1175,4,49
38119,2024_038119_b97793a1050c3d64,3,72_1175,4,7
38121,2024_038121_448f707c1450d886,3,72_1175,4,46
38138,2024_038138_b9aa409930871d82,3,72_1175,4,100
38148,2024_038148_40b7569707f26119,6,72_1175,4,7
38153,2024_038153_af05f7f63ad2366c,3,72_1175,4,12
38161,2024_038161_2a30e500f434c720,3,72_1175,4,31
38164,2024_038164_bf3497d0fcc64433,2,72_1175,4,35
38168,2024_038168_1c5e1831c28c664f,6,72_1175,4,6
38173,2024_038173_9bcd3aae44d64c30,4,72_1175,4,6
38178,2024_038178_7c9652399b0b6a6e,3,72_1175,4,6
38198,2024_038198_b4386c93fc20d848,1,72_1175,4,5
38201,2024_038201_f79a487b9e50bd12,6,72_1175,4,34
38202,2024_038202_8f7a858b73ea264d,6,72_1175,4,33
38203,2024_038203_d02e24a4a4ab488e,4,72_1175,4,33
38204,2024_038204_3f7c972e37f276d9,4,72_1175,4,7
38205,2024_038205_050d0a168f8194bd,3,72_1175,4,6
38206,2024_038206_11f8cb0e340d3be8,3,72_1175,4,5
38209,2024_038209_bad3f32a1e866626,3,72_1175,4,5
38252,2024_038252_3bc483d6bf80d6e7,4,72_1175,4,4
38277,2024_038277_5e53cb788e4afca9,4,72_1175,4,27
38278,2024_038278_4107faaee9207f51,4,72_1175,4,29
38286,2024_038286_2113f7ee6b308dae,2,72_1175,4,20
38294,2024_038294_e691a6d1ea81a225,4,72_1175,4,2
38299,2024_038299_b89e7311cfe50df5,4,72_1175,4,12
38302,2024_038302_479da5e60d068ff0,4,72_1175,4,7
38307,2024_038307_9a5e2de7c561ab62,4,72_1175,4,38
38309,2024_038309_6d9baf6037701820,3,72_1175,4,22
38314,2024_038314_f0a731cf1bca4ade,4,72_1175,4,18
38329,2024_038329_7422b58bab69853e,1,72_1175,4,25
38354,2024_038354_f8f2c35a7c25334f,3,71_1175,1,2
38364,2024_038364_6a43c2455d30ece4,3,71_1175,1,2
38376,2024_038376_6cc7d9e64981ad0a,4,71_1175,1,3
38391,2024_038391_85b7c52c1f26a8cd,4,71_1175,1,25
38400,2024_038400_453638ca490aa80e,4,72_1174,1,9
38402,2024_038402_71fca82fc9f3b8d4,3,72_1174,1,9
38403,2024_038403_d6a94a82e6de076c,3,72_1174,1,9
38410,2024_038410_99f47e128b1080ab,3,72_1174,1,7
38428,2024_038428_8d21e7d6ad91f96f,6,72_1174,1,38
38433,2024_038433_49e249c35d7bcd86,3,71_1174,0,8
38453,2024_038453_7b31f8ea1b41c10a,4,72_1175,4,23
38514,2024_038514_ce8ffa7769ac0f2b,4,71_1175,1,22
38518,2024_038518_9506d1d7ad458fa1,0,71_1175,1,6
38520,2024_038520_b9d33710cfe03f7b,3,71_1175,1,5
38526,2024_038526_d54e18291b316d0b,1,71_1175,1,2
38534,2024_038534_fd95732def9428ee,3,71_1175,1,42
38535,2024_038535_37f15da31dd48423,0,71_1175,1,11
38537,2024_038537_cc265eca7417981a,1,71_1175,1,3
38538,2024_038538_257c78fa46473198,0,71_1175,1,5
38586,2024_038586_38ff38607bd8eb0c,1,71_1174,0,8
38588,2024_038588_1a71c5853888256e,1,71_1174,0,8
38592,2024_038592_56989b97f76317cb,0,71_1174,0,7
38598,2024_038598_089e9e10483d42cf,2,71_1174,0,8
38605,2024_038605_cc42edf7cb106842,3,71_1174,0,8
38607,2024_038607_15c664dca49aa8f0,0,71_1174,0,6
38614,2024_038614_20cc77af2d87c7db,1,71_1174,0,3
38628,2024_038628_6039d62a75d4fd76,1,72_1174,1,8
38632,2024_038632_044a18e52e0488d7,3,72_1174,1,4
38637,2024_038637_1af0a6908d1c791b,1,72_1174,1,7
38670,2024_038670_8e3893f54c97d7fb,0,71_1175,1,37
38679,2024_038679_c5c47448c7b1daec,1,71_1175,1,32
38680,2024_038680_e773e758c26b0e52,3,71_1175,1,3
38682,2024_038682_084188b96b5b4466,0,71_1175,1,5
38697,2024_038697_9a0bc03eba388482,3,72_1175,4,62
38706,2024_038706_ad651a9719e3248f,6,72_1175,4,2
38713,2024_038713_4a91d5ed0f4ad6f0,3,72_1175,4,56
38718,2024_038718_3f647c7deb094c14,2,72_1175,4,39
38722,2024_038722_5715b3ac2a4e5013,1,72_1175,4,25
38726,2024_038726_fc36015d711da076,3,72_1175,4,6
38749,2024_038749_4abf773b8be9d39f,1,72_1175,4,2
38752,2024_038752_087c255d4b70b95e,1,72_1175,4,5
38790,2024_038790_ce52a5938e6cbabe,0,72_1175,4,32
38792,2024_038792_5d1659da6ebff637,0,72_1175,4,20
38795,2024_038795_d6ad27f5cb634a2b,0,72_1175,4,31
38799,2024_038799_13ebbfeb3221c4e7,3,72_1175,4,3
38813,2024_038813_fe7a2984f4e400f6,3,72_1175,4,44
38815,2024_038815_f7aab1d9c3b373e4,2,72_1175,4,37
38817,2024_038817_fc711db3b8a815d5,3,72_1175,4,19
38834,2024_038834_0206d412067d2026,0,72_1175,4,5
38836,2024_038836_60edd369422bacb7,1,72_1175,4,40
38842,2024_038842_603b1ff2b618a129,1,72_1175,4,13
38845,2024_038845_0920c8a29ec2a680,3,72_1175,4,13
38849,2024_038849_4ac7313a2d585763,0,72_1175,4,4
38859,2024_038859_1e111c1f362e81c5,2,72_1175,4,22
38862,2024_038862_15ce33b870875271,3,72_1175,4,8
38864,2024_038864_36cb0197e7e5f9c6,1,72_1175,4,35
38866,2024_038866_a2ee9f15492e3d67,2,72_1175,4,30
38872,2024_038872_e90d4e556b47d6af,4,72_1175,4,13
38876,2024_038876_15cd7ba0211661a4,4,72_1175,4,52
38883,2024_038883_7c2c7f452b930d9e,3,72_1175,4,40
38892,2024_038892_cd7bf4f095e06f2a,1,72_1175,4,23
38895,2024_038895_54c5157e09a9697f,4,72_1175,4,29
38898,2024_038898_c626736b1cb19b17,3,72_1175,4,10
38900,2024_038900_660d46a8b238d8ef,1,71_1175,1,5
38907,2024_038907_e17324176d8b1a37,3,71_1175,1,26
38910,2024_038910_04edafea030477f9,3,71_1175,1,60
38914,2024_038914_71e7b3c332352c26,3,71_1175,1,4
38916,2024_038916_0bd0ae7741cc733d,3,71_1175,1,11
38920,2024_038920_acf03bcb48081be7,3,71_1175,1,5
38927,2024_038927_f31dfd2a206b4ffd,4,71_1175,1,26
38929,2024_038929_d7fc3471ca490e81,6,71_1175,1,5
38940,2024_038940_cc6fd7efeec22beb,4,71_1175,1,10
38941,2024_038941_a618d18a322f7b2e,3,71_1175,1,7
38947,2024_038947_7c5ed7e15ffb1db6,3,71_1175,1,15
38948,2024_038948_24c9f7acde946ba2,3,71_1175,1,7
38952,2024_038952_45b29d724fcf85b1,3,71_1175,1,22
38962,2024_038962_40f1d4f1652419fd,3,71_1175,1,11
38963,2024_038963_2803a9e17bd12693,6,71_1175,1,10
38969,2024_038969_8ce221bd7a2e78c4,1,71_1175,1,54
38970,2024_038970_24fe2c38e51bf872,3,71_1175,1,14
38976,2024_038976_014938969cf2ee48,1,72_1175,4,3
38980,2024_038980_b157ba6f6d3ce314,1,72_1175,4,2
38984,2024_038984_71fe6d35ed0e01ea,4,72_1175,4,9
38985,2024_038985_af8a648cdde41397,4,72_1175,4,9
38987,2024_038987_d65015850b68f778,1,72_1175,4,6
38995,2024_038995_d1953cd29f8a6048,1,72_1175,4,6
39001,2024_039001_eb4313b474c5019e,1,72_1175,4,9
39005,2024_039005_412967d167b36aa8,0,72_1175,4,32
39011,2024_039011_e2a051cb4c397524,1,72_1175,4,37
39017,2024_039017_5a5b9b01215b3cd2,0,72_1175,4,11
39025,2024_039025_173863deaaf8e75c,3,72_1175,4,16
39037,2024_039037_c60a91815f297e8f,5,72_1175,4,10
39038,2024_039038_8f5bef87b69c073a,4,72_1175,4,6
39047,2024_039047_29d00e12091af2a0,4,72_1175,4,19
39048,2024_039048_d0fea6ac0fa9283b,4,72_1175,4,32
39052,2024_039052_642ee3d4ba107bf5,3,72_1175,4,28
39058,2024_039058_94b0489978e00be8,3,72_1175,4,19
39060,2024_039060_9d0d7bfe00f12b31,1,72_1175,4,47
39061,2024_039061_5f0ac1db4a647f56,6,72_1175,4,3
39063,2024_039063_23bde4c5916f7c67,3,72_1175,4,28
39074,2024_039074_694f1eecba6a17ac,2,72_1175,4,21
39079,2024_039079_644d0d4284aafd18,6,72_1175,4,4
39081,2024_039081_4d2deb9f377c00aa,4,71_1175,1,18
39084,2024_039084_a3cecd20fe1ac257,4,71_1175,1,26
39088,2024_039088_5d45221c953beae6,4,71_1175,1,8
39092,2024_039092_3a7a54744f4dd9e1,6,71_1175,1,13
39093,2024_039093_9402e40521295717,3,71_1175,1,19
39100,2024_039100_d71663a93f82ff16,4,71_1175,1,13
39105,2024_039105_c9dfe8497f4d593c,2,72_1175,4,6
39106,2024_039106_71be7c8829cc5671,3,72_1175,4,5
39114,2024_039114_6c90549e775de11f,1,72_1175,4,3
39133,2024_039133_c138326b806db898,3,72_1175,4,25
39135,2024_039135_5062be113cc8f508,3,72_1175,4,2
39137,2024_039137_92d4cd472107b909,4,72_1175,4,6
39140,2024_039140_44c0e20c022b1866,2,72_1175,4,35
39142,2024_039142_96ef5dcf6b56fb54,3,72_1175,4,17
39147,2024_039147_c61ed96a39fa0738,6,72_1175,4,6
39170,2024_039170_d65e02023f5f2600,0,72_1175,4,14
39174,2024_039174_bccdec219a064b4d,0,72_1175,4,11
39181,2024_039181_f069b9a44e3cb0eb,2,72_1175,4,16
39182,2024_039182_cec486a4c717f7fc,0,71_1175,1,8
39183,2024_039183_67d0a1e0bca5b335,0,72_1175,4,3
39202,2024_039202_275414950052160d,2,72_1175,4,12
39205,2024_039205_d30957e7d5eb1144,3,72_1176,1,6
39206,2024_039206_ffca84646e9198d7,6,72_1176,1,2
39213,2024_039213_4cc6a0f88788b3bc,6,72_1176,1,68
39223,2024_039223_343ef866fd8ae729,4,72_1176,1,13
39225,2024_039225_9e754fdb3f1ac447,6,72_1176,1,11
39240,2024_039240_6da07fe724a0924c,0,72_1176,1,3
39242,2024_039242_de637ee2e8fdd80e,6,72_1175,4,10
39246,2024_039246_5da3c33c248c4d0b,0,72_1175,4,5
39270,2024_039270_84b6eee23fa6d8a4,3,72_1176,1,2
39295,2024_039295_174f4ead362030ab,5,72_1176,1,11
39296,2024_039296_c1ba069c1dde3528,3,72_1176,1,62
39301,2024_039301_ae521b87173aeeac,3,72_1175,4,13
39314,2024_039314_555c790e9b0fea40,3,72_1176,1,49
39316,2024_039316_4dcf27d6dc0c5a09,6,72_1176,1,3
39321,2024_039321_c1c4906b074f3cfa,0,71_1175,1,10
39322,2024_039322_729bf3edb8a0589a,0,72_1175,4,14
39326,2024_039326_b6f2202eb59ce1e8,0,72_1176,1,6
39327,2024_039327_7a722c42175c904b,0,71_1176,5,7
39331,2024_039331_6e115740f9f54f43,0,72_1176,1,16
39334,2024_039334_ab2dd7b79b66982b,1,72_1176,1,14
39366,2024_039366_4c5e474e4395c4c2,0,71_1176,5,13
39369,2024_039369_2b2565f7ea481280,4,72_1176,1,3
39380,2024_039380_827ce97685978a7b,5,72_1175,4,21
39395,2024_039395_34e5df25cef27e77,3,72_1176,1,45
39403,2024_039403_3f7ee27a8f6e86df,3,72_1175,4,12
39407,2024_039407_8bee449d6e4eb1f0,3,71_1176,5,30
39409,2024_039409_7f4959a5f7ce15a9,3,71_1176,5,5
39410,2024_039410_30fbc3cdc2964288,0,71_1176,5,26
39411,2024_039411_d304aa5df459d925,4,71_1176,5,24
39414,2024_039414_e46188bfee8cd970,6,71_1176,5,33
39419,2024_039419_845400f5ac2248b8,3,71_1176,5,36
39420,2024_039420_27e621aee482513c,3,71_1176,5,38
39425,2024_039425_f6751548eb38ce36,3,71_1176,5,34
39432,2024_039432_17084b879cff5908,6,71_1176,5,18
39434,2024_039434_509347a232241785,3,72_1176,1,8
39437,2024_039437_a8332894876a5d2d,3,72_1176,1,8
39441,2024_039441_7366461c0747c588,6,72_1176,1,8
39447,2024_039447_67be3bf3dc94814c,6,72_1176,1,7
39465,2024_039465_54547f692039a0d1,2,72_1176,1,14
39467,2024_039467_5a71761a1d5386ec,0,72_1175,4,6
39469,2024_039469_49c84885a160e790,0,72_1175,4,2
39482,2024_039482_6e0737edf69a2437,4,71_1176,5,6
39495,2024_039495_a32b56cdefba20d3,3,71_1176,5,15
39505,2024_039505_ef0aba7686764685,4,71_1176,5,10
39507,2024_039507_9886ddbb85be7d44,3,71_1176,5,9
39511,2024_039511_59d842739cf662f9,3,71_1176,5,6
39512,2024_039512_4d85a7b50ffd4b88,2,72_1176,1,12
39520,2024_039520_06b00c2f62795b8b,3,71_1176,5,10
39535,2024_039535_138d895584529f43,3,72_1176,1,3
39540,2024_039540_89d238176d4369f5,5,72_1176,1,2
39556,2024_039556_594295d5ec91264e,6,72_1176,1,3
39566,2024_039566_ba809de09c53332b,3,71_1176,5,62
39569,2024_039569_5a26cd1242cc84aa,3,71_1176,5,24
39600,2024_039600_7e8e7f1c805c56bd,4,71_1176,5,9
39601,2024_039601_50eddf79f5d43ef7,4,71_1176,5,38
39609,2024_039609_7de49f68d88efa44,2,72_1176,1,6
39611,2024_039611_ebcc4367d3e8947d,3,72_1176,1,41
39619,2024_039619_a61a7414efdad623,4,72_1176,1,7
39624,2024_039624_b3069ab9c4d55f7d,0,72_1176,1,2
39638,2024_039638_7152d96ab82fa14c,1,72_1176,1,6
39643,2024_039643_93c0aaf353aa2ea2,3,72_1176,1,11
39644,2024_039644_367c737a1c7855d0,2,72_1176,1,26
39662,2024_039662_f118d937ea4c7e3a,3,72_1176,1,4
39668,2024_039668_676962c731e6369f,3,72_1176,1,7
39691,2024_039691_7f88f10e1befdb64,4,72_1176,1,4
39692,2024_039692_1fa3f866682f6fea,3,72_1176,1,4
39696,2024_039696_275fccc37f41ca73,6,72_1176,1,12
39704,2024_039704_625c6f44db18de75,3,72_1176,1,22
39705,2024_039705_2055da9da54cbc1f,6,72_1176,1,8
39714,2024_039714_dffe6ca90487ba5c,6,72_1176,1,4
39717,2024_039717_62d3f144aef13871,3,72_1176,1,4
39737,2024_039737_6d7e92b295e7a863,4,72_1176,1,7
39743,2024_039743_6ba96a3aa9ad870b,4,72_1176,1,3
39747,2024_039747_52a1e4734c7b3c5a,6,72_1176,1,33
39759,2024_039759_ceb81ae0e1171a66,3,72_1176,1,6
39765,2024_039765_de40065132a24387,3,72_1176,1,3
39767,2024_039767_deb2651263fb7496,3,72_1176,1,37
39775,2024_039775_fa92b8aff171e6e5,3,72_1176,1,40
39777,2024_039777_16c3e829539a6f9e,6,71_1176,5,9
39781,2024_039781_3de2d90987a08248,3,71_1176,5,12
39786,2024_039786_d1448257c1348da9,4,71_1176,5,13
39787,2024_039787_2cad2e1e0b100748,6,71_1176,5,44
39801,2024_039801_6ef172a419e6721c,6,72_1176,1,10
39802,2024_039802_1d184cf2c3038b08,4,71_1176,5,15
39813,2024_039813_380289df3f8d9ef7,3,71_1176,5,11
39817,2024_039817_b5efd855389f658a,6,72_1176,1,5
39818,2024_039818_a4024e165d701540,2,72_1176,1,9
39820,2024_039820_e4dc350969488d0c,6,72_1176,1,23
39823,2024_039823_3c60d8710b3614dc,4,72_1176,1,37
39826,2024_039826_9d6b5f4c07185fbe,6,72_1176,1,5
39827,2024_039827_9bd01488d848c1d5,2,72_1176,1,9
39833,2024_039833_15c051a0e6ce86cc,6,72_1176,1,4
39838,2024_039838_7605703cc36c83da,3,72_1176,1,4
39842,2024_039842_413e21afc4f78b75,4,72_1176,1,41
39844,2024_039844_2980b85eab79bd49,1,72_1176,1,9
39853,2024_039853_eabe8f79794f61c5,0,71_1176,5,4
39854,2024_039854_9278e16a4fa1c40b,0,71_1176,5,4
39858,2024_039858_d1eb02af8ebc8c07,0,71_1176,5,13
39860,2024_039860_8f31140bc85d0fe0,3,71_1176,5,6
39862,2024_039862_03e9e17a5ae6b2c0,6,71_1176,5,19
39863,2024_039863_58d4f91d3c3180cf,4,71_1176,5,4
39864,2024_039864_3307949c2fc15621,3,71_1176,5,6
39865,2024_039865_af230d815c34ac3b,3,71_1176,5,12
39883,2024_039883_cd4b1cf57f39b29e,3,71_1176,5,11
39885,2024_039885_9929e64127fe3a08,3,71_1176,5,15
39919,2024_039919_727ca102699ab979,3,72_1176,1,30
39920,2024_039920_8a59e19ebc5e8945,5,72_1176,1,11
39923,2024_039923_d47c37a4ada1bcc7,3,72_1176,1,36
39935,2024_039935_682d144fd7e2547f,4,72_1176,1,12
39938,2024_039938_efbe6c471d2758d9,6,72_1176,1,7
39940,2024_039940_b38079948ce31cbf,3,72_1176,1,27
39942,2024_039942_14f22460c369873d,3,72_1176,1,2
39946,2024_039946_997f5e71d8cb7ccf,3,72_1176,1,5
39963,2024_039963_ca028eec99641d36,6,72_1176,1,10
40011,2024_040011_0552351aa76de361,6,71_1175,1,13
40014,2024_040014_9e04fd117d8640d6,6,71_1175,1,30
40016,2024_040016_7c8ee4a1ac825a16,3,71_1175,1,28
40026,2024_040026_0900e55d4f9ac8b9,6,71_1175,1,34
40028,2024_040028_62b7d1c6fcafd5e8,6,71_1175,1,4
40047,2024_040047_12f84af4c5fb00af,1,72_1175,4,5
40086,2024_040086_17a14241cca20727,4,71_1176,5,58
40088,2024_040088_1859c752001e440f,3,71_1176,5,18
40100,2024_040100_5db08cea483a8779,1,71_1177,5,20
40119,2024_040119_ce8705458bd3f0a7,0,71_1176,5,2
40121,2024_040121_0602ebd399bf0de8,0,71_1177,5,4
40126,2024_040126_fd458b39d38065de,0,72_1177,1,11
40130,2024_040130_ed2dec0483e34d20,0,71_1177,5,13
40146,2024_040146_20fec253ec5bbdd7,0,72_1177,1,31
40156,2024_040156_cc05aeb16c48a426,5,72_1176,1,30
40165,2024_040165_22d0d2fe3255e3aa,3,72_1176,1,3
40171,2024_040171_5445a0d80c8e00c5,3,72_1176,1,3
40179,2024_040179_2fb86e9ac4140b81,6,72_1176,1,16
40183,2024_040183_070eba0899b7481f,0,72_1176,1,2
40186,2024_040186_9be50d9bb8e9996e,6,72_1176,1,2
40194,2024_040194_4c236a3503025a97,0,72_1176,1,9
40200,2024_040200_199f4b626944a4fa,3,72_1177,1,12
40208,2024_040208_fb21d3b2f22a14f2,6,72_1177,1,5
40222,2024_040222_cd56603f7cda89a5,5,72_1176,1,24
40227,2024_040227_ab6157e323941bea,4,72_1176,1,31
40229,2024_040229_af8662c6d52e4e91,3,72_1176,1,36
40235,2024_040235_4186b5a7c78da787,0,72_1176,1,2
40241,2024_040241_3a40ded8ed2b0ddf,3,72_1177,1,10
40250,2024_040250_bb07457a1519cba6,3,72_1176,1,6
40262,2024_040262_0a67d7b87a2183bf,4,72_1176,1,14
40265,2024_040265_a47d73e0ea55be64,4,72_1176,1,2
40271,2024_040271_bd0e4a1a4c48395d,4,72_1176,1,38
40282,2024_040282_555deceaecfe856d,6,72_1176,1,2
40285,2024_040285_78a3ff0d9ccf8dca,6,72_1176,1,60
40292,2024_040292_538ac5064c219013,6,72_1176,1,31
40303,2024_040303_81db21c7f639fcf1,0,72_1176,1,2
40314,2024_040314_0dc7dcdaa6cf7d6a,3,72_1176,1,5
40315,2024_040315_1e10680e288e18ae,5,72_1176,1,10
40316,2024_040316_4b0fb8eca55052d5,3,72_1176,1,6
40324,2024_040324_25d3de7c4a89127f,3,72_1176,1,4
40353,2024_040353_c0d30cb6b368f79a,4,72_1177,1,3
40363,2024_040363_5ee3c516ddb8be23,6,72_1177,1,9
40368,2024_040368_3011de8ea87462be,3,72_1176,1,11
40370,2024_040370_a232871f4900e1be,3,72_1176,1,11
40372,2024_040372_5d74bc8f74db91f7,3,72_1176,1,5
40388,2024_040388_999903826fd094e8,4,72_1176,1,5
40393,2024_040393_8c4c0cd7d6b39808,4,72_1176,1,25
40401,2024_040401_15e4a4e038bf1633,0,72_1176,1,2
40403,2024_040403_ed8e6a7cc5ee88cd,6,72_1176,1,17
40409,2024_040409_dd0c60df6ca93268,1,72_1176,1,34
40412,2024_040412_050a8610dd46e1e8,3,72_1176,1,9
40415,2024_040415_f7d9506fe14c08bb,3,72_1176,1,2
40418,2024_040418_9a7c3fa92c837d71,3,72_1176,1,14
40425,2024_040425_4d9711af008d652e,5,72_1176,1,21
40429,2024_040429_ca9f3e356973edaa,3,72_1176,1,6
40438,2024_040438_fc87c5bb5ee0f3bd,4,72_1176,1,13
40442,2024_040442_166f948fe8df4ab4,3,72_1176,1,20
40443,2024_040443_f687b829d0e42769,3,72_1176,1,14
40448,2024_040448_7211a278ee4fc574,3,72_1177,1,19
40450,2024_040450_ad13867cac5285a7,3,72_1177,1,10
40456,2024_040456_f210ffce2740241a,6,72_1177,1,14
40464,2024_040464_d2b89a3729a682fb,6,72_1177,1,4
40493,2024_040493_6f557b7d0d073861,3,72_1177,1,3
40498,2024_040498_af3471b93b249054,3,72_1177,1,3
40501,2024_040501_210a12e1c847f82b,3,71_1176,5,8
40505,2024_040505_3dcf38befe274537,6,71_1176,5,13
40511,2024_040511_4988f54a06f1b325,5,71_1176,5,13
40516,2024_040516_bca32fbc2479fbab,0,71_1176,5,2
40535,2024_040535_5dd2c2d3be78162a,2,72_1177,1,2
40555,2024_040555_e59ad9750a91a61a,4,72_1177,1,4
40571,2024_040571_070b588b90f954e9,6,72_1177,1,8
40581,2024_040581_17236038cd9daa68,4,72_1176,1,3
40604,2024_040604_55e6714a83961ac0,4,72_1177,1,5
40611,2024_040611_58be84661358b941,3,72_1177,1,6
40625,2024_040625_233a7a1e5123324b,4,72_1177,1,7
40626,2024_040626_0d3b1226dfa96e96,4,72_1177,1,4
40627,2024_040627_6eb2a14487a1e38a,3,71_1177,5,13
40630,2024_040630_ac46443e02421356,0,71_1177,5,18
40636,2024_040636_b37186e8309bfe0e,3,71_1177,5,6
40662,2024_040662_b76a9495baba9448,3,73_1171,4,6
40684,2024_040684_e66cf2a411f7d0a9,3,73_1171,4,9
40687,2024_040687_7f8017573385ff78,6,72_1171,3,48
40692,2024_040692_47344ce75768bea8,4,72_1171,3,4
40695,2024_040695_449007a529850879,3,72_1171,3,37
40696,2024_040696_23c5c3fa6d663f8c,3,72_1171,3,56
40709,2024_040709_28ff6267e29fc727,5,72_1171,3,2
40726,2024_040726_dbbd98a7effd4da9,3,73_1171,4,3
40727,2024_040727_f9aa0418790c78ca,3,73_1171,4,4
40728,2024_040728_b32be90626c4a9e3,3,73_1171,4,7
40746,2024_040746_600bd3fd32687dd4,4,72_1171,3,29
40749,2024_040749_4a17c5356c71a8e4,3,72_1171,3,76
40756,2024_040756_980b0c6673487ceb,4,72_1171,3,40
40779,2024_040779_29685a357a72329f,3,72_1171,3,62
40827,2024_040827_b8ae8b085aac7536,1,72_1171,3,7
40830,2024_040830_97e161034c2bd141,1,72_1171,3,15
40835,2024_040835_5b35b01657839e91,1,72_1171,3,16
40839,2024_040839_3f46df9fd750a8f6,1,72_1171,3,14
40870,2024_040870_affbc38200ece94a,3,72_1171,3,5
40872,2024_040872_2f9ff8ae108225ea,1,72_1171,3,15
40873,2024_040873_611ba38c98cc1865,3,72_1172,2,69
40874,2024_040874_796ded80705375c8,6,72_1172,2,16
40875,2024_040875_903d5872ed5559bb,2,72_1171,3,17
40876,2024_040876_fa4e0d0352e73159,2,72_1172,2,14
40877,2024_040877_16484aec808b5638,6,71_1171,4,11
40879,2024_040879_d24c8bcfd64266bb,6,72_1172,2,15
40892,2024_040892_9b0f09f98cb5ccc7,3,72_1171,3,13
40894,2024_040894_4cbfe5204878ceb4,3,71_1171,4,10
40895,2024_040895_bcb8067be51e1ae6,4,71_1172,0,7
40896,2024_040896_87fe2a097383ba04,3,72_1172,2,6
40899,2024_040899_b0fbc72a806830b9,4,71_1171,4,6
40900,2024_040900_9e45466fdc8b4d6e,5,72_1172,2,4
40901,2024_040901_509bbc17a0cc3776,6,71_1172,0,6
40904,2024_040904_209103970a718652,3,72_1172,2,2
40908,2024_040908_573d4269494f4e3c,5,72_1172,2,2
40965,2024_040965_7f4d134fafb90140,4,73_1171,4,10
40971,2024_040971_bf0cbd4615d5627f,3,73_1172,0,40
40974,2024_040974_5a43c4c2d777616d,1,73_1171,4,12
40997,2024_040997_1c34d40db56dba48,0,73_1171,4,2
41021,2024_041021_fb0ff51e7f1f35c1,3,72_1172,2,6
41025,2024_041025_44f143f25a25d992,4,72_1172,2,59
41032,2024_041032_302f862324e1642a,3,72_1172,2,62
41042,2024_041042_e89661a8dba41d7b,3,72_1172,2,69
41047,2024_041047_afd5156ad282cdf6,6,72_1171,3,51
41052,2024_041052_1e601d8f2530bb57,3,72_1172,2,36
41098,2024_041098_edec957e81660ef5,4,72_1172,2,12
41099,2024_041099_eb3ec14d7eaa1228,3,72_1172,2,4
41103,2024_041103_e9e733d70fc86c8f,3,72_1172,2,7
41115,2024_041115_7f0c5d00e9216252,4,72_1172,2,4
41121,2024_041121_f9d5960e64127f67,6,72_1172,2,3
41125,2024_041125_9fc2ff5674cd8bf7,3,72_1172,2,8
41129,2024_041129_bf02e7a8975375a2,4,72_1172,2,10
41139,2024_041139_09c24096242b4dff,1,72_1172,2,65
41146,2024_041146_17da9292de1d536d,2,72_1172,2,13
41149,2024_041149_6f2641901a9ebb6c,3,72_1172,2,14
41154,2024_041154_582b4967806732d1,3,72_1172,2,8
41169,2024_041169_a6f667fa3ad0cc7e,6,72_1172,2,35
41195,2024_041195_337d3a5ee2811923,6,72_1172,2,4
41198,2024_041198_5ef9fcc75218391c,4,72_1172,2,2
41202,2024_041202_ffe10fb722524d15,6,72_1172,2,12
41204,2024_041204_9a4ee82a853b5597,3,72_1172,2,16
41214,2024_041214_b73fafcb0e7a0bf0,3,72_1172,2,88
41220,2024_041220_86571a00b76eb0dd,3,73_1172,0,86
41228,2024_041228_f7fedd2ff06f2923,3,73_1172,0,9
41229,2024_041229_7fe18a5c34f4b55f,2,73_1172,0,14
41231,2024_041231_c379cda037c02f2b,6,73_1172,0,6
41234,2024_041234_102582a9c938c42b,6,73_1172,0,36
41239,2024_041239_e749758ffc9c78b1,2,73_1172,0,2
41242,2024_041242_a016c89a94b82689,4,73_1172,0,8
41244,2024_041244_0c2de0362f523328,4,73_1172,0,2
41245,2024_041245_888bc0ea4c62f4c9,3,73_1172,0,18
41252,2024_041252_b1f339c95c1ce5cb,3,72_1172,2,2
41270,2024_041270_073b8c98c402e8d6,3,72_1172,2,4
41273,2024_041273_9176f26e4ad1bb27,3,72_1172,2,2
41278,2024_041278_81d49bf03dd925f8,3,72_1172,2,66
41283,2024_041283_dbc7c51284cf622e,4,72_1172,2,5
41291,2024_041291_6af78391e49d48ef,4,72_1172,2,29
41295,2024_041295_b4ba9d9824b0377a,3,72_1172,2,19
41303,2024_041303_3081a7b303bcc98c,3,72_1172,2,13
41307,2024_041307_2355705d4d5bae70,4,72_1172,2,42
41347,2024_041347_9e7d13c64ed65405,6,72_1172,2,57
41352,2024_041352_5ca566a98818ab63,4,71_1172,0,10
41359,2024_041359_565acde4ae7a0dd3,3,71_1172,0,27
41361,2024_041361_8dcb1146a2245a5d,6,71_1172,0,7
41371,2024_041371_c9d8d8657bf6142a,3,71_1172,0,4
41382,2024_041382_d3f0c91b9da998fe,4,71_1172,0,4
41383,2024_041383_71503934539977f2,4,71_1172,0,2
41386,2024_041386_f1ef6ffd832db698,3,73_1172,0,38
41388,2024_041388_82f95dd5f8f4b24c,6,73_1172,0,14
41390,2024_041390_9020d65ec40050c1,6,73_1172,0,12
41391,2024_041391_2e5e46ba160600fd,2,73_1172,0,13
41399,2024_041399_4c4d99b6969f5326,3,73_1172,0,5
41428,2024_041428_f37af3ef83f54af2,6,73_1172,0,2
41433,2024_041433_6b4e5c34e178f34e,6,72_1172,2,100
41434,2024_041434_1a8d39601a174d4d,4,72_1172,2,22
41440,2024_041440_73bfe78a3d06f3b9,4,72_1172,2,62
41441,2024_041441_721649e9043934fa,3,72_1172,2,14
41442,2024_041442_7818c7e818ab6b7d,4,72_1172,2,14
41445,2024_041445_6fecfb1a0ba7866c,3,72_1172,2,11
41446,2024_041446_3de7799d4f1ef25d,3,72_1172,2,10
41447,2024_041447_40be5fa4845ba19b,3,72_1172,2,10
41456,2024_041456_034334a38d818f91,3,72_1172,2,30
41460,2024_041460_a07a3674126f3eb1,6,72_1172,2,6
41461,2024_041461_a705e0ad8d4f9358,5,72_1172,2,25
41476,2024_041476_ddf87bc20ecd4f4d,4,72_1172,2,4
41477,2024_041477_d95b84fc94161fd1,3,73_1172,0,65
41483,2024_041483_ceea2bd3df423fc6,4,73_1172,0,62
41485,2024_041485_c6a9b707965f5bf1,3,73_1172,0,22
41486,2024_041486_f20e907ce31d8944,3,73_1172,0,23
41487,2024_041487_33148c221e65bea6,6,73_1172,0,14
41490,2024_041490_c1de6b81a87f7e21,3,73_1172,0,26
41491,2024_041491_b7a31cb2acc0a98a,3,73_1172,0,12
41494,2024_041494_bbad0efdfe5079aa,4,73_1172,0,2
41496,2024_041496_6fc011244c414eba,3,73_1172,0,5
41499,2024_041499_d452617dc5b6f90b,6,73_1172,0,4
41502,2024_041502_2715552aa7c6b630,6,73_1172,0,3
41527,2024_041527_9be56c1a32bbd1b3,4,72_1172,2,17
41531,2024_041531_b7f54092da2247d4,0,72_1172,2,20
41542,2024_041542_fb678b91df9a50e4,4,72_1172,2,14
41549,2024_041549_c45e00176548d023,3,72_1172,2,10
41555,2024_041555_a88846050c90dad6,3,72_1172,2,142
41558,2024_041558_6214515fe236cddd,4,72_1172,2,10
41589,2024_041589_46c87e95a7267754,4,72_1172,2,98
41593,2024_041593_d4e5f591c5bf2023,3,72_1172,2,3
41594,2024_041594_d28e2b119c633973,3,72_1172,2,16
41598,2024_041598_5f3716a8ce3037e9,4,71_1172,0,4
41627,2024_041627_df0b6302f458b35c,6,72_1172,2,11
41628,2024_041628_a42492cfab5dda32,3,72_1172,2,2
41641,2024_041641_56f92f5c915c8ee2,3,72_1172,2,8
41647,2024_041647_22d42446b5b2a3c9,3,72_1172,2,13
41653,2024_041653_ffc207680ba82168,6,72_1172,2,7
41654,2024_041654_1dfc4dd4e1697860,6,72_1172,2,14
41656,2024_041656_a61a7b4576d83e0b,6,72_1172,2,13
41661,2024_041661_b16f639bcb2e15b0,4,72_1172,2,10
41665,2024_041665_3dcebc291054bc72,3,72_1172,2,5
41673,2024_041673_eb411e78c376f941,3,72_1172,2,7
41675,2024_041675_f7447bd9faf6069b,6,72_1172,2,16
41686,2024_041686_40a3121e337d179e,3,72_1172,2,6
41698,2024_041698_93e92ec9287ae3a2,3,72_1171,3,68
41702,2024_041702_920fab3800abe646,1,72_1171,3,5
41703,2024_041703_ee2d3243906311ba,1,72_1171,3,8
41708,2024_041708_3b315c7c391d1a70,1,72_1171,3,14
41709,2024_041709_cdb7294317cc6c1b,0,72_1171,3,5
41735,2024_041735_31ebfe554094883d,2,72_1172,2,11
41738,2024_041738_509c73d509c24eb6,1,72_1172,2,57
41744,2024_041744_f8c44710003ac4e8,3,73_1172,0,15
41750,2024_041750_6d9a202c94a906a5,3,73_1172,0,16
41758,2024_041758_a53324b7f5bea46d,1,72_1172,2,10
41772,2024_041772_a5f5803dbd7eed38,5,72_1171,3,14
41782,2024_041782_66259b788117359a,4,72_1172,2,6
41784,2024_041784_839a62ba17a0451c,4,72_1172,2,7
41796,2024_041796_e197af4d41b5b592,3,73_1171,4,10
41822,2024_041822_30fbac085e00ebb8,4,72_1171,3,19
41843,2024_041843_1a289cfc91ce8c63,4,73_1172,0,58
41844,2024_041844_a0da7e5723099208,4,73_1172,0,6
41845,2024_041845_359356284dbdf90b,2,73_1172,0,13
41846,2024_041846_8cbbf2b623818490,2,73_1172,0,13
41848,2024_041848_eac1533a960240bb,2,73_1172,0,5
41850,2024_041850_cefd947dc209367a,4,73_1172,0,58
41854,2024_041854_f22e36e5d6e396fd,6,73_1172,0,3
41859,2024_041859_57d4307a7968616e,3,73_1172,0,19
41867,2024_041867_c9da8094ee94a8fa,3,73_1172,0,4
41868,2024_041868_6da9f65936e87ad0,3,73_1172,0,22
41870,2024_041870_7f3243514f3ccfd6,3,73_1172,0,20
41872,2024_041872_f9bf1a63afcb2579,3,73_1171,4,6
41886,2024_041886_b753e0026b1c72a0,0,73_1171,4,11
41898,2024_041898_0967536152f7596b,4,73_1171,4,89
41902,2024_041902_5aeebd6ce0ab2964,0,73_1171,4,21
41908,2024_041908_ee2f5584e9ee1fed,4,72_1172,2,120
41912,2024_041912_389c7198d3a6b29d,3,72_1172,2,3
41914,2024_041914_39c00eae390990d7,3,72_1172,2,141
41918,2024_041918_9f51874725ae12da,3,72_1172,2,2
41929,2024_041929_4fd1b8dae52f54a8,4,72_1172,2,17
41936,2024_041936_d901625d498191d1,4,72_1172,2,4
41945,2024_041945_5d47c301461dbe12,4,71_1172,0,49
41946,2024_041946_3d91ba9144198682,3,72_1172,2,46
41948,2024_041948_768654ba881188a1,6,71_1172,0,11
41950,2024_041950_14baa7f5fe3c7785,6,71_1172,0,10
41967,2024_041967_25c60399d6db7074,3,71_1172,0,5
41972,2024_041972_6833cde91db0fb51,3,71_1172,0,5
41974,2024_041974_8001246d46a1a8b4,1,71_1172,0,2
41991,2024_041991_2518e6e8d6cf16ea,4,72_1172,2,48
41998,2024_041998_100ad5084d13f5e1,6,72_1172,2,2
42001,2024_042001_ced65b0b9036d3a4,6,72_1172,2,3
42008,2024_042008_56116f5bffba3d28,1,73_1172,0,71
42015,2024_042015_79899a204ff7e421,3,73_1172,0,20
42025,2024_042025_e939d26204050284,4,73_1172,0,11
42028,2024_042028_8c046efabc5a8aeb,3,73_1172,0,11
42029,2024_042029_16ac94369afbf86e,6,73_1172,0,9
42046,2024_042046_c1fe26bc592537ee,4,73_1172,0,11
42052,2024_042052_049c9f63b447dfe8,3,72_1172,2,5
42057,2024_042057_4c2fa187d04188b8,3,72_1172,2,94
42076,2024_042076_7b2ac3061ee46331,4,72_1172,2,51
42077,2024_042077_a9d8ff8319a4cc60,3,72_1172,2,52
42082,2024_042082_8d6bcf0049c1b346,4,73_1172,0,24
42088,2024_042088_a6c06b55171c4ea0,3,73_1172,0,77
42089,2024_042089_1e980eeace38c811,2,73_1172,0,11
42096,2024_042096_2635744b69ae57f4,6,73_1172,0,47
42100,2024_042100_10aa1193985d7758,3,73_1172,0,65
42104,2024_042104_49a43a31000f6b11,3,73_1173,4,16
42109,2024_042109_f60330389ba6e643,4,73_1173,4,3
42127,2024_042127_87bc194754dd66fa,6,72_1172,2,46
42129,2024_042129_eafb5ccdfa126435,6,72_1172,2,54
42137,2024_042137_ea1c2555fb3484e6,3,72_1172,2,8
42144,2024_042144_f04bbdd99bdb1283,1,72_1173,4,26
42148,2024_042148_ca2728cfdcbbacf8,0,72_1173,4,11
42152,2024_042152_3aed5952c87a9e28,3,72_1173,4,11
42161,2024_042161_13e0adc3e5523ab2,4,72_1172,2,49
42166,2024_042166_606ccfc89a6bcdeb,2,72_1173,4,9
42174,2024_042174_176cd2fb690ad9c6,2,73_1173,4,6
42190,2024_042190_0d89088603def498,6,73_1172,0,36
42199,2024_042199_66a53243ad34a758,2,73_1173,4,10
42208,2024_042208_0ca17ca55c53d218,4,72_1173,4,8
42210,2024_042210_6036c681e03d97a6,4,72_1173,4,11
42215,2024_042215_7b0d56575e4d1463,3,72_1173,4,11
42216,2024_042216_effde9c87adc3480,4,72_1173,4,7
42217,2024_042217_0e8c5cc83170036f,3,72_1173,4,8
42220,2024_042220_0ef1751442394ac9,4,72_1172,2,37
42225,2024_042225_b453e059e781d487,3,72_1173,4,44
42231,2024_042231_58427de19492a295,3,72_1172,2,8
42233,2024_042233_fe01e3eca34c46a2,2,72_1173,4,6
42236,2024_042236_d2a9a6e522453899,6,72_1172,2,10
42239,2024_042239_0110bbe73669a21e,3,72_1173,4,14
42253,2024_042253_b09c5c9b0c9952d8,3,72_1173,4,11
42254,2024_042254_fb554b0aba969f3f,4,72_1172,2,9
42256,2024_042256_57c0919b813d8385,3,72_1173,4,47
42262,2024_042262_2c629c13351c5cb4,6,72_1173,4,42
42266,2024_042266_26a3bff648adf459,3,72_1173,4,48
42281,2024_042281_84cdf0b5a6cd2dd2,3,71_1173,2,45
42282,2024_042282_58897ee0bb76af29,4,72_1173,4,10
42296,2024_042296_6899cdca97b1cf19,5,72_1173,4,10
42305,2024_042305_4f976e931b73b59b,4,72_1173,4,54
42306,2024_042306_f6486bb956004a86,4,72_1173,4,49
42309,2024_042309_b573c6301e313678,6,72_1173,4,31
42312,2024_042312_9afb609100017b91,2,72_1173,4,15
42350,2024_042350_ea3514ba358ef8f7,3,72_1173,4,41
42371,2024_042371_835a99b1506d9d04,6,72_1173,4,2
42381,2024_042381_2c4d67aaeb716fbe,1,72_1173,4,2
42383,2024_042383_7eb8299b66cd525b,3,72_1173,4,48
42391,2024_042391_bf1e84020cebe5b7,4,72_1173,4,48
42398,2024_042398_475daf43cc86b9cf,3,72_1173,4,48
42400,2024_042400_83b24f9462e7d6f5,4,72_1173,4,48
42410,2024_042410_8f5a095518734054,4,72_1173,4,47
42425,2024_042425_ed154b2fa28725c8,3,73_1173,4,9
42426,2024_042426_d0c370a9ca6cf7c3,3,73_1173,4,10
42427,2024_042427_d293dc2499022ced,6,73_1173,4,10
42428,2024_042428_bda706225e4c2689,4,73_1173,4,10
42430,2024_042430_ceea6608a4cdf324,4,73_1173,4,9
42431,2024_042431_ed9506eb81f8ad31,6,73_1173,4,9
42434,2024_042434_d444e6d63be450f5,3,73_1173,4,21
42442,2024_042442_cb6b2293485a103b,3,73_1173,4,26
42479,2024_042479_560fc54ae8e4af23,2,72_1173,4,47
42481,2024_042481_98c541971b38348d,2,72_1173,4,16
42488,2024_042488_8eda63019057b0c7,1,72_1173,4,6
42494,2024_042494_dccdac3fb07ccaad,6,72_1173,4,70
42495,2024_042495_bd76ef4b4739c595,4,72_1173,4,76
42496,2024_042496_2cb83a2f39a6f52a,4,72_1173,4,10
42497,2024_042497_4160edfe25f0b3cf,4,72_1173,4,35
42498,2024_042498_a7ce8926b5dbeeaf,4,72_1173,4,11
42510,2024_042510_500872b8834e2f74,6,72_1173,4,5
42511,2024_042511_b80fd96fb5dc4dcd,3,72_1173,4,6
42532,2024_042532_b64b423a2531cefe,1,72_1173,4,11
42537,2024_042537_fd15a863af432263,3,72_1173,4,11
42542,2024_042542_fdbd67687fc07bec,3,72_1173,4,36
42545,2024_042545_34f3be032678f447,4,72_1173,4,11
42550,2024_042550_645fc3dee2ce8015,3,72_1173,4,12
42557,2024_042557_4f276e82cdb17299,4,72_1173,4,10
42558,2024_042558_159f2d967049e4eb,6,72_1173,4,26
42563,2024_042563_eee4b4f3f93c253d,4,72_1173,4,90
42568,2024_042568_aa4b97d0145cd2ad,4,72_1173,4,14
42576,2024_042576_890ef320ec863f8e,4,73_1173,4,8
42577,2024_042577_ed59267a7bfeb0d6,3,73_1173,4,11
42586,2024_042586_1462c1c66c7410be,6,73_1173,4,8
42598,2024_042598_f3e75652ca0c5c20,3,73_1173,4,12
42601,2024_042601_34fd49e47d996745,3,73_1173,4,9
42604,2024_042604_01ed8916a8874ce2,3,73_1173,4,38
42614,2024_042614_18b75f0e151ad414,3,72_1173,4,14
42646,2024_042646_6696f5afe452846c,3,72_1173,4,12
42651,2024_042651_fcc2b0a35af3a81f,6,72_1173,4,4
42661,2024_042661_0120c7e5b0f2ade0,3,72_1173,4,11
42662,2024_042662_020488b56bbc6738,4,72_1173,4,71
42674,2024_042674_55d8833d3044c80e,6,73_1173,4,10
42696,2024_042696_332521efcc4df112,3,73_1173,4,24
42699,2024_042699_3ec9e4cab48c9371,6,73_1173,4,25
42705,2024_042705_f8dedf9f2b55ac58,3,72_1173,4,38
42709,2024_042709_3ff533fb5f7e1468,3,72_1173,4,31
42710,2024_042710_c04e9ff1931cb267,3,72_1173,4,7
42719,2024_042719_f4495130b3b9fa58,0,72_1173,4,21
42724,2024_042724_3019135d5f85b55a,0,72_1173,4,10
42727,2024_042727_f77f04e8c3258e68,6,72_1173,4,8
42734,2024_042734_67854378c343cb50,6,72_1173,4,26
42735,2024_042735_3bc12a6c759e8110,6,72_1173,4,86
42743,2024_042743_e8da53a906128cf1,5,72_1173,4,137
42747,2024_042747_d640e5ff1ab62068,6,72_1173,4,6
42751,2024_042751_5921416a64e63bf0,1,72_1173,4,8
42753,2024_042753_4df3f5c3da1911e5,1,72_1173,4,2
42759,2024_042759_eb50fc5254e25ad8,6,72_1173,4,15
42764,2024_042764_d542897b94825eb7,1,72_1173,4,9
42771,2024_042771_e0d3009b7c01abc6,3,72_1173,4,56
42772,2024_042772_fdb3b46b796304fe,3,72_1173,4,56
42773,2024_042773_9e642a2a7ef2fc5a,4,72_1173,4,13
42782,2024_042782_f12022ae5fef3094,4,72_1173,4,31
42785,2024_042785_9d3a2f81350015f1,4,72_1173,4,7
42786,2024_042786_53bdff13f68017fb,4,72_1173,4,6
42787,2024_042787_a9405294744a8426,6,72_1173,4,9
42802,2024_042802_8e9d018721df4735,6,72_1173,4,4
42814,2024_042814_4cd1e30e01f7c45d,3,73_1173,4,19
42825,2024_042825_3b9edb8b57ee098c,1,72_1173,4,12
42828,2024_042828_5f70a032e3fc5972,6,72_1173,4,13
42839,2024_042839_3064807a9f7141b2,4,73_1173,4,30
42846,2024_042846_fad1f72ed663554b,1,73_1173,4,11
42849,2024_042849_085842b9abf1a428,3,73_1173,4,55
42855,2024_042855_cf9960678aaf576b,3,73_1173,4,45
42872,2024_042872_88ecd5e85a24c2d9,2,73_1173,4,13
42875,2024_042875_1a5f0da89d2095b6,4,73_1173,4,79
42892,2024_042892_ddec03d1661a5513,0,72_1173,4,9
42894,2024_042894_80d6dfcc455c8396,6,72_1173,4,3
42896,2024_042896_59946278a18ce719,0,72_1173,4,14
42901,2024_042901_9c7a90255bd9dea1,4,72_1173,4,3
42905,2024_042905_da7c09a8889afc8d,6,72_1173,4,10
42907,2024_042907_860b2cc5b5f142fc,3,72_1173,4,6
42909,2024_042909_ac7e0e50a2ca5623,1,72_1173,4,13
42910,2024_042910_6d0120c8c620e43d,1,72_1173,4,14
42927,2024_042927_d0213dd3e71f8141,1,72_1173,4,2
42929,2024_042929_e2c5e82ea09e6d99,3,72_1173,4,49
42931,2024_042931_ff0f7a13c193c8a1,3,72_1173,4,7
42936,2024_042936_e75252ee8c9ba804,3,72_1173,4,58
42940,2024_042940_399fc45700eb706a,3,72_1173,4,13
42968,2024_042968_4cba39e559adda93,6,72_1173,4,31
42974,2024_042974_e84fb5155f670377,0,72_1173,4,4
42976,2024_042976_6050e7e41e7a2271,0,72_1173,4,4
42983,2024_042983_2fd76490a14a628e,1,72_1173,4,13
42987,2024_042987_8ec3453f351ebcf6,3,72_1173,4,23
42989,2024_042989_11b9ea789545c103,6,72_1173,4,8
42993,2024_042993_89484c78ff73f4dd,1,72_1173,4,46
42995,2024_042995_60b3db0048b0e8df,1,72_1173,4,5
42999,2024_042999_2f76d1219848442e,3,72_1173,4,11
43004,2024_043004_5982fbc8041a7b66,1,72_1173,4,7
43015,2024_043015_0ef4a0389fedccfb,3,72_1173,4,15
43018,2024_043018_e4ddbfd7c6199054,3,72_1173,4,9
43020,2024_043020_f2067eabd35280f4,3,72_1173,4,9
43023,2024_043023_e15acde95a9ea72f,3,72_1173,4,3
43030,2024_043030_0d2af6b1f9493062,3,72_1173,4,7
43035,2024_043035_4fbf7e54f415ec1e,3,73_1173,4,39
43036,2024_043036_16d4ae02b50a9ab2,1,73_1173,4,12
43047,2024_043047_9ebce7a373214a32,6,73_1173,4,47
43050,2024_043050_e060138cc2d94d8c,4,72_1173,4,10
43054,2024_043054_3516f2b554757c78,4,72_1173,4,2
43058,2024_043058_43bc2150a4da2008,4,72_1173,4,32
43060,2024_043060_26bf08936d37ffc6,3,72_1173,4,36
43077,2024_043077_29780531d97861cf,2,73_1173,4,18
43085,2024_043085_4625d72217ef7245,3,73_1173,4,33
43088,2024_043088_7a496eb5caf2714b,6,73_1173,4,11
43089,2024_043089_82d5460c14178858,3,73_1173,4,39
43121,2024_043121_0cf83cbcbb76c08f,2,73_1173,4,16
43124,2024_043124_f10fb188b19c29af,5,73_1173,4,12
43126,2024_043126_7deb53f9ac006408,3,73_1173,4,9
43140,2024_043140_1aa1e5bb9fb6ae3b,2,73_1173,4,28
43142,2024_043142_d8def208b3aac90c,3,73_1173,4,48
43149,2024_043149_be38ba79f98298b6,3,72_1172,2,2
43151,2024_043151_ec1d4e1f15248cb3,6,72_1172,2,17
43159,2024_043159_324ede5c17998734,6,72_1172,2,4
43164,2024_043164_aeefc6963aa832cf,4,72_1172,2,2
43168,2024_043168_2384aa8159ad16e0,6,72_1172,2,3
43171,2024_043171_ef2f59edf9db1f68,3,72_1172,2,17
43184,2024_043184_e69a1528d29b6bd4,4,72_1173,4,4
43208,2024_043208_d9d1e5c428fc6303,3,72_1173,4,4
43212,2024_043212_70534753b1ddf632,4,72_1173,4,51
43218,2024_043218_e0c9408efba00968,1,72_1173,4,3
43236,2024_043236_3f7a594f3dd29509,6,73_1173,4,4
43241,2024_043241_39acf2bad0729616,4,73_1173,4,2
43266,2024_043266_14a3f1c80d45d975,3,72_1173,4,60
43270,2024_043270_ade11938f6843eb5,4,72_1173,4,12
43275,2024_043275_1f629cb5c1a0efed,2,72_1173,4,5
43279,2024_043279_569da77cd6a278b0,1,72_1173,4,14
43281,2024_043281_a12dd0d350a1ab98,5,72_1173,4,8
43286,2024_043286_bafca2dfbb657dd8,0,72_1173,4,2
43292,2024_043292_89178820658bb360,1,72_1173,4,45
43299,2024_043299_7aec6cefee82acc9,0,72_1173,4,35
43300,2024_043300_8b89f30b27eac6a3,5,72_1172,2,10
43303,2024_043303_f4ac3d40acaf5f5a,1,72_1173,4,44
43304,2024_043304_ad60369412b5f77a,2,72_1172,2,53
43308,2024_043308_2a1e2c1a71354018,1,73_1173,4,52
43310,2024_043310_13c9fb19b2e74e76,4,73_1173,4,4
43312,2024_043312_5df0e73672840258,3,73_1173,4,9
43316,2024_043316_6be42bea9c375f7f,4,73_1173,4,8
43322,2024_043322_417c967a431046fa,1,73_1173,4,51
43327,2024_043327_81379e77640143c6,4,73_1173,4,3
43329,2024_043329_aefb5b3c9d6fb6fb,3,72_1173,4,115
43357,2024_043357_204823d3fe3c09bb,3,72_1173,4,49
43367,2024_043367_4ea11f8589066e39,6,72_1173,4,47
43381,2024_043381_b8def17b74e5a479,0,72_1173,4,9
43385,2024_043385_34b69335151b0495,2,72_1173,4,5
43387,2024_043387_79cc3357b0c35034,1,72_1173,4,10
43389,2024_043389_2a5e4d58d7fed56c,0,72_1173,4,8
43390,2024_043390_43a805fb0d57008e,0,72_1173,4,6
43391,2024_043391_ff8a2c88e8ed644b,1,72_1173,4,30
43398,2024_043398_6cfe8baf287ca69c,4,72_1173,4,35
43401,2024_043401_7a77de3334b3197a,4,72_1173,4,11
43425,2024_043425_fd9e2154988d03bf,3,72_1173,4,13
43426,2024_043426_b0b6725eeddd6b0d,3,72_1173,4,57
43427,2024_043427_7703eca732d56e03,2,72_1173,4,24
43428,2024_043428_69c9f3953b8a32ad,3,72_1173,4,13
43429,2024_043429_e9d11bbefb0ec401,1,72_1173,4,13
43430,2024_043430_e373f463abde17b0,6,72_1173,4,15
43443,2024_043443_762314c8a0c2bd59,1,72_1173,4,8
43448,2024_043448_6561b83c7613cc1d,4,72_1173,4,30
43449,2024_043449_c65e7819f8f48d1e,1,72_1173,4,32
43450,2024_043450_db1b217cb6ee7314,6,72_1173,4,28
43469,2024_043469_7e2b2a1d2a35cc09,6,72_1173,4,65
43470,2024_043470_50846e7a3aa457c0,3,73_1173,4,77
43471,2024_043471_dd1b186b8819209a,3,73_1173,4,46
43472,2024_043472_4f0c57ef09d66f52,0,73_1173,4,8
43474,2024_043474_203e82351289d915,1,73_1173,4,35
43476,2024_043476_69e1c520c4b97344,1,73_1173,4,8
43478,2024_043478_e4f10aea8f93c513,1,73_1173,4,16
43479,2024_043479_6e6e98548ad16eb8,2,73_1173,4,13
43480,2024_043480_156696ee4f088ee0,2,73_1173,4,2
43482,2024_043482_1981849f2f736708,3,73_1173,4,5
43483,2024_043483_935ef12f17d68c7e,2,73_1173,4,7
43484,2024_043484_5f7eb3d7c66fcf19,1,73_1173,4,2
43509,2024_043509_70e2f7f66359a699,4,71_1173,2,13
43510,2024_043510_6fd7eaed46993154,4,71_1173,2,12
43514,2024_043514_ee0470cf1bcfa934,5,72_1173,4,60
43517,2024_043517_708d717f53e79f13,6,72_1173,4,13
43518,2024_043518_45ae9bb631c77f98,2,72_1173,4,12
43520,2024_043520_eec985a7f69ec566,3,72_1173,4,2
43524,2024_043524_b2eabad626906596,1,72_1174,1,7
43535,2024_043535_c8ece9792cfde6ea,1,72_1174,1,4
43539,2024_043539_e551a2d98dd5c543,4,71_1173,2,18
43540,2024_043540_18052be7c2bfddb8,6,72_1173,4,14
43545,2024_043545_69416a6b9186f23d,1,72_1173,4,11
43546,2024_043546_52a77193e7b6c57e,0,72_1173,4,51
43552,2024_043552_348b689f134c80bc,3,72_1173,4,12
43561,2024_043561_2368f87aac23be5f,3,72_1173,4,48
43580,2024_043580_6f267850d6e24bd3,4,72_1173,4,10
43582,2024_043582_cece140151a86668,3,72_1173,4,64
43586,2024_043586_e2e11e41d71dafe5,4,73_1173,4,7
43591,2024_043591_34022eedf431a83e,3,73_1173,4,2
43614,2024_043614_bab5a2042b4ce4b6,3,73_1173,4,3
43632,2024_043632_4f6b60e9a3452ea6,2,73_1173,4,12
43635,2024_043635_1107e048510bb28f,3,72_1173,4,15
43639,2024_043639_d35d2c3d5f13c5eb,6,72_1173,4,10
43642,2024_043642_ddce9ac5456eb201,4,72_1173,4,52
43657,2024_043657_bf86b3502ec5e276,3,72_1173,4,62
43661,2024_043661_b9452d3b45cef5f5,3,72_1173,4,11
43667,2024_043667_e5592061a27c54e8,1,72_1173,4,3
43671,2024_043671_de1a9a01f82bdeef,6,72_1173,4,6
43682,2024_043682_0b53c02139bb247d,3,72_1173,4,21
43683,2024_043683_5886de076d38b942,3,72_1173,4,19
43684,2024_043684_9f1cf50fba28593d,6,72_1173,4,30
43704,2024_043704_299cd7dadd975aa3,4,72_1173,4,89
43736,2024_043736_ccb7770dc081b7bd,4,72_1173,4,2
43746,2024_043746_d09c8af34da0c066,3,73_1173,4,6
43747,2024_043747_8cb8fbd6f03620ae,4,73_1173,4,12
43775,2024_043775_3a7d63459dc0e03e,1,73_1173,4,2
43777,2024_043777_57a34a034fe24562,3,73_1173,4,3
43783,2024_043783_52a4de06569cd2bf,6,73_1173,4,52
43788,2024_043788_ffbf507c368d23c9,1,73_1173,4,18
43792,2024_043792_1b62e938da2cf830,3,73_1173,4,10
43793,2024_043793_be9a9d68cbf16c2f,3,73_1173,4,22
43798,2024_043798_94432fb5e4c76d40,1,73_1173,4,4
43799,2024_043799_717dca931eb00d07,1,72_1174,1,16
43800,2024_043800_2ff7fd2a80850427,1,72_1173,4,13
43801,2024_043801_157bfcbd223a39ed,1,72_1174,1,13
43803,2024_043803_45eaf2144f884228,4,72_1174,1,13
43804,2024_043804_68b1a3ade0a92b09,1,72_1174,1,11
43808,2024_043808_e44fbbe7be09f7eb,1,72_1174,1,12
43809,2024_043809_17cf7f05c94c210e,1,72_1173,4,7
43813,2024_043813_bba8549782a6fec2,1,72_1173,4,5
43859,2024_043859_91de3050ea52cf0b,5,72_1174,1,5
43882,2024_043882_3327edda8095b92e,1,73_1174,3,41
43890,2024_043890_8ddf44fa3f8ee608,2,73_1173,4,9
43893,2024_043893_898bca63f7daae5a,3,73_1173,4,6
43897,2024_043897_d115ab3026ab724a,4,73_1173,4,24
43911,2024_043911_909a2802b845888f,6,73_1174,3,9
43912,2024_043912_ebee5fb3a0c4863c,6,73_1173,4,9
43913,2024_043913_3a60a0dadeca2c25,2,73_1173,4,9
43925,2024_043925_3931789ef03aa7ff,2,73_1173,4,9
43930,2024_043930_c482e2ea4eaa4315,1,73_1173,4,29
43931,2024_043931_13a9a98d6a990345,3,73_1173,4,30
43932,2024_043932_074c659711bfc0b7,6,73_1173,4,25
43934,2024_043934_eacdb86cf17b9168,3,73_1173,4,6
43941,2024_043941_a929e6d99e0c54ed,4,72_1173,4,11
43943,2024_043943_4f330688a81b7163,0,72_1173,4,9
43980,2024_043980_6e23687546a65ab8,6,73_1173,4,47
43981,2024_043981_d34a278ac77d2844,6,73_1174,3,48
43982,2024_043982_a0d0821e25ac6cbf,4,73_1174,3,35
43983,2024_043983_145d88c4e5eb7abc,6,73_1174,3,31
43984,2024_043984_b152fafc77bf17f7,3,73_1173,4,18
43985,2024_043985_02340f946b8bb93d,6,73_1173,4,15
43987,2024_043987_3bc5a96a1460aa26,2,73_1173,4,15
44018,2024_044018_64bdf111d7f1e3ba,1,73_1174,3,74
44020,2024_044020_b3f06a162dd99950,6,73_1174,3,8
44023,2024_044023_e22802fdc0d8f0e3,3,72_1174,1,6
44025,2024_044025_64c6311c8a0491e7,3,73_1174,3,38
44027,2024_044027_2a1f98c65aafb692,3,73_1174,3,32
44029,2024_044029_0b46d755ac2f68f7,3,73_1174,3,19
44031,2024_044031_0566735f0cd90e62,3,72_1174,1,2
44032,2024_044032_f96accd6bd324797,3,72_1174,1,8
44033,2024_044033_ab5a50e84d14fd24,3,72_1174,1,4
44066,2024_044066_1dffe8bd11964d33,3,73_1174,3,23
44068,2024_044068_c5a9780a252f4d14,3,72_1174,1,6
44069,2024_044069_4ac6ccafb22afa41,6,72_1174,1,2
44071,2024_044071_99ef01a717cd6a54,6,72_1174,1,7
44072,2024_044072_dfad1c5f9797c7c0,3,72_1174,1,3
44074,2024_044074_ca1ef70cd1f45e76,3,72_1174,1,61
44084,2024_044084_891d2c1dd2d84e81,6,72_1174,1,29
44086,2024_044086_f1e39d67a811d6f2,2,72_1174,1,2
44091,2024_044091_d1c5d8b681f00137,6,72_1174,1,7
44092,2024_044092_7592344d94849429,3,72_1174,1,34
44100,2024_044100_09671382ec854d97,4,72_1174,1,5
44127,2024_044127_cd49f463477c88e3,4,72_1174,1,4
44130,2024_044130_8bbed466cdc88eae,1,72_1174,1,9
44143,2024_044143_a1a48c18b3234871,2,72_1174,1,3
44151,2024_044151_e4703d18bb66c5aa,3,72_1174,1,2
44155,2024_044155_baae10b4a65b2145,2,72_1174,1,5
44159,2024_044159_965196389831388b,4,73_1174,3,13
44160,2024_044160_6071bd4a1d0041ad,4,73_1174,3,10
44161,2024_044161_2ec39c169a79e856,3,73_1174,3,48
44163,2024_044163_8192cbec3895c7cb,1,73_1174,3,29
44166,2024_044166_7149b28ca01ed9e1,4,73_1174,3,36
44176,2024_044176_c1da8fcbd6777eac,3,73_1174,3,34
44189,2024_044189_a21510ab3767ea94,1,72_1174,1,7
44193,2024_044193_0724e6c715316013,1,72_1174,1,8
44195,2024_044195_1932f2ce6816d02d,1,72_1174,1,7
44199,2024_044199_3c86ccb0a7ff8cdc,1,72_1174,1,6
44200,2024_044200_424668ccfff04fad,1,72_1174,1,32
44203,2024_044203_be994653cf11bd58,4,72_1174,1,28
44206,2024_044206_a3f1938fc4e64d65,4,72_1174,1,28
44237,2024_044237_3edfe6b182963ed2,2,72_1174,1,4
44241,2024_044241_6e0a5d1d27afe4a8,4,72_1174,1,6
44245,2024_044245_b9f983b3f4073736,3,73_1174,3,34
44248,2024_044248_89db1fc2b208d37e,3,73_1174,3,14
44258,2024_044258_75e5bf732e5ca907,4,73_1174,3,17
44273,2024_044273_7b4acacb66d2656d,4,73_1174,3,10
44276,2024_044276_25e2912b1cac57f3,4,73_1174,3,15
44283,2024_044283_a4abe4b620567055,3,73_1174,3,34
44288,2024_044288_dac84d37bd961174,3,73_1174,3,25
44299,2024_044299_875b0f04124c9983,2,73_1174,3,13
44303,2024_044303_6ae2e2030be5f8e9,1,73_1174,3,14
44320,2024_044320_6a35d24fd78f3670,1,73_1174,3,2
44325,2024_044325_73054039da678344,1,72_1174,1,5
44363,2024_044363_30297b1722f642db,3,72_1174,1,58
44374,2024_044374_26bfd0af1b95c69e,4,72_1174,1,53
44375,2024_044375_305aae47d36ffa96,3,72_1174,1,23
44379,2024_044379_fd81ed3bfbc42fcc,4,71_1174,0,56
44385,2024_044385_d627353dac465284,3,72_1174,1,55
44387,2024_044387_238b70b7c1394066,2,72_1174,1,52
44391,2024_044391_f85341cefc84312e,1,72_1174,1,37
44397,2024_044397_ef7ea65a24be3e47,3,73_1174,3,15
44398,2024_044398_941fd633707184fe,6,73_1174,3,9
44400,2024_044400_3cbbf88154ff55d1,6,73_1174,3,4
44402,2024_044402_886208760aa36fb4,4,73_1174,3,35
44404,2024_044404_9af7fda4f1af85f6,4,73_1174,3,8
44409,2024_044409_4e6b7d7bba0ab55a,4,73_1174,3,38
44416,2024_044416_e86e0bf6b179e9af,2,73_1174,3,7
44418,2024_044418_9746c48619171083,2,73_1174,3,4
44421,2024_044421_47edebe0ee644005,3,73_1174,3,19
44424,2024_044424_d13278595e2636a6,4,73_1174,3,19
44428,2024_044428_227f5045f5c047d1,4,73_1174,3,30
44444,2024_044444_3764187382c42666,3,73_1174,3,4
44446,2024_044446_bf2531e57f69b38a,6,73_1174,3,4
44467,2024_044467_0d60f1ee62c646ac,6,73_1174,3,7
44468,2024_044468_cb6396931a2810c5,3,73_1174,3,7
44478,2024_044478_4f1671b30048062f,2,73_1173,4,7
44481,2024_044481_5b335f2332f1d630,1,73_1173,4,14
44483,2024_044483_c3e723a1b60e72e0,3,73_1173,4,5
44490,2024_044490_228cdebc13316c7c,6,73_1173,4,6
44495,2024_044495_8fb8de6cc7ddbed3,1,73_1173,4,5
44501,2024_044501_9f6e5fe9643d91c9,5,73_1173,4,16
44505,2024_044505_7e17fe2a48e21734,3,73_1173,4,6
44509,2024_044509_1619705af8cf0e86,3,72_1173,4,11
44514,2024_044514_1a6c195f89a8ab34,1,73_1173,4,2
44518,2024_044518_a07b9c2bdf632aa6,1,73_1173,4,2
44536,2024_044536_319938285a5fce38,1,72_1173,4,6
44542,2024_044542_2c9aa8aa7bb2e207,6,72_1173,4,11
44550,2024_044550_4d3082baf14f7bd2,3,71_1174,0,29
44554,2024_044554_27f80633d5c35d5d,1,72_1174,1,29
44567,2024_044567_07598aaffa0c9556,2,72_1174,1,6
44573,2024_044573_335e8a2dbaecefc5,1,72_1174,1,5
44582,2024_044582_9e25e29e01abd361,3,73_1174,3,4
44583,2024_044583_7a37329a466f6679,1,73_1174,3,8
44593,2024_044593_77244457a8ddb09f,3,73_1174,3,7
44596,2024_044596_4ef33ed7a30eb3a3,3,73_1174,3,3
44597,2024_044597_22dd46d33dfb0a87,3,73_1174,3,3
44604,2024_044604_147a0bcee14c0c14,3,71_1174,0,10
44606,2024_044606_ffa555baf6de9ce8,0,71_1174,0,9
44607,2024_044607_4f0ee0b556afe9d1,6,72_1174,1,10
44618,2024_044618_0c33f28cec09a147,1,72_1174,1,39
44620,2024_044620_2ab249a2a5b96cf2,3,72_1174,1,8
44645,2024_044645_260b15bdeb2bde5c,3,72_1174,1,2
44651,2024_044651_51c3d50d7a6ccb60,6,72_1174,1,3
44655,2024_044655_4d97aff38cf1986f,4,72_1174,1,5
44657,2024_044657_6d86a2661ede00b8,4,72_1174,1,4
44660,2024_044660_795664a15ce898c4,4,72_1174,1,3
44665,2024_044665_bc832dc7575dee71,4,72_1174,1,2
44671,2024_044671_5c3476f7113069d2,4,72_1174,1,27
44674,2024_044674_b9bf5094528b9491,4,72_1174,1,20
44678,2024_044678_c7edaad7594fb786,3,72_1174,1,4
44698,2024_044698_f426180a08633e3d,6,72_1173,4,58
44708,2024_044708_d59627146460a9a7,3,72_1173,4,13
44710,2024_044710_edf3e570c71eafd3,4,72_1173,4,6
44713,2024_044713_ed2d6b9014ff126c,1,72_1173,4,36
44719,2024_044719_5f94eadd2226b0ec,6,72_1174,1,24
44730,2024_044730_0e4b5ef1ac4c8a11,4,72_1173,4,8
44741,2024_044741_3632c1e243866236,6,72_1174,1,2
44746,2024_044746_a119612146021f7a,1,72_1173,4,2
44760,2024_044760_4e739b5905613697,4,72_1174,1,3
44764,2024_044764_2a9f53e424c4a4fd,4,72_1173,4,12
44779,2024_044779_c4d5ba53e3bb2ecf,4,72_1174,1,6
44787,2024_044787_3e788b2c22ed6f2d,3,73_1174,3,38
44802,2024_044802_10f934f4c466c61b,3,73_1174,3,3
44803,2024_044803_10f1c47ca4ddcf8c,3,73_1174,3,3
44805,2024_044805_2dc3a982807ea5eb,4,73_1174,3,12
44809,2024_044809_5f01ea5cd9efe989,2,73_1174,3,2
44811,2024_044811_a1fd66dcd36d934d,2,73_1174,3,2
44816,2024_044816_acbb752b02092d2c,4,73_1174,3,3
44818,2024_044818_b69fb7a9058d7d7c,4,72_1173,4,6
44834,2024_044834_d83582a546644fae,0,72_1173,4,2
44837,2024_044837_dd097b36c6d966c9,3,72_1173,4,4
44845,2024_044845_eb1a82a172a1e119,6,72_1174,1,21
44847,2024_044847_d055a4cc5aaf2cee,2,72_1174,1,48
44852,2024_044852_a5fdcc81999d5ad5,6,72_1174,1,44
44857,2024_044857_19023d0f6335e021,1,72_1174,1,12
44860,2024_044860_4d0faab50cce58e2,3,72_1174,1,10
44863,2024_044863_e24068d78536a619,1,72_1174,1,7
44864,2024_044864_fa40bb44434a6c20,3,72_1174,1,31
44867,2024_044867_e60b87ab1f4f9d71,4,72_1174,1,7
44871,2024_044871_84625de1befa253a,3,72_1174,1,3
44872,2024_044872_e302dda31bc21b5c,1,72_1174,1,12
44873,2024_044873_12871cbe579e06de,3,72_1174,1,5
44878,2024_044878_d56e15fadd816adb,6,72_1174,1,43
44883,2024_044883_58b4e01bc33de801,6,72_1174,1,9
44888,2024_044888_08abbb45dbc16c20,3,72_1174,1,10
44893,2024_044893_d1be09a40a825438,3,72_1174,1,7
44896,2024_044896_4a72c8bdb7bbe856,3,72_1174,1,7
44898,2024_044898_28180be9f3f45357,3,72_1174,1,8
44906,2024_044906_283eb04d5dc6bb00,1,72_1174,1,13
44917,2024_044917_169ee8ff14be0aaa,2,73_1174,3,4
44931,2024_044931_bd4b223d1209a193,6,73_1174,3,5
44939,2024_044939_59a21da9fa3d6daa,6,72_1174,1,2
44942,2024_044942_5a0e73159e6424d2,6,72_1174,1,28
44950,2024_044950_6a4b81f2a80c81b1,1,72_1174,1,34
44955,2024_044955_788f1b4f01d8ab8c,0,72_1174,1,21
44967,2024_044967_fffe29e41d8d881b,2,73_1174,3,16
44971,2024_044971_a3c07b1f074cba9f,2,73_1174,3,10
44980,2024_044980_b14048df659208f3,4,73_1174,3,7
44985,2024_044985_a411d5f2647b8f62,2,73_1174,3,21
44991,2024_044991_568aaf472bac11a4,3,73_1174,3,13
44993,2024_044993_9fbe493f587bc5dc,3,73_1174,3,17
44995,2024_044995_d3361ed423336a43,3,72_1174,1,29
44998,2024_044998_9206dc1f3b0bc067,6,72_1174,1,31
45003,2024_045003_895a8b291fb8c445,3,72_1174,1,7
45008,2024_045008_d460ef4134b887ff,3,72_1174,1,6
45013,2024_045013_1fc6a3cf3613238d,1,72_1176,1,12
45014,2024_045014_e28005ec5b7987d5,0,72_1176,1,4
45017,2024_045017_6e0653199b4e6dc4,2,72_1176,1,14
45024,2024_045024_a5fccc48b6d831bf,0,72_1176,1,2
45034,2024_045034_057a69c664de5454,0,72_1176,1,3
45036,2024_045036_fbcb03f35563712a,6,72_1177,1,20
45045,2024_045045_219a1544f8528e4f,0,72_1176,1,2
45064,2024_045064_c9617f5c1f1eed89,2,72_1176,1,28
45075,2024_045075_f5817c400c18068e,4,72_1176,1,59
45076,2024_045076_5d22a6ae3f4fcf09,3,72_1176,1,70
45077,2024_045077_3a69d2b1141dba97,3,72_1177,1,27
45081,2024_045081_74d86187ecf7ba05,3,72_1177,1,9
45082,2024_045082_aa0e2d748f6d72ea,3,72_1176,1,31
45085,2024_045085_3df9b165fa2f9554,3,72_1177,1,4
45088,2024_045088_99e24b25a746f959,4,72_1176,1,16
45120,2024_045120_70d58e043a53bc6b,2,73_1176,5,2
45142,2024_045142_8f256344f9bcb7ea,3,73_1176,5,2
45146,2024_045146_6f5e872e62b84d78,6,73_1177,1,6
45175,2024_045175_fd32cd3e78c2cc13,1,73_1176,5,10
45193,2024_045193_dacb670a0d0b37d7,4,73_1176,5,26
45196,2024_045196_5b39490a72b2a6c9,1,73_1176,5,18
45197,2024_045197_02afd9ad4090ae06,1,73_1176,5,26
45207,2024_045207_dd23ea26486e2d5c,4,73_1176,5,6
45210,2024_045210_62adbff1269563d4,3,73_1176,5,2
45223,2024_045223_92cec4090837d0e4,1,73_1176,5,14
45224,2024_045224_48ce308a7653a450,4,73_1176,5,12
45225,2024_045225_7b4242d329a967aa,4,73_1176,5,37
45226,2024_045226_40134da2cbbed754,2,73_1176,5,16
45227,2024_045227_5190d5e93b890e37,3,73_1176,5,46
45228,2024_045228_aae0a132973c01ea,3,73_1176,5,47
45250,2024_045250_9faafbe3ac2fe10d,3,73_1176,5,3
45275,2024_045275_6f46f7976c157502,1,73_1176,5,5
45277,2024_045277_5bd63d163611425e,4,73_1177,1,5
45286,2024_045286_c9f35018b8cf53b1,3,73_1176,5,28
45289,2024_045289_9937fb96b3b0d4dd,6,73_1176,5,16
45297,2024_045297_0686010b6e442c3a,1,73_1176,5,14
45335,2024_045335_31ecb9544b2f8fe8,1,73_1176,5,23
45341,2024_045341_de42ef4e1721ffaf,3,73_1176,5,43
45348,2024_045348_40215a0135200fd7,0,73_1176,5,4
45354,2024_045354_32222242034c6989,3,73_1176,5,6
45362,2024_045362_a6a7a627f4c6abbc,4,73_1176,5,2
45367,2024_045367_7e49e5d697052b3c,4,73_1176,5,8
45373,2024_045373_60ddb7b9d25d8d39,3,73_1176,5,2
45395,2024_045395_efcf978d892e0891,4,72_1176,1,15
45416,2024_045416_e8de5e70c9df9256,3,72_1177,1,13
45421,2024_045421_dbcbb6a00cac32fd,3,72_1177,1,4
45425,2024_045425_e411702b273bcae7,4,72_1176,1,13
45427,2024_045427_01457d5380c71b75,1,72_1176,1,12
45433,2024_045433_6d1a96fc7515fc87,3,73_1176,5,31
45443,2024_045443_34ec8ec6fa614429,0,73_1177,1,4
45470,2024_045470_6a1ecaf72f82a4ec,1,72_1176,1,5
45475,2024_045475_d3b08e2eee988567,2,72_1176,1,34
45482,2024_045482_48d7de9269310724,2,72_1176,1,15
45484,2024_045484_736464ace7018993,1,72_1176,1,3
45489,2024_045489_9f08c4e2000e2c04,4,72_1176,1,32
45503,2024_045503_c567dccf10e76ac3,0,72_1176,1,34
45505,2024_045505_17b643513a862a74,6,72_1176,1,54
45506,2024_045506_f496f9490870c794,3,72_1176,1,11
45507,2024_045507_2e43de352326d05b,3,72_1176,1,42
45508,2024_045508_b7f1eb3fe4eaca0d,4,72_1176,1,44
45513,2024_045513_14a4a23f19e006a9,4,72_1176,1,8
45523,2024_045523_d9452cbeea7b3d9a,6,72_1176,1,17
45528,2024_045528_acfaa26a972b5e4f,6,72_1176,1,18
45560,2024_045560_e11ff81c5d49a02c,6,72_1175,4,39
45565,2024_045565_d5b21eeacc1a1ec1,4,72_1175,4,10
45568,2024_045568_53c399cb70c7d533,3,72_1175,4,7
45577,2024_045577_7fbb05ecac74fc33,3,72_1175,4,7
45586,2024_045586_f69f5ba639bf781e,3,72_1176,1,43
45594,2024_045594_70376e07d5bd7085,3,72_1176,1,20
45595,2024_045595_567d1a5b67ab225a,6,72_1176,1,8
45596,2024_045596_cce21a5237159d14,2,72_1176,1,8
45612,2024_045612_2245422348de1ad7,4,72_1176,1,2
45617,2024_045617_c1deadd45843c11f,4,72_1176,1,2
45649,2024_045649_d6bf3c39640c7323,0,72_1176,1,2
45650,2024_045650_c592625e7a4196ca,6,72_1176,1,3
45664,2024_045664_34c700e111c25cd9,6,72_1176,1,14
45698,2024_045698_75e6e1842db2a7ba,3,72_1176,1,4
45699,2024_045699_60c379c091880928,3,72_1176,1,3
45706,2024_045706_88e73fee044db99a,5,72_1176,1,4
45710,2024_045710_17d102fa5c76a6cc,3,72_1176,1,12
45733,2024_045733_6dabebd0a8ac74e7,5,72_1176,1,5
45737,2024_045737_5c44129b186395ee,3,72_1176,1,17
45739,2024_045739_a30223cb6036e6ec,4,72_1176,1,6
45740,2024_045740_7168edca797f657c,6,72_1176,1,46
45742,2024_045742_3aec8227595f35b8,3,72_1176,1,5
45750,2024_045750_c836ee3df7d10770,6,73_1176,5,11
45751,2024_045751_88d0d68dacd30dcf,6,72_1176,1,12
45753,2024_045753_63b069900beb1bef,4,72_1176,1,16
45754,2024_045754_63ebb39cad8870ce,3,73_1176,5,6
45757,2024_045757_02d4d2bdd67cb55d,4,73_1176,5,71
45762,2024_045762_7179042556863da5,6,72_1176,1,4
45764,2024_045764_ed284e323a0bb936,3,72_1176,1,13
45774,2024_045774_d85d5a546487865f,3,73_1176,5,8
45776,2024_045776_058db7b7dc473250,4,72_1176,1,18
45780,2024_045780_4d3fbbd53025b0c4,4,73_1176,5,7
45792,2024_045792_7ec0e7938daa04c7,4,73_1175,5,11
45794,2024_045794_f4b8e6e8808003cf,4,72_1175,4,19
45795,2024_045795_5877280819c81b0e,3,73_1175,5,48
45798,2024_045798_5d23e809e1f6cba6,4,73_1175,5,42
45799,2024_045799_4a064ba207e44eb2,3,73_1175,5,68
45813,2024_045813_45430d7337d9a0e0,6,72_1175,4,3
45820,2024_045820_528bec24b7861e73,2,72_1175,4,26
45830,2024_045830_bebdc6c91293d94c,4,72_1175,4,4
45845,2024_045845_2557afab179c1a88,3,73_1176,5,9
45851,2024_045851_73a21529ac04e3e0,4,73_1176,5,2
45855,2024_045855_3b257ffc1c1acbd2,2,73_1176,5,31
45862,2024_045862_3b694ea13851ce3e,4,73_1175,5,5
45866,2024_045866_77e1a490d7046eba,6,73_1175,5,23
45869,2024_045869_e542668213b7979a,6,73_1175,5,23
45877,2024_045877_34c162fd9a79f769,3,73_1175,5,4
45890,2024_045890_d632edcc8f9fe1bf,0,73_1176,5,3
45896,2024_045896_d0301820dfa21570,3,73_1176,5,16
45897,2024_045897_67bc0cb8c958097c,3,73_1176,5,13
45903,2024_045903_c71c0bec11ca8663,4,73_1176,5,41
45920,2024_045920_8ddb6100e4f7f093,3,73_1176,5,7
45926,2024_045926_44a6acf0a15badfa,6,73_1176,5,19
45927,2024_045927_5f05603e1372d6b3,3,73_1176,5,4
45928,2024_045928_2de05b81f737afd7,3,73_1176,5,56
45929,2024_045929_43707d6e8b5d8c09,4,73_1176,5,63
45938,2024_045938_e6c88f8ca9985be4,4,73_1176,5,23
45940,2024_045940_dcea190321af540d,6,73_1176,5,6
45946,2024_045946_34da4390703a1321,3,73_1176,5,10
45975,2024_045975_27e0c23c51a97166,4,73_1175,5,3
45997,2024_045997_14e827666ecf75e2,1,73_1176,5,34
46004,2024_046004_0fb6bf207d2f6591,0,73_1176,5,26
46006,2024_046006_6891a694515f1155,3,73_1176,5,5
46012,2024_046012_3480a16f3231f7bc,4,73_1176,5,11
46018,2024_046018_20d2287214390075,6,73_1176,5,70
46036,2024_046036_394065a70372dab4,4,73_1176,5,6
46039,2024_046039_ea9ce86b6de669a4,6,73_1176,5,29
46040,2024_046040_5c99bc40b6cb0578,3,73_1176,5,34
46051,2024_046051_fd91b72c1d71b4bb,6,73_1176,5,7
46059,2024_046059_ce85b7263074bc37,4,73_1176,5,11
46067,2024_046067_32d8dc86e8c132ff,3,73_1176,5,11
46073,2024_046073_60af0e8a97b84e3e,4,73_1175,5,4
46085,2024_046085_8bdebb48825ff40b,6,73_1175,5,7
46088,2024_046088_9d5802c4ebfac88d,6,73_1175,5,31
46097,2024_046097_4d247f67f8ea9436,3,73_1175,5,34
46101,2024_046101_042b19a96e336fef,0,73_1175,5,5
46103,2024_046103_40cac4822e918634,1,73_1175,5,6
46110,2024_046110_466f64fd6d5d16f0,3,73_1176,5,42
46115,2024_046115_2d7e8cb6388d06cc,3,73_1176,5,18
46119,2024_046119_0be6be69154d7db6,3,73_1176,5,14
46134,2024_046134_b580cadfb2d52697,1,73_1176,5,29
46152,2024_046152_eb3bf2447f07d696,3,73_1176,5,15
46153,2024_046153_e03eb908d730108b,3,73_1176,5,19
46154,2024_046154_092e00cdc664523b,3,73_1176,5,16
46155,2024_046155_01eb545b0cc8dd3f,4,73_1176,5,19
46156,2024_046156_5feddf45833bca04,3,73_1176,5,17
46157,2024_046157_8711cd392f4df619,3,73_1176,5,16
46167,2024_046167_8c6b52ea109559bf,3,73_1176,5,20
46168,2024_046168_d893d263b7e387ab,3,73_1176,5,19
46170,2024_046170_06d4e932a177aa30,6,73_1176,5,37
46171,2024_046171_156e010fac667f80,3,73_1176,5,28
46183,2024_046183_7daea59633953ec7,6,73_1176,5,7
46202,2024_046202_bc8b46ceffeb40cf,3,73_1175,5,6
46203,2024_046203_25403a0f90434187,3,73_1175,5,17
46205,2024_046205_0f26e2acbbf62f5a,3,73_1175,5,19
46206,2024_046206_041b7290bfb2c39f,3,73_1175,5,8
46210,2024_046210_94d098ad83bde652,6,73_1176,5,57
46211,2024_046211_79d60dd3767a273d,6,73_1175,5,6
46214,2024_046214_8375feffcdb1433b,3,73_1175,5,5
46232,2024_046232_3c5793a315e7d8a1,3,73_1176,5,37
46234,2024_046234_321167144d3fc329,3,73_1176,5,24
46244,2024_046244_8f5992133091f504,3,73_1175,5,2
46247,2024_046247_aa6ae7147d98f055,0,73_1175,5,33
46251,2024_046251_5568901e57fac297,4,73_1175,5,37
46277,2024_046277_5478173fdf9985bb,3,73_1175,5,10
46278,2024_046278_683b353644f30e03,4,73_1175,5,11
46279,2024_046279_084660226098cd46,4,73_1175,5,3
46288,2024_046288_21b9ba43903ca949,4,73_1175,5,2
46292,2024_046292_600cf52d370d070b,3,73_1175,5,3
46324,2024_046324_73ce83de1165c494,5,72_1175,4,4
46327,2024_046327_2852c69eac4874cd,3,72_1175,4,3
46341,2024_046341_ad58c00e101c62fa,5,72_1175,4,3
46353,2024_046353_0f5d49b5d039f86b,1,73_1176,5,11
46354,2024_046354_94352d6af015a942,3,73_1176,5,5
46359,2024_046359_49dee9fcd8dbe326,3,73_1176,5,45
46360,2024_046360_89ab6eb9e386d875,6,73_1176,5,10
46415,2024_046415_2d261db03f0e3ec4,3,73_1175,5,15
46433,2024_046433_7995c56b74c22f6f,4,73_1175,5,47
46447,2024_046447_debd486cb83fb0b6,3,73_1176,5,17
46451,2024_046451_b8a637f70a5a6887,3,73_1176,5,8
46455,2024_046455_f961795b644c2667,3,73_1176,5,14
46457,2024_046457_b7f87fb8d2ab93d2,6,73_1176,5,9
46485,2024_046485_d6cd4fee1a85c496,3,73_1176,5,7
46487,2024_046487_6ff9b171793bd3ed,1,73_1176,5,36
46490,2024_046490_de98afb5d101c99f,2,73_1176,5,29
46496,2024_046496_be46ff775241e18c,1,73_1176,5,32
46500,2024_046500_45cb769c7bed51f4,5,73_1176,5,95
46504,2024_046504_39e0db657b9ffdac,1,73_1176,5,23
46520,2024_046520_884bab4c87f142c7,1,73_1176,5,29
46535,2024_046535_bf6c931f64a968fd,3,73_1175,5,11
46539,2024_046539_4fc02d365480a255,4,73_1176,5,22
46543,2024_046543_49086ac5ab6ffbe5,4,73_1176,5,3
46549,2024_046549_e70e0f186236563d,4,73_1176,5,7
46575,2024_046575_4ac7e2bb3a5d467e,3,73_1176,5,20
46587,2024_046587_ec4301c6a8e52956,3,72_1176,1,6
46592,2024_046592_ec820b7543c2b5de,4,72_1176,1,6
46597,2024_046597_fc3f500621488b20,6,73_1176,5,36
46601,2024_046601_2d78582d5e19ad2c,6,73_1176,5,4
46606,2024_046606_7ddddfecc2953208,4,73_1176,5,12
46608,2024_046608_efd980178227f1be,6,73_1176,5,15
46618,2024_046618_8370df34505f866a,3,73_1176,5,73
46622,2024_046622_d96d0d77c10497f8,4,73_1176,5,16
46625,2024_046625_dda02815d4ae9868,6,73_1176,5,49
46628,2024_046628_0c3f268396362caf,4,73_1175,5,42
46630,2024_046630_1e2a63f99638273a,4,73_1175,5,14
46638,2024_046638_390c03f36e705e92,3,73_1175,5,5
46652,2024_046652_2989b60f81c29d4f,4,73_1175,5,15
46655,2024_046655_6a6b1c5a631f97de,0,73_1175,5,2
46663,2024_046663_1a51a593b86b5efe,3,72_1176,1,2
46693,2024_046693_8bd25923ae4e82fe,3,73_1175,5,27
46700,2024_046700_d4b0e95898d07360,3,73_1175,5,20
46708,2024_046708_4f566433921a0d50,3,73_1175,5,14
46709,2024_046709_dab15c0dd5b27717,3,73_1175,5,38
46713,2024_046713_8915dde1394b4190,3,73_1175,5,8
46721,2024_046721_2a7152bfa0ea2dda,6,72_1175,4,33
46724,2024_046724_30e3bd9cbc82de15,3,73_1175,5,8
46725,2024_046725_6c25f18052cb4821,6,72_1176,1,36
46733,2024_046733_95ee83d59ab5b95b,6,72_1176,1,13
46744,2024_046744_7b44c6b512540ed9,3,72_1176,1,5
46750,2024_046750_37c8923b4686d754,3,72_1176,1,11
46756,2024_046756_2b90ecfec7c11b57,3,72_1175,4,10
46770,2024_046770_7d073cd7c70da29b,3,72_1175,4,11
46774,2024_046774_a61e4cdf6be6615e,4,72_1175,4,8
46775,2024_046775_ad3b927b4b3abc86,3,72_1175,4,7
46792,2024_046792_21461aaf26e8a2b4,4,72_1175,4,48
46799,2024_046799_365246b00e13d2bf,5,72_1175,4,8
46802,2024_046802_15a13696f3019648,5,72_1175,4,6
46811,2024_046811_19271b0aa04ecf30,6,72_1175,4,2
46815,2024_046815_1413d93f33b447c7,6,72_1175,4,2
46822,2024_046822_763767c475c2d964,3,72_1175,4,37
46858,2024_046858_03f045bdde2cc69a,3,72_1176,1,10
46869,2024_046869_3cd37c6ba7b0e2a7,6,72_1176,1,3
46881,2024_046881_f0364dec0f395700,0,72_1176,1,14
46895,2024_046895_fcc67cfff568800e,6,72_1176,1,18
46899,2024_046899_15792882af467a22,3,72_1176,1,3
46906,2024_046906_632d9ed5b2f50db7,3,73_1176,5,19
46916,2024_046916_8e9db5263e974dcc,6,73_1176,5,2
46919,2024_046919_c50b9d24220baa79,3,73_1176,5,7
46922,2024_046922_51bab5a12449c011,3,73_1176,5,6
46924,2024_046924_5e83ac739108143b,3,73_1176,5,5
46930,2024_046930_61aabb6cbac5d179,4,73_1175,5,12
46937,2024_046937_25a0c037c523a42a,3,73_1175,5,5
46942,2024_046942_643d5456c04249cc,3,73_1175,5,23
46947,2024_046947_6c81c355b084ff05,3,73_1175,5,4
46948,2024_046948_1da060950db318d3,4,72_1175,4,22
46955,2024_046955_dbb50e5c8871c3f3,4,72_1175,4,2
46969,2024_046969_ab336f52e25216f2,3,72_1175,4,6
46982,2024_046982_6bac314c02808bdf,1,72_1175,4,18
46983,2024_046983_8206213c63cad167,3,72_1175,4,17
46984,2024_046984_a9a3e138b9f66b51,1,72_1175,4,44
46986,2024_046986_1f1aa3bc5bd7cb36,3,72_1175,4,5
46987,2024_046987_d30c81cf9444aeb1,1,72_1175,4,6
47034,2024_047034_bda2b74233b8cee8,3,72_1175,4,25
47035,2024_047035_10cf8b03179b5d7d,3,72_1175,4,45
47036,2024_047036_6934df250666c57b,6,72_1175,4,43
47040,2024_047040_eb344951d43d3a87,3,72_1175,4,53
47066,2024_047066_d940dbba6f0a30c4,4,73_1175,5,2
47079,2024_047079_6d962be0538f65f6,1,72_1175,4,51
47080,2024_047080_a2f0c1021466dad1,6,72_1175,4,22
47087,2024_047087_b8a53727779a582b,3,72_1175,4,43
47092,2024_047092_26094cef0ff3185b,1,72_1175,4,50
47102,2024_047102_cf74d70996d07462,3,73_1175,5,9
47110,2024_047110_e643b0c748c7298d,4,73_1175,5,15
47117,2024_047117_c7c7934f44adfd8f,2,72_1174,1,53
47119,2024_047119_2931723485def75a,2,73_1174,3,22
47123,2024_047123_dd10406b979b69da,2,73_1174,3,32
47126,2024_047126_355849fb0e592fd4,2,73_1174,3,21
47156,2024_047156_b70687012359e3e6,2,73_1174,3,26
47166,2024_047166_d9199142d60f354c,4,73_1174,3,7
47168,2024_047168_24d6ac0fa6c6cecc,6,73_1174,3,11
47169,2024_047169_4a6eeb760bdea58e,6,73_1174,3,9
47173,2024_047173_92da77ce03e3cb36,6,73_1174,3,9
47205,2024_047205_2a5592ca2aa5dc51,3,73_1175,5,2
47209,2024_047209_7633b8e9c41d87ad,2,73_1175,5,119
47212,2024_047212_c3edc7c2e1661442,4,73_1174,3,10
47222,2024_047222_0c0dc4dabd5fafcb,0,73_1175,5,2
47223,2024_047223_c731a3d4d167dff9,3,73_1174,3,35
47227,2024_047227_b450153d9176f350,3,73_1174,3,7
47233,2024_047233_8b47f16ea3e6d7eb,4,72_1174,1,7
47284,2024_047284_839d05d752fe8c32,4,73_1175,5,24
47291,2024_047291_79155e515d691bee,3,73_1175,5,7
47295,2024_047295_d01edc1e812792aa,6,73_1175,5,7
47297,2024_047297_6f03d303116704f0,6,73_1175,5,10
47298,2024_047298_60d5f3c771a6c501,1,73_1175,5,20
47301,2024_047301_cca47e71fdbed036,0,73_1175,5,44
47307,2024_047307_266e61ce95bfe19a,0,73_1175,5,12
47308,2024_047308_1eebde960ed577fd,0,73_1175,5,5
47309,2024_047309_6a6b74d8689f09db,2,73_1175,5,26
47313,2024_047313_48b13495dc1860e8,1,73_1175,5,9
47324,2024_047324_6a4fe885e9885cc8,0,73_1175,5,8
47327,2024_047327_3f67d1c20d0712aa,4,73_1175,5,3
47333,2024_047333_1afe2c4e32a0db78,0,73_1175,5,15
47343,2024_047343_fabc075750f3a4f0,0,73_1175,5,5
47368,2024_047368_3ab783a68b9e44ad,6,73_1175,5,15
47370,2024_047370_1db3d9b60bcdbacc,3,73_1175,5,20
47375,2024_047375_0e3d5d88b9dc2c70,4,73_1175,5,10
47389,2024_047389_9e7ec7a72cd24b6e,3,73_1175,5,9
47395,2024_047395_6a776b12c5502c5b,3,73_1175,5,13
47396,2024_047396_3aff52731045df80,3,73_1175,5,4
47414,2024_047414_589750d2e1bbe91b,4,73_1174,3,6
47419,2024_047419_24e5811e752a12db,3,73_1174,3,33
47425,2024_047425_a270b5996d274d4d,4,73_1175,5,20
47432,2024_047432_4d382cf62115be9d,4,73_1175,5,39
47436,2024_047436_c825dd7f0305b84c,3,73_1175,5,11
47437,2024_047437_e464f0954b3b5a00,2,73_1174,3,8
47450,2024_047450_ca78b956c58d3b75,3,73_1175,5,26
47455,2024_047455_1adfbff71d503f58,6,73_1174,3,53
47456,2024_047456_b1eed6d1d43b32cb,2,73_1174,3,21
47463,2024_047463_2c7eafa314a816fa,3,73_1174,3,4
47468,2024_047468_c8b04da4d4caaec2,3,73_1174,3,4
47477,2024_047477_252e0cc3dda441ce,1,73_1174,3,6
47512,2024_047512_818f999a49700df6,3,73_1175,5,29
47529,2024_047529_0a534b3275381dc2,4,73_1175,5,103
47532,2024_047532_fc28355e50784612,4,73_1175,5,2
47536,2024_047536_b0abfa8780144139,6,73_1174,3,8
47537,2024_047537_efafa8dcc121efc5,6,73_1174,3,3
47542,2024_047542_961dcc0e0c2fa2ce,4,73_1174,3,4
47548,2024_047548_cdfb9e3adee47f31,4,73_1174,3,33
47552,2024_047552_816eb45581836c2a,3,73_1174,3,12
47561,2024_047561_c6819c1fbdebd687,0,73_1174,3,7
47565,2024_047565_1c4aa8cc32182c20,6,73_1174,3,4
47574,2024_047574_fbe58eb8d47e0dd8,3,73_1175,5,9
47595,2024_047595_8c951edac22649d8,4,73_1175,5,15
47599,2024_047599_4bbc39bc31638a57,6,73_1175,5,6
47606,2024_047606_d4a5280d15a266b2,3,73_1175,5,41
47607,2024_047607_f2936fc67b1b5043,0,73_1175,5,2
47613,2024_047613_745971ff444c2677,4,73_1174,3,24
47616,2024_047616_ab96cfe568d86f54,4,73_1174,3,17
47628,2024_047628_b0c44d8b715530d3,6,73_1174,3,36
47631,2024_047631_fee4dcc7a5f25535,3,73_1174,3,12
47641,2024_047641_e1730050a5b65a18,3,73_1174,3,3
47657,2024_047657_bbc35ddf1daca570,3,73_1174,3,10
47659,2024_047659_a9a4bc544869e5f0,3,73_1174,3,4
47666,2024_047666_4e6350d325934f5a,3,73_1175,5,11
47673,2024_047673_309a360b3e84effe,0,73_1175,5,12
47686,2024_047686_f7b83d7e30d67f67,0,73_1175,5,3
47687,2024_047687_ec31cbecf92c9236,1,73_1175,5,2
47714,2024_047714_5c4ab0475edaf7a9,6,73_1174,3,12
47758,2024_047758_e97ac9f529b73fb1,6,73_1175,5,5
47759,2024_047759_2c7728a551d7a525,6,73_1175,5,8
47769,2024_047769_d9e6b6d7d0da881a,3,73_1175,5,25
47770,2024_047770_8b54a9e9e3084214,3,73_1175,5,16
47777,2024_047777_03721b61b60a2135,4,73_1175,5,24
47783,2024_047783_e83b0393b8f37a52,6,73_1175,5,23
47791,2024_047791_385c466c8289a311,1,73_1175,5,17
47794,2024_047794_d746eb0dfe83e35d,1,73_1175,5,14
47809,2024_047809_aee4ba6f436b7d59,3,73_1175,5,16
47817,2024_047817_d53b1c2a73052d32,3,73_1175,5,22
47843,2024_047843_4315f53df4e6687b,3,73_1175,5,3
47845,2024_047845_5aa9037023658d09,3,73_1175,5,55
47853,2024_047853_a063829ae22dc95b,4,73_1174,3,6
47860,2024_047860_daf976672433b991,6,73_1174,3,7
47880,2024_047880_c67ede3b8a126b56,3,73_1175,5,11
47889,2024_047889_4141ba5d95c0864b,6,73_1175,5,34
47901,2024_047901_14b0cc2f4811cc64,1,73_1175,5,30
47907,2024_047907_2c8c8cb1aa1b958f,3,73_1175,5,29
47909,2024_047909_946878d707feb4ec,3,73_1175,5,32
47911,2024_047911_1e535b32b1f6e2bb,4,73_1175,5,41
47916,2024_047916_495a5cc91dfd2d9a,1,73_1175,5,6
47917,2024_047917_d05c2ba65eaee944,4,73_1175,5,29
47918,2024_047918_0f024a25650a384c,0,73_1175,5,28
47919,2024_047919_330db6075318cb19,0,73_1175,5,12
47922,2024_047922_e13af5362d95bde8,3,73_1175,5,30
47924,2024_047924_744f2d394c3d2f55,4,73_1175,5,28
47927,2024_047927_979fee57b61dabb7,3,73_1174,3,33
47934,2024_047934_67aa4322a6aca66e,6,73_1174,3,21
47944,2024_047944_6f05ce2704b8cad2,3,73_1174,3,3
47952,2024_047952_98e7e37daf723949,2,73_1174,3,5
47956,2024_047956_db7f9a92777790ff,6,73_1174,3,2
47969,2024_047969_a22aa90712029297,3,73_1174,3,41
47971,2024_047971_3d877c2c2e343691,2,73_1174,3,13
47984,2024_047984_89dd0fcd28801733,6,73_1174,3,4
47989,2024_047989_bcd20516e54b676f,3,73_1174,3,3
48017,2024_048017_d2e56fed02dbc686,4,73_1175,5,2
48022,2024_048022_d48572dfbd53cf1c,3,73_1175,5,2
48025,2024_048025_30b371a3e6ba63ea,3,73_1175,5,4
48037,2024_048037_54bd008355d32ace,3,73_1175,5,42
48041,2024_048041_0ebec85f9356c98f,4,73_1175,5,9
48043,2024_048043_4533ebf015b5e38b,3,73_1175,5,9
48044,2024_048044_04fa0d42147925a4,3,73_1175,5,2
48051,2024_048051_012b9c5ebcffaa1e,3,72_1174,1,63
48057,2024_048057_d252025a800088e0,6,73_1174,3,59
48079,2024_048079_fb119f6e2ee2b5fd,4,72_1174,1,8
48082,2024_048082_6a5e19f92dae544a,4,72_1174,1,4
48092,2024_048092_eea88909678117c0,3,73_1175,5,54
48093,2024_048093_f0a612bcef431c1d,4,73_1175,5,4
48095,2024_048095_9431e30b2b23fc7b,4,73_1175,5,7
48098,2024_048098_482acafc8f811f15,6,73_1175,5,9
48099,2024_048099_da43ecead520f8f3,1,73_1175,5,9
48104,2024_048104_6564d520829a971f,3,73_1175,5,3
48105,2024_048105_3bcaf4c960d43230,4,73_1175,5,5
48106,2024_048106_515d7619508189a8,6,73_1175,5,8
48107,2024_048107_dadd589d15977a59,6,73_1175,5,7
48108,2024_048108_5ec5768864ed1bcb,3,73_1175,5,3
48111,2024_048111_4e232adf75e05994,3,73_1175,5,8
48112,2024_048112_871c815ae2feafbf,3,73_1175,5,5
48117,2024_048117_8e970da74424e1f0,4,73_1175,5,2
48120,2024_048120_a6183040ffb4d39a,6,73_1175,5,2
48142,2024_048142_3f2d14ea87ed825d,6,73_1174,3,28
48152,2024_048152_3251ca674a71d76f,4,73_1174,3,2
48164,2024_048164_6fd999d14bd135f0,2,73_1174,3,15
48175,2024_048175_7153b72c4ae20ad3,3,73_1174,3,77
48190,2024_048190_0bd007e79f3c72f5,4,73_1175,5,25
48197,2024_048197_f7ac3785376a9f22,3,72_1175,4,2
48199,2024_048199_3feef7ab3434a412,2,73_1175,5,59
48205,2024_048205_72a8ee9a2fb45707,3,73_1175,5,29
48211,2024_048211_93ef2cc1e866481a,3,73_1175,5,116
48224,2024_048224_63f9ca68ff765177,3,73_1175,5,7
48226,2024_048226_0476ba88e133f35a,4,72_1175,4,6
48227,2024_048227_ef9891b93c357bf9,4,73_1175,5,36
48228,2024_048228_081d64f5892788b6,3,73_1175,5,32
48236,2024_048236_5c35f452fb8411b3,6,73_1175,5,4
48253,2024_048253_6f30de1eea26d081,6,73_1175,5,25
48255,2024_048255_ab4735a0ba319841,0,73_1175,5,6
48257,2024_048257_5a24d0d079505380,0,73_1175,5,10
48261,2024_048261_3c3b54042f5d1a25,4,73_1174,3,61
48263,2024_048263_9bf402f352023db7,3,73_1174,3,9
48266,2024_048266_601d4fbf4af6e781,0,73_1174,3,3
48333,2024_048333_73e9c236cadb9209,6,73_1174,3,4
48334,2024_048334_27934afa4cc75317,3,73_1174,3,3
48338,2024_048338_08c5e355358f3e3c,6,73_1175,5,12
48342,2024_048342_51c490d5dffc2655,4,73_1175,5,3
48350,2024_048350_85099319acfc1964,3,72_1175,4,8
48353,2024_048353_05d9031ed22e7671,4,72_1175,4,11
48357,2024_048357_cb53a26cd8dd249a,1,72_1175,4,2
48392,2024_048392_1d9df0abcc785b19,1,73_1176,5,2
48394,2024_048394_68166f4d4933a349,4,73_1176,5,87
48401,2024_048401_c20af72d678e26c7,0,73_1176,5,20
48410,2024_048410_5cc89602b70047c5,2,73_1176,5,12
48439,2024_048439_c691e7c2fbcfb9bc,3,73_1176,5,27
48444,2024_048444_fb065da02ebbbe29,4,73_1176,5,34
48447,2024_048447_1d7e53fd601a20bd,1,73_1176,5,21
48453,2024_048453_85d27d6b7689ff37,3,73_1176,5,39
48477,2024_048477_64dc24e8dbb82bb1,3,73_1176,5,14
48498,2024_048498_84be3d5abe280f72,0,73_1176,5,14
48503,2024_048503_aa1e1c9a4515d2a3,0,73_1176,5,12
48508,2024_048508_36c0bb0ed9866fc4,4,73_1176,5,12
48542,2024_048542_d7a10717681204a3,4,73_1177,1,8
48543,2024_048543_b33e31ffe1245086,1,73_1177,1,27
48548,2024_048548_09f347439137ee91,2,73_1177,1,10
48584,2024_048584_2cf345a1d415761c,4,73_1176,5,52
48588,2024_048588_ad193ab35709f138,2,73_1176,5,22
48594,2024_048594_9e82734a60aae823,3,73_1176,5,29
48595,2024_048595_7b80026b087a80ad,3,73_1176,5,27
48597,2024_048597_ad5ca0b74f304abe,1,73_1176,5,4
48602,2024_048602_90121990ed90a622,3,73_1176,5,11
48603,2024_048603_f148162d5a0b7495,1,73_1176,5,3
48604,2024_048604_83e3a71c4efa49e8,3,73_1176,5,3
48611,2024_048611_527e57dd0631a24f,6,73_1177,1,19
48618,2024_048618_21a67cdf67fc9f82,1,73_1176,5,8
48634,2024_048634_066646510feaae6f,3,73_1176,5,4
48638,2024_048638_eee363520fbb9b44,3,73_1176,5,3
48639,2024_048639_20335b23db6e361b,6,73_1176,5,3
48649,2024_048649_4a6beecb1217b7f7,4,73_1176,5,2
48653,2024_048653_30bdcc3a31b4bc8d,3,73_1176,5,4
48654,2024_048654_aef55a52ed878808,2,73_1176,5,7
48656,2024_048656_dc22644d240124ab,4,73_1176,5,22
48668,2024_048668_030c6a857cc020c9,0,73_1176,5,25
48674,2024_048674_0346fc9c693b2207,1,73_1176,5,33
48678,2024_048678_b01882c38b4f88d6,0,73_1176,5,26
48684,2024_048684_08354b554f399218,1,73_1176,5,4
48693,2024_048693_37b1398dbecd4cc0,2,73_1176,5,11
48694,2024_048694_a99bce565fa2fe28,4,73_1176,5,5
48703,2024_048703_dd2a44a81a40c29e,2,73_1175,5,17
48723,2024_048723_93ab68e253a28067,6,73_1175,5,4
48741,2024_048741_4fbfad3afc04de26,6,73_1175,5,7
48746,2024_048746_7d3efc221c1c1d3c,2,73_1175,5,11
48747,2024_048747_51ec4d5a55ce9035,6,73_1175,5,6
48748,2024_048748_1a2ead1384ae958d,6,73_1175,5,4
48749,2024_048749_becb8f230e0ea4d0,3,73_1175,5,5
48762,2024_048762_03cbffd42425c01c,3,73_1175,5,52
48769,2024_048769_fbf2d69f09040f4e,2,73_1176,5,39
48776,2024_048776_07732288dd542159,2,73_1175,5,8
48779,2024_048779_78de451c85d8a773,6,73_1175,5,14
48797,2024_048797_b845213690571998,4,73_1176,5,44
48824,2024_048824_766dca41cead40ce,3,73_1175,5,3
48832,2024_048832_d0894afc323944ad,4,73_1176,5,13
48842,2024_048842_2527b9016304017b,3,73_1176,5,23
48847,2024_048847_b833ca90b1054591,2,73_1176,5,24
48854,2024_048854_49098788faca528f,4,73_1176,5,6
48860,2024_048860_e1acb80aebf04a49,3,73_1176,5,11
48871,2024_048871_3ccfa629734a7616,3,73_1176,5,6
48896,2024_048896_2499ffb757d58680,3,73_1176,5,4
48898,2024_048898_2a95c6672d07cc95,2,73_1176,5,17
48903,2024_048903_8bc6b29c740f0a14,2,73_1176,5,4
48907,2024_048907_c94901d846436670,5,73_1176,5,23
48909,2024_048909_6bda505be4fd7bb8,2,73_1176,5,26
48913,2024_048913_7e8a653bb142bbf3,6,73_1176,5,6
48926,2024_048926_52813447ff8a22f2,6,73_1176,5,10
48931,2024_048931_7ec652951cdcc1e2,4,73_1176,5,2
48932,2024_048932_b9b3b23852ba473a,5,73_1176,5,14
48941,2024_048941_cab66a4f1fa0b020,3,73_1176,5,43
48947,2024_048947_30b3e95060b96b71,6,73_1176,5,41
48953,2024_048953_94fbfa560d2e27d9,4,73_1176,5,32
48958,2024_048958_ea825b6db8f7a786,3,73_1176,5,35
48966,2024_048966_172f2d30b479bcd4,3,73_1176,5,17
48969,2024_048969_f57fcf8370255656,3,73_1176,5,9
48984,2024_048984_1676933ceaa7504d,6,73_1176,5,8
48985,2024_048985_9fb53f33ac87ba86,3,73_1176,5,9
48986,2024_048986_4a42d8e6494b8302,3,73_1176,5,8
48992,2024_048992_9259895be3fba886,3,73_1176,5,15
48993,2024_048993_611eb4454c3cbcb9,6,73_1176,5,6
49007,2024_049007_536d432e6501446d,3,73_1176,5,2
49012,2024_049012_079e1b4545d6becc,4,73_1176,5,18
49019,2024_049019_37c26c0b85b3e411,6,73_1176,5,3
49022,2024_049022_8503fb6fd316a068,3,73_1176,5,12
49037,2024_049037_6fe3781f6b1aad95,6,73_1176,5,5
49038,2024_049038_f52d3397118f5eeb,6,73_1176,5,2
49042,2024_049042_f48783d9baced6a2,3,73_1176,5,2
49046,2024_049046_73bd699ffd555c46,6,73_1176,5,2
49047,2024_049047_577d8f7ef190dd9c,3,73_1176,5,7
49052,2024_049052_6c9868162189e324,3,73_1176,5,49
49053,2024_049053_8ffe2e97ca4cd88b,6,73_1176,5,50
49058,2024_049058_2840dfc12fa3b566,1,73_1176,5,3
49066,2024_049066_259dabaf29abba51,4,73_1176,5,39
49067,2024_049067_dd4442fd88d71f5e,3,73_1176,5,17
49092,2024_049092_a83f8b02d905d4ed,3,73_1175,5,4
49102,2024_049102_da84d843016a900c,3,73_1175,5,9
49119,2024_049119_3da0a7f6bf983ed5,1,73_1176,5,10
49120,2024_049120_c60f23feabe2b64e,0,73_1176,5,4
49124,2024_049124_a295e2b7d9062ee0,3,73_1176,5,64
49134,2024_049134_38c6210aa3f62c03,2,73_1176,5,14
49176,2024_049176_1d176091a49b3c79,3,73_1175,5,14
49179,2024_049179_7698cd21c17042cb,4,73_1175,5,18
49181,2024_049181_eea8ffada6c88d8a,4,73_1176,5,26
49185,2024_049185_8390915ea00fa497,4,73_1176,5,19
49188,2024_049188_4d4bc6c82e80e856,6,73_1176,5,17
49227,2024_049227_383590db97eb2a71,6,73_1176,5,15
49229,2024_049229_d478b4d13f7e1e38,4,73_1175,5,49
49231,2024_049231_418d08d427746a1c,3,73_1175,5,6
49239,2024_049239_00ed872998011aab,3,73_1175,5,27
49249,2024_049249_cc35d1056b382939,3,73_1175,5,39
49251,2024_049251_d78b704d560d0332,6,73_1175,5,25
49259,2024_049259_abdde6cfb07406ec,6,73_1175,5,2
49260,2024_049260_db01a98832cd7564,4,73_1175,5,56
49261,2024_049261_7082435b43c7ab59,3,73_1175,5,20
49262,2024_049262_36392ab6ad51348a,3,73_1175,5,37
49263,2024_049263_d593d17a9822b73c,3,73_1175,5,20
49296,2024_049296_3b883225b57e7310,3,73_1175,5,27
49297,2024_049297_52359a24a62c663b,4,73_1176,5,8
49304,2024_049304_0cedb235b9182e87,3,73_1176,5,10
49314,2024_049314_b1f15fbf08a0d3ff,3,73_1176,5,9
49318,2024_049318_6a96ce558d71ef1e,3,73_1176,5,25
49325,2024_049325_06d60c2b05d294ac,6,73_1176,5,2
49334,2024_049334_6a4938420612be39,5,73_1176,5,4
49342,2024_049342_ac0e50ffe21e2c09,3,73_1176,5,4
49345,2024_049345_436305bf8b416099,3,73_1176,5,2
49364,2024_049364_8d6428a98c1122fb,3,73_1173,4,12
49380,2024_049380_fcc1e1720e0df855,3,73_1173,4,2
49384,2024_049384_acfb58c9fddc6b56,6,73_1173,4,5
49392,2024_049392_e4c918d89ccc6433,4,73_1173,4,17
49394,2024_049394_9c9467120b033a09,1,73_1173,4,5
49396,2024_049396_be3d0f81ba365bb8,3,73_1173,4,10
49402,2024_049402_dfb8782b7ceca207,1,73_1173,4,5
49404,2024_049404_638d30bc90c2b421,2,73_1173,4,10
49407,2024_049407_4635532c272e9f78,3,73_1173,4,5
49414,2024_049414_52c63c5d0af2f3cc,3,73_1173,4,19
49420,2024_049420_4b76aee9e0d36cb9,3,73_1173,4,43
49429,2024_049429_9cd30b5a17ec30c3,3,73_1173,4,10
49430,2024_049430_2caa7e6b9b23f86c,4,73_1173,4,15
49433,2024_049433_8349ee628a7e9c11,6,73_1173,4,11
49472,2024_049472_99d2217f020725c7,6,73_1174,3,3
49474,2024_049474_1d6dc02fefd89690,0,73_1174,3,2
49475,2024_049475_16b3e9105d6085eb,6,73_1174,3,14
49496,2024_049496_c04ab6d3dbbbe578,2,73_1174,3,18
49497,2024_049497_90d16d91d84506fc,1,73_1174,3,6
49498,2024_049498_be7f6dc1e63e3ce7,4,73_1174,3,13
49576,2024_049576_e7daffb1203d95ae,6,73_1173,4,3
49587,2024_049587_c99c7c67d21f2bb5,0,73_1173,4,7
49593,2024_049593_f73dcff8d66a038a,3,73_1173,4,3
49597,2024_049597_3af185a433da395b,6,73_1173,4,8
49600,2024_049600_0509807336169cbe,3,73_1173,4,31
49601,2024_049601_9a63c568c6fbd423,6,73_1173,4,4
49606,2024_049606_1073e1bcf0964729,6,73_1173,4,5
49634,2024_049634_84d4d792efc87537,4,73_1173,4,7
49635,2024_049635_e8fb6b9402ac7cf2,4,73_1173,4,8
49641,2024_049641_de9cd03f72643e77,4,73_1173,4,17
49646,2024_049646_34deaaa9263a68ac,6,73_1173,4,18
49663,2024_049663_16971d96d70145e0,4,73_1173,4,10
49668,2024_049668_abebd9db44cf7a24,3,73_1173,4,15
49690,2024_049690_09dc38000fbf75b0,6,73_1173,4,19
49693,2024_049693_71be05376cdf70fe,4,73_1173,4,37
49694,2024_049694_793521698a33fb74,3,73_1173,4,3
49698,2024_049698_e19893d2e7909871,3,73_1173,4,22
49703,2024_049703_12ec45496a7e1cdd,4,73_1173,4,12
49710,2024_049710_729387bf8c503b2e,1,73_1173,4,43
49715,2024_049715_f0a9d262264843f5,1,73_1174,3,8
49718,2024_049718_3054e9fd7500dee8,1,73_1174,3,12
49728,2024_049728_fe5a69b2a7b77dde,5,73_1173,4,6
49729,2024_049729_031f488955f1f494,0,73_1174,3,20
49743,2024_049743_c42e25a2343d5498,6,73_1174,3,8
49744,2024_049744_4d250e86e1924332,6,73_1174,3,5
49759,2024_049759_5889e63969df5f62,3,73_1173,4,7
49774,2024_049774_8e55de5c66acb051,3,73_1173,4,7
49780,2024_049780_9ef7fb118e9a6ce7,4,73_1173,4,29
49783,2024_049783_4a9284b0d8beb5d9,3,73_1173,4,21
49793,2024_049793_3b7a6ddf7d5a63aa,4,73_1173,4,6
49799,2024_049799_c17c6a1af77b4361,0,73_1174,3,6
49807,2024_049807_a128517570952043,0,73_1174,3,6
49808,2024_049808_6a2ab7909a9ace61,3,73_1174,3,2
49813,2024_049813_f85e675102a386ad,0,73_1174,3,6
49818,2024_049818_9bd19f9da1a96a4f,1,73_1174,3,9
49822,2024_049822_d6d5f75c95ec2860,2,73_1173,4,4
49837,2024_049837_9b93d4bd13d9a3c5,6,73_1173,4,2
49842,2024_049842_26f93ea59934eb17,3,73_1173,4,3
49849,2024_049849_da77b9271d396ba8,6,73_1173,4,4
49854,2024_049854_460ea33f21088470,6,73_1173,4,7
49859,2024_049859_00dfa6cb396a9466,3,73_1173,4,10
49865,2024_049865_8d668423baec5ee3,3,73_1173,4,2
49866,2024_049866_fb6a8a5bc078607d,3,73_1173,4,4
49871,2024_049871_588c72213064ae9c,3,73_1173,4,24
49878,2024_049878_8cc6136e83e0b367,4,73_1173,4,10
49880,2024_049880_82778597e321c491,3,73_1173,4,29
49891,2024_049891_27a5826ebf03d73d,3,73_1174,3,40
49898,2024_049898_c4d9bc6f2b615672,4,73_1174,3,75
49901,2024_049901_d815d78bdba50432,6,73_1173,4,7
49925,2024_049925_d984498208435122,3,73_1173,4,41
49932,2024_049932_89551a5c6373b11e,3,73_1173,4,2
49963,2024_049963_9f9dec409bd18e4a,3,73_1171,4,65
49974,2024_049974_c91bc0b1c0554ba3,4,73_1171,4,7
49975,2024_049975_1a30027f918ae4c4,1,73_1171,4,13
49981,2024_049981_e9b85cba025a16ee,2,73_1171,4,16
49997,2024_049997_4e6fcea5d6299103,3,73_1172,0,52
49998,2024_049998_e153f6a396998ec1,4,73_1172,0,10
50000,2024_050000_4e86144b597375bc,4,73_1172,0,14
50005,2024_050005_63205f55ca31b91e,6,73_1172,0,15
50006,2024_050006_274e4dccd5c38ac1,4,73_1172,0,8
50007,2024_050007_0a13ddcdd87c9a08,4,73_1172,0,5
50009,2024_050009_57c80e485e674567,4,73_1172,0,12
50010,2024_050010_81180e7c62f51726,6,73_1172,0,8
50038,2024_050038_fc7dfae315d4a24b,3,73_1172,0,14
50041,2024_050041_7d3d68ceea396b41,3,73_1172,0,84
50075,2024_050075_89458fc83f74e1ad,4,73_1172,0,8
50089,2024_050089_976489f4cd18d024,4,73_1172,0,26
50098,2024_050098_ab3f79e46b129352,3,73_1172,0,26
50112,2024_050112_48f814e63eb3eb24,4,73_1172,0,23
50119,2024_050119_41da25b0c8bc95fa,3,73_1172,0,34
50152,2024_050152_1d29846f369e65e7,3,73_1173,4,23
50156,2024_050156_cf0fd79ce8c16e9c,3,73_1172,0,16
50161,2024_050161_21f264eb39332b0a,3,73_1172,0,12
50175,2024_050175_2f569cd36e462d11,3,73_1172,0,27
50189,2024_050189_7aa3ba543f6f19e0,4,73_1172,0,26
50190,2024_050190_85544da6044bd597,4,73_1172,0,13
50191,2024_050191_386f89305274f05c,6,73_1172,0,25
50200,2024_050200_c4eb8aadd6e81bf9,4,73_1172,0,10
50203,2024_050203_2f9510bd153a9d14,5,73_1172,0,20
50208,2024_050208_3b724dd6a47460ee,2,73_1172,0,8
50210,2024_050210_659cda96c27ccde4,4,73_1172,0,20
50218,2024_050218_f1582640b8f40c08,6,73_1172,0,4
50224,2024_050224_eb9617c6cfa772e9,4,73_1172,0,9
50233,2024_050233_d5d6debaa0281b97,4,73_1172,0,59
50249,2024_050249_01e1662ac464ebbe,3,73_1171,4,7
50255,2024_050255_2f3b26c88dc1360c,2,73_1171,4,16
50267,2024_050267_4dc375e2ec6d750d,0,73_1171,4,4
50277,2024_050277_66014ec6cf8fe26e,3,73_1171,4,16
50305,2024_050305_eec7636f029a4129,2,73_1171,4,6
50307,2024_050307_7aa401cd405dce68,5,73_1171,4,3
50343,2024_050343_01b8013fbe8fde47,2,73_1172,0,8
50350,2024_050350_1e624c453b0e8836,3,73_1172,0,11
50351,2024_050351_69b29afdd7d1d438,3,73_1172,0,7
50352,2024_050352_e31cc682adf4c59a,3,73_1172,0,8
50353,2024_050353_6fce5175e423c021,4,73_1172,0,4
50375,2024_050375_b3c5db1c72e610d0,4,73_1172,0,2
50390,2024_050390_1c3dbaae6a2f96e6,3,73_1172,0,27
50397,2024_050397_c2117f00bd443b26,4,73_1172,0,3
50435,2024_050435_8468955b248472c9,3,73_1171,4,2
50463,2024_050463_e8db0a1f5ee5a6af,4,73_1172,0,9
50469,2024_050469_80d8e662d8c17a1c,6,73_1172,0,65
50470,2024_050470_01265775eea812a9,4,73_1172,0,22
50472,2024_050472_af9aa690c8b3f13c,4,73_1172,0,16
50505,2024_050505_ec152024718d1a03,6,73_1171,4,17
50508,2024_050508_87d73de2e64110b2,3,73_1171,4,64
50518,2024_050518_de7135af29793c6c,4,73_1171,4,3
50520,2024_050520_9a660d57de39000e,3,73_1171,4,9
50521,2024_050521_ddd9ee9873cc7124,4,73_1171,4,11
50531,2024_050531_56e781cf2f05646e,3,73_1174,3,16
50534,2024_050534_577fdefc2d2e11cd,3,73_1174,3,11
50550,2024_050550_d38f547d2bf68af9,3,73_1174,3,36
50551,2024_050551_139ee9215cfc4af2,3,73_1175,5,53
50553,2024_050553_09cc4a7e61e84a82,3,73_1174,3,4
50556,2024_050556_c25385a663149bb3,1,73_1175,5,41
50560,2024_050560_8d430a15f148555e,3,73_1175,5,8
50562,2024_050562_9762b7cbba658efe,6,73_1174,3,9
50565,2024_050565_28726975b5b0e549,1,73_1175,5,14
50566,2024_050566_9a68b38f99b49e92,1,73_1175,5,12
50567,2024_050567_0c436d50d7e4fd3f,1,73_1175,5,17
50568,2024_050568_41ed7fcfecf6395e,6,73_1174,3,10
50570,2024_050570_4fd5894736cfa4db,0,73_1175,5,2
50571,2024_050571_9bbab691416bcd88,3,73_1175,5,4
50606,2024_050606_c68ddcff4080e113,0,73_1175,5,5
50609,2024_050609_4f2ecca0ae77aea9,0,73_1175,5,9
50616,2024_050616_27c4db0a4f021475,0,73_1174,3,2
50623,2024_050623_bb340e9e18f7c480,0,73_1175,5,41
50624,2024_050624_adfe139a38e2b0d3,1,73_1175,5,5
50626,2024_050626_a602553560bf83a3,1,73_1175,5,8
50628,2024_050628_3f788c502615bcf2,3,73_1175,5,9
50633,2024_050633_b5f7268096fa7d4d,1,73_1175,5,14
50644,2024_050644_2792b56f8091087e,1,73_1175,5,18
50646,2024_050646_2213eaff57e51865,0,73_1175,5,31
50647,2024_050647_79050b1e9522a86d,1,73_1175,5,12
50649,2024_050649_c539fa714235b826,1,73_1175,5,16
50650,2024_050650_3587905a5ffb58cf,1,73_1175,5,8
50669,2024_050669_5b35c56aef1a22dd,3,73_1175,5,6
50689,2024_050689_251e48cf2044a393,0,73_1175,5,14
50692,2024_050692_5e0d9f9cb2be3b50,4,73_1175,5,6
50694,2024_050694_d73db5390541a3e0,3,73_1175,5,4
50709,2024_050709_0e283fad285d790d,3,73_1175,5,7
50719,2024_050719_ef8368347268da1f,6,73_1175,5,20
50726,2024_050726_380c7785ada1b679,4,73_1175,5,17
50729,2024_050729_d2f8b78b2b8dcbec,3,73_1175,5,11
50742,2024_050742_b3d266bf9119a922,4,73_1175,5,2
50745,2024_050745_42bcb14690d727a8,3,73_1175,5,3
50749,2024_050749_32b2e4ec29360dd5,0,73_1175,5,17
50760,2024_050760_3ef307f9a797500b,0,73_1175,5,9
50769,2024_050769_cd6384bed5783558,3,73_1175,5,11
50771,2024_050771_46e6ed591002c165,4,73_1175,5,5
50775,2024_050775_f5e56aba744a85ab,0,73_1175,5,2
50784,2024_050784_3622f81f9188d312,1,73_1175,5,4
50787,2024_050787_6bce545599b1a124,3,73_1175,5,7
50794,2024_050794_b743935e8cd884f1,2,73_1175,5,44
50798,2024_050798_8050ec5bb8cd2514,0,73_1175,5,9
50804,2024_050804_d2bc399b4186da40,3,73_1175,5,22
50816,2024_050816_273946a472baf6e2,4,73_1175,5,28
50837,2024_050837_833ff5c246f42bfb,2,73_1175,5,24
50843,2024_050843_f6a55dd932c9f2b8,4,73_1175,5,16
50858,2024_050858_67fc6fd441428063,0,73_1175,5,2
50869,2024_050869_1b416b6c8182d44b,4,73_1175,5,3
50876,2024_050876_50c99175e95b118c,6,73_1175,5,2
50878,2024_050878_37f92498bd9b0ca8,1,73_1175,5,3
50879,2024_050879_17ee7b581435d494,1,73_1175,5,6
50882,2024_050882_a032f22eaaea00f1,3,73_1175,5,6
50891,2024_050891_df0f953f549843b3,1,73_1174,3,4
50903,2024_050903_a73ecc3b44602bfe,1,73_1174,3,2
50918,2024_050918_0c1e9b768a306977,4,73_1174,3,4
50932,2024_050932_073dec4ab8b3f33e,2,73_1174,3,10
50940,2024_050940_7de37f69c0e36d7f,0,73_1174,3,5
50944,2024_050944_f1fa32c10b24f101,6,73_1174,3,7
50956,2024_050956_65b0b2e555fee89f,2,73_1174,3,6
50963,2024_050963_cc7393600a7c9b86,2,73_1174,3,3
50964,2024_050964_0148c2fddcdea493,2,73_1174,3,6
50979,2024_050979_847b0d6697452650,2,73_1174,3,4
50984,2024_050984_c229c3e411ffd226,4,73_1174,3,8
50991,2024_050991_6a217ba4f350fa0c,4,73_1174,3,10
51000,2024_051000_cff458f5d9eef5bc,3,73_1174,3,4
51015,2024_051015_b5c32e8986c74eae,6,73_1174,3,7
51028,2024_051028_3b030b03cd934cab,1,73_1174,3,2
51062,2024_051062_31b7609dc56f46c5,4,73_1174,3,9
51069,2024_051069_8811f7efc69110c5,6,73_1174,3,5
51071,2024_051071_3453a8f55a1ab212,2,73_1174,3,22
51075,2024_051075_e294854bf0d1ef06,3,73_1174,3,52
51078,2024_051078_fbf23df28a61cfdd,6,73_1174,3,4
51092,2024_051092_4968cccbd9607f70,3,73_1174,3,12
51108,2024_051108_fd742344c2d6eb26,4,73_1174,3,11
51118,2024_051118_a4c0a95161bcccec,4,73_1174,3,2
51140,2024_051140_d1c9b6bfd5242656,3,73_1174,3,14
51143,2024_051143_6a3171043beef6de,4,73_1174,3,10
51147,2024_051147_45635f3172bea091,4,73_1174,3,2
51148,2024_051148_02dc11f8e63d8169,4,73_1174,3,18
51153,2024_051153_8252dcc10491ded5,3,73_1174,3,8
51154,2024_051154_2cdef8b76e25154f,3,73_1174,3,8
51159,2024_051159_71969c1c0c36824b,3,73_1174,3,8
51169,2024_051169_54c52b4271e94dc2,3,73_1174,3,20
51172,2024_051172_5587f5d6b71ab33e,3,73_1174,3,2
51175,2024_051175_852d2248a997e012,3,73_1174,3,3
51184,2024_051184_e3679d18a9baa468,3,73_1174,3,5
51195,2024_051195_e6ebbcc55f367565,3,73_1174,3,7
51227,2024_051227_00b93ba90f15d22c,1,73_1174,3,24
51243,2024_051243_ba25e82560be5b33,1,73_1174,3,3
51276,2024_051276_08bf1a1736c95791,4,73_1174,3,38
51291,2024_051291_1f4c2f52b3566947,3,73_1174,3,45
51297,2024_051297_91d34e2ece382cfa,2,73_1174,3,30
51298,2024_051298_d2d6acc9a46d01f7,2,73_1174,3,26
51300,2024_051300_3cf267b6686b8a6b,6,73_1174,3,4
51328,2024_051328_9fb0a17ff832c363,6,73_1174,3,8
51331,2024_051331_a8957a268f598a81,3,73_1174,3,59
51332,2024_051332_7ce624c838eb84c6,1,73_1174,3,5
51335,2024_051335_c9ecfaaf879d7325,2,73_1174,3,41
51345,2024_051345_1e2649bfbed95aee,2,73_1174,3,17
51361,2024_051361_16b1cdaab08fe002,4,73_1174,3,13
51369,2024_051369_77bdd5727a6f7ba3,6,73_1174,3,20
51377,2024_051377_1543100bb12a9c29,3,73_1174,3,2
51450,2024_051450_f37d39614386a3a8,3,70_1176,2,2
51457,2024_051457_a4e93ce05cdf67a1,3,70_1176,2,6
51469,2024_051469_2e59f685783e65a5,3,71_1176,5,33
51477,2024_051477_3bd696b8267fb4af,4,70_1176,2,44
51484,2024_051484_b59a9a5dc69bffdf,1,71_1176,5,6
51486,2024_051486_196cd115f1b8bb43,0,71_1176,5,4
51488,2024_051488_649383a2f6a2b4b7,4,71_1176,5,9
51492,2024_051492_83ad713545e7b363,4,71_1176,5,6
51503,2024_051503_8b9dad483caef1c9,3,71_1176,5,8
51531,2024_051531_e27b3d2de590946f,3,71_1176,5,37
51541,2024_051541_ccb4f29d8443b68b,3,71_1176,5,16
51544,2024_051544_1ae9dd0af967a8ef,3,71_1176,5,8
51557,2024_051557_30301cc1cf4bcb46,4,71_1176,5,12
51558,2024_051558_a0827ed67897c4b8,0,71_1176,5,2
51566,2024_051566_b4523a667b39b606,2,71_1176,5,61
51568,2024_051568_814f785c6d34cf29,2,71_1176,5,83
51572,2024_051572_76c0f956c57f2dac,6,71_1176,5,4
51583,2024_051583_a3557279297f093f,4,71_1176,5,33
51584,2024_051584_578ecc4809be150b,4,71_1176,5,20
51588,2024_051588_9472aa2a6cbc0151,3,71_1176,5,20
51590,2024_051590_0398b1b59eba7f5d,6,71_1176,5,15
51593,2024_051593_a26b7d9a08c1f9a8,6,71_1176,5,55
51614,2024_051614_3581d24be5ea5d58,3,71_1176,5,19
51615,2024_051615_045f797d9fdc0a1f,3,71_1176,5,18
51620,2024_051620_5c13cc55f20bcb8a,3,71_1176,5,29
51625,2024_051625_481b37a3fe9c8d4a,4,71_1176,5,6
51629,2024_051629_b4425d01ee60c57c,3,71_1176,5,33
51631,2024_051631_563f013b6bd0f201,6,71_1176,5,16
51637,2024_051637_0c3c23ef4d000f62,4,71_1176,5,31
51641,2024_051641_8e29708b3c662d89,3,71_1176,5,14
51646,2024_051646_ba482ec23a76a31f,6,71_1176,5,23
51654,2024_051654_98ba8037faa7d1c9,6,71_1176,5,6
51658,2024_051658_3355f4221ba81621,3,71_1176,5,3
51661,2024_051661_82e65acca80392ad,0,71_1176,5,2
51667,2024_051667_f9a4035f567721e1,6,71_1176,5,5
51675,2024_051675_dacfd4baa6766d34,1,71_1176,5,4
51681,2024_051681_23368837bf5f74f4,3,71_1176,5,5
51687,2024_051687_8cb5e16864cd307d,6,71_1176,5,7
51692,2024_051692_1232d62c63c10eef,3,71_1176,5,5
51697,2024_051697_8592a30673c19e3b,4,71_1176,5,5
51709,2024_051709_d2fcdff21a577ce1,3,71_1176,5,26
51722,2024_051722_2c4dc30b94014aa0,3,71_1176,5,14
51725,2024_051725_2193dc3028ef9feb,3,71_1176,5,37
51732,2024_051732_67aa5d79ae782cf9,3,71_1176,5,64
51751,2024_051751_b91570ab27571bca,6,71_1176,5,25
51759,2024_051759_c87dbb8353aa30a7,3,71_1176,5,2
51782,2024_051782_487eab9037b288f6,3,71_1176,5,17
51784,2024_051784_82ee845bb20f3426,3,71_1176,5,20
51788,2024_051788_c0c9626820cda0b4,6,71_1176,5,26
51794,2024_051794_e75ac858d70fb1a0,3,71_1176,5,18
51798,2024_051798_2af5f30179c80fab,3,71_1176,5,19
51807,2024_051807_8298f1848045f11f,6,71_1176,5,14
51821,2024_051821_a567671e46a95803,3,71_1176,5,2
51847,2024_051847_8b2489358d0918e4,3,71_1176,5,2
51849,2024_051849_b015756270509f9c,6,71_1176,5,18
51863,2024_051863_ed57f322ac8492ae,0,71_1176,5,2
51893,2024_051893_d98da6d389afb274,2,71_1176,5,2
51908,2024_051908_915dc766e8c75ec9,3,71_1176,5,6
51912,2024_051912_f69cf4bfbd7b77e8,4,71_1176,5,16
51925,2024_051925_67a458b558b06720,3,71_1176,5,54
51926,2024_051926_32b82db79a5ca178,2,71_1176,5,94
51929,2024_051929_dbb01470ef5f3c2a,4,71_1176,5,6
51932,2024_051932_971a1e38d1bb82a4,4,71_1176,5,7
51935,2024_051935_664b1bd1b9bf136b,2,71_1176,5,36
51939,2024_051939_7f7dcd35216c7600,0,71_1176,5,5
51945,2024_051945_7e47cdcb278574c7,4,71_1176,5,10
51952,2024_051952_cc626aea54b52f9b,3,71_1175,1,8
51963,2024_051963_9143c0650a12b7a1,2,71_1176,5,20
51968,2024_051968_a0f73f84caa1f9ec,6,71_1176,5,73
51979,2024_051979_f67afe10fc8f809b,6,71_1176,5,35
51992,2024_051992_e780e3f35932f525,2,71_1176,5,9
52009,2024_052009_d5cf0b5cc32b36ac,4,71_1176,5,36
52013,2024_052013_cf422148ffad0338,5,71_1176,5,29
52017,2024_052017_2f6abe39efb00073,3,71_1176,5,6
52020,2024_052020_16c6c905bd359c7f,3,71_1176,5,53
52021,2024_052021_7d21af8908a040e0,3,71_1176,5,61
52038,2024_052038_a7d1737f74390f7a,4,71_1176,5,35
52040,2024_052040_0de917c08f587b69,4,71_1176,5,15
52046,2024_052046_5c3ae9c86010a102,3,71_1176,5,12
52058,2024_052058_2312f2b9c0a0114a,4,71_1176,5,14
52063,2024_052063_07e9672f8d55c144,4,71_1176,5,12
52065,2024_052065_cf0ed2ef6f6919c8,4,71_1176,5,64
52067,2024_052067_b243add56c101a4c,0,71_1176,5,36
52068,2024_052068_5d88282186b93e40,3,71_1176,5,36
52069,2024_052069_069159f989a8f6f9,0,71_1176,5,20
52074,2024_052074_1cc417a5af881a7f,3,71_1176,5,11
52075,2024_052075_2e478364ae11b14b,0,71_1176,5,5
52077,2024_052077_a351f9b87480351d,0,71_1176,5,5
52080,2024_052080_877bc51e593682f0,0,71_1176,5,5
52085,2024_052085_b7fe5226c8e71a64,0,71_1176,5,5
52105,2024_052105_5839fff60b36a54f,6,71_1176,5,34
52113,2024_052113_bec1fa835047119b,4,71_1176,5,27
52115,2024_052115_bb3dd6c07f3aa2be,6,71_1176,5,22
52129,2024_052129_be6b25386a6bfdcc,3,71_1176,5,43
52140,2024_052140_b6b009f3ae1c420e,4,71_1176,5,8
52178,2024_052178_e80acc1844431352,3,71_1176,5,9
52182,2024_052182_42723186f515203c,4,71_1176,5,27
52184,2024_052184_6e7c0e43c689947e,3,71_1176,5,9
52191,2024_052191_35b60e3c724134c2,6,71_1176,5,5
52195,2024_052195_13d97d56eadc67e7,4,71_1176,5,7
52197,2024_052197_64c8874142ec9e77,6,71_1176,5,8
52202,2024_052202_425aaa37a8305298,2,71_1176,5,8
52210,2024_052210_6c1b0bcaf5f4f008,3,71_1176,5,11
52211,2024_052211_e390d558a271f1d1,4,71_1176,5,7
52218,2024_052218_e392e1d05082ab96,6,70_1175,5,34
52219,2024_052219_88822adf5a09d42c,2,70_1175,5,12
52225,2024_052225_16dac81b3be46c88,4,70_1175,5,12
52227,2024_052227_6699d0bb6da44c25,6,70_1175,5,11
52229,2024_052229_b850adb45e1f4ab2,6,70_1175,5,4
52230,2024_052230_b63f564f6d3dcaa2,4,70_1175,5,9
52246,2024_052246_ab3014f5163ccc32,1,70_1175,5,15
52255,2024_052255_bbf11ba7de30d10c,4,70_1175,5,27
52262,2024_052262_67dc28c94519abd4,3,70_1175,5,93
52268,2024_052268_8c913086d5b39538,0,70_1175,5,19
52274,2024_052274_a1f0b0af441b702e,3,70_1175,5,18
52298,2024_052298_7b3ce65443ff7975,3,70_1175,5,43
52305,2024_052305_5d7ef1377ba4bcd9,3,70_1174,5,20
52315,2024_052315_2db3c086bd128158,6,70_1174,5,21
52332,2024_052332_6a0e347562d83acf,0,70_1174,5,2
52333,2024_052333_42da4e857ed1a773,1,70_1174,5,5
52346,2024_052346_584ed24c23890ddd,5,70_1174,5,8
52360,2024_052360_603b6daccf0cad37,3,70_1175,5,6
52380,2024_052380_4336ef035f3cb860,4,70_1174,5,14
52383,2024_052383_98fa62fc9b38ac8e,3,70_1174,5,22
52411,2024_052411_b1eba79b7d6081c0,3,70_1175,5,7
52413,2024_052413_cd376f42af726eba,0,70_1175,5,2
52415,2024_052415_23a62e553694df15,6,70_1174,5,16
52432,2024_052432_341561a915560b5b,3,70_1174,5,6
52435,2024_052435_b436d9da0419b6bb,3,70_1174,5,30
52454,2024_052454_f7785824f8b56a99,6,70_1174,5,43
52468,2024_052468_08a0b4906453cb50,0,70_1175,5,13
52469,2024_052469_3eac9692bbc099ca,0,70_1175,5,20
52474,2024_052474_f4fb18fa8dcb74a3,0,70_1175,5,3
52476,2024_052476_381bf4db2a257c69,4,70_1175,5,4
52488,2024_052488_7d0f1150dd47c36e,0,70_1175,5,16
52496,2024_052496_801f6be080db1b8a,0,70_1175,5,55
52506,2024_052506_5371e2a505fe769a,0,70_1175,5,20
52513,2024_052513_745b621109872f2b,6,70_1175,5,37
52515,2024_052515_c5a24b17f3e57198,3,70_1174,5,9
52535,2024_052535_257e3c16bd4ae00a,0,70_1175,5,19
52542,2024_052542_962f3a07674e337b,0,70_1175,5,2
52543,2024_052543_7e7b25386168f5e8,0,70_1175,5,9
52544,2024_052544_7deeb9a428988054,4,70_1175,5,11
52555,2024_052555_50f49fdf616844de,3,70_1175,5,44
52559,2024_052559_31379f075fd2086a,3,70_1175,5,6
52567,2024_052567_853bed39c0a03cd1,3,70_1175,5,29
52569,2024_052569_15dfafb153b97946,3,70_1175,5,35
52599,2024_052599_7c2ebee6e184ba2b,6,70_1174,5,49
52620,2024_052620_4a62eaf1cd0a25e1,6,70_1175,5,2
52640,2024_052640_166afa61a9a9f9cd,1,70_1175,5,14
52652,2024_052652_97bdd8018fadaa0e,6,70_1175,5,14
52656,2024_052656_508329c8db5ac6e3,4,70_1175,5,2
52658,2024_052658_3878a9ad8202fbe8,3,70_1175,5,5
52659,2024_052659_73899209227e3b67,3,70_1175,5,3
52662,2024_052662_d181651da234097d,4,70_1175,5,5
52672,2024_052672_e93746e4ebaa5de9,0,70_1175,5,9
52678,2024_052678_4d3986e466a7c576,0,70_1174,5,71
52680,2024_052680_ab8c1948e40bae0a,0,70_1174,5,48
52681,2024_052681_b17dfc89d8be2245,6,70_1174,5,29
52683,2024_052683_2790f07e68b772a2,3,70_1174,5,20
52724,2024_052724_c3296925f17f531e,1,70_1174,5,10
52727,2024_052727_7596d0ed358a7e19,0,70_1174,5,6
52728,2024_052728_13ed3d0cb5dfd62b,1,70_1174,5,32
52730,2024_052730_4549d968424153fa,4,70_1174,5,15
52732,2024_052732_d5f529004cae03ec,3,70_1174,5,23
52744,2024_052744_a32b5d27d74039d7,0,70_1174,5,13
52760,2024_052760_84fe417971926717,3,70_1174,5,3
52767,2024_052767_c31b49ddbacfbd32,3,70_1174,5,17
52770,2024_052770_4282bd863786229c,3,70_1174,5,23
52784,2024_052784_dda3b7953a7f1842,1,70_1174,5,4
52795,2024_052795_bea3515761b5e148,6,70_1175,5,54
52802,2024_052802_1ecc200fe32b8919,4,70_1175,5,8
52823,2024_052823_299c1af352b650c3,0,70_1174,5,81
52826,2024_052826_611ef2f5b06daa6e,2,70_1174,5,14
52827,2024_052827_6dbeb6ba2058dae5,0,70_1174,5,7
52834,2024_052834_855222a937a36363,0,70_1174,5,2
52843,2024_052843_9ee5b70b4be234d8,1,70_1174,5,5
52886,2024_052886_42221d69d8e5a965,0,70_1174,5,3
52891,2024_052891_5a778635c4092225,0,70_1174,5,2
52893,2024_052893_4eba6430bfaa6596,2,70_1174,5,33
52904,2024_052904_2794ec24fd91cdb8,4,70_1175,5,11
52921,2024_052921_619f6af06ccf2564,0,70_1175,5,2
52935,2024_052935_2a87b3ea8a328077,3,70_1175,5,9
52942,2024_052942_d845110d05e523b3,1,70_1174,5,18
52944,2024_052944_97f6170156de1dd9,6,70_1174,5,21
52945,2024_052945_3b7d2272e8b0ddf8,2,70_1174,5,14
53002,2024_053002_0e2e013690f61cfc,4,70_1175,5,6
53010,2024_053010_f8e6245ce8210187,6,70_1175,5,11
53016,2024_053016_74092b92fa380605,6,70_1175,5,20
53047,2024_053047_ea46b8c020b4d2d0,0,70_1175,5,2
53059,2024_053059_e9e2875fcab3e994,6,70_1175,5,9
53073,2024_053073_e581d27bf8abcd9d,6,70_1175,5,5
53083,2024_053083_4954f4d82b9cb443,4,70_1175,5,8
53111,2024_053111_43d97e3936061e12,1,70_1174,5,18
53127,2024_053127_3f0a0c38670d6fc9,1,70_1174,5,14
53142,2024_053142_7d2b0bc702d75ef5,3,71_1174,0,9
53170,2024_053170_e79ae13211507b77,2,70_1174,5,7
53171,2024_053171_2613ef807ab8d351,3,71_1174,0,4
53203,2024_053203_7df78e27d04bbbfb,0,70_1175,5,25
53208,2024_053208_9de2c2540cb7c7cc,4,70_1175,5,22
53212,2024_053212_d699d76bb1445020,6,70_1175,5,8
53220,2024_053220_54a1f402268d6b21,0,70_1175,5,2
53225,2024_053225_5f0bedcc7102c165,6,70_1175,5,17
53237,2024_053237_08aa997c07b7d989,6,71_1174,0,21
53248,2024_053248_dce5646aee38edf8,3,71_1174,0,5
53249,2024_053249_5cf37ed96417a3e9,3,71_1174,0,39
53264,2024_053264_905a7eb49dee8667,4,71_1174,0,5
53267,2024_053267_d519a49343c27778,0,70_1174,5,15
53299,2024_053299_cda10e8893efd61d,4,70_1174,5,31
53303,2024_053303_c21402e7dfc714e5,0,70_1174,5,7
53307,2024_053307_760c215a515b7b4b,0,70_1175,5,6
53320,2024_053320_0ec995666b1056fb,6,71_1175,1,5
53329,2024_053329_b0583d3ade478f68,6,70_1174,5,18
53330,2024_053330_dde73b2f7d87c729,4,70_1174,5,27
53339,2024_053339_99dcd2c510dc2f3a,3,70_1174,5,10
53345,2024_053345_b7c9659e1e967e00,3,70_1174,5,24
53349,2024_053349_6acb53d1ddfb908c,1,70_1174,5,37
53357,2024_053357_d8eeac43d0d3f86c,0,70_1174,5,31
53358,2024_053358_82a038f773f79e15,1,70_1174,5,30
53361,2024_053361_b815ae63b1cdf126,3,70_1174,5,8
53406,2024_053406_28e33a5c744a5ea5,6,71_1176,5,3
53431,2024_053431_8e047a1a5b111676,6,71_1176,5,4
53440,2024_053440_8caaf8431a732131,6,71_1176,5,20
53457,2024_053457_498ff23a90836003,4,71_1176,5,22
53464,2024_053464_8aafa8046ad30cd7,3,72_1176,1,30
53498,2024_053498_84061779ea8c71dc,6,72_1176,1,4
53499,2024_053499_d0848dc4cb41eb3e,6,72_1176,1,7
53500,2024_053500_53f53864a85f8f44,6,72_1176,1,6
53521,2024_053521_a11cee29b29896bc,0,72_1176,1,4
53524,2024_053524_2552a4404b685682,4,72_1176,1,19
53526,2024_053526_a815c180b85cd51c,4,72_1176,1,24
53535,2024_053535_c8ac85bf70b8ae1b,3,71_1176,5,58
53536,2024_053536_777381b304a436dd,6,71_1176,5,14
53540,2024_053540_0c5a8f77816980d9,3,71_1176,5,12
53547,2024_053547_1fe94e635b1ffd7e,4,71_1176,5,10
53558,2024_053558_f6ff6aa42c9c76ef,2,71_1176,5,34
53572,2024_053572_3feab7be31e083f7,6,72_1176,1,2
53584,2024_053584_f039f41b65ddc90d,4,72_1176,1,6
53600,2024_053600_28fc7031f459e8ef,3,72_1176,1,7
53607,2024_053607_f2adc846622e2902,3,72_1176,1,2
53626,2024_053626_0296fe50b834e490,6,72_1176,1,2
53643,2024_053643_fe20c343ef79709e,5,72_1176,1,12
53644,2024_053644_850d779f056d0ac9,4,72_1176,1,45
53646,2024_053646_27199fcfd3ec296d,6,72_1176,1,12
53649,2024_053649_916f8ac326ed623c,4,72_1176,1,9
53653,2024_053653_2d68c1501348d51f,5,72_1176,1,12
53660,2024_053660_434d71be6e4c109e,4,72_1176,1,7
53661,2024_053661_15276f458edb8408,6,72_1176,1,12
53665,2024_053665_1fc56981a7d61a87,3,72_1176,1,51
53666,2024_053666_6c12ec62acdf09ee,6,72_1176,1,8
53680,2024_053680_ad06e019261bb7e4,3,72_1176,1,7
53682,2024_053682_28237a7b77aa9d0c,0,72_1176,1,3
53685,2024_053685_f5d3ca37147cbbc5,3,72_1176,1,8
53686,2024_053686_226babe9d1fa6340,6,72_1176,1,13
53689,2024_053689_ea836b11f5af1ccb,3,72_1176,1,13
53691,2024_053691_f5b1928afccf8140,3,72_1176,1,28
53692,2024_053692_dc4ca2375292453a,0,72_1176,1,34
53694,2024_053694_50e1589b579bb2a7,3,72_1176,1,11
53696,2024_053696_c21b9c51ea4f70d1,0,72_1176,1,5
53743,2024_053743_8f64e515d1b54738,4,72_1176,1,3
53748,2024_053748_2956748938cb242e,6,72_1176,1,6
53757,2024_053757_2f3a6bf0b32e3458,6,72_1176,1,3
53759,2024_053759_20a0cdce72dddf6d,1,72_1176,1,4
53766,2024_053766_2822fb75c213f970,3,72_1176,1,13
53769,2024_053769_d1922688496902a2,3,72_1176,1,21
53775,2024_053775_c40ce5e00fd99f1f,3,72_1176,1,5
53782,2024_053782_b0044525217ecac0,3,72_1176,1,6
53794,2024_053794_e8522e8a05b26dab,3,72_1176,1,19
53819,2024_053819_e861fa2f2727d09f,4,72_1176,1,26
53825,2024_053825_0334dc4343e014d6,3,72_1176,1,8
53834,2024_053834_1d805663059bbcef,4,71_1176,5,38
53836,2024_053836_c7cf6951faf55715,4,71_1176,5,31
53839,2024_053839_ca32d8d2807fde4d,3,71_1176,5,14
53840,2024_053840_8b658715cff894b9,4,71_1176,5,123
53841,2024_053841_962accdbaf14c4e0,6,71_1176,5,11
53852,2024_053852_5da60022179ae818,3,71_1176,5,33
53854,2024_053854_b6680cb93a6eb575,3,71_1176,5,12
53867,2024_053867_3e00e5b173c409b9,1,71_1176,5,13
53869,2024_053869_0f06fffa997cc53b,4,71_1176,5,17
53875,2024_053875_e85cc795bfc1bd7c,2,71_1176,5,11
53879,2024_053879_8447700420480a18,3,71_1176,5,5
53882,2024_053882_d2850b79f6c1a700,1,71_1176,5,8
53884,2024_053884_ea7774b9def04ae0,3,71_1176,5,4
53955,2024_053955_5163338bc3b96b92,3,72_1176,1,19
53962,2024_053962_d8b09f4bdee12210,3,72_1176,1,2
53968,2024_053968_ae794c1da83a4996,3,72_1176,1,4
53984,2024_053984_38e00aa2434405ae,6,72_1176,1,22
53999,2024_053999_ce980e0e1f0508df,3,72_1176,1,5
54007,2024_054007_1495c08bc8779f6f,4,72_1176,1,5
54016,2024_054016_917edde4ef1569a6,3,72_1176,1,15
54050,2024_054050_6045742a1aa07e7b,3,71_1176,5,19
54089,2024_054089_101529f542195918,6,72_1176,1,10
54147,2024_054147_521771783c2a2807,0,71_1176,5,8
54151,2024_054151_afa31b752bdff5d3,6,67_1176,3,7
54162,2024_054162_ba60f568359ca95d,0,67_1176,3,2
54174,2024_054174_c5ed6cf5469a59b9,0,67_1176,3,6
54176,2024_054176_4a4790cf1b8c0ec4,0,67_1176,3,6
54194,2024_054194_d24a60f25dbe22de,0,67_1176,3,16
54195,2024_054195_9f301b478ab43e4d,3,67_1174,3,7
54196,2024_054196_46c983ebccdff2ad,1,67_1174,3,14
54209,2024_054209_ae0418958493ed2f,0,67_1174,3,2
54239,2024_054239_449a8ee9a5e1702f,0,67_1174,3,7
54258,2024_054258_339711d566258e10,0,67_1174,3,4
54280,2024_054280_710146938e12ae76,0,67_1174,3,4
54281,2024_054281_a35df6ba12d9c69a,0,67_1174,3,4
54296,2024_054296_8fdfe265e87e9e31,3,67_1174,3,2
54298,2024_054298_56da191fe433cc1e,0,67_1174,3,5
54312,2024_054312_e579523c5de35178,0,67_1174,3,12
54321,2024_054321_3572aa76e6c8dc70,0,67_1174,3,22
54326,2024_054326_648cdfa5192d880d,2,67_1174,3,2
54341,2024_054341_ab81d1a1543e836b,0,67_1174,3,10
54345,2024_054345_9a6fc87d716dc9ad,0,67_1174,3,7
54351,2024_054351_941ab2e1d2f2a754,0,67_1174,3,15
54360,2024_054360_30f75bef4cab7ba2,0,67_1174,3,6
54365,2024_054365_5c78a33a60f86f91,0,67_1174,3,2
54370,2024_054370_bf320e4bdcaecfc4,2,67_1174,3,12
54371,2024_054371_5e57cd61f4a70df3,2,67_1174,3,8
54374,2024_054374_328240bd39003d1d,6,67_1174,3,32
54376,2024_054376_3912b859233fda3a,0,67_1174,3,9
54379,2024_054379_ec91b6a761d944e5,2,67_1174,3,22
54391,2024_054391_7318d73ee7b2b533,0,67_1174,3,8
54394,2024_054394_c01fff6b7eb8f87f,0,67_1174,3,15
54403,2024_054403_58d2db22b08f229c,0,67_1174,3,11
54410,2024_054410_6b1cf130679ff737,2,67_1174,3,23
54411,2024_054411_c38d325265b854ca,0,67_1174,3,3
54445,2024_054445_956ac0e9d9d6facf,0,67_1174,3,13
54447,2024_054447_97a34b54e840f6e9,0,67_1174,3,3
54450,2024_054450_4a19edf21f18d6ae,0,67_1174,3,2
54460,2024_054460_5da57cfced645e50,3,67_1174,3,34
54461,2024_054461_435c9e96050912ad,0,67_1174,3,12
54462,2024_054462_3fed3c5e4476aa2a,4,67_1174,3,4
54464,2024_054464_9f6b5788a60f3eb1,0,67_1174,3,4
54510,2024_054510_d039e51117c70f97,3,67_1174,3,25
54511,2024_054511_33b32b18a47d9ecd,0,67_1174,3,10
54516,2024_054516_b5e771e3b91f8506,3,67_1174,3,28
54517,2024_054517_7dbf16617e5441f5,3,67_1174,3,7
54518,2024_054518_b8084881c1a3cd8f,0,67_1174,3,28
54522,2024_054522_c2f17ad284f253a2,0,67_1174,3,5
54523,2024_054523_83176d4059f0e026,3,67_1174,3,15
54524,2024_054524_1f5a56c73a9136ac,0,67_1174,3,9
54543,2024_054543_8b15b4187531f595,0,67_1174,3,2
54553,2024_054553_fa8e64cad1e664c3,0,67_1174,3,3
54578,2024_054578_0215f3c86da49aa6,3,67_1174,3,18
54623,2024_054623_72331075d111c42e,1,67_1174,3,10
54628,2024_054628_59b2b321854eb79e,6,67_1174,3,3
54632,2024_054632_0e3b143cf608e15c,6,67_1174,3,10
54634,2024_054634_74d0dc72d477396d,3,67_1174,3,2
54641,2024_054641_4d156db4333c091f,1,67_1174,3,30
54649,2024_054649_ef000dc5496eb0f4,2,67_1174,3,5
54652,2024_054652_7fc2c96bc7f177ff,6,67_1174,3,5
54680,2024_054680_fd0cbfa30a0e3ccc,3,67_1174,3,11
54688,2024_054688_3ffcf1b339956008,3,67_1174,3,8
54697,2024_054697_6ac3921978ef5df8,3,67_1174,3,10
54718,2024_054718_c185f6052d447c22,0,67_1174,3,2
54725,2024_054725_824b58c708cf3434,6,67_1174,3,4
54726,2024_054726_10c060113ae5a704,0,67_1174,3,83
54728,2024_054728_56198d085e728941,0,67_1175,2,5
54729,2024_054729_c5bac1c43d91b271,0,67_1175,2,17
54736,2024_054736_e1e4d63a3f6b8ba1,0,67_1175,2,4
54738,2024_054738_cdf5feb02dccba6b,6,67_1175,2,2
54749,2024_054749_041c592a566d75a4,0,67_1175,2,2
54773,2024_054773_f6721cfe7182267e,2,67_1172,2,5
54782,2024_054782_29557abbc7a223b7,0,67_1172,2,13
54784,2024_054784_08f00103c25057d3,3,67_1172,2,4
54786,2024_054786_fffc23aa378b7be2,0,67_1171,5,10
54788,2024_054788_4a00be882762cbc4,3,67_1171,5,9
54790,2024_054790_602c4eedcee4c4b3,0,67_1171,5,8
54792,2024_054792_891788e89f84fd30,3,67_1171,5,7
54796,2024_054796_c79791f7fa2a7230,0,67_1171,5,5
54804,2024_054804_1d1e5f052b51730d,2,67_1172,2,3
54805,2024_054805_fdfa0c58196c317c,3,67_1172,2,16
54809,2024_054809_a3b67683f3da2553,4,67_1172,2,12
54810,2024_054810_a91484a57da7bcbd,3,67_1172,2,18
54811,2024_054811_c784d676e6e740a8,3,67_1172,2,6
54835,2024_054835_c04eb97c2d91d929,0,67_1172,2,11
54841,2024_054841_9012df05ab837fa2,0,67_1172,2,10
54847,2024_054847_c3bb2d1d106cd987,3,67_1172,2,7
54856,2024_054856_acff8f9c7a8344af,1,67_1172,2,3
54860,2024_054860_c61d7d9e05749f21,3,67_1172,2,7
54861,2024_054861_582fe94187d23ef4,1,67_1172,2,28
54862,2024_054862_40724c5050bec868,0,67_1172,2,24
54864,2024_054864_3c5153e4be5fb7c1,0,67_1172,2,2
54865,2024_054865_d2165812d868459f,0,67_1172,2,4
54867,2024_054867_ae284be8666e1ea8,2,67_1172,2,7
54870,2024_054870_3754f3a0e70744bc,1,67_1172,2,26
54873,2024_054873_1e27e8e0f5a550fb,0,67_1172,2,6
54889,2024_054889_013f032ac7979a90,2,67_1172,2,13
54898,2024_054898_51c26184ff1233c8,3,67_1172,2,18
54900,2024_054900_38dae7332ff8bd1a,3,67_1172,2,9
54913,2024_054913_6987dfa8c6648d64,0,67_1172,2,27
54914,2024_054914_c6dd999d243b0847,0,67_1172,2,19
54922,2024_054922_8b645ebb15b61a99,0,67_1172,2,29
54952,2024_054952_f581a478886c2247,2,67_1172,2,7
54957,2024_054957_1a2c546907338dd8,2,67_1172,2,5
54958,2024_054958_78d28c9453ea088e,4,67_1172,2,23
54961,2024_054961_25b222ad0195589a,3,67_1172,2,3
54969,2024_054969_a90d42c0e309121c,2,67_1172,2,13
54985,2024_054985_1d7f630367c8775d,4,67_1173,3,51
54989,2024_054989_90f101a90b90aa16,6,67_1173,3,19
54994,2024_054994_d573ce012ac07ea0,6,67_1175,2,4
54998,2024_054998_77e845daf0d5664f,3,67_1175,2,19
55015,2024_055015_0a2f64dccd4155a5,0,67_1175,2,3
55023,2024_055023_c2fb85eaaae8ad0b,6,67_1175,2,7
55042,2024_055042_1607680a0bcb7833,2,67_1175,2,4
55050,2024_055050_a5a54049c5fbe2a2,2,67_1175,2,70
55065,2024_055065_9fc542cf0636a126,2,67_1175,2,44
55080,2024_055080_a2e971331a93c722,4,67_1175,2,29
55088,2024_055088_94a579fa0466207a,4,67_1175,2,19
55094,2024_055094_875afd9c3012740c,3,67_1175,2,14
55097,2024_055097_4156d882e55862e8,1,67_1175,2,10
55104,2024_055104_6836d808eaf4c490,6,67_1175,2,17
55107,2024_055107_cc38b653ec9cd9c5,4,67_1175,2,7
55108,2024_055108_044e611bd40b0f2b,2,67_1175,2,14
55122,2024_055122_4a92a2a799b72433,6,67_1175,2,19
55133,2024_055133_b19bc366a1917554,3,67_1175,2,4
55141,2024_055141_04c2843046edd0aa,0,67_1175,2,14
55144,2024_055144_98315221e26dda08,0,67_1175,2,7
55148,2024_055148_3bcd4c77f873e951,0,67_1175,2,3
55156,2024_055156_52546d100d924855,3,67_1175,2,12
55160,2024_055160_17c17551887bbabc,3,67_1175,2,9
55169,2024_055169_2c86cd75af863730,3,67_1175,2,2
55172,2024_055172_b6dd680dae935581,4,67_1175,2,29
55183,2024_055183_8628fca8faf60593,0,67_1175,2,4
55186,2024_055186_c0601aedcc4176a0,2,67_1175,2,6
55201,2024_055201_95c48c0e1e1681c3,0,67_1175,2,11
55210,2024_055210_ec4ba403c1b8768b,4,67_1176,3,3
55211,2024_055211_1fe0f915dcdfb8b3,2,67_1176,3,3
55223,2024_055223_45c8ca5f23204949,1,67_1175,2,26
55226,2024_055226_aaad4183504fd491,1,67_1175,2,7
55232,2024_055232_8a90a8c5d84b7e93,1,67_1175,2,16
55236,2024_055236_ffb1127d0816f97c,2,67_1176,3,12
55240,2024_055240_2bfae941ced9e10a,2,67_1176,3,17
55241,2024_055241_ad9b0325e21a6891,3,67_1176,3,70
55247,2024_055247_225e78cc7999c4ed,2,67_1176,3,12
55249,2024_055249_01e27f6ec244cd33,3,67_1176,3,33
55251,2024_055251_79a609ba03a61bc6,0,67_1176,3,10
55256,2024_055256_6ff77f30b668a5e5,1,67_1175,2,2
55258,2024_055258_3541baec2420bb21,2,67_1176,3,18
55270,2024_055270_9178c74c516ec71e,1,67_1175,2,17
55272,2024_055272_9a5ffcbe2afe3afc,2,67_1176,3,12
55274,2024_055274_ca5fec45d17c6d6c,2,67_1175,2,18
55275,2024_055275_58e31021c2e163a0,0,67_1175,2,10
55276,2024_055276_7552f037e967ab06,0,67_1175,2,6
55279,2024_055279_bd3ed0f62f7b4ef0,1,67_1175,2,3
55284,2024_055284_0c241c8d1948e8cb,1,67_1175,2,5
55290,2024_055290_be64bb6c807127c1,3,67_1176,3,13
55296,2024_055296_50707db3b76d7183,3,67_1176,3,3
55308,2024_055308_200103d0b190a605,1,67_1176,3,2
55324,2024_055324_c849b7235ae38ebd,2,67_1176,3,9
55327,2024_055327_da0e7f2fe8d41ff4,1,67_1176,3,6
55334,2024_055334_7888cc21a2d6960a,0,67_1176,3,2
55337,2024_055337_a2cd62a66ce650d7,4,67_1176,3,12
55344,2024_055344_778f02caeefb0336,6,67_1176,3,56
55351,2024_055351_d4ece2d69e3e5973,0,67_1176,3,6
55362,2024_055362_1f06c5e82b5d183b,1,67_1176,3,6
55371,2024_055371_d18a8bfe70579d44,0,67_1176,3,5
55374,2024_055374_84a0363e9123cfcf,0,67_1176,3,2
55384,2024_055384_78fcbb852f51ebc3,0,67_1176,3,4
55390,2024_055390_a12fe13c85c67b3f,0,67_1176,3,4
55411,2024_055411_1fe7beedeb349a6e,1,67_1176,3,3
55422,2024_055422_587afc66ed7d7a43,3,67_1176,3,23
55423,2024_055423_b3e2174886505be0,2,67_1176,3,25
55424,2024_055424_5a8c77ba9319e48e,3,67_1176,3,32
55426,2024_055426_d0fbc9c9962c6742,0,67_1176,3,2
55433,2024_055433_edaf8cb507f2097d,4,67_1176,3,4
55436,2024_055436_addc2b765e71c494,4,67_1176,3,6
55445,2024_055445_708c59d465ae3c07,0,67_1176,3,3
55446,2024_055446_972aa62e1e95508a,0,67_1176,3,8
55456,2024_055456_48d310edb299c28f,1,67_1176,3,3
55459,2024_055459_3185078750f088f2,0,67_1176,3,10
55463,2024_055463_60e8105c19cf96eb,0,67_1176,3,7
55481,2024_055481_ec8f3f6647b9111b,2,67_1176,3,20
55497,2024_055497_864057df98e2be6f,0,67_1176,3,6
55509,2024_055509_b167712fa9efc6e6,0,67_1176,3,16
55521,2024_055521_bb48f807deb7191c,0,67_1176,3,16
55524,2024_055524_95a7a1d1c857f460,0,67_1176,3,2
55526,2024_055526_8990af318c052253,1,67_1176,3,10
55529,2024_055529_ccc83b26413eb4c3,0,67_1176,3,3
55531,2024_055531_06316d48f43ed279,2,67_1176,3,6
55532,2024_055532_7087172687739144,2,67_1176,3,5
55535,2024_055535_b6556782fc7130ab,4,67_1176,3,22
55540,2024_055540_da95c375c1d5b075,0,67_1176,3,5
55547,2024_055547_ca23d4ff89e89ed1,1,67_1176,3,21
55554,2024_055554_869b253996d84f4f,3,67_1176,3,16
55568,2024_055568_9397c813f1bfcd92,1,67_1176,3,24
55575,2024_055575_6041149908181f6e,2,67_1176,3,18
55582,2024_055582_e770a005f497dfad,1,67_1176,3,35
55584,2024_055584_9419a8006f34f4df,0,67_1175,2,4
55585,2024_055585_e1b4207f2b7036ce,0,67_1175,2,2
55587,2024_055587_4bb3fe92408b5dab,0,67_1175,2,14
55610,2024_055610_81cbeeea3bd7ddb5,3,67_1176,3,26
55615,2024_055615_70f40067670a0e8b,2,67_1175,2,7
55629,2024_055629_b30beb85db3f10e6,2,67_1176,3,15
55632,2024_055632_30dd9a15ed5c9a38,1,67_1176,3,13
55646,2024_055646_5122bc9d4cc4936c,4,67_1175,2,25
55655,2024_055655_29bcd9032409659f,4,67_1175,2,32
55664,2024_055664_3a382da70824e20a,1,67_1175,2,5
55666,2024_055666_5958155cf64bfc68,1,67_1175,2,4
55668,2024_055668_6e99bacd490d44cf,1,67_1175,2,7
55671,2024_055671_f9c30555e2978530,0,67_1175,2,16
55693,2024_055693_c9308b77ec27029a,1,67_1175,2,8
55698,2024_055698_5ecba3916a11390e,0,67_1176,3,12
55701,2024_055701_5f116aad7dc6dbea,0,67_1176,3,3
55726,2024_055726_9fa13f56a62e4377,0,67_1176,3,5
55728,2024_055728_c68c202471532533,3,67_1176,3,7
55732,2024_055732_4572e6e590e7c825,6,67_1176,3,13
55735,2024_055735_0038e2b76ea1739a,0,67_1176,3,6
55758,2024_055758_f434ee5bc9a37c96,0,67_1176,3,3
55763,2024_055763_8101586e10197ce0,6,67_1176,3,4
55765,2024_055765_b7aebf354dda6c6c,3,67_1176,3,26
55791,2024_055791_c931d7a282b5c2c5,0,67_1176,3,6
55796,2024_055796_0ad51037be3a11ca,0,67_1176,3,6
55804,2024_055804_33830a2efb8bd490,0,67_1176,3,3
55829,2024_055829_052e41bc02ce6db7,2,67_1176,3,8
55836,2024_055836_6d48e905e61d6525,3,67_1175,2,71
55842,2024_055842_4cb23d731a5b22f6,0,67_1175,2,2
55846,2024_055846_537bf16f1c964ffc,3,67_1175,2,26
55851,2024_055851_f6889fdbd9f9f36f,4,67_1175,2,7
55854,2024_055854_9cfa47f6c2a6ff3a,0,67_1175,2,18
55855,2024_055855_bec0c22531494a16,3,67_1175,2,15
55861,2024_055861_97757c9549572257,3,67_1176,3,9
55864,2024_055864_0dbb7e16230ca010,0,67_1176,3,4
55867,2024_055867_6609b0eb5dda091b,6,67_1176,3,70
55868,2024_055868_49c7778a94d3b7ed,2,67_1176,3,10
55872,2024_055872_dcfbb85b5bc0f22c,0,67_1176,3,13
55886,2024_055886_33d4aace3fb404ef,0,67_1176,3,5
55894,2024_055894_ed6b1c97d11ffe4d,0,67_1176,3,5
55899,2024_055899_4fc1aec123bab777,2,67_1176,3,2
55910,2024_055910_83c63ba3d3716179,1,67_1176,3,5
55912,2024_055912_24462398bd95f5da,1,67_1176,3,12
55915,2024_055915_e5dfc377dcdea7fc,0,67_1176,3,5
55929,2024_055929_c3a6e7f5cca5f3df,1,67_1176,3,11
55933,2024_055933_f960bf68e1032e20,3,67_1176,3,10
55960,2024_055960_0c965f4e082dee8c,1,67_1176,3,5
55964,2024_055964_7c878be0882cecd6,3,67_1176,3,4
55967,2024_055967_c54fb858aa6aeb15,3,67_1176,3,3
55969,2024_055969_3096bdbfdbf3f6a7,3,67_1176,3,4
55970,2024_055970_870cf88e105c9984,3,67_1176,3,9
55976,2024_055976_8c136930dfcbcf5d,3,67_1176,3,23
55983,2024_055983_5cc2cf2b165c5ba2,0,67_1176,3,3
55994,2024_055994_f857e6b9ea7fa0ad,3,67_1176,3,48
55996,2024_055996_0a5c3f3fe25e7661,3,67_1176,3,22
55997,2024_055997_fe8c907aa98c5691,3,67_1176,3,39
55999,2024_055999_097e5a6993b94197,4,67_1176,3,68
56000,2024_056000_daa08f659cbb6080,3,67_1177,1,69
56003,2024_056003_506bd80e7179fac1,0,67_1176,3,21
56005,2024_056005_df3b9f2f042c7953,0,67_1177,1,19
56006,2024_056006_2bd11803a76173ad,0,67_1176,3,4
56007,2024_056007_29b19dc274785511,2,67_1176,3,4
56009,2024_056009_881073d80f0a496a,3,67_1177,1,51
56017,2024_056017_eeff56d01a22b610,3,67_1177,1,3
56031,2024_056031_3a1310550bb825ec,3,67_1177,1,40
56034,2024_056034_d965672c4c073346,2,67_1177,1,11
56040,2024_056040_920097811868de9c,2,67_1177,1,3
56060,2024_056060_df3d3dcd5598d397,0,67_1177,1,2
56062,2024_056062_5d734327b4e2ddcb,2,67_1177,1,33
56063,2024_056063_f7657322416c4a85,3,67_1177,1,3
56104,2024_056104_1e2d1901de41252d,1,67_1177,1,9
56106,2024_056106_eb4bd199b2fd3da6,1,67_1177,1,14
56111,2024_056111_a0b02cd27e037212,0,67_1177,1,4
56112,2024_056112_92260876f7867b3d,0,67_1177,1,11
56114,2024_056114_835faca271e5e7c0,3,67_1177,1,6
56134,2024_056134_024926038720e74f,1,67_1177,1,32
56145,2024_056145_ad41ab60d83ea54a,0,67_1177,1,3
56151,2024_056151_665f96496bdb769d,3,67_1176,3,8
56159,2024_056159_625fc04d8b841b78,3,67_1176,3,2
56166,2024_056166_7017cbcc4b86d535,0,67_1176,3,7
56179,2024_056179_9672257353c87486,4,67_1177,1,15
56181,2024_056181_e3ec5ce9d19be3af,1,67_1177,1,12
56185,2024_056185_e8ec82cc41d60bc2,1,67_1177,1,26
56200,2024_056200_66d4cfef2cc97b34,1,67_1176,3,19
56210,2024_056210_c3fd43b7a8e2755c,0,67_1177,1,2
56219,2024_056219_ccde1fffee157d1d,0,67_1176,3,6
56226,2024_056226_21532661304b2cad,0,67_1176,3,3
56249,2024_056249_48b01c4894ae727c,0,67_1176,3,4
56258,2024_056258_d3b8b29460a78d28,4,67_1176,3,5
56266,2024_056266_1b67df31f52c9423,0,67_1176,3,6
56270,2024_056270_fa1700d6c7748ac5,0,67_1176,3,5
56271,2024_056271_e05e642f1a79ba79,0,67_1176,3,3
56276,2024_056276_0401ff832a217f09,0,67_1176,3,9
56285,2024_056285_613df1ecfb43aea8,0,67_1176,3,10
56287,2024_056287_35fffd25a2fefc60,1,67_1176,3,6
56293,2024_056293_e9c855218313061d,1,67_1176,3,12
56323,2024_056323_8b70e66d816214dc,0,67_1176,3,11
56330,2024_056330_3fa5700c78446b13,0,67_1176,3,20
56334,2024_056334_b1bad1fc31e28e15,2,67_1177,1,7
56336,2024_056336_ec4e942bb362083b,0,67_1177,1,3
56339,2024_056339_5bff07c775a5cb72,3,67_1177,1,19
56342,2024_056342_b81a29941dc060c4,0,67_1177,1,3
56344,2024_056344_f11317ebb41b3193,0,67_1177,1,36
56394,2024_056394_c912abd37aa7cf1a,0,67_1176,3,4
56413,2024_056413_1812cd62519b8e9f,3,67_1176,3,16
56415,2024_056415_95e91dcd57c052eb,0,67_1176,3,2
56419,2024_056419_27c6aac9eb3ec749,4,67_1176,3,4
56420,2024_056420_2c8d121341c4b10b,3,67_1176,3,24
56431,2024_056431_d57d3793ec8ca689,0,67_1176,3,2
56432,2024_056432_f0bea42ddca50326,0,67_1176,3,3
56443,2024_056443_577946a73dfa50b2,0,67_1176,3,8
56449,2024_056449_4f73235e9c8585af,0,67_1176,3,9
56452,2024_056452_0956ff91e3ce8902,2,67_1177,1,6
56463,2024_056463_c21d97f6a02d338a,3,67_1177,1,17
56465,2024_056465_a9e0a7050866010e,3,67_1177,1,6
56475,2024_056475_e461ebe04806d722,2,67_1177,1,95
56477,2024_056477_6fe3471d1fb86f6e,0,67_1177,1,6
56478,2024_056478_30467e99999976be,3,67_1177,1,11
56483,2024_056483_121b82cb11b83fca,0,67_1177,1,5
56484,2024_056484_d766d74942cd6417,0,67_1177,1,5
56485,2024_056485_4d20c2f1066eff60,0,67_1177,1,3
56492,2024_056492_c8f56ed0809ad534,0,67_1177,1,3
56524,2024_056524_f5b9d1229aab4f85,0,67_1176,3,3
56529,2024_056529_b84fe219d4415425,0,67_1176,3,10
56531,2024_056531_8f5340aaecd0821c,0,67_1176,3,31
56541,2024_056541_8b5845e301eb4730,0,67_1176,3,30
56548,2024_056548_a25b253926c2d20c,0,67_1176,3,7
56549,2024_056549_62debb657a897df4,0,67_1176,3,3
56576,2024_056576_e9b145e504370737,0,67_1176,3,2
56584,2024_056584_a453822cf5cd79f6,0,67_1176,3,4
56586,2024_056586_5af26fb37c4a3e95,1,67_1176,3,31
56593,2024_056593_c68eabe346b22d8a,2,67_1176,3,10
56600,2024_056600_a0fb1ef88c7f500d,3,67_1176,3,8
56604,2024_056604_71636bfde07523bf,2,67_1176,3,4
56606,2024_056606_e3f46e0d5d7caabb,2,67_1176,3,17
56613,2024_056613_7d03084cc5c421b5,0,67_1176,3,3
56614,2024_056614_df7eab30826b3e2d,3,67_1176,3,12
56617,2024_056617_33918dc94c89c26c,2,67_1176,3,16
56621,2024_056621_50c838ea42f85475,6,67_1176,3,5
56622,2024_056622_342574aceb809fc9,4,67_1176,3,11
56627,2024_056627_13a8ef616f826231,3,67_1176,3,5
56629,2024_056629_ee187f7630f9ec19,3,67_1176,3,11
56635,2024_056635_58914a108aa58d91,4,67_1176,3,11
56649,2024_056649_781489586613297c,6,67_1176,3,5
56655,2024_056655_98dbfb1801f4dd7a,4,67_1176,3,23
56667,2024_056667_6d92679477910cc4,6,67_1176,3,6
56671,2024_056671_df8beca4f075fece,0,67_1176,3,3
56677,2024_056677_7aced9fbdf06866c,3,67_1176,3,4
56681,2024_056681_e89e1e8a80f994fb,6,67_1176,3,6
56686,2024_056686_a7dcada4bc47e9eb,3,67_1176,3,42
56690,2024_056690_c801acd75fd3f3d9,0,67_1176,3,5
56694,2024_056694_379bd2fed68b40f0,3,67_1176,3,8
56696,2024_056696_0b76395860777a67,0,67_1176,3,5
56702,2024_056702_5990177d3688a37e,1,67_1176,3,4
56714,2024_056714_9a100ded457bc40d,0,67_1176,3,5
56720,2024_056720_ad4662e3be52b02c,0,67_1176,3,13
56724,2024_056724_e9a65ee91a1e66b0,2,67_1176,3,8
56733,2024_056733_24355b653a465456,0,67_1176,3,2
56736,2024_056736_45525976c983aedd,2,67_1176,3,11
56737,2024_056737_cb8bf1ab4dbd7a45,0,67_1176,3,2
56744,2024_056744_cd17ed51f6bc8ade,0,67_1176,3,3
56761,2024_056761_256a756ffe2429ad,1,67_1176,3,4
56765,2024_056765_7e76196a52ff29c9,3,67_1177,1,14
56771,2024_056771_7792c61a9b884214,0,67_1177,1,2
56778,2024_056778_c03b355ea4879b32,0,67_1176,3,13
56785,2024_056785_5b974ac5cdbc2901,0,67_1176,3,4
56811,2024_056811_f1d6ac97f1972d4c,1,68_1172,4,3
56817,2024_056817_0a6f1abaf23fea82,0,68_1171,3,2
56818,2024_056818_073953d9584c22c7,1,68_1171,3,3
56819,2024_056819_63d942366b412628,0,68_1171,3,2
56823,2024_056823_d3f9d03f6e2f1b46,1,68_1171,3,6
56826,2024_056826_89e08e5798a391a3,0,68_1171,3,2
56827,2024_056827_8f0dfc484e404b68,0,68_1171,3,2
56828,2024_056828_107a9933301a80fa,1,68_1171,3,33
56839,2024_056839_22d40fe7a2e5b3c3,0,68_1171,3,8
56843,2024_056843_19777d32ac4b6e93,1,68_1171,3,4
56845,2024_056845_0b072ed8db9a17fa,1,68_1171,3,5
56849,2024_056849_40d3af5ec95ba881,1,68_1171,3,12
56856,2024_056856_229c5c4147c8b6b8,0,68_1171,3,2
56857,2024_056857_055face621d262f2,0,68_1171,3,2
56858,2024_056858_aacdb85978f40473,0,68_1171,3,2
56863,2024_056863_e0504cfe4566146d,0,68_1171,3,5
56889,2024_056889_7f9a7c8d7987eaaf,3,68_1171,3,47
56892,2024_056892_609b63f1db64459e,3,68_1171,3,43
56920,2024_056920_125961130d334bea,2,67_1172,2,4
56924,2024_056924_562b1ef2ab7e0376,3,67_1172,2,4
56931,2024_056931_c91ae2e1112848da,3,67_1171,5,21
56936,2024_056936_542319d56ebe5877,1,67_1172,2,14
56940,2024_056940_c7dffc43e419a892,2,67_1172,2,27
56948,2024_056948_e01e861213e15b1c,0,67_1171,5,20
56955,2024_056955_373253218c180dc2,1,68_1171,3,4
56958,2024_056958_707b0e5fbaa77a79,0,68_1171,3,6
56968,2024_056968_7927951efcadd54d,3,68_1171,3,24
56974,2024_056974_6dcd82b1cd74077e,0,68_1171,3,3
56977,2024_056977_5e671e7fd7d0befb,1,68_1171,3,7
56983,2024_056983_f89178c458d60f4a,2,67_1171,5,16
56988,2024_056988_240339788ac49a61,0,67_1171,5,3
56991,2024_056991_afa9aba6c627dcb1,1,67_1171,5,12
56999,2024_056999_f22db7b5ca6d1852,0,67_1172,2,5
57009,2024_057009_0b4711280406c3cf,0,67_1171,5,7
57019,2024_057019_d4d6809253753ee7,0,68_1171,3,2
57020,2024_057020_1e00fe05f0929880,0,68_1172,4,2
57021,2024_057021_0677fdbad01c49f7,0,68_1172,4,4
57023,2024_057023_63997633181f2ea2,0,68_1172,4,2
57027,2024_057027_36298ef094a3dee8,1,68_1172,4,5
57032,2024_057032_00de2aaaf271244b,0,68_1172,4,2
57035,2024_057035_b2639228533a3a17,0,68_1172,4,2
57036,2024_057036_6b962a9893ab9f39,1,68_1172,4,10
57044,2024_057044_a0051a1cfa6bea4d,0,68_1172,4,21
57048,2024_057048_6efed00cc3e4b497,2,68_1172,4,4
57075,2024_057075_d0fc7a4fac30f675,4,68_1172,4,75
57083,2024_057083_5c5a9bfce260374c,0,67_1172,2,2
57087,2024_057087_1cb9555be435ed69,3,67_1172,2,6
57101,2024_057101_678446a6d5005e87,0,67_1172,2,2
57111,2024_057111_f424da1fa643aaa6,3,67_1172,2,41
57117,2024_057117_8d7447d0b4cb21ac,1,67_1172,2,3
57118,2024_057118_8341f435299753d0,6,67_1172,2,27
57123,2024_057123_193d24576edf6006,4,67_1172,2,26
57124,2024_057124_c965459d63a866ee,1,67_1172,2,11
57128,2024_057128_fcb221ea33220097,0,67_1172,2,5
57131,2024_057131_2e8737c8a0268b89,0,67_1172,2,17
57134,2024_057134_3cab78d81993d59a,1,68_1172,4,15
57138,2024_057138_4239c072dbc93ac0,1,68_1172,4,18
57141,2024_057141_88ca9a80ab90dc70,3,68_1172,4,21
57154,2024_057154_4d0487e9102dc7dc,0,67_1172,2,15
57158,2024_057158_1fe6e404ec9294e4,2,67_1172,2,4
57161,2024_057161_2712a75b7a834d35,1,68_1172,4,23
57169,2024_057169_d6207c01d7d0c121,0,67_1172,2,6
57171,2024_057171_c63b89a94df510fd,4,67_1172,2,10
57173,2024_057173_5b135006e9a13984,4,67_1172,2,28
57176,2024_057176_29ef036f15c8019e,4,67_1172,2,31
57182,2024_057182_aacd565d329fbceb,4,67_1172,2,23
57185,2024_057185_5c7e2527fbc526f1,3,67_1172,2,59
57199,2024_057199_0ed57ab0bec07378,2,68_1172,4,12
57202,2024_057202_2da1d7e54c9de4fe,0,68_1172,4,17
57206,2024_057206_cb369f213fc289c3,2,68_1172,4,4
57233,2024_057233_f0f4f26a90a1f0c3,1,68_1172,4,3
57234,2024_057234_0f3d20abfb40b60a,1,68_1172,4,11
57239,2024_057239_b9a0b695cfd05147,0,68_1172,4,2
57248,2024_057248_7ca3d76179f60b3b,0,68_1172,4,2
57251,2024_057251_ffb4f6d66e94079b,0,68_1172,4,3
57258,2024_057258_af76e47da0cf5463,0,68_1172,4,10
57262,2024_057262_4afd1f64a54e015b,4,68_1172,4,3
57265,2024_057265_82d127a1ec4436df,0,68_1172,4,2
57269,2024_057269_4e24e9f7dc63027d,4,67_1172,2,41
57270,2024_057270_93002c91ac59860b,2,67_1172,2,63
57276,2024_057276_5f6fd728710db9bf,3,67_1172,2,18
57278,2024_057278_75db4a292697107d,4,67_1172,2,10
57281,2024_057281_9f8fe0814ee05a4f,3,67_1172,2,15
57282,2024_057282_d9f7d6508833c3ec,2,67_1172,2,23
57288,2024_057288_224b5ae408ce6837,1,67_1172,2,3
57320,2024_057320_7c3738f4ebc746c0,2,68_1172,4,4
57329,2024_057329_556cbe93642a9bd4,3,68_1172,4,15
57336,2024_057336_df1f40a1e08da259,6,67_1172,2,7
57353,2024_057353_9c07fddac593ef62,0,68_1172,4,67
57374,2024_057374_c718afbe745ac2c7,2,67_1172,2,5
57387,2024_057387_3f88b89063f00141,2,67_1172,2,26
57388,2024_057388_0b1c67554774456e,2,67_1172,2,4
57393,2024_057393_6e9318bbf68d381b,1,68_1172,4,7
57395,2024_057395_85af58c9d67acdae,0,68_1172,4,14
57413,2024_057413_70a1e9ff901a8c23,3,68_1172,4,22
57419,2024_057419_05e49d8872fb547f,2,67_1172,2,9
57420,2024_057420_88138e7bea4ff59f,1,68_1172,4,5
57431,2024_057431_3e48922195d3183e,1,68_1172,4,3
57433,2024_057433_5c451281e5a32ea0,1,68_1172,4,3
57434,2024_057434_90efbf4d071840c8,0,68_1172,4,15
57437,2024_057437_889ca6ec8cde41f6,0,68_1172,4,15
57446,2024_057446_98c56cf4a3bef470,0,68_1172,4,31
57452,2024_057452_951a0b7d1ab3f6d1,2,68_1172,4,13
57458,2024_057458_b01318a3b5b19bc7,1,68_1172,4,28
57466,2024_057466_653e7528b645ce9e,0,68_1172,4,6
57474,2024_057474_b351fc91af24f148,1,68_1172,4,17
57478,2024_057478_cec67f89073a3512,1,68_1172,4,17
57482,2024_057482_036926ccab0b327b,5,68_1172,4,16
57485,2024_057485_70716bdf0a5251ff,6,68_1172,4,10
57504,2024_057504_a4f10c371de3ca54,3,68_1172,4,15
57505,2024_057505_f8738e7a5afaa721,4,68_1172,4,13
57524,2024_057524_1dffbd63c96d7daa,0,68_1172,4,15
57529,2024_057529_258f0919153352a2,1,68_1172,4,3
57533,2024_057533_65a2c0a6d1007c23,0,68_1172,4,3
57540,2024_057540_474fae7ca29c6a10,2,68_1172,4,2
57541,2024_057541_3ffb05d0953a3e8d,4,68_1172,4,4
57542,2024_057542_8bf8056b3cfaa6a4,6,68_1172,4,3
57544,2024_057544_032482878d16e4e1,2,68_1172,4,15
57545,2024_057545_f1b43e2091567249,4,68_1172,4,24
57550,2024_057550_b3cbeabd81c34700,2,68_1172,4,10
57552,2024_057552_f7e67276f8d792f6,1,68_1172,4,23
57563,2024_057563_a9276defe37ffeb2,6,68_1172,4,6
57564,2024_057564_b55e68c62b7b2278,0,68_1172,4,7
57565,2024_057565_c0bf9d38568e4d2e,1,68_1172,4,9
57572,2024_057572_9591d228ab43ed52,4,68_1172,4,4
57573,2024_057573_b34b217aa3522ca7,4,68_1172,4,9
57575,2024_057575_a3ad33615fde6f59,2,67_1172,2,22
57576,2024_057576_e2a2d8c952262a82,1,67_1172,2,3
57580,2024_057580_95e86a95a5bb72a7,2,67_1172,2,7
57581,2024_057581_84ce238510d4bab6,4,67_1172,2,4
57582,2024_057582_a48511604230e4f3,3,67_1172,2,9
57583,2024_057583_73b00ffa7f0b7899,4,67_1172,2,8
57585,2024_057585_37f4498f92b7eea7,3,67_1172,2,27
57593,2024_057593_936e95a047758028,2,67_1172,2,10
57596,2024_057596_cf0584f2f0a25cfb,2,67_1172,2,2
57597,2024_057597_e9a3cbf221534c75,6,67_1172,2,17
57599,2024_057599_e8541a1a91acdfb1,0,67_1172,2,5
57606,2024_057606_5b4bb311c185e7c2,3,68_1172,4,8
57610,2024_057610_f5047a9b899edf5b,2,68_1172,4,3
57617,2024_057617_4b094c37f2200ea8,0,67_1172,2,4
57632,2024_057632_6394b97c453fb174,3,68_1172,4,3
57646,2024_057646_883c7f1bee6450ac,6,68_1172,4,3
57663,2024_057663_48b3911d3c63b3c5,1,68_1172,4,11
57664,2024_057664_b511d1f596752bda,1,68_1172,4,15
57669,2024_057669_482ec861b8ad6b0c,0,68_1172,4,7
57671,2024_057671_f7e7918af03e46a5,1,68_1172,4,7
57683,2024_057683_a2a0fded2844e951,1,68_1172,4,10
57700,2024_057700_00a1a3fe7c57f962,0,68_1172,4,19
57704,2024_057704_95af295548dbb6b9,0,68_1172,4,8
57708,2024_057708_0f0dcf57820480c8,0,68_1172,4,6
57713,2024_057713_ff049bb35492837b,2,68_1172,4,7
57717,2024_057717_adc5eb74a9cc9cff,1,68_1172,4,11
57721,2024_057721_14eb926a54e8a925,2,68_1172,4,27
57728,2024_057728_2944b53db40ddc0a,0,68_1172,4,17
57733,2024_057733_3f1c984e27f107ee,6,68_1172,4,13
57734,2024_057734_db53ac3be2c7aa97,6,68_1172,4,3
57736,2024_057736_1ea0b9d52c330d2b,0,68_1172,4,11
57747,2024_057747_a56c3ab7816be2af,0,68_1172,4,21
57748,2024_057748_3f837861b34ffb2c,0,68_1172,4,20
57750,2024_057750_44dd79c5bd0391e8,0,68_1172,4,2
57763,2024_057763_61d419cac1335ad6,0,67_1172,2,4
57765,2024_057765_612cd7b68dc6fc6e,3,67_1172,2,11
57767,2024_057767_032f237573f858cd,2,67_1172,2,11
57781,2024_057781_254261cc9470be76,0,67_1172,2,19
57814,2024_057814_3c6077c7592deb52,0,68_1172,4,10
57817,2024_057817_69832f6446d4584f,1,68_1172,4,37
57825,2024_057825_f4f07255e9946cae,3,68_1172,4,8
57834,2024_057834_3ba5423cf97e8958,3,68_1172,4,31
57836,2024_057836_ed7fc7b321183690,2,68_1172,4,7
57850,2024_057850_7448e6964042b106,2,68_1172,4,7
57851,2024_057851_9d69f7a0c0258ebc,3,68_1172,4,14
57863,2024_057863_cdf92dbe1ad79605,1,67_1172,2,14
57866,2024_057866_396ac8536b098afb,1,67_1172,2,10
57872,2024_057872_824189e57cf8ce9f,0,67_1172,2,10
57880,2024_057880_73bceec14c878c0a,0,67_1172,2,2
57884,2024_057884_1b601fbb5e1ce9b3,6,67_1172,2,3
57887,2024_057887_d0a2d6ffe9fa3173,3,67_1172,2,29
57890,2024_057890_fc775a427ff82358,0,67_1172,2,6
57892,2024_057892_88de783c6542825c,1,67_1172,2,21
57896,2024_057896_be2b8717bd896411,2,67_1172,2,15
57897,2024_057897_8984063c4e5d0a3c,1,67_1172,2,17
57900,2024_057900_2e828d07317f90af,1,67_1172,2,19
57902,2024_057902_21e36a539fa51b84,2,67_1172,2,19
57908,2024_057908_aed2f3230ffd1f16,2,67_1172,2,10
57929,2024_057929_8e0415c52a18b6a7,2,67_1172,2,10
57937,2024_057937_8e8a941a1d20d645,2,67_1172,2,43
57949,2024_057949_bba37af24d8920f0,2,67_1172,2,10
57950,2024_057950_a479d1b5ce28c24f,2,67_1172,2,29
57952,2024_057952_6a4b8fc976f8dfce,3,67_1172,2,94
57954,2024_057954_97d102c29b43b486,1,67_1172,2,4
57957,2024_057957_97433a7045362bca,2,67_1172,2,3
57966,2024_057966_0fbb04368981dd04,2,67_1172,2,11
57975,2024_057975_8861e094f7582e3c,1,68_1172,4,36
58001,2024_058001_e6d6d11956fa4076,0,68_1172,4,8
58004,2024_058004_de43277eaaf5507e,0,68_1172,4,11
58011,2024_058011_adb4d37cdd0c72f5,0,68_1172,4,3
58019,2024_058019_414c218ea152fc83,0,68_1172,4,3
58044,2024_058044_9949a3a8badf5022,3,67_1172,2,8
58047,2024_058047_8234b58ee14fe67a,0,67_1172,2,6
58053,2024_058053_c38441a7ebaa1485,2,67_1172,2,8
58062,2024_058062_8872550def77bc0a,2,67_1172,2,5
58066,2024_058066_5378bab11ad8fafe,2,67_1172,2,4
58093,2024_058093_ae045d31100e2de9,6,68_1172,4,2
58096,2024_058096_ef82dcfb9d8347fc,2,67_1171,5,15
58099,2024_058099_d8c12f3151f8f4bf,1,67_1171,5,5
58115,2024_058115_f9b0d2630758501c,1,67_1171,5,7
58123,2024_058123_7d2f6ed03f84f9ab,4,67_1171,5,47
58125,2024_058125_94c9f59dd91bd05d,3,68_1171,3,39
58148,2024_058148_abebfddd4b020b15,0,68_1172,4,31
58150,2024_058150_4d98787b5a57b20d,0,68_1172,4,5
58151,2024_058151_b0ebcd7a34d1e1bb,0,68_1171,3,16
58153,2024_058153_37fe39e34bcc4563,3,68_1171,3,36
58157,2024_058157_3f96ba317d636623,0,68_1171,3,7
58161,2024_058161_4c56b667b4b34872,1,68_1171,3,35
58167,2024_058167_673090f39a4b3879,0,68_1171,3,16
58169,2024_058169_81e0e6ceb57abf8b,0,68_1171,3,15
58175,2024_058175_eae204fd0a79aa5e,3,68_1171,3,34
58216,2024_058216_5d31381351aa4ec8,3,68_1172,4,15
58218,2024_058218_df8ea295c4ee3788,3,68_1172,4,11
58235,2024_058235_e04d039bfe041c88,3,68_1172,4,8
58237,2024_058237_8704172affea60d7,0,68_1172,4,9
58249,2024_058249_619908d380ae9bae,0,68_1172,4,11
58252,2024_058252_a9741426da243aac,0,68_1172,4,28
58273,2024_058273_a018a8f3479ead7f,0,68_1172,4,22
58287,2024_058287_f4ed3c4df9e71398,0,67_1173,3,6
58288,2024_058288_09c642e12da64522,0,68_1173,5,6
58321,2024_058321_69dafd50010d5ea2,0,68_1173,5,3
58324,2024_058324_b152c8f51c3f7a33,2,68_1173,5,5
58331,2024_058331_8bd028168a83a23a,3,68_1173,5,19
58339,2024_058339_6b36c174d4b4134f,1,68_1173,5,10
58375,2024_058375_c3eb8eaa1c3a2a15,1,68_1173,5,2
58390,2024_058390_58ecc4b5093b6342,2,67_1173,3,5
58393,2024_058393_3a7b812c1c96e2cc,0,67_1173,3,9
58403,2024_058403_467e6086b7c72bdb,0,67_1173,3,2
58406,2024_058406_aa76ed2b07ead76a,6,67_1172,2,26
58430,2024_058430_5556e9999ab72b92,2,68_1173,5,10
58431,2024_058431_9d2e52d7dbb63f2c,2,68_1173,5,17
58435,2024_058435_be104ca836e41331,2,68_1173,5,10
58455,2024_058455_b4fbf195011782c9,4,68_1173,5,59
58461,2024_058461_3505387b6201615e,3,68_1173,5,25
58463,2024_058463_89690d524a949182,3,68_1173,5,63
58464,2024_058464_6273b1151633d208,0,68_1173,5,2
58500,2024_058500_11457defe688c387,0,68_1173,5,3
58504,2024_058504_3f7962e32a1f0430,1,68_1173,5,9
58526,2024_058526_715c11e7276df3ae,0,68_1173,5,14
58533,2024_058533_31dbe6d85ac2c0a8,0,68_1173,5,3
58538,2024_058538_d784497c0d63f9cf,0,68_1173,5,2
58543,2024_058543_53738d5797a4f768,1,68_1173,5,4
58547,2024_058547_56103a91622d58f3,1,68_1173,5,10
58553,2024_058553_a54d8e9c95e081b2,1,68_1173,5,9
58555,2024_058555_0bbb2859804e7380,0,68_1173,5,10
58563,2024_058563_830024de73138043,1,68_1173,5,5
58573,2024_058573_f4c2bfd1645adab6,2,68_1173,5,23
58609,2024_058609_c74d936f63c5078d,3,68_1173,5,11
58611,2024_058611_837b626bdaa9e97d,3,68_1173,5,51
58616,2024_058616_832cccd908472dda,0,67_1173,3,3
58623,2024_058623_811017b39d303e16,3,67_1173,3,2
58633,2024_058633_34ad13fd725a93fc,4,67_1173,3,36
58638,2024_058638_2c99781815fb59e9,3,67_1173,3,6
58644,2024_058644_b8e72431abb78b95,3,67_1173,3,6
58660,2024_058660_e7031827d4288773,1,68_1173,5,11
58664,2024_058664_b608957a8fc44be8,0,68_1173,5,39
58670,2024_058670_5ac7c98b7cca157f,0,68_1173,5,11
58674,2024_058674_abd51545fe39c554,4,68_1173,5,22
58679,2024_058679_82993eda987515da,3,68_1173,5,12
58682,2024_058682_076f8927b76b60e9,4,67_1173,3,47
58705,2024_058705_4b1041e382428320,0,67_1173,3,24
58715,2024_058715_6ea6401a27b76189,0,67_1173,3,13
58719,2024_058719_ea3eda9e2e2e86b0,0,68_1173,5,8
58723,2024_058723_af51bacf222c06e0,0,68_1173,5,4
58739,2024_058739_fbf68f1a4a9368fb,1,68_1173,5,22
58749,2024_058749_402b5f22a6d48846,1,68_1173,5,25
58753,2024_058753_4b5e5c26d0fd552c,2,68_1173,5,10
58769,2024_058769_4e460b5bc11d83d8,3,68_1173,5,7
58770,2024_058770_305effabdd283b55,1,68_1173,5,4
58779,2024_058779_e652ffa5caddf236,2,68_1173,5,12
58787,2024_058787_66cd72fd8f13b6b9,4,68_1173,5,25
58791,2024_058791_10219950f6f831cd,0,68_1173,5,4
58796,2024_058796_8effc95c8379d9db,0,68_1173,5,2
58799,2024_058799_cb7c487b2da40e48,0,68_1173,5,3
58802,2024_058802_68a464e056c07ff9,3,68_1173,5,11
58816,2024_058816_645b1c303036352f,0,68_1173,5,2
58829,2024_058829_3869d889572cd31a,0,68_1173,5,3
58848,2024_058848_0fb45c87e93b5e66,0,67_1173,3,5
58854,2024_058854_2a984db68e207357,0,67_1173,3,10
58881,2024_058881_13e862257226f280,0,67_1173,3,7
58888,2024_058888_c7eef637eca8b0e7,0,67_1173,3,5
58895,2024_058895_1d3cdf5efd99908d,3,67_1173,3,15
58905,2024_058905_60298c1831b14ea1,2,67_1173,3,4
58913,2024_058913_477b927a5b9aef6a,3,67_1173,3,6
58926,2024_058926_54b3847baa2789ca,0,67_1173,3,13
58939,2024_058939_e58753f68e1b74e9,3,67_1173,3,11
58968,2024_058968_3a0a00e967d831c8,0,68_1173,5,17
58971,2024_058971_7d7374347c3460f7,0,68_1173,5,17
58982,2024_058982_79d497140cbd4809,3,68_1173,5,51
58983,2024_058983_6a72d4a52886cfc9,3,68_1173,5,6
58986,2024_058986_b395b752785ff25b,0,68_1173,5,24
58999,2024_058999_71806dd871c9671d,1,67_1173,3,3
59001,2024_059001_c40a8ce427ca0c6e,2,67_1173,3,5
59010,2024_059010_e093f15fde4f8e23,0,67_1173,3,6
59013,2024_059013_5216d23f77fd47ae,0,67_1173,3,6
59018,2024_059018_e525ed3a8e46c056,0,67_1173,3,2
59035,2024_059035_e17f6375617497ab,3,68_1173,5,6
59036,2024_059036_647bf0ad6bc23ffc,2,68_1173,5,4
59039,2024_059039_7d217a87e0f2ed84,4,68_1173,5,32
59056,2024_059056_3aae65b4d6bf7565,0,68_1173,5,12
59061,2024_059061_78e3804dfce7f513,3,68_1173,5,11
59062,2024_059062_1d959297e13c720e,0,68_1173,5,3
59068,2024_059068_72945e0bbc91f6d8,0,67_1173,3,4
59079,2024_059079_01d9d37b02124cce,1,68_1173,5,14
59084,2024_059084_6ef7c2cf7c09fae2,0,68_1173,5,5
59093,2024_059093_8c0d429b732f0f10,1,68_1173,5,16
59095,2024_059095_996fdfb37fae1a60,4,68_1173,5,3
59096,2024_059096_7a42f50d8c0c5b1f,0,68_1173,5,6
59103,2024_059103_42b1f93cff45295e,4,68_1173,5,15
59114,2024_059114_cc35635dbf9f0b12,2,68_1173,5,13
59150,2024_059150_442fedd6e2307194,2,68_1173,5,28
59154,2024_059154_69f876aa451c136c,1,68_1173,5,26
59171,2024_059171_8a3d8425f2ca74a7,0,68_1173,5,17
59180,2024_059180_370c2ee5bd4a97fb,1,68_1173,5,11
59212,2024_059212_9222853089dea3d1,3,68_1173,5,30
59224,2024_059224_b62adcf262023577,0,69_1173,4,2
59231,2024_059231_e82eb67047935a36,2,68_1173,5,7
59232,2024_059232_35624b5ba5328135,3,68_1173,5,32
59239,2024_059239_16ee3f67f0731e39,4,69_1173,4,44
59254,2024_059254_e830994bd9455c75,0,68_1172,4,8
59256,2024_059256_510890ea6a330be9,1,68_1172,4,49
59262,2024_059262_405ff6c56df7e36d,0,68_1172,4,12
59264,2024_059264_6f9e0d770582b63c,3,68_1172,4,13
59270,2024_059270_4c1c976e0d4e46a5,3,68_1172,4,8
59290,2024_059290_009238a7e689699a,0,68_1173,5,15
59293,2024_059293_d3bd3980cf34389d,0,68_1173,5,6
59297,2024_059297_6b3f19ccc81b4aaf,0,67_1173,3,7
59300,2024_059300_b44caf3abe561ee2,3,67_1173,3,6
59305,2024_059305_7e65604cf0b786d9,3,67_1173,3,14
59312,2024_059312_69b376210ee84652,1,67_1173,3,4
59316,2024_059316_3ab317506056bc02,1,68_1173,5,15
59323,2024_059323_618318e0cbd324fe,0,68_1173,5,7
59326,2024_059326_a248cc378de3f69d,0,67_1173,3,4
59340,2024_059340_394ceb1a0454a988,0,67_1173,3,5
59362,2024_059362_5dc037e91fbacf6b,1,67_1173,3,35
59367,2024_059367_020df209dcdba16f,0,68_1173,5,5
59369,2024_059369_69ab28b583cd2171,1,68_1173,5,6
59371,2024_059371_a83e8d0c253ddf65,0,68_1173,5,11
59376,2024_059376_876131f5ce9fbb20,2,68_1173,5,11
59379,2024_059379_3d344596be1d0e42,0,68_1173,5,8
59382,2024_059382_230ae74d6028c113,2,68_1173,5,30
59387,2024_059387_211d6bcea57864da,0,68_1173,5,5
59398,2024_059398_a3d69283ba2b9999,2,68_1173,5,24
59402,2024_059402_bcab26f37fe64be8,3,68_1173,5,19
59406,2024_059406_a9da1ad7ea8d43c5,0,68_1173,5,11
59416,2024_059416_346c7e2a4f539ee4,4,68_1173,5,8
59436,2024_059436_3b98111570df2d03,3,68_1173,5,21
59438,2024_059438_3985facda0c22aa5,1,68_1173,5,39
59441,2024_059441_6a2974637136161a,0,68_1173,5,11
59453,2024_059453_275cd449470bbe8c,2,68_1173,5,16
59455,2024_059455_bf84f35f677a4cee,3,68_1173,5,7
59472,2024_059472_0c90be1371a137d2,2,68_1173,5,4
59483,2024_059483_bc396ea493882dcd,4,68_1173,5,19
59485,2024_059485_f933e2c213bc242f,0,68_1173,5,6
59486,2024_059486_8dd2fb6e89bd39ac,1,68_1173,5,3
59490,2024_059490_80c3bb44cf82c8d0,2,68_1173,5,9
59491,2024_059491_7e52f8a9f6cc3b58,3,67_1173,3,39
59497,2024_059497_d4d73f30070af25d,2,67_1173,3,21
59505,2024_059505_0aae6ad195d2c47c,1,67_1173,3,26
59509,2024_059509_a64d2fa22645fbe7,1,67_1173,3,31
59513,2024_059513_c58e55b0a988d9e6,0,67_1173,3,7
59517,2024_059517_706bf96dce5a813c,2,67_1173,3,28
59530,2024_059530_3356c33b4238f4be,0,67_1173,3,12
59534,2024_059534_de2d6528015b7cc4,1,67_1173,3,10
59540,2024_059540_67f88e9802dcbbec,1,67_1173,3,36
59546,2024_059546_05f19699a43b16cb,0,67_1173,3,4
59560,2024_059560_365726ae0e359bf3,3,67_1174,3,16
59564,2024_059564_c042d907496603a6,0,67_1173,3,11
59582,2024_059582_ca3ead0ea80b699d,0,67_1174,3,6
59599,2024_059599_8b6c1f4adc6832b1,1,67_1174,3,7
59603,2024_059603_7e04332069893cca,1,67_1174,3,4
59604,2024_059604_e87267fc88d919bb,0,67_1174,3,4
59605,2024_059605_5b07e8f955074b44,0,67_1174,3,10
59608,2024_059608_49fe4f78143d46cf,1,67_1174,3,3
59615,2024_059615_e1537240ae5679dc,0,67_1174,3,8
59617,2024_059617_681059dbfca293a6,0,67_1174,3,7
59625,2024_059625_43dd05bef8a320a4,0,67_1174,3,10
59626,2024_059626_9b8cb7b19078797d,0,67_1174,3,7
59628,2024_059628_8745276f15904fcc,4,67_1174,3,7
59639,2024_059639_8a81d361191ac601,0,67_1174,3,11
59648,2024_059648_80bdca2b1a199cbb,3,67_1174,3,5
59653,2024_059653_dfb1595aa2911a55,6,67_1174,3,15
59660,2024_059660_3d1a28d63aa73cb7,2,67_1174,3,12
59673,2024_059673_c3807b0d6ffc797a,2,67_1174,3,2
59674,2024_059674_886449f9f96d720f,1,67_1174,3,3
59675,2024_059675_947ae459cce7fc31,0,67_1174,3,8
59680,2024_059680_70f26955cef59d57,0,67_1173,3,12
59683,2024_059683_31bf62f93ed76c77,0,67_1173,3,12
59687,2024_059687_ce3d2f0004dd1130,2,67_1173,3,24
59710,2024_059710_afd94c323a2b8c7e,3,67_1173,3,6
59713,2024_059713_cc6022dc65a140fb,0,67_1173,3,5
59716,2024_059716_260918d08dde9b65,4,67_1173,3,9
59719,2024_059719_76e4e50264299fcc,3,67_1173,3,7
59723,2024_059723_8d2b5eef240edbe6,1,67_1173,3,11
59728,2024_059728_1971074444db072f,1,67_1173,3,12
59730,2024_059730_35f22aaaeed8620c,3,67_1173,3,7
59732,2024_059732_0c614a5765709f7d,3,67_1173,3,11
59750,2024_059750_eea3e4f833df7bce,1,67_1173,3,3
59753,2024_059753_dd17c05e65e20a4a,0,67_1173,3,2
59763,2024_059763_29fb607bbc21d134,0,67_1174,3,13
59775,2024_059775_835649a0cfe4021b,1,67_1173,3,2
59780,2024_059780_f9be7f3295431284,1,67_1173,3,2
59796,2024_059796_91cfa8d56417f224,0,67_1173,3,13
59798,2024_059798_c3f342c2ceb2f3e5,0,67_1174,3,7
59802,2024_059802_54977bc2bfe4243b,2,67_1174,3,14
59807,2024_059807_08902736b07e33d3,6,67_1174,3,28
59822,2024_059822_8e17dc90967dcdab,0,67_1174,3,8
59828,2024_059828_4426e680b210e709,1,67_1174,3,4
59831,2024_059831_cd229cf9dd83ab39,0,67_1174,3,12
59832,2024_059832_c8534171ca7505a7,0,67_1174,3,9
59862,2024_059862_de25a8164ea43e5a,1,67_1173,3,12
59869,2024_059869_d6b2ef70ba369cd0,1,67_1173,3,16
59872,2024_059872_abb7bab1ca559717,0,67_1173,3,11
59874,2024_059874_ca4fe53b0af43fb8,0,67_1173,3,20
59891,2024_059891_7cb758e90e3bb83c,2,67_1173,3,9
59906,2024_059906_c39d6557aa7c9454,0,67_1174,3,49
59907,2024_059907_e5bf8e5a10d6f118,3,67_1174,3,29
59908,2024_059908_442cb98f36453b77,0,67_1174,3,35
59911,2024_059911_509a711d9af091b5,1,67_1174,3,10
59918,2024_059918_e58c410dbec0a148,2,67_1174,3,2
59921,2024_059921_d6554c46c0f85356,1,67_1174,3,2
59952,2024_059952_cae6e372b34afda7,3,67_1174,3,2
59987,2024_059987_310633667f7530ec,0,67_1173,3,3
59993,2024_059993_163f04480e873298,0,67_1174,3,3
60004,2024_060004_40cdf10c186eec30,3,67_1173,3,3
60027,2024_060027_a69dd8fd6391a1fa,0,67_1174,3,7
60029,2024_060029_422aeadf5a82a0bd,0,67_1174,3,3
60040,2024_060040_bd4f5454f8483726,0,67_1174,3,2
60049,2024_060049_7777bd783957ca12,4,67_1174,3,35
60051,2024_060051_f9c63b2e068e48d5,0,67_1174,3,14
60055,2024_060055_c547add20662ebce,0,67_1174,3,9
60066,2024_060066_5340369cbe6ae286,0,67_1174,3,18
60067,2024_060067_cf55a9886c60c666,0,67_1174,3,3
60070,2024_060070_4cb3d7fdbdb3c4d2,1,67_1173,3,43
60074,2024_060074_c3c7c125d1abce30,1,67_1173,3,6
60075,2024_060075_ca12c615fb1a9c59,1,67_1173,3,6
60103,2024_060103_509a4583c60e1788,2,67_1173,3,13
60107,2024_060107_580f8f5306619812,1,67_1173,3,9
60111,2024_060111_966e7de83661635a,0,67_1173,3,7
60141,2024_060141_cc2660d3f39ee4ff,1,67_1173,3,20
60144,2024_060144_59517381090a0c91,0,67_1174,3,25
60145,2024_060145_635b74b720213c20,0,67_1173,3,7
60146,2024_060146_e2a50c33b8e0b931,0,67_1173,3,5
60149,2024_060149_b14cdef79868a71c,0,67_1173,3,2
60150,2024_060150_78150c756df2d3f3,0,67_1173,3,5
60152,2024_060152_3e4fce414adc9399,2,67_1173,3,5
60228,2024_060228_c4499932790ee0e4,1,67_1174,3,4
60229,2024_060229_a437c9902e2bfaeb,0,67_1174,3,7
60231,2024_060231_bf153e0fcc6153c6,3,67_1174,3,2
60233,2024_060233_07a46ef9021c22ad,3,67_1174,3,2
60239,2024_060239_592d7c9e6050c3a6,3,67_1174,3,4
60247,2024_060247_8c764bc7f3076721,3,67_1174,3,15
60253,2024_060253_275b6b3cb0504cff,0,67_1173,3,2
60254,2024_060254_aa3a83656b2aad9f,0,68_1173,5,3
60260,2024_060260_c4775a3963124297,0,67_1173,3,2
60261,2024_060261_2ae357ccf5a1fcd4,0,68_1173,5,7
60263,2024_060263_5d29b0789bf68cb6,0,67_1173,3,3
60265,2024_060265_92758ab850e849e0,1,67_1173,3,6
60266,2024_060266_3aeb91245bdb4886,0,68_1173,5,2
60285,2024_060285_d5eb99d470c959d7,0,67_1174,3,24
60289,2024_060289_ed0074b06e59922d,3,67_1174,3,7
60290,2024_060290_8809434f7b1a9dac,4,67_1174,3,6
60291,2024_060291_e55eb47c7f28aba0,1,68_1174,4,10
60293,2024_060293_4e3c4677b977a785,1,68_1174,4,8
60295,2024_060295_e60d6e313a43ab02,1,68_1174,4,4
60297,2024_060297_17024ca93e7bc04d,4,67_1174,3,8
60299,2024_060299_db643ea308e9c7d5,4,67_1174,3,3
60300,2024_060300_8f795a3c89a394b8,1,68_1174,4,4
60344,2024_060344_e5e8c9d776996aea,0,67_1173,3,2
60378,2024_060378_4ddf501deb96bce5,0,68_1173,5,4
60379,2024_060379_eb8a90376763f30d,0,67_1173,3,10
60380,2024_060380_d009217cedd09c75,0,68_1173,5,6
60381,2024_060381_7dcc54b77cfaf707,0,67_1173,3,6
60382,2024_060382_241bdecb3e8bb415,1,67_1173,3,4
60385,2024_060385_5f93219f8f4d2f60,0,67_1173,3,6
60392,2024_060392_c824d0ac9d8b3bad,0,68_1173,5,8
60402,2024_060402_bfb5d2018d829cf9,1,68_1173,5,8
60405,2024_060405_4325cfaa8394b9f8,0,67_1173,3,4
60410,2024_060410_421257ee83c07426,0,67_1173,3,4
60412,2024_060412_281bb9334245d39e,0,67_1173,3,2
60415,2024_060415_da0405b5bda5bb5f,0,67_1173,3,4
60417,2024_060417_a6a89ec7b564387f,0,67_1173,3,3
60421,2024_060421_503ad54fe19465c1,0,68_1173,5,6
60458,2024_060458_84f727c79bcb2ae6,3,68_1174,4,29
60469,2024_060469_78059df8343ab4de,6,68_1174,4,36
60484,2024_060484_c59a1352c28d1faa,6,68_1174,4,8
60496,2024_060496_331666f5ebfa620c,3,68_1174,4,3
60500,2024_060500_b6b999ef346c000b,2,68_1174,4,6
60501,2024_060501_be49196dd759d9b2,4,68_1174,4,58
60502,2024_060502_c378212859d8a720,3,68_1174,4,39
60503,2024_060503_f609769fc6e8d310,3,68_1174,4,5
60504,2024_060504_e9ef3e3e74d502c7,6,68_1174,4,25
60515,2024_060515_2ed0975bb6768f9f,3,68_1174,4,16
60518,2024_060518_cd23971b9593bc59,0,68_1173,5,13
60534,2024_060534_e0f0074e8725eddb,2,68_1174,4,37
60562,2024_060562_5862ef3209925e12,1,68_1174,4,5
60563,2024_060563_7d4ded9278f8c5e7,1,68_1174,4,5
60569,2024_060569_c2a0b3ed69ca8b7e,3,68_1174,4,29
60586,2024_060586_73ac02b486a9b4a5,6,68_1174,4,29
60592,2024_060592_d044c1f1f222d0f6,3,68_1174,4,58
60594,2024_060594_3c83dc884b069fe8,3,68_1174,4,17
60596,2024_060596_2ba3b83c3dcc7c55,3,68_1174,4,19
60602,2024_060602_0577740f52076c83,3,68_1174,4,2
60610,2024_060610_a7a42f82112c87d1,3,68_1174,4,38
60612,2024_060612_be784c84d22ec8f3,4,68_1173,5,35
60613,2024_060613_1725d47ff3852f28,2,68_1173,5,18
60616,2024_060616_ac10f79e9d17e222,2,68_1173,5,4
60620,2024_060620_1cf78db5f5dfd6b3,1,68_1173,5,12
60631,2024_060631_13f4560766606caf,2,68_1173,5,17
60649,2024_060649_96c72849fc3a9808,3,68_1173,5,29
60653,2024_060653_20e0a2c293f277dc,4,68_1173,5,11
60661,2024_060661_3c163838a0816875,4,68_1173,5,23
60676,2024_060676_85ce549de6f31caf,1,68_1174,4,9
60682,2024_060682_178980fd19eca436,1,68_1174,4,11
60687,2024_060687_614a5d709ed93b81,1,68_1174,4,3
60693,2024_060693_b891bcf59389dbe3,0,68_1173,5,8
60700,2024_060700_782a3d577dde8993,4,68_1173,5,11
60726,2024_060726_0ad319317066ecff,0,68_1173,5,2
60730,2024_060730_ce158802938f31ff,3,68_1173,5,9
60752,2024_060752_26516fecfad029c9,1,68_1173,5,98
60753,2024_060753_4fec366b0c5db80e,2,68_1173,5,14
60761,2024_060761_0d1015649dd9f84f,6,68_1173,5,11
60766,2024_060766_39e7a4682e674f79,1,68_1173,5,36
60780,2024_060780_a1bd76d714d6855e,3,68_1173,5,16
60798,2024_060798_e67181da66626b7a,1,67_1174,3,2
60803,2024_060803_4166db4b6145a659,2,67_1174,3,3
60817,2024_060817_20d71ed79d9aae2a,0,67_1173,3,23
60838,2024_060838_82d3efdaea8cb56e,0,68_1174,4,10
60868,2024_060868_ccb34f5c94fdb6db,0,67_1173,3,12
60874,2024_060874_4c23ad559d7bf440,2,67_1173,3,2
60878,2024_060878_7db47ba7e340c2f3,0,67_1173,3,6
60879,2024_060879_e07e04990525f0e3,1,67_1173,3,59
60882,2024_060882_6ade0a9484e7d2d9,0,67_1173,3,12
60891,2024_060891_d7c451116183199a,1,67_1174,3,10
60896,2024_060896_e59a3d8305ac0b3f,6,67_1174,3,32
60906,2024_060906_ba5854d5abc49f47,0,67_1174,3,6
60909,2024_060909_59a971f0cf7a47c9,0,67_1174,3,29
60920,2024_060920_effa70da7458a56c,2,67_1174,3,31
60930,2024_060930_09f428e7f0d92843,0,68_1173,5,5
60931,2024_060931_f9f3bb6f165054e1,3,68_1173,5,8
60935,2024_060935_1c98539d8e6bd832,1,68_1173,5,2
60947,2024_060947_4b643dea45d09bc7,0,68_1173,5,9
60956,2024_060956_5203cc94788f3155,1,67_1173,3,2
60969,2024_060969_bcdbac33e01a9e6e,2,67_1173,3,9
60977,2024_060977_006b77533f3de789,0,67_1173,3,5
60995,2024_060995_1c36cb82a7c7ee11,2,67_1174,3,17
61016,2024_061016_f7775591120066c8,2,67_1174,3,2
61018,2024_061018_6b9f1e0aec5bed2f,6,67_1174,3,4
61041,2024_061041_cf9c1ab106e05997,0,68_1176,1,3
61043,2024_061043_dc31e3c5b298e6d5,0,68_1176,1,3
61049,2024_061049_5946b723d963ba8a,0,68_1176,1,4
61050,2024_061050_e923d1dc60f32396,0,68_1176,1,46
61051,2024_061051_456e1f3f511ea58c,0,68_1176,1,5
61056,2024_061056_4ea24e88bf80a096,2,68_1176,1,7
61076,2024_061076_3409af13616f95a0,2,67_1176,3,13
61078,2024_061078_ca249a75e0034dbb,2,67_1176,3,5
61079,2024_061079_2ba05361bd98ace6,0,67_1176,3,6
61080,2024_061080_9495d531a7375ba8,0,67_1176,3,5
61083,2024_061083_b517e6e80275d266,0,67_1176,3,2
61086,2024_061086_325a57c39169447f,0,67_1176,3,4
61088,2024_061088_0eae438182942e20,2,67_1176,3,2
61089,2024_061089_3a147f41ffc078fe,0,67_1176,3,3
61090,2024_061090_b015fedda94e77ed,0,67_1176,3,2
61115,2024_061115_230dc92210d925f8,0,67_1176,3,3
61116,2024_061116_87eff2c55c138134,0,67_1176,3,5
61124,2024_061124_e9a0f25741475676,6,68_1176,1,9
61129,2024_061129_4a9d6844f1bb728c,6,68_1176,1,16
61133,2024_061133_2e7f11b6e05fe0ae,6,68_1176,1,19
61152,2024_061152_6e08b28b2ea77eea,0,68_1176,1,2
61154,2024_061154_75ac9e590ee9c32d,1,68_1176,1,2
61156,2024_061156_5b4e5ae7d69b1e20,1,68_1176,1,13
61161,2024_061161_ee2eb9b810cdbea0,2,68_1176,1,17
61170,2024_061170_f997f418bef75c9c,3,68_1176,1,12
61182,2024_061182_09aa8f403a4f35f8,5,68_1176,1,28
61187,2024_061187_5a1d8523a6209ca7,0,68_1176,1,11
61192,2024_061192_639cb0271d389144,0,68_1176,1,11
61196,2024_061196_68d4705450c21142,0,68_1176,1,3
61203,2024_061203_2aa2a4685cee6941,0,68_1176,1,4
61226,2024_061226_2c28b5d6d23aabeb,3,67_1176,3,2
61232,2024_061232_226bbd50e35ca6b5,3,67_1176,3,19
61252,2024_061252_75cb454f0a6d6d81,1,67_1176,3,5
61258,2024_061258_4274be0386f7e120,3,67_1176,3,24
61259,2024_061259_dc09055fd883e3c5,3,67_1176,3,20
61266,2024_061266_7572ebec01aad48a,2,67_1176,3,34
61271,2024_061271_1c776e6b473557e4,4,68_1176,1,2
61272,2024_061272_2d722b896ef63516,4,68_1176,1,31
61276,2024_061276_304fdd3be05e5c58,0,68_1176,1,3
61307,2024_061307_a7350358336c4117,2,68_1176,1,8
61314,2024_061314_73269e4e7e3fb7b2,3,68_1176,1,3
61316,2024_061316_f72d57eadb2667cb,6,68_1176,1,28
61321,2024_061321_2939288bfb22640e,0,68_1176,1,34
61324,2024_061324_81012620e7932cce,2,68_1176,1,5
61325,2024_061325_c29f6e1f10589b4e,0,68_1176,1,6
61337,2024_061337_b1a411fbe8db7107,2,68_1176,1,3
61342,2024_061342_9c8e64929fe87458,4,68_1176,1,6
61354,2024_061354_b779dee5f1043056,3,68_1176,1,2
61361,2024_061361_e94f60d663159a7f,3,68_1176,1,62
61362,2024_061362_77a79881e54f560f,1,68_1176,1,5
61368,2024_061368_2493628a73ceb2ca,2,68_1176,1,8
61379,2024_061379_f8655fbb9e42a444,3,68_1176,1,25
61393,2024_061393_a2baecd791cd2b56,2,68_1176,1,30
61399,2024_061399_bb713ddf8677b604,6,68_1176,1,7
61400,2024_061400_6261770fe4e0bbef,4,67_1176,3,46
61402,2024_061402_65733b543a9327d5,0,67_1176,3,7
61407,2024_061407_5ffba4bf412f7758,0,67_1176,3,5
61408,2024_061408_3a4cb3be6a4be041,0,67_1176,3,2
61412,2024_061412_7e8308273cf6a60f,0,67_1176,3,4
61413,2024_061413_385fbccd15d14f08,0,67_1176,3,3
61414,2024_061414_37ba90dc7a71ab02,0,67_1176,3,7
61422,2024_061422_c23be638ea1cb241,2,67_1176,3,7
61435,2024_061435_fc7fb3bcb8c80570,0,67_1176,3,2
61436,2024_061436_5343848b89d68362,2,67_1176,3,20
61443,2024_061443_d9e15524af316ca8,0,67_1176,3,5
61448,2024_061448_33cc04eaf0fe5b7a,0,67_1176,3,3
61454,2024_061454_71b9949f7aad759e,0,67_1176,3,3
61472,2024_061472_606a28779941808a,0,67_1176,3,11
61478,2024_061478_4a7681b1f9b6a778,0,67_1176,3,4
61508,2024_061508_0baf89ca5a88c418,0,68_1176,1,5
61509,2024_061509_29a9dd7ee259e073,0,68_1176,1,3
61516,2024_061516_0d44e9b625da1b48,0,67_1176,3,2
61518,2024_061518_22c5534030f3d15a,0,67_1176,3,2
61525,2024_061525_39fe119017f2ba10,2,67_1176,3,24
61535,2024_061535_19b1d00bf52910df,2,67_1176,3,16
61541,2024_061541_098969e4a0bcaf49,0,67_1176,3,10
61546,2024_061546_a90db5572062e9b7,2,67_1176,3,10
61559,2024_061559_86d2d016f82d84b0,0,68_1176,1,8
61562,2024_061562_47271f1e404233da,0,68_1176,1,6
61572,2024_061572_e1004c296d7ee2ac,0,68_1176,1,4
61573,2024_061573_cacf86e80830cc28,0,68_1176,1,4
61582,2024_061582_2eee1a34e34974d3,0,68_1176,1,4
61589,2024_061589_8046a9411f100c51,0,68_1176,1,15
61593,2024_061593_a0fad83a1634f6d2,0,68_1176,1,5
61606,2024_061606_691294baa6dd403c,3,68_1176,1,29
61618,2024_061618_33728784cf1cc5fd,1,68_1176,1,4
61620,2024_061620_a40d803033253c83,1,68_1176,1,4
61623,2024_061623_bb3a2c6f11084a62,1,68_1176,1,3
61632,2024_061632_4fb79fd708ec955a,2,68_1176,1,7
61640,2024_061640_ce1f1e7ccf83babb,0,68_1176,1,5
61648,2024_061648_500684e702f0337e,6,68_1176,1,5
61656,2024_061656_1f9e62c1103666ad,0,68_1176,1,4
61669,2024_061669_382504eb657a4f5f,3,68_1176,1,9
61686,2024_061686_a979702e7c13bbac,3,68_1176,1,16
61688,2024_061688_6d1af23932761c2a,4,67_1176,3,62
61690,2024_061690_31468fc77f20aedc,6,67_1176,3,49
61693,2024_061693_aeb80267e492a9ee,0,67_1176,3,6
61708,2024_061708_19cf882add000ad7,1,67_1177,1,12
61714,2024_061714_fc7f193dd66065fe,0,67_1176,3,16
61715,2024_061715_7e704a68aa4ba997,1,67_1176,3,20
61726,2024_061726_90412344866ee8a8,2,67_1176,3,10
61727,2024_061727_486b9a6ad1b5538e,2,67_1176,3,4
61731,2024_061731_47b7a837d1200907,3,67_1176,3,16
61732,2024_061732_cc84d6d2f093b69e,3,67_1177,1,10
61733,2024_061733_c395c3bf74dd8e05,3,67_1176,3,14
61735,2024_061735_98d537074acf5094,0,67_1177,1,12
61736,2024_061736_07e0e43658b2164c,0,67_1177,1,8
61739,2024_061739_d29b893922eef421,1,67_1177,1,5
61740,2024_061740_7c068abfc12baf61,0,67_1177,1,5
61744,2024_061744_970ad2164f4d0089,1,67_1176,3,3
61773,2024_061773_5bc31c4b99996662,3,67_1176,3,6
61778,2024_061778_af5505365d0e5eaa,0,67_1177,1,5
61781,2024_061781_6855eae16483fdf1,0,68_1176,1,11
61804,2024_061804_83b6273f2c02418f,4,68_1176,1,7
61808,2024_061808_ad0a079e100b7966,1,68_1176,1,5
61812,2024_061812_0713f52cedf5f014,2,68_1176,1,17
61819,2024_061819_3ebefb0b44a64ee8,4,68_1176,1,3
61831,2024_061831_9d09c5176bcd9551,0,68_1176,1,5
61833,2024_061833_fd1c6e5c8f546410,0,68_1176,1,4
61838,2024_061838_d29e3170c6c2d5ee,3,68_1176,1,2
61840,2024_061840_a6f0416c9e6f8306,3,68_1176,1,22
61846,2024_061846_4d2ab01b917359f0,3,68_1177,4,11
61851,2024_061851_f71ed6d5f34b5dd1,6,68_1177,4,91
61853,2024_061853_b8e30fae84b7eb00,6,68_1177,4,15
61854,2024_061854_868a09081fb7f968,2,68_1177,4,28
61856,2024_061856_6b5b53adc28f6613,1,68_1177,4,19
61858,2024_061858_de160d60baf53c48,2,68_1176,1,13
61864,2024_061864_ff3e0217e4782d68,1,68_1176,1,3
61865,2024_061865_082826dd321793c2,2,68_1177,4,5
61901,2024_061901_9c9f4fd372a7a043,2,68_1177,4,11
61902,2024_061902_9d2f393ef905582a,2,68_1177,4,5
61917,2024_061917_9988f934d142ca04,2,68_1177,4,10
61918,2024_061918_cd1e7bc36152dbe6,2,68_1177,4,10
61921,2024_061921_edf3f9f277d8a09a,1,68_1177,4,6
61922,2024_061922_d9756ea3fd51b749,2,68_1177,4,5
61934,2024_061934_68d98f906126d49f,2,68_1177,4,5
61946,2024_061946_ff60c24c903049f5,0,68_1177,4,19
61948,2024_061948_6fe2a91fc47e2c53,0,68_1177,4,2
61960,2024_061960_c3e6745c3be7c075,3,68_1177,4,5
61963,2024_061963_6afd6ed3628bd60b,0,68_1177,4,15
61967,2024_061967_a5e04690d9bdd0dd,0,68_1177,4,9
61975,2024_061975_97d1bb0cbf95a8be,0,68_1177,4,9
61976,2024_061976_23ab3f38ea8be600,2,68_1177,4,11
61980,2024_061980_bf33c48dd9874fe1,0,68_1177,4,14
61981,2024_061981_887c1fc5b008d6a7,0,68_1177,4,4
61982,2024_061982_8e6536ea13db19e1,0,68_1177,4,6
62000,2024_062000_237492e3893380cb,0,68_1177,4,5
62002,2024_062002_167679e43bb9bee2,1,68_1177,4,25
62004,2024_062004_12390e75d2624445,1,68_1177,4,6
62008,2024_062008_3d31d51581769688,2,68_1177,4,7
62014,2024_062014_e38d49ad76965a86,0,68_1177,4,4
62057,2024_062057_65101b51210afc94,4,68_1177,4,46
62059,2024_062059_46535103c0a3a345,0,68_1177,4,4
62064,2024_062064_ef90d50688d4642f,3,68_1177,4,13
62066,2024_062066_d13bc91210f216bc,2,68_1177,4,3
62070,2024_062070_9c477b06fce6f1e9,3,68_1177,4,4
62077,2024_062077_a6bb9055aa82b355,2,68_1177,4,14
62079,2024_062079_e567439b500698d4,2,68_1177,4,9
62090,2024_062090_8c76b27328ea817d,0,68_1177,4,8
62103,2024_062103_d0d2efcd0c00dc31,0,68_1177,4,5
62106,2024_062106_9b2fcef30ddb6d69,4,68_1177,4,11
62117,2024_062117_a458559e6c3b705c,3,67_1177,1,22
62119,2024_062119_7e0fc6bdd8b0a598,1,67_1177,1,21
62121,2024_062121_7d56553e8659d68e,0,67_1177,1,4
62126,2024_062126_96a9af187961b791,1,67_1177,1,21
62127,2024_062127_ede2540cb7f2ad98,3,67_1177,1,17
62134,2024_062134_6b70b99024343398,1,67_1177,1,26
62138,2024_062138_266dcf4a6014f9f5,0,67_1177,1,3
62139,2024_062139_de2ae0baba460cef,1,67_1177,1,12
62144,2024_062144_db35eb7b0fabcb84,6,67_1177,1,2
62150,2024_062150_f717b228dcf78995,0,67_1177,1,7
62157,2024_062157_62f17f5024668339,0,68_1176,1,8
62159,2024_062159_828fb494f91a092a,0,68_1176,1,7
62160,2024_062160_a9260e6a3a920813,4,68_1176,1,79
62169,2024_062169_a375ec1d00979add,0,68_1176,1,8
62170,2024_062170_444d9c7d61492f92,0,68_1176,1,2
62174,2024_062174_f4d40c6511185338,0,68_1176,1,2
62176,2024_062176_631128b9ba30102b,4,68_1176,1,39
62177,2024_062177_4d63c26ef6e32c1f,4,68_1176,1,10
62179,2024_062179_b5988dbd1d5552f5,3,68_1177,4,24
62183,2024_062183_b9903517736597c8,0,68_1177,4,4
62191,2024_062191_7a80114a722b8ddb,0,68_1177,4,3
62229,2024_062229_7a94e2aae9429235,0,68_1176,1,9
62239,2024_062239_210fbf8e44781604,2,68_1176,1,19
62252,2024_062252_bf11630ad25e3fda,2,68_1176,1,16
62280,2024_062280_448e146a32ce45cd,2,68_1176,1,7
62294,2024_062294_0c83c4cb1ecac5c4,4,68_1176,1,24
62304,2024_062304_8a1011f87c1ba783,0,68_1176,1,3
62307,2024_062307_5ca839da5db62919,0,68_1176,1,6
62345,2024_062345_7eb4f3c539d036f9,0,67_1176,3,2
62352,2024_062352_1bf3494ffcd859dc,3,68_1176,1,6
62387,2024_062387_65a5136374409d22,0,68_1176,1,5
62405,2024_062405_23a8b9584c6e8b59,0,68_1176,1,4
62420,2024_062420_cc6edb967063cac2,6,68_1176,1,2
62434,2024_062434_fe40a02c41aea69c,0,68_1177,4,6
62440,2024_062440_73091c7aaf9ca750,2,68_1177,4,8
62444,2024_062444_0c18d6c6bbd27c88,0,68_1177,4,15
62489,2024_062489_af4bc4af3f8621c0,1,68_1175,4,4
62490,2024_062490_549487158d081c42,1,68_1175,4,12
62491,2024_062491_d59462e934b93f8d,3,68_1175,4,3
62492,2024_062492_bb2f685c0c7f5df9,0,68_1175,4,8
62493,2024_062493_16b56695294c7479,1,68_1175,4,5
62494,2024_062494_2b1115960144f48f,1,68_1175,4,8
62497,2024_062497_d12b7bde62cfafbe,1,68_1175,4,5
62499,2024_062499_d4a751e208531884,0,68_1175,4,2
62534,2024_062534_4383dbbe241f9e12,4,68_1175,4,24
62535,2024_062535_303ad2ec25b85cc2,6,68_1175,4,22
62536,2024_062536_1bf7c6b09ee61e49,2,68_1175,4,12
62542,2024_062542_e7fb93ee2b5941d7,2,68_1175,4,26
62544,2024_062544_6a292faab0106866,3,68_1175,4,24
62560,2024_062560_91fde7c620357b31,4,68_1175,4,13
62577,2024_062577_146156631be405db,2,68_1175,4,10
62581,2024_062581_b4d3b8f1809d7bec,2,68_1175,4,36
62582,2024_062582_ff937399e9d038bd,1,68_1175,4,2
62607,2024_062607_43af01972267e4d5,1,68_1175,4,3
62610,2024_062610_cc3e8013b268e7a4,2,68_1175,4,8
62654,2024_062654_5d344121780f2a35,0,68_1175,4,22
62656,2024_062656_7ec26b5a8547046b,0,68_1175,4,3
62663,2024_062663_d3aad26bd26ac670,3,68_1175,4,19
62666,2024_062666_172ed4dd3e591428,0,68_1175,4,10
62723,2024_062723_402011d8d7b93ae3,0,68_1175,4,12
62747,2024_062747_17c940959a87d10a,0,67_1175,2,4
62749,2024_062749_620a7a9d0b5fecd2,0,67_1175,2,3
62768,2024_062768_e76dd56cd4114306,6,67_1175,2,14
62803,2024_062803_8e249cbe20aed5f2,0,68_1175,4,2
62816,2024_062816_d4df3abb7e9723be,0,68_1175,4,3
62837,2024_062837_dfc7230157239278,0,68_1175,4,12
62854,2024_062854_9b90b95b667be977,0,69_1175,4,3
62861,2024_062861_6e02a9d2e5a22dbd,1,68_1175,4,15
62879,2024_062879_00e5ffcdebd86986,0,68_1175,4,6
62881,2024_062881_2f8fb58bf3a7bbef,0,68_1175,4,10
62882,2024_062882_6a863ad5af8b30c0,0,68_1175,4,6
62883,2024_062883_fce7d1032a7aa181,1,68_1175,4,12
62897,2024_062897_5125ecca4ad72354,0,68_1175,4,4
62915,2024_062915_4bc31444bc0152a3,0,68_1175,4,67
62951,2024_062951_e66d9504de0ba417,1,68_1175,4,11
62970,2024_062970_80ede38a828806ed,3,68_1175,4,8
62971,2024_062971_b8e0da589d9ed28d,0,68_1175,4,2
62974,2024_062974_42b11bb618cf132a,2,67_1175,2,13
62975,2024_062975_d5d618b6da1bfb8f,3,67_1175,2,8
62977,2024_062977_92978170da6367a5,6,68_1175,4,23
63041,2024_063041_45e7406891460c6d,1,67_1175,2,3
63047,2024_063047_e6c3a759d6baf245,0,67_1175,2,2
63049,2024_063049_f90c5baa386f169a,2,67_1175,2,2
63051,2024_063051_55e9b51d8958e9da,4,67_1175,2,8
63054,2024_063054_38e3ac17f47f2c39,2,67_1175,2,21
63055,2024_063055_ef85661933714f45,3,67_1175,2,7
63057,2024_063057_3890c3b033e67575,3,67_1175,2,4
63058,2024_063058_bd74fb8d4bbc332a,3,67_1175,2,53
63060,2024_063060_772fac94f3af69a3,2,67_1175,2,3
63061,2024_063061_ad89ee6caef0f2f6,6,67_1175,2,25
63073,2024_063073_6c96663106e248eb,6,67_1175,2,5
63074,2024_063074_9a34f5ccdfb38ac3,2,67_1175,2,19
63075,2024_063075_7813969701f44622,6,67_1175,2,9
63076,2024_063076_cd25d381be794f54,1,67_1175,2,2
63106,2024_063106_b4e61c637acb66b6,0,68_1175,4,29
63132,2024_063132_2ce7a192f21e3e97,3,68_1175,4,13
63134,2024_063134_975a95f066d22730,0,68_1175,4,4
63156,2024_063156_04fe84477615feee,0,68_1175,4,2
63161,2024_063161_329cf82ce096e344,0,68_1175,4,5
63195,2024_063195_d55c7da44f1a6574,0,68_1175,4,4
63199,2024_063199_128f0ff2bd480d21,4,68_1175,4,13
63205,2024_063205_d0ecfca5186da94f,6,68_1175,4,37
63228,2024_063228_5c8e5f3fcffcdc13,2,68_1175,4,23
63240,2024_063240_93d316aaa596a256,0,68_1175,4,3
63242,2024_063242_52a4ac29c1198e41,0,68_1175,4,7
63244,2024_063244_090a8655da5f2378,0,68_1175,4,2
63247,2024_063247_d5b128d4c71a600d,0,68_1175,4,3
63267,2024_063267_d457ad5dd5f21815,0,68_1175,4,59
63270,2024_063270_47f0e4a01b13d600,0,68_1175,4,4
63277,2024_063277_f2e5b114188f18cd,0,68_1175,4,5
63286,2024_063286_1a303ba4f8d8bf38,0,68_1175,4,7
63290,2024_063290_707ef4dadf8c4377,0,68_1175,4,6
63303,2024_063303_e84050f53d27b424,3,68_1175,4,98
63305,2024_063305_9b03a15d16a709f8,3,68_1175,4,11
63306,2024_063306_9e0dd10429e7be21,3,68_1175,4,20
63309,2024_063309_ab78fc640a9a2b3a,5,68_1175,4,22
63310,2024_063310_49bb568f07d746cf,4,68_1175,4,16
63311,2024_063311_a30e92ec361dfacc,6,68_1175,4,7
63312,2024_063312_ea2d56594c03534d,3,68_1175,4,32
63337,2024_063337_addc1571381b6ace,0,68_1175,4,4
63339,2024_063339_71ba0854b8d1a4b7,0,68_1175,4,2
63372,2024_063372_d89de2f61da4180a,3,68_1175,4,22
63373,2024_063373_81b89e99a695c728,3,68_1175,4,3
63374,2024_063374_5472a0aea11cd3ec,6,68_1175,4,16
63406,2024_063406_6d26f4045807dac7,3,68_1175,4,15
63417,2024_063417_5466b4d2bd617057,1,67_1175,2,12
63428,2024_063428_b1cbc41aaad57cc0,1,67_1175,2,5
63430,2024_063430_d6aa483e902cd8c2,0,67_1175,2,3
63434,2024_063434_a18c666b7001cb06,1,67_1175,2,13
63440,2024_063440_7690c5592b1026d8,0,67_1175,2,5
63448,2024_063448_2e453f09a884621e,3,67_1175,2,7
63452,2024_063452_89e84627b1ef6c23,0,67_1175,2,8
63466,2024_063466_c0c0d8b2c1b050ee,0,68_1175,4,61
63475,2024_063475_ed22d409ef8f96ce,0,68_1175,4,9
63477,2024_063477_2fa887ebcfe9b6ce,0,68_1175,4,2
63482,2024_063482_cd55ccd274fe59a1,0,68_1175,4,2
63511,2024_063511_c87e9dcb017f6561,4,68_1175,4,43
63518,2024_063518_f7c842c52862a43e,2,68_1175,4,3
63532,2024_063532_761f5f99e369ebb7,0,67_1175,2,8
63535,2024_063535_8ab0b7ca2ed87f5a,1,68_1175,4,2
63538,2024_063538_bd92faa1efb40473,3,68_1175,4,5
63554,2024_063554_decdd3cf41438f6f,0,68_1175,4,3
63562,2024_063562_8b2ed929bb450c99,0,68_1175,4,2
63564,2024_063564_306f920561b1812e,3,68_1175,4,38
63570,2024_063570_b0860b52b5f9b760,3,68_1175,4,4
63571,2024_063571_5037085ea2dbf013,0,68_1175,4,5
63585,2024_063585_0e737c42226201e0,4,68_1175,4,15
63590,2024_063590_0fc6e64c72a64980,3,68_1175,4,18
63593,2024_063593_41adc195af9a35c7,3,68_1175,4,25
63595,2024_063595_70482b0bdc1278f9,4,68_1175,4,26
63620,2024_063620_8b81154740bbaa6f,1,67_1175,2,7
63626,2024_063626_a4bde1723480185c,0,67_1175,2,8
63640,2024_063640_7cda25c34dceabda,3,67_1175,2,12
63651,2024_063651_5bfd20ffa80a72f7,0,67_1175,2,12
63656,2024_063656_396064cd7f1912a2,1,67_1175,2,14
63692,2024_063692_bd3b1df151f57fa1,3,68_1175,4,23
63704,2024_063704_4e4018598698121c,2,68_1175,4,31
63707,2024_063707_476b66a3b97fe730,0,68_1175,4,2
63713,2024_063713_7775a633d95eaade,0,68_1175,4,39
63723,2024_063723_4543cf3cde9bb805,1,68_1175,4,11
63729,2024_063729_db66d5d3d17aab28,0,68_1175,4,34
63751,2024_063751_def94701212711b2,1,68_1175,4,13
63752,2024_063752_643ace617958456d,1,68_1175,4,35
63754,2024_063754_afd1d00ec3bf3a7f,0,68_1175,4,4
63770,2024_063770_666abd11caa04550,0,68_1175,4,6
63792,2024_063792_5450e77cd47591b2,2,68_1175,4,2
63841,2024_063841_b24d597ef68a13b8,3,68_1175,4,13
63881,2024_063881_1d1a6d0101a90639,2,68_1175,4,8
63892,2024_063892_bcc33d2bdbee0142,4,68_1175,4,29
63893,2024_063893_0420bf0b66e801d9,2,68_1175,4,2
63898,2024_063898_593c8bd7221d05be,6,68_1175,4,18
63902,2024_063902_95004b37174f1cb8,2,69_1175,4,8
63923,2024_063923_3070b730cd6f1fc2,0,68_1174,4,3
63934,2024_063934_d6a0291f6f0ffb1b,3,68_1174,4,6
63941,2024_063941_c0dd97568bd5c04b,0,67_1174,3,16
63942,2024_063942_055853cbd1625b91,2,67_1174,3,26
63949,2024_063949_67e3dd10098a60e7,0,67_1174,3,2
63987,2024_063987_d48b2b50500b9b8a,0,67_1174,3,18
63994,2024_063994_daf59c6d8141ec72,1,68_1174,4,6
63997,2024_063997_94bddd52e88cd338,4,68_1174,4,5
63998,2024_063998_f60fdaa989261516,4,68_1174,4,3
63999,2024_063999_5a046195169fed79,6,68_1174,4,9
64021,2024_064021_a52fb3bb9d4c3efb,1,68_1174,4,2
64029,2024_064029_13c43f3b66408152,3,68_1174,4,3
64033,2024_064033_f4bde8c3a95b4442,4,67_1174,3,54
64045,2024_064045_fd0c7fda0d6f7655,0,68_1174,4,2
64047,2024_064047_804087a9c401a9f3,0,68_1174,4,4
64056,2024_064056_e5a08a0a22cf28b8,0,68_1174,4,2
64059,2024_064059_60a82d72d3d7df1b,3,67_1174,3,18
64061,2024_064061_a5b38c4974c3e259,4,68_1174,4,30
64065,2024_064065_e299a290e24e5868,3,68_1174,4,9
64068,2024_064068_7e3633609c4033e9,2,68_1174,4,14
64069,2024_064069_d940d90949c6d57a,2,68_1174,4,9
64080,2024_064080_f0c7fae79a80cb16,3,68_1174,4,42
64081,2024_064081_f7b687167d62d3d3,3,68_1174,4,18
64085,2024_064085_37a6278673783e1c,4,68_1174,4,16
64087,2024_064087_c52c84008d1d86a6,3,67_1174,3,32
64089,2024_064089_afdea6261dd64c6f,3,68_1174,4,5
64094,2024_064094_d8e97dc0c0ccffc4,4,67_1174,3,5
64096,2024_064096_1f722889a5993cab,2,67_1174,3,6
64097,2024_064097_6fec08f69b22c940,0,67_1174,3,2
64102,2024_064102_71120979db3cd349,0,67_1174,3,3
64135,2024_064135_0fff925735568340,0,68_1174,4,2
64137,2024_064137_9a90b16c5e5b7028,3,68_1174,4,5
64138,2024_064138_477e36d9de067e3b,1,68_1174,4,11
64145,2024_064145_c9763bd1ef61b190,1,68_1174,4,6
64148,2024_064148_f73e631c8441aee2,0,68_1174,4,9
64152,2024_064152_3307b59e53276452,1,68_1174,4,5
64154,2024_064154_f71f7e9c86ae9d75,0,68_1174,4,2
64174,2024_064174_38463a48d0ce0011,1,68_1174,4,8
64196,2024_064196_453049f782b0bcb0,0,68_1174,4,13
64199,2024_064199_cd460b21710b3ccb,0,68_1174,4,5
64216,2024_064216_9cbb320d0479e035,0,68_1174,4,5
64218,2024_064218_4db2d86e51c31a10,0,68_1174,4,8
64220,2024_064220_253d8a59fd6ee0ea,3,68_1174,4,10
64221,2024_064221_0a488bd87e0bc281,0,68_1174,4,4
64228,2024_064228_879bbd516dc24084,3,68_1174,4,47
64231,2024_064231_a6413022b355c3e3,0,68_1174,4,2
64237,2024_064237_797199269bb45f4c,3,68_1174,4,37
64246,2024_064246_a379e1c85563dbb5,3,68_1174,4,17
64253,2024_064253_f6a6fe2e2a82f5c5,4,68_1174,4,6
64260,2024_064260_f08ece2c0b2443e0,3,68_1174,4,34
64274,2024_064274_2732b8a1eeb4aab1,4,68_1174,4,15
64300,2024_064300_c416c0d0ad1eff76,2,68_1174,4,15
64302,2024_064302_b86d37c6ee220d67,0,68_1174,4,4
64318,2024_064318_a62f9affd5360f7e,0,68_1174,4,3
64320,2024_064320_ab25544dea639ae2,1,68_1174,4,5
64325,2024_064325_12862992f7a63cca,1,68_1174,4,8
64336,2024_064336_a82dee9cea07627d,0,68_1174,4,13
64338,2024_064338_4b18c57dc4a4d50c,0,68_1174,4,2
64361,2024_064361_14cd1c3582296400,0,68_1174,4,6
64364,2024_064364_debf5f4e26295395,3,68_1174,4,20
64366,2024_064366_7e37bb1d92301af6,4,68_1174,4,70
64367,2024_064367_81997d6bac106c9a,4,68_1174,4,31
64374,2024_064374_60ec45685df4a5c0,3,68_1174,4,18
64375,2024_064375_cea8bcfd08bac10e,3,68_1174,4,18
64383,2024_064383_ca21c0d789e69186,5,68_1174,4,17
64399,2024_064399_33b85734cbc743a0,3,68_1174,4,19
64407,2024_064407_c7c53b5b740f70f2,2,68_1174,4,5
64415,2024_064415_c7c9e19428e1a59c,0,68_1174,4,3
64420,2024_064420_32b23f315e0c7def,0,68_1174,4,5
64424,2024_064424_2b163c2a9d33e2c0,0,67_1174,3,2
64436,2024_064436_86edfec7dae2e9ac,1,68_1174,4,3
64447,2024_064447_77a78212d334a37a,0,68_1174,4,2
64456,2024_064456_23236a42abab6cc4,1,68_1174,4,6
64469,2024_064469_ac27b89447a1a36c,0,68_1174,4,4
64476,2024_064476_df3f082bffad54cc,0,68_1175,4,3
64523,2024_064523_27d8abe5d47878c4,0,68_1174,4,40
64527,2024_064527_c8625eda8c45fe92,2,68_1174,4,2
64536,2024_064536_107ed550c4ec583a,3,68_1174,4,3
64538,2024_064538_49bbb9a2d34e07ce,0,68_1174,4,11
64541,2024_064541_e18530593c33e289,6,68_1174,4,12
64547,2024_064547_67935dda7259fcdb,1,68_1174,4,4
64556,2024_064556_ca3b80fc2a9bb997,4,68_1174,4,7
64577,2024_064577_bacc40b6adcc2a36,2,68_1174,4,3
64587,2024_064587_7428f850eee33df1,0,68_1174,4,2
64590,2024_064590_43c0087b0d52d5e5,3,68_1174,4,42
64591,2024_064591_536e8b7bb8f074ff,4,68_1175,4,39
64592,2024_064592_dc6f834338535767,0,68_1175,4,32
64593,2024_064593_cac9fe021c664220,6,68_1175,4,42
64594,2024_064594_c4c9a3206bbdfc71,3,68_1174,4,9
64595,2024_064595_0a58d31740b9da76,6,68_1174,4,13
64597,2024_064597_cae7d1872e4ce9fd,0,68_1174,4,6
64600,2024_064600_b24aba0f66bf9a45,6,68_1174,4,5
64641,2024_064641_eda6c274d416c755,0,68_1174,4,2
64646,2024_064646_04ac048e01f40d1c,0,68_1174,4,9
64650,2024_064650_47c3ee063ea71e3f,0,68_1175,4,16
64658,2024_064658_8bb08e271caa7d5b,1,68_1174,4,5
64663,2024_064663_f406ac8ad5d73b08,0,68_1174,4,12
64665,2024_064665_dc036bc5b1976136,0,68_1174,4,9
64670,2024_064670_d95505c257746582,0,68_1174,4,3
64679,2024_064679_5ff5d421080db104,2,68_1174,4,18
64682,2024_064682_eddd8eac758cf5d7,1,68_1174,4,10
64683,2024_064683_88b9827dfdb7dd98,0,68_1174,4,2
64722,2024_064722_a867855c0032b54e,1,68_1174,4,6
64723,2024_064723_8c5027fda9117826,1,68_1174,4,2
64725,2024_064725_5ea8bbad3bc9142a,2,68_1174,4,10
64726,2024_064726_90883d3ff176a48e,4,68_1174,4,22
64733,2024_064733_1ea45eb6f68b644b,1,68_1174,4,30
64738,2024_064738_043c3f6fd757cc13,1,68_1174,4,19
64740,2024_064740_1ea16d75ec9f8f1c,1,68_1174,4,9
64747,2024_064747_e052865b5afb1529,0,68_1174,4,2
64758,2024_064758_f86ac08cea863fa5,0,67_1175,2,6
64760,2024_064760_9584b956b8679fe8,0,67_1175,2,2
64786,2024_064786_cdf09df9b17b8b52,0,67_1175,2,2
64788,2024_064788_3b34a1dc091d3d49,1,67_1175,2,5
64800,2024_064800_a52189a821ed8192,3,68_1174,4,21
64803,2024_064803_1c2eea91e35af3d7,3,68_1174,4,46
64806,2024_064806_0bab36ec33dbf0e6,6,68_1174,4,10
64817,2024_064817_e13d8914cdf2e27e,2,68_1174,4,9
64820,2024_064820_3e4df75d2f2ac3cc,2,68_1174,4,3
64822,2024_064822_4a47083fa2de2076,3,68_1174,4,6
64826,2024_064826_bddd120139203f31,4,68_1174,4,3
64831,2024_064831_22bedabade01a553,3,68_1174,4,19
64832,2024_064832_ca17b2535b5477c7,6,68_1174,4,11
64833,2024_064833_395562e131d36dba,2,68_1174,4,23
64840,2024_064840_006252e8aee0e32d,0,68_1174,4,3
64845,2024_064845_2fc157cf04e044f2,0,68_1174,4,2
64878,2024_064878_e21c9e861775eff0,3,68_1174,4,2
64887,2024_064887_9e737eca9ecd616f,6,68_1174,4,3
64894,2024_064894_497b4e62f9f7faa5,4,68_1174,4,16
64898,2024_064898_56d57399c3508689,0,68_1174,4,48
64902,2024_064902_7926174fded383bf,0,68_1175,4,8
64903,2024_064903_9343c2c980a56625,0,68_1175,4,33
64909,2024_064909_395c27b1b60c4de0,0,68_1174,4,13
64912,2024_064912_c3a1d493e7c9f0a3,2,68_1174,4,20
64944,2024_064944_eb0fa06aa8471df9,0,68_1174,4,17
64949,2024_064949_01df0528d6854826,3,68_1175,4,16
64953,2024_064953_3a70b5d1efffd2ce,0,68_1175,4,3
64964,2024_064964_a2ad874465d11c7e,0,68_1175,4,4
64965,2024_064965_7c488a608fce75ad,0,68_1175,4,3
64975,2024_064975_61818fa5ddf8f3f0,1,68_1175,4,22
65002,2024_065002_43fd5fd8882d646b,6,68_1174,4,2
65003,2024_065003_037b83dc220c7591,0,68_1174,4,14
65010,2024_065010_c88c21e9d63fc450,0,68_1174,4,10
65012,2024_065012_3d11bb3a6b26fd46,0,68_1174,4,16
65014,2024_065014_a2d9010732708a3c,0,68_1174,4,9
65029,2024_065029_b8ab8cd3453ced0b,0,68_1174,4,18
65036,2024_065036_89dc5769677c8281,0,68_1174,4,2
65050,2024_065050_e639a376caef971b,0,68_1174,4,18
65060,2024_065060_0af7f3335dfe5553,0,68_1174,4,3
65063,2024_065063_35aa1f6bb0276712,0,68_1174,4,10
65080,2024_065080_9ce8fc753ed36a30,0,67_1174,3,5
65082,2024_065082_148fd4f3e407375f,4,68_1174,4,27
65085,2024_065085_e9dc2629f8baabc7,3,68_1174,4,10
65094,2024_065094_1045a5c4165b28b4,6,68_1174,4,15
65154,2024_065154_c5527ce79781c1db,6,68_1175,4,3
65156,2024_065156_ef1d4a84dacc97fb,4,68_1175,4,7
65160,2024_065160_a7e4e9c09cb18891,0,68_1174,4,13
65171,2024_065171_43beae903e112597,0,68_1174,4,5
65176,2024_065176_4d3ebc9bff1060fd,0,68_1174,4,5
65186,2024_065186_0014445a5cca6a1f,2,68_1174,4,2
65200,2024_065200_ad371ae50a18842d,3,68_1175,4,4
65221,2024_065221_107b956ff43fdd08,1,68_1175,4,14
65224,2024_065224_dcd816b358ff983a,0,68_1174,4,22
65225,2024_065225_84aa0f5d8e5ef25c,0,68_1174,4,9
65231,2024_065231_d49aceb6137b38bb,0,68_1174,4,5
65233,2024_065233_ad3958b61ede6660,0,68_1174,4,9
65234,2024_065234_67634d437c48b16c,0,68_1174,4,11
65241,2024_065241_6fbe5ac288618346,2,68_1174,4,6
65250,2024_065250_25b736945df31e2f,2,68_1174,4,7
65262,2024_065262_2dcc76d9c909005a,3,68_1174,4,2
65267,2024_065267_89112010b2e4755f,3,68_1174,4,2
65268,2024_065268_412f1853690751f0,2,68_1174,4,3
65280,2024_065280_68d2fa5467cd1b9f,0,68_1174,4,4
65281,2024_065281_ca3aaf936e1206c9,3,68_1174,4,17
65283,2024_065283_3821a61cae1a2308,1,68_1174,4,9
65286,2024_065286_943064b26a82b3d7,1,68_1174,4,10
65288,2024_065288_548327e8edeeee3e,1,68_1174,4,15
65295,2024_065295_0741ad2f584d3b5e,0,68_1174,4,2
65300,2024_065300_3307ba9a16ca27b9,1,68_1174,4,3
65325,2024_065325_9d4286b9176d9310,3,68_1173,5,29
65327,2024_065327_595f83c13c6b3001,1,68_1173,5,11
65331,2024_065331_2309ca79aa9561cc,6,68_1173,5,9
65339,2024_065339_a74cf8471ec6fb82,0,68_1173,5,4
65365,2024_065365_2b9b33e95dc6f208,2,68_1173,5,55
65376,2024_065376_e641b817c7e8fac1,2,68_1173,5,23
65389,2024_065389_11d18c2927520882,2,68_1173,5,2
65392,2024_065392_d03b17742988385e,3,68_1173,5,33
65400,2024_065400_5f4c3fdc3d08160e,6,68_1174,4,3
65405,2024_065405_b85d6da83386199f,4,68_1174,4,54
65406,2024_065406_3f5cab830434bcfd,3,68_1174,4,14
65409,2024_065409_e54facd589a3e90d,4,68_1174,4,9
65411,2024_065411_4a7954a32f10421e,4,68_1174,4,7
65418,2024_065418_65f9c5de25b76794,3,68_1174,4,8
65435,2024_065435_6e174e9e206a54b6,6,68_1174,4,2
65436,2024_065436_91b7aed5a7276327,3,68_1174,4,8
65438,2024_065438_efdde3662814b1f4,4,68_1174,4,7
65439,2024_065439_053c54cbc6fcca11,4,68_1174,4,7
65445,2024_065445_4bfbcf5642fb2fdb,1,68_1174,4,4
65449,2024_065449_0dacb54ac5764cd9,1,68_1174,4,6
65451,2024_065451_6ca6c6f336b4bc2a,2,68_1174,4,5
65453,2024_065453_b2e9db74d2490d70,3,68_1174,4,4
65465,2024_065465_246376f705650c0b,3,68_1173,5,28
65483,2024_065483_013005433e7b2c39,0,68_1173,5,6
65497,2024_065497_edcf38ddbe8293be,0,68_1173,5,3
65511,2024_065511_5598f44d426b99d4,1,68_1173,5,23
65516,2024_065516_7cccb1eb80d20a6d,3,68_1173,5,23
65523,2024_065523_79a28d64f31a8f5b,3,68_1173,5,9
65528,2024_065528_566de8cb40a31648,3,68_1173,5,2
65551,2024_065551_b447379a8ddd4421,2,68_1173,5,8
65556,2024_065556_79b1c539ad801adf,1,68_1173,5,3
65568,2024_065568_0b1e26a8914ecdc8,6,68_1173,5,11
65569,2024_065569_b80afd49447ce983,0,68_1173,5,7
65570,2024_065570_fab8653edc6084a6,0,68_1173,5,3
65574,2024_065574_5fb463cc7c6257cb,4,68_1173,5,22
65580,2024_065580_7a17831ec69b1f3b,4,68_1174,4,32
65601,2024_065601_1e16b4aea1fbbefb,6,68_1174,4,10
65610,2024_065610_834b230b957b4fcf,3,68_1174,4,13
65611,2024_065611_6c1b0d0f7dd1c233,3,68_1174,4,9
65616,2024_065616_94f820e99fbc1757,3,68_1174,4,15
65617,2024_065617_3ce6aebcd22ab73f,6,68_1174,4,2
65619,2024_065619_241664d6c3cb1979,4,68_1173,5,21
65629,2024_065629_755733be70a71a27,1,68_1173,5,14
65630,2024_065630_bbc089ca90f15322,1,68_1173,5,5
65632,2024_065632_00a099912290fa46,3,68_1174,4,12
65638,2024_065638_5fde661f512c9f77,0,68_1173,5,4
65639,2024_065639_22c7e8f3a9d5498c,3,68_1174,4,4
65659,2024_065659_e0099238442f8bc5,0,68_1173,5,6
65662,2024_065662_79e46f0390c7f751,0,68_1173,5,4
65664,2024_065664_f1321984bc60280f,3,68_1173,5,25
65691,2024_065691_dbb8390cc746c918,1,68_1173,5,8
65692,2024_065692_26a7bc4a35b2e591,2,68_1173,5,7
65709,2024_065709_78301a4ac16f914f,1,68_1173,5,4
65718,2024_065718_96bf781bcb46e577,1,68_1174,4,7
65726,2024_065726_55b02b4d36d99477,1,68_1174,4,4
65733,2024_065733_6049d16f28ca4dfd,1,68_1174,4,6
65734,2024_065734_25ead4fa5e2a25eb,1,68_1174,4,6
65735,2024_065735_ac5c56953ab9e5e0,1,68_1174,4,10
65737,2024_065737_853e32ef0e61be86,3,68_1174,4,15
65740,2024_065740_fc850f1d9ec27f77,0,68_1174,4,34
65742,2024_065742_4edbf979c74805e0,3,68_1173,5,31
65744,2024_065744_7d0fea8f8c9f54fa,6,68_1173,5,31
65756,2024_065756_151f44b5ad8cacdf,2,68_1173,5,16
65759,2024_065759_837657c080db267d,4,68_1173,5,31
65768,2024_065768_34aa67fbdf78ac57,3,68_1173,5,9
65771,2024_065771_786e09ac37785bc2,3,68_1173,5,21
65777,2024_065777_17b9ab4350c7f638,3,68_1173,5,17
65781,2024_065781_eefbf8df085de3bd,2,68_1173,5,9
65789,2024_065789_75ab9f48c492f943,2,68_1173,5,9
65794,2024_065794_6f3c2f7b4b85d5c9,1,68_1173,5,10
65796,2024_065796_e160d383499f1338,0,68_1173,5,4
65797,2024_065797_86406e5258ba9180,3,68_1173,5,4
65800,2024_065800_23f20821589cc20d,0,68_1173,5,11
65805,2024_065805_2ab62157bd7e1207,3,68_1173,5,8
65807,2024_065807_b61897e8ff50bb07,1,68_1173,5,4
65808,2024_065808_892f3b68d60a55c0,1,68_1173,5,3
65809,2024_065809_68816e16d912a82f,1,68_1173,5,3
65810,2024_065810_2700825947d68aae,1,68_1173,5,2
65812,2024_065812_cfe16194f63b54b1,0,68_1173,5,9
65826,2024_065826_b065426755b43423,3,68_1173,5,56
65829,2024_065829_cb302637e54b95f4,6,68_1173,5,7
65848,2024_065848_527e2c450fcd31a7,6,68_1174,4,16
65868,2024_065868_fcd7c18371f2fed5,2,68_1173,5,3
65876,2024_065876_7863357d45a394c1,3,68_1173,5,8
65877,2024_065877_cd60d8af82fdf02e,3,68_1173,5,3
65892,2024_065892_e78e4c21d2a778e4,4,68_1173,5,5
65893,2024_065893_a01fcda41e7e7479,3,68_1173,5,4
65898,2024_065898_c9fb6255fd3b9507,4,68_1173,5,28
65899,2024_065899_b0d2a4e67a6b27be,2,68_1173,5,17
65918,2024_065918_b862527f9de9c30e,2,68_1173,5,5
65921,2024_065921_6335c28b8e2a5f17,2,68_1173,5,15
65938,2024_065938_af050fdcfffd27bb,6,69_1173,4,7
65947,2024_065947_c43326df9cbc7203,3,68_1173,5,56
65952,2024_065952_9e9bdf6c8d6325f0,4,68_1173,5,2
65953,2024_065953_b52a5d550dee5c74,3,68_1173,5,16
65958,2024_065958_dca251259084c5a7,0,68_1173,5,3
65972,2024_065972_24b99c8589a571c4,3,69_1173,4,6
65980,2024_065980_c1a2f0a67fafedf9,4,68_1173,5,46
66004,2024_066004_ff69abf8dd820ecd,1,68_1174,4,11
66011,2024_066011_9cbfdb75d39ec7fa,1,68_1173,5,10
66024,2024_066024_e3b75cb9d24f0a97,6,68_1173,5,7
66025,2024_066025_16a43d94627a8798,1,68_1174,4,18
66029,2024_066029_c31c048f52377390,3,68_1174,4,16
66030,2024_066030_2f67436bda0c2dc4,1,68_1173,5,35
66036,2024_066036_22ac1b7d99a4a2d6,4,68_1173,5,39
66038,2024_066038_c9a486b911fa6b25,3,68_1174,4,16
66042,2024_066042_ac846f9cd204176e,1,69_1174,2,23
66051,2024_066051_1e8043281afd7330,3,68_1174,4,99
66057,2024_066057_4112cda6f4c407e4,1,68_1174,4,5
66061,2024_066061_1baed23e1b01f1be,1,68_1174,4,7
66076,2024_066076_4e1c02fdd7281ae7,1,68_1174,4,19
66079,2024_066079_2368673f50aeb4e9,6,68_1173,5,2
66084,2024_066084_4bae2346e961d432,3,68_1173,5,34
66092,2024_066092_f5e385acfa9a2462,1,68_1173,5,10
66101,2024_066101_474682de6b7c0b5e,3,68_1173,5,18
66105,2024_066105_7d46ec0ddd8f3d33,3,68_1174,4,5
66110,2024_066110_07295fcc8aa637f4,3,68_1174,4,12
66114,2024_066114_4c316c21e0aa28bb,2,68_1174,4,12
66118,2024_066118_0b68ca3525b42d39,6,68_1174,4,2
66122,2024_066122_56e124759c2136c8,3,68_1174,4,11
66141,2024_066141_9436750f8505b1de,4,68_1174,4,29
66142,2024_066142_ed4b8bcb19eb8005,6,68_1174,4,4
66145,2024_066145_7dd94f2654ed2574,3,68_1174,4,41
66146,2024_066146_577f71af3853784b,3,68_1174,4,8
66147,2024_066147_de6900ff0f141e62,1,68_1174,4,4
66148,2024_066148_6eb0539634d97e62,5,68_1174,4,36
66153,2024_066153_48da335568cff38c,1,68_1174,4,26
66156,2024_066156_d22577fbcdbaea8f,2,69_1174,2,7
66157,2024_066157_50b8193f69a3396f,2,69_1174,2,36
66159,2024_066159_bff1f33d0333479c,1,68_1174,4,18
66161,2024_066161_86d996e7b0a5423b,1,69_1174,2,8
66162,2024_066162_a83c9723e89b3f84,1,69_1174,2,19
66170,2024_066170_76c3a582f13aa6d3,0,69_1173,4,10
66171,2024_066171_74db02080610f111,0,69_1173,4,8
66172,2024_066172_c1e6723da5b6d63f,3,69_1173,4,9
66174,2024_066174_d278ae5bc5950d31,0,69_1173,4,2
66177,2024_066177_39aa4f851b9bb0df,0,69_1173,4,7
66187,2024_066187_1ad806bec9aede14,1,69_1176,2,3
66190,2024_066190_9cfd50d38f6054c2,1,69_1176,2,9
66195,2024_066195_118f444592ea8a5e,1,69_1176,2,9
66199,2024_066199_60bada138c054bb5,1,69_1176,2,14
66200,2024_066200_43296cddd71203b4,3,69_1176,2,7
66202,2024_066202_59853264224b4474,1,69_1176,2,8
66207,2024_066207_676ec9dc47482767,2,69_1176,2,8
66209,2024_066209_d4b908e9d2a844d1,0,69_1176,2,7
66219,2024_066219_06d13a3d2c19b185,2,69_1176,2,15
66226,2024_066226_68436438614dd93f,2,69_1176,2,4
66231,2024_066231_090b41f7167ab810,3,69_1176,2,32
66236,2024_066236_3191dc0a07df87d6,4,68_1176,1,5
66237,2024_066237_38e9510308b0575b,3,68_1176,1,22
66240,2024_066240_9922d1470e7e863d,6,69_1176,2,69
66247,2024_066247_355c4888a460de9d,2,69_1176,2,5
66255,2024_066255_f67990f84cf894c5,4,68_1176,1,30
66259,2024_066259_c7391a65fcde7198,4,69_1176,2,4
66269,2024_066269_ac64e64ec993eda8,4,69_1176,2,9
66272,2024_066272_7f8ec6a4e4a1b3d8,3,69_1176,2,40
66277,2024_066277_6cd73d69b77241d1,2,68_1176,1,9
66284,2024_066284_f7b594f4dee587f8,6,68_1176,1,4
66287,2024_066287_5688d55eed3d628a,3,70_1176,2,34
66309,2024_066309_55d5465adaf87fc7,0,69_1176,2,13
66314,2024_066314_c9fb30aead743c7c,3,69_1176,2,31
66316,2024_066316_2879ae0eb847a797,6,70_1176,2,28
66317,2024_066317_c3adfbfa1f849090,1,70_1176,2,4
66334,2024_066334_c0a5787558c740f1,0,69_1176,2,6
66340,2024_066340_9a6d6b763fbbfd2a,3,70_1176,2,16
66358,2024_066358_82827b1c65aa2a4c,1,69_1176,2,7
66361,2024_066361_d1bb8d538b2ac5e2,6,69_1176,2,19
66373,2024_066373_79a89373d1b2b262,0,69_1176,2,13
66375,2024_066375_96ba114de9fb2e03,6,69_1176,2,6
66381,2024_066381_6474054e0d70ff9c,1,69_1176,2,7
66382,2024_066382_d67466c1bfd87c76,1,69_1176,2,3
66396,2024_066396_2935f8cf57f080db,1,69_1176,2,2
66404,2024_066404_4ae4428cd9689379,2,69_1176,2,4
66420,2024_066420_62e1b77776afd9fe,2,69_1176,2,2
66455,2024_066455_e2e749a38d7899e8,0,69_1176,2,4
66482,2024_066482_4ada2b68610af468,0,69_1176,2,4
66487,2024_066487_fb97d3a9bd0eba9e,2,69_1176,2,6
66499,2024_066499_5396d213616e59d6,0,69_1176,2,2
66520,2024_066520_8d2a91f4e2ecdfc1,3,70_1176,2,96
66553,2024_066553_d29e3e17c978185e,1,69_1176,2,8
66556,2024_066556_17d110aa6a40dbed,2,69_1176,2,11
66587,2024_066587_7cea4cb9673d8dde,0,69_1176,2,20
66592,2024_066592_ad5d35c6de9ed15a,3,69_1176,2,2
66615,2024_066615_fd5d07dae263ce49,2,69_1176,2,21
66616,2024_066616_09db57a3bd825e3e,2,69_1176,2,27
66626,2024_066626_5fe3a3a5dd8cbe72,1,69_1176,2,18
66630,2024_066630_41255243f2daf046,1,69_1176,2,10
66637,2024_066637_b2fcc7f09eb29fd9,1,69_1176,2,8
66646,2024_066646_c2d6056a6182bfb5,3,69_1176,2,13
66653,2024_066653_08151afc83cf4d46,3,69_1176,2,7
66664,2024_066664_a3ebc42f8e419724,0,69_1176,2,6
66665,2024_066665_40f5cb1db6a0c5cc,0,69_1176,2,8
66692,2024_066692_cfcf718ef6e409bd,1,69_1176,2,4
66705,2024_066705_ad11be814b6cd3c2,2,69_1176,2,43
66706,2024_066706_508b6dbc008efaea,0,69_1176,2,2
66709,2024_066709_ec80e0f335d3cc50,3,69_1176,2,22
66712,2024_066712_e461298fd07a7aa5,1,69_1176,2,2
66724,2024_066724_54e125fc23d5297b,0,69_1176,2,3
66727,2024_066727_95affebec1d41c4b,3,69_1176,2,58
66740,2024_066740_92c45f72e9d67ade,1,69_1176,2,14
66742,2024_066742_48a4897e7ff2c602,3,70_1176,2,149
66744,2024_066744_abace5c43301295d,3,70_1176,2,10
66746,2024_066746_a4d15561af3251ab,0,70_1176,2,15
66747,2024_066747_f0e1942b458fc70a,3,70_1176,2,7
66752,2024_066752_711e9265ba2b9154,3,70_1176,2,2
66787,2024_066787_4fa61c155911eac1,2,69_1176,2,2
66797,2024_066797_ae7094c1ef2d5709,6,69_1176,2,16
66801,2024_066801_c7091d15b415c026,0,69_1176,2,11
66823,2024_066823_46b620166fbeda4f,2,69_1176,2,15
66827,2024_066827_c2c21762aeaa5d7d,0,69_1176,2,4
66833,2024_066833_4022120dcc6073dd,3,69_1176,2,7
66834,2024_066834_ad24f1057589231d,3,69_1176,2,11
66838,2024_066838_c11485500f4520e7,3,69_1176,2,10
66874,2024_066874_ba1bdfee6fe4f9e5,3,69_1176,2,3
66878,2024_066878_2b90a04dfcb8164a,3,69_1176,2,6
66885,2024_066885_de80d85a538a4484,0,69_1177,3,3
66886,2024_066886_a20097d57ac0f52b,2,69_1177,3,3
66890,2024_066890_964d8569034dc289,0,69_1177,3,2
66893,2024_066893_02f8069b51cef2d4,0,69_1176,2,3
66910,2024_066910_7aaf3ff3d74b97fc,1,69_1177,3,3
66935,2024_066935_f7fc0b5ca3918594,0,69_1176,2,3
66938,2024_066938_76f8184ed9fa66cf,0,69_1176,2,2
66940,2024_066940_83634e4c0a35ea23,0,69_1176,2,8
66941,2024_066941_425fae55f3e9b39d,0,69_1177,3,2
66958,2024_066958_2eb1e0ca1982203a,0,69_1176,2,3
66963,2024_066963_4859b6eb78a35aec,1,69_1177,3,3
66965,2024_066965_37a5c9d1537f7113,1,69_1177,3,4
66968,2024_066968_2a47b91f0de8b42e,0,69_1177,3,2
66970,2024_066970_822cbd97420f55c8,0,69_1176,2,29
66972,2024_066972_4d15e735ea760798,0,69_1176,2,5
66973,2024_066973_7295aa0b900ca68f,0,69_1176,2,4
66975,2024_066975_eb1fd6df363cc2ae,0,69_1176,2,6
66982,2024_066982_ad86e3ec4015cab2,6,69_1176,2,40
66986,2024_066986_529216428f5b1e62,0,69_1176,2,4
66996,2024_066996_3866f96145fbf386,2,69_1177,3,4
67008,2024_067008_120eb535e0fb59fd,6,69_1176,2,9
67013,2024_067013_399196a4758962b4,4,69_1177,3,13
67014,2024_067014_dc211651916e4537,0,69_1177,3,3
67018,2024_067018_636114c66b4800f9,3,69_1177,3,6
67042,2024_067042_8f89628d9050f91b,4,69_1176,2,4
67054,2024_067054_66784f55470f937b,0,70_1176,2,2
67056,2024_067056_71ac9ed3a6289a93,0,70_1176,2,4
67062,2024_067062_af3a71ee5d38de68,6,70_1176,2,31
67065,2024_067065_d9bdc7cc1945b8dd,4,70_1177,2,30
67066,2024_067066_e235f3a1f1ce488a,0,70_1177,2,19
67077,2024_067077_b1df0b5eeacc463d,4,70_1177,2,26
67084,2024_067084_d464b3e1d77a0204,1,70_1177,2,15
67087,2024_067087_d3c28927ffc91b42,0,70_1176,2,6
67089,2024_067089_f5bfb7bc9fcf78e7,0,70_1177,2,29
67094,2024_067094_d64124e2d8a9f0f5,0,70_1176,2,7
67099,2024_067099_2c01b76b4602fe01,0,70_1177,2,5
67100,2024_067100_108da08d25327a35,4,69_1176,2,5
67104,2024_067104_652ec79d83d96457,4,69_1176,2,4
67110,2024_067110_ab8caf45188af141,0,69_1177,3,2
67111,2024_067111_6f279870c1a789ae,4,69_1177,3,51
67127,2024_067127_196736e2b5f9cb1a,4,69_1177,3,3
67143,2024_067143_37735b1fe7280ba0,1,70_1176,2,10
67146,2024_067146_89991e8666b51f03,2,69_1177,3,10
67149,2024_067149_c21a58d9b736026c,3,69_1177,3,74
67150,2024_067150_2025f767426fb243,0,69_1177,3,5
67167,2024_067167_72a5591d8e22639c,1,69_1176,2,25
67172,2024_067172_76400c4b29fc463d,5,69_1177,3,11
67180,2024_067180_9faeb1070f885d77,2,69_1176,2,31
67197,2024_067197_6e398a9996aa16ec,0,69_1177,3,10
67208,2024_067208_956c0f7e4038e1e0,0,69_1177,3,8
67209,2024_067209_a139748dacb303e1,0,69_1177,3,6
67210,2024_067210_43ecb70e4060742b,0,69_1177,3,4
67211,2024_067211_4586cefde3ed488b,0,69_1177,3,4
67212,2024_067212_39c0e8b9be21f2d8,0,69_1177,3,3
67213,2024_067213_4a008182601c04bf,0,69_1177,3,3
67214,2024_067214_2fc451dfb97a6d59,3,69_1177,3,7
67216,2024_067216_d5a300d4018892fe,4,69_1177,3,5
67219,2024_067219_a4febc6e4d0d0afb,1,69_1177,3,3
67220,2024_067220_35ee0ee2b1b5b920,1,69_1177,3,3
67221,2024_067221_b105b1df0b2401e1,0,69_1177,3,2
67264,2024_067264_c738c29eb545abc9,1,69_1177,3,3
67269,2024_067269_8b6058a1d5f531c1,0,69_1177,3,2
67273,2024_067273_3167aeeec8074e48,0,69_1177,3,4
67286,2024_067286_12bafc8d33dfcbc9,0,69_1177,3,3
67297,2024_067297_108c4f11d34f80f3,0,69_1177,3,12
67309,2024_067309_c5afa2d2cc49912c,1,69_1176,2,5
67314,2024_067314_ea59c87f063aba3a,1,69_1176,2,7
67338,2024_067338_e01ecccfd1d22158,1,69_1176,2,9
67339,2024_067339_7854892e1de6dcdd,0,69_1176,2,2
67341,2024_067341_128f357f8b10ec6c,1,69_1176,2,3
67347,2024_067347_88cc93a87a12f1c9,2,69_1176,2,7
67354,2024_067354_d51eab571a51cffa,3,69_1176,2,9
67356,2024_067356_999bc38c12bc7971,6,69_1176,2,7
67366,2024_067366_fba04b2a336cec55,3,69_1176,2,7
67367,2024_067367_0d5fece351955b62,3,69_1176,2,3
67375,2024_067375_4bac55d7b562d05f,4,69_1176,2,20
67392,2024_067392_eb22c84446aac218,2,69_1177,3,3
67401,2024_067401_1e829fd7e22b3e5d,0,69_1177,3,4
67402,2024_067402_9f9e96d9a2434aa1,0,69_1177,3,14
67404,2024_067404_72cf1964bca482a1,0,69_1177,3,3
67405,2024_067405_3ca2493e4209218a,3,69_1177,3,5
67444,2024_067444_af2325a6e53fcb08,1,69_1176,2,2
67459,2024_067459_8fb90ef63998cc0d,0,70_1176,2,13
67468,2024_067468_35d968e04bca3138,0,70_1176,2,6
67485,2024_067485_07207f4f86b9f8b1,0,69_1174,2,94
67487,2024_067487_0afcd9a9b0f1b8be,0,69_1174,2,4
67494,2024_067494_febc56235f4cf897,0,69_1174,2,4
67515,2024_067515_fdfbd8e1637fadcf,5,68_1174,4,26
67517,2024_067517_07a376e1ca18c88f,0,68_1174,4,6
67521,2024_067521_3ef325ffa9da8dbd,1,68_1174,4,56
67523,2024_067523_9d1599f2957a277e,1,68_1174,4,12
67524,2024_067524_4e66a1c16e01c21e,0,68_1174,4,45
67560,2024_067560_cde9a30a17321dd5,0,70_1174,5,7
67562,2024_067562_740590fa79a3971e,3,70_1174,5,31
67564,2024_067564_063f35c91f886cad,3,70_1174,5,6
67570,2024_067570_bfd71f953eccd6d0,0,70_1174,5,2
67571,2024_067571_cb5948600cff1982,2,70_1174,5,3
67572,2024_067572_811b9e555955eb96,2,70_1174,5,4
67575,2024_067575_c18eb127e0cf5d6d,2,70_1174,5,27
67579,2024_067579_20dbcbdb0b83a667,4,69_1174,2,31
67583,2024_067583_c324e802b664940d,6,70_1174,5,14
67586,2024_067586_82eebd52ef4f01d3,1,70_1174,5,10
67592,2024_067592_92ddaa035aa7fa50,0,70_1174,5,19
67593,2024_067593_392d6ed6acac8d39,0,69_1174,2,7
67596,2024_067596_6e8040b158b690ff,1,69_1174,2,39
67601,2024_067601_c27e0f240ee5cfc0,3,69_1174,2,20
67610,2024_067610_54d2f5a15b599620,1,69_1174,2,10
67616,2024_067616_ce6cf6a22a83e377,1,69_1174,2,16
67625,2024_067625_ca383e2dca2e7e78,0,69_1174,2,6
67629,2024_067629_d1578f38f31bd2ca,0,69_1174,2,9
67631,2024_067631_d120c5c552fa3327,0,69_1174,2,6
67633,2024_067633_a21b8ae2d90dcf13,0,69_1174,2,11
67636,2024_067636_286e29b172d45c60,0,69_1174,2,6
67696,2024_067696_c4540ce190a75a2d,1,69_1174,2,26
67702,2024_067702_fd2e989d3ecf6b90,2,69_1174,2,12
67707,2024_067707_e74ca4dcd03f3915,1,69_1174,2,27
67728,2024_067728_bac1bd83fdcbc033,1,68_1174,4,21
67729,2024_067729_a2eceeadea27a3db,0,68_1174,4,8
67743,2024_067743_d562e0cd7e3e3213,1,68_1174,4,8
67752,2024_067752_7ffa29f62892a958,0,68_1174,4,24
67765,2024_067765_ecb48362925ca751,1,68_1174,4,32
67769,2024_067769_fa85cba0279b9981,0,68_1174,4,13
67774,2024_067774_6345b66236571b37,3,68_1174,4,6
67849,2024_067849_86e38d1a5bca7d95,6,69_1174,2,17
67857,2024_067857_b9ad1525613d2348,0,69_1174,2,2
67858,2024_067858_e905531c3df34645,0,69_1174,2,67
67869,2024_067869_ebbe39f98f6bc974,0,69_1174,2,3
67880,2024_067880_2fb051996c52cb75,0,69_1174,2,73
67888,2024_067888_5c3a89f0e1aeecd0,0,69_1174,2,37
67911,2024_067911_32f585c6895a60fa,3,69_1174,2,16
67913,2024_067913_d277bef0e22db16c,3,68_1174,4,20
67918,2024_067918_81d8eaf3a5a1901a,3,69_1174,2,43
67920,2024_067920_735baf99387b0e82,4,69_1174,2,62
67935,2024_067935_5e5683eddf27bcb0,2,68_1174,4,17
67940,2024_067940_3a42f242603ba74d,1,69_1174,2,3
67945,2024_067945_1de9996c790b9da3,3,70_1174,5,4
67949,2024_067949_8373eeab7c43d8c0,3,70_1174,5,8
67951,2024_067951_ea98a0ca6dc1d3e6,3,70_1174,5,11
67955,2024_067955_db0b8badd0e55269,2,70_1174,5,4
67967,2024_067967_c4bc65b75eb2a872,1,69_1174,2,20
67981,2024_067981_434aac50206f35e8,0,68_1174,4,9
67992,2024_067992_a54cd02c28f70af4,0,68_1174,4,5
67993,2024_067993_7d05250b474fe2bb,0,68_1174,4,9
67997,2024_067997_49f221cd75ef80b3,2,68_1174,4,6
68013,2024_068013_3d8490b2ea5711d1,2,68_1174,4,15
68022,2024_068022_816ba4af7d074d2b,5,68_1174,4,15
68035,2024_068035_b9379b51d1553c65,3,69_1174,2,46
68039,2024_068039_57257406cd55f51e,3,69_1174,2,10
68041,2024_068041_01b5ec82704513f7,0,69_1174,2,6
68043,2024_068043_e327b93da396f393,4,69_1174,2,42
68045,2024_068045_8b8e6b7ff6767306,3,69_1174,2,13
68046,2024_068046_e645ab2e5d1a4287,3,69_1174,2,21
68052,2024_068052_2261874880a5dabd,6,69_1174,2,21
68053,2024_068053_851f82763e713b5f,3,69_1174,2,13
68055,2024_068055_3a6aadda7363dc7a,6,69_1174,2,26
68056,2024_068056_0fd1914d37550dbf,3,69_1174,2,38
68070,2024_068070_b0009efd854a8ca2,3,69_1174,2,8
68078,2024_068078_eb89fa3eb6e096ba,0,69_1174,2,4
68083,2024_068083_d32675f57a4c89b9,6,68_1174,4,23
68084,2024_068084_aabb8c87609991ed,3,68_1174,4,19
68090,2024_068090_9ac0c3c6c8c7e46f,6,68_1174,4,17
68093,2024_068093_99a75fcf3c14cbe9,2,68_1174,4,6
68100,2024_068100_ed19781459302d9a,3,68_1174,4,7
68101,2024_068101_e84f2d5640887ab2,3,68_1174,4,6
68105,2024_068105_f6c33b9286babe40,3,68_1174,4,6
68108,2024_068108_3c70f8c8d10ebe53,0,68_1174,4,10
68111,2024_068111_602e5e1a2538f85c,3,68_1174,4,24
68115,2024_068115_f0143da5e4d90dd1,3,69_1174,2,24
68116,2024_068116_1a814e35c94116ea,6,69_1174,2,103
68117,2024_068117_587f17fb94fc81ba,3,69_1174,2,32
68121,2024_068121_d44450ec81d131ee,3,69_1174,2,32
68126,2024_068126_3ee69418c15d9bf3,6,69_1174,2,4
68130,2024_068130_7e4a44326e39e9fa,3,70_1174,5,10
68131,2024_068131_f940731e9942f763,6,70_1174,5,9
68147,2024_068147_e30dec0766ea5141,1,69_1174,2,2
68159,2024_068159_c8515b7a0128ae17,3,69_1174,2,31
68172,2024_068172_943f2508ba7aa61e,3,69_1174,2,5
68174,2024_068174_9e45a1bbc59fa8bd,3,69_1174,2,50
68176,2024_068176_5c54362455f70afc,6,69_1174,2,6
68178,2024_068178_3c2f7d6efa1e0505,1,68_1174,4,11
68187,2024_068187_b38a96396654a7b9,3,68_1174,4,32
68191,2024_068191_004d0ca30f15260c,0,68_1174,4,6
68215,2024_068215_f691c3257160725f,0,69_1174,2,75
68241,2024_068241_9effe14716f03add,0,69_1174,2,7
68244,2024_068244_ef5f2f6ed420a3b4,1,70_1177,2,33
68248,2024_068248_e69e52ac61b7e773,2,69_1177,3,18
68249,2024_068249_d271a44cce60c69e,2,69_1177,3,35
68273,2024_068273_ba80cbce7c9d8796,3,70_1177,2,12
68291,2024_068291_3e93d0e924591a6d,0,69_1177,3,5
68294,2024_068294_99f896005787eeba,0,69_1177,3,6
68313,2024_068313_b1d59963366c0d4c,0,69_1177,3,4
68322,2024_068322_68e8314ba9a5bde0,4,69_1177,3,9
68342,2024_068342_61fe08ad00d62799,0,69_1177,3,3
68354,2024_068354_d60f8c7e85cec9f9,5,69_1177,3,2
68364,2024_068364_de1d54be8bf8e6cc,5,69_1177,3,5
68368,2024_068368_9ae779bc23993ef2,0,68_1176,1,3
68371,2024_068371_c814a448558657e0,2,68_1176,1,5
68386,2024_068386_8d84f1cec80c135b,1,68_1176,1,3
68396,2024_068396_25e086c852744a29,0,68_1176,1,5
68399,2024_068399_bd245fd0e01730be,3,68_1176,1,6
68400,2024_068400_0e4739820c2d0010,0,68_1176,1,7
68415,2024_068415_491bdca34e5b0607,3,68_1176,1,3
68426,2024_068426_c69f9f270c4d3d3d,0,69_1176,2,2
68430,2024_068430_c31663692befa0f3,2,69_1176,2,2
68433,2024_068433_d88844d934a13b9b,1,69_1176,2,4
68435,2024_068435_163dccbb17b8129c,2,69_1176,2,6
68439,2024_068439_51e0a1fa6f088d46,2,69_1176,2,3
68440,2024_068440_1d5bd4456f531148,2,69_1176,2,9
68453,2024_068453_87fcd1f74b7c3812,2,68_1176,1,8
68485,2024_068485_042b25bb9f4575e9,0,69_1176,2,27
68495,2024_068495_ee3381d16d039a54,0,68_1175,4,23
68497,2024_068497_b81fa2ce8affb86a,0,68_1175,4,22
68500,2024_068500_e7794abf49237d0b,0,68_1175,4,3
68515,2024_068515_2fea65e7c78a7910,0,68_1175,4,2
68523,2024_068523_ff328dd93b92f02a,0,68_1175,4,4
68524,2024_068524_076fff25c99e0210,4,68_1175,4,19
68526,2024_068526_cba38a535951edaf,0,68_1175,4,14
68546,2024_068546_13662d9e50d43074,3,68_1175,4,21
68563,2024_068563_374f66426418af02,3,69_1175,4,15
68576,2024_068576_5cbf42be74c2f062,4,69_1176,2,17
68594,2024_068594_1e78a25d2d0e9982,3,69_1176,2,56
68620,2024_068620_4fca41020915c2be,2,69_1176,2,20
68623,2024_068623_0f7a9ae728df60c3,0,69_1176,2,2
68633,2024_068633_eef88e46697f0785,0,69_1176,2,25
68641,2024_068641_ae62d50aa3ec0662,4,69_1176,2,11
68644,2024_068644_e2cf6a40eb98976d,2,69_1176,2,4
68645,2024_068645_a3db9cf7a1fcaa47,0,69_1176,2,13
68646,2024_068646_8fa4e753db2e5698,0,69_1176,2,17
68652,2024_068652_aac73c61d2934f95,1,69_1176,2,7
68666,2024_068666_6fb133494f381474,0,69_1175,4,22
68684,2024_068684_1fc25d52fc681699,1,69_1175,4,23
68689,2024_068689_3a35bf30366d2d33,6,69_1175,4,6
68703,2024_068703_9c2c844cb3044767,4,69_1175,4,51
68705,2024_068705_e6d89443c99a9479,1,69_1175,4,3
68706,2024_068706_13c11f9009b88bd4,0,69_1175,4,8
68708,2024_068708_cd8352eacfdfa5af,1,69_1175,4,3
68709,2024_068709_bfc216edffb63724,5,69_1175,4,19
68712,2024_068712_810c7f2349a5a040,3,69_1175,4,50
68721,2024_068721_07a34c371b71ee03,2,69_1175,4,51
68735,2024_068735_f8884b6da41237e9,1,69_1175,4,2
68738,2024_068738_fb943b1ecbc0ab3e,2,69_1176,2,10
68744,2024_068744_a3a3c9d11ac85724,0,69_1175,4,8
68746,2024_068746_a545ff9070cc21ef,3,69_1175,4,15
68748,2024_068748_e58a2c2dd7dd1415,1,69_1175,4,18
68750,2024_068750_8d0d680959464b77,0,69_1176,2,19
68761,2024_068761_fd248379a5acd247,1,69_1176,2,36
68764,2024_068764_b73304bda41ed8e6,3,69_1176,2,54
68778,2024_068778_f0a72ba7f55e9a96,0,69_1176,2,4
68785,2024_068785_f2a25005e18bbfe5,0,69_1176,2,2
68792,2024_068792_a2a29aa8bec22ad0,2,69_1176,2,17
68793,2024_068793_e963a50078e21269,0,69_1176,2,4
68794,2024_068794_c644eba1dda1b6b4,0,69_1176,2,33
68798,2024_068798_2002c07cd49520a5,3,69_1176,2,44
68801,2024_068801_cd066afd35115fa5,3,69_1176,2,16
68802,2024_068802_f0732b219de590c8,0,69_1176,2,8
68804,2024_068804_6a15202d9e618c7f,0,69_1176,2,11
68805,2024_068805_543066533b975034,0,69_1176,2,2
68807,2024_068807_984a2cab9c09a77c,0,69_1176,2,11
68814,2024_068814_1b1b69601b579284,2,69_1176,2,6
68815,2024_068815_82feec684c1ed527,2,69_1176,2,6
68816,2024_068816_942c7689d71c42b2,1,69_1176,2,2
68817,2024_068817_3cb7659c45fb23d3,4,69_1176,2,3
68818,2024_068818_d98848ca16c295d7,1,69_1176,2,3
68835,2024_068835_d5e6a2ebdf3f7f7b,4,69_1175,4,32
68837,2024_068837_d3cedb7994fcd9f6,3,69_1175,4,24
68842,2024_068842_da919af9034ef0d3,2,69_1175,4,37
68850,2024_068850_f816053502031b0b,1,69_1175,4,3
68855,2024_068855_5e58990f594720b5,0,69_1175,4,2
68866,2024_068866_251349bb9d0fdc0f,0,69_1176,2,6
68876,2024_068876_e7f4d21145243e4c,3,69_1176,2,17
68885,2024_068885_7b84a517e0060ae8,0,69_1176,2,7
68922,2024_068922_1c7d48791a9b7e1c,2,69_1176,2,13
68929,2024_068929_5c440e32a1496c3d,0,69_1176,2,2
68934,2024_068934_2a7ee5b4816d1de0,0,69_1176,2,8
68938,2024_068938_042b0bac15d5e219,0,69_1175,4,5
68946,2024_068946_2e6e91bd7bcb7103,5,69_1175,4,13
68954,2024_068954_0c3cef74912c63f0,0,69_1175,4,2
68957,2024_068957_12a3827b1e5ce7d4,0,69_1175,4,4
68961,2024_068961_68b49aae1edeb457,3,69_1175,4,15
68965,2024_068965_4a6d996fe7772875,2,69_1175,4,9
68974,2024_068974_bb2269d771ee667a,6,69_1175,4,59
68976,2024_068976_690f538bfdc1822c,0,69_1175,4,35
68977,2024_068977_98400adcaa838317,0,69_1175,4,3
68980,2024_068980_1c918a74dccb043d,0,69_1175,4,17
69025,2024_069025_44eab28e483a3068,6,69_1176,2,2
69043,2024_069043_94f9b427b1a1126d,4,69_1176,2,31
69061,2024_069061_1c94565c3cbb0578,3,69_1176,2,20
69071,2024_069071_f399037a8f0ec680,6,69_1176,2,12
69075,2024_069075_7ab7c93c3e183b50,2,69_1176,2,58
69099,2024_069099_55e4a5422ed666dd,3,69_1176,2,21
69100,2024_069100_8bbf1f816f6676bf,0,69_1176,2,36
69107,2024_069107_b25a967231572396,3,69_1176,2,10
69108,2024_069108_380531820c30dbc8,3,69_1176,2,20
69113,2024_069113_c3d1a78fc3435994,2,69_1176,2,29
69116,2024_069116_f68ebcce6a248e7d,6,69_1176,2,14
69117,2024_069117_4c683500f630bff7,3,69_1176,2,14
69119,2024_069119_5ea342262a1a31cd,3,69_1176,2,15
69121,2024_069121_9c01b4d868f047d7,0,69_1176,2,3
69122,2024_069122_c52a6e35e79f064b,5,69_1176,2,9
69128,2024_069128_f2e4395baa3abd69,2,69_1176,2,3
69134,2024_069134_a060aa6e67e6adf0,0,69_1176,2,9
69142,2024_069142_e493e709012c686f,1,69_1176,2,8
69148,2024_069148_277000e5de8d4a65,6,69_1176,2,5
69149,2024_069149_1ebe69f72835813c,3,69_1176,2,31
69158,2024_069158_009dcd11bc40f4b0,5,69_1175,4,30
69161,2024_069161_77ad46169199067e,6,69_1175,4,12
69162,2024_069162_e9d7331c92665b7e,3,69_1175,4,6
69164,2024_069164_d11c938edb203c48,3,69_1175,4,3
69167,2024_069167_02707edff8e663e4,6,69_1176,2,8
69205,2024_069205_4b923431f06e6501,6,69_1171,3,2
69209,2024_069209_b22d04aa623220b2,3,69_1171,3,21
69211,2024_069211_dc977cbbef8888ca,4,69_1171,3,14
69215,2024_069215_9ec9fd891bd91999,3,69_1171,3,23
69231,2024_069231_1049dcdec4245598,2,69_1171,3,29
69232,2024_069232_86ff76ba07dc4c94,2,69_1171,3,6
69235,2024_069235_f81508c2c2de4fb3,4,69_1171,3,9
69247,2024_069247_3537842f2b25cd73,3,69_1171,3,19
69257,2024_069257_f16a12fa54fcd474,4,69_1171,3,5
69274,2024_069274_822f241876560d02,1,69_1171,3,2
69275,2024_069275_570105e7cb79f8de,4,69_1171,3,9
69276,2024_069276_04d6bba9c43ee47f,0,69_1171,3,2
69279,2024_069279_46dac5e434066421,2,69_1171,3,3
69280,2024_069280_a098f791873ad087,3,69_1171,3,42
69285,2024_069285_5385f7dfd03473b1,4,69_1171,3,5
69287,2024_069287_14d94e561eb50154,1,69_1171,3,16
69305,2024_069305_3546dfd06ea6a9a1,0,69_1171,3,2
69306,2024_069306_8a23baf166673379,4,69_1171,3,6
69307,2024_069307_548288be59787d39,3,69_1172,5,36
69309,2024_069309_33eed0bbc3963858,3,69_1172,5,10
69318,2024_069318_c51ad1cb205da1e3,4,69_1172,5,31
69319,2024_069319_79e367dcae17cada,3,69_1172,5,33
69320,2024_069320_0739e68b4e0c7419,4,69_1172,5,7
69322,2024_069322_95ad186e752addb4,3,69_1172,5,4
69324,2024_069324_2597da034bc94836,5,69_1172,5,30
69328,2024_069328_e9d00d126fb9786c,2,69_1172,5,7
69329,2024_069329_0fc8fbe471fbb40b,4,69_1172,5,16
69335,2024_069335_18462128c5ffd5d8,3,69_1172,5,185
69346,2024_069346_d337394586f4880b,4,69_1172,5,29
69352,2024_069352_1510c31c239ecc74,2,69_1171,3,9
69353,2024_069353_40666ecd52faa090,1,69_1172,5,6
69357,2024_069357_c1984a2ed83d5257,4,69_1172,5,42
69363,2024_069363_d03a7b3180244df9,3,69_1172,5,2
69376,2024_069376_fed2a987a629a507,1,69_1172,5,6
69381,2024_069381_186419b6034ca3b0,2,69_1172,5,4
69382,2024_069382_421b7ea94a07414b,1,69_1172,5,7
69383,2024_069383_edfb99f233ee43d9,1,69_1172,5,9
69384,2024_069384_8c34a2b4f8594d50,2,69_1172,5,16
69397,2024_069397_f13f7e0f9fbd44f4,1,69_1171,3,7
69398,2024_069398_b09a4f6023c276fc,6,69_1172,5,9
69399,2024_069399_f59d6cf99b651362,2,69_1172,5,16
69408,2024_069408_48417fa4772599ab,0,69_1172,5,4
69430,2024_069430_9489be1a60f4d009,3,69_1172,5,7
69464,2024_069464_e3a9cad1c39f975d,0,69_1172,5,10
69468,2024_069468_231d0df1e1228c06,0,69_1172,5,15
69476,2024_069476_ad490fe04a9af9b8,1,69_1172,5,20
69477,2024_069477_f420ce9cb9b2fc11,3,69_1172,5,20
69481,2024_069481_818bae71887619d9,2,69_1172,5,21
69499,2024_069499_6b1164f0ad22d148,0,69_1172,5,7
69501,2024_069501_0545786d730e34bf,2,69_1172,5,12
69503,2024_069503_4e7a336c6f435b5f,3,69_1172,5,2
69504,2024_069504_8ccf65ce18eb46c1,1,70_1172,0,11
69521,2024_069521_1f7c607bbdfabc89,0,69_1172,5,7
69525,2024_069525_e07f00941a232047,2,69_1172,5,4
69531,2024_069531_368203294ac6f642,2,69_1172,5,4
69571,2024_069571_de2cc86138ffe72c,1,69_1172,5,3
69573,2024_069573_ac63921405a15cba,1,69_1172,5,3
69576,2024_069576_e48709a1f65d322f,0,69_1172,5,9
69582,2024_069582_5e9e878bc876b3ce,2,69_1172,5,18
69600,2024_069600_7a6264060fab5eff,3,69_1172,5,2
69606,2024_069606_4df2940f3552bddb,0,69_1172,5,3
69636,2024_069636_246e6d48d75c4428,0,69_1172,5,6
69637,2024_069637_553b19c444b08399,0,69_1172,5,3
69647,2024_069647_3511df8e30da97f4,1,69_1172,5,27
69648,2024_069648_17dfb8e64841c88b,0,69_1172,5,3
69659,2024_069659_a7641bd09ad5e53b,5,68_1172,4,13
69663,2024_069663_8c15a16fb265a2f4,3,68_1172,4,7
69669,2024_069669_4a19bfd226204f96,3,68_1172,4,3
69684,2024_069684_194710bbccb90737,3,68_1172,4,4
69697,2024_069697_934cab715396a5ee,3,69_1172,5,16
69701,2024_069701_6b48227013f09e68,4,69_1172,5,11
69702,2024_069702_7a66f76373c6cb5a,1,69_1172,5,5
69704,2024_069704_34b75110dd810d68,3,69_1172,5,15
69711,2024_069711_ba94443f066425da,6,70_1172,0,13
69714,2024_069714_aacec8062c4fa63a,3,69_1172,5,7
69716,2024_069716_ce2aec6b14742d4c,1,69_1172,5,4
69718,2024_069718_c909cb19d4f29bae,0,69_1172,5,4
69719,2024_069719_e8ad69791076daa1,0,69_1172,5,4
69731,2024_069731_71f6e5af260caae6,6,69_1172,5,8
69735,2024_069735_1c985bd0ff06262e,1,69_1172,5,6
69738,2024_069738_e20e8d2f9ef07286,6,69_1172,5,4
69739,2024_069739_302b514237f06243,2,69_1172,5,3
69746,2024_069746_41bbb4929c40ecc5,2,69_1172,5,4
69752,2024_069752_6fec962ff3eacad3,2,69_1172,5,19
69753,2024_069753_f8bda60c8b4db786,5,69_1172,5,46
69768,2024_069768_477c395ad612fdb5,0,69_1172,5,8
69775,2024_069775_12ce4d7f0dcdbfe4,2,69_1172,5,4
69795,2024_069795_eb570c4a6b3b604f,3,69_1172,5,15
69803,2024_069803_e7cc580e91cd2673,6,69_1172,5,10
69805,2024_069805_eed0e491dc1afafa,6,69_1172,5,11
69807,2024_069807_bad2bb38a8b2aa1b,6,69_1172,5,10
69840,2024_069840_47876430a62469cb,4,69_1172,5,4
69843,2024_069843_ad14255fddb2472f,0,69_1172,5,21
69844,2024_069844_f96eac89b6800d9e,2,69_1172,5,4
69846,2024_069846_b035333b3ca98e7b,0,69_1172,5,13
69848,2024_069848_d154f10581450908,1,69_1172,5,11
69849,2024_069849_b32b88a2f6e7b5d3,3,69_1172,5,2
69858,2024_069858_1737c9cbb165b127,0,69_1172,5,5
69862,2024_069862_42f3b18c613e2c83,2,69_1172,5,7
69866,2024_069866_f040898ac711a39a,4,69_1172,5,12
69874,2024_069874_e973f64afea3a3ba,6,69_1172,5,2
69930,2024_069930_551fe8af10f6306f,0,68_1172,4,4
69936,2024_069936_714ae2ab737590bd,1,69_1172,5,2
69940,2024_069940_b3c10e1722786eac,3,69_1172,5,9
69944,2024_069944_3e927d3382fb032a,3,69_1172,5,5
69946,2024_069946_77f3632d24b4dd73,3,69_1172,5,6
69949,2024_069949_a7a2b8884201a4e7,3,69_1172,5,10
69954,2024_069954_196848eb94a7f9b9,2,69_1172,5,3
69958,2024_069958_461c5da51903b7fc,1,69_1172,5,5
69963,2024_069963_41e61d6e35d86eda,4,69_1172,5,3
69974,2024_069974_6b8e6b181d400652,4,69_1171,3,22
69976,2024_069976_5b3e268add6478e7,3,69_1171,3,4
69996,2024_069996_ea0252e1c58979e9,4,69_1171,3,7
70003,2024_070003_1bc2aeb5c5476e2a,1,69_1172,5,16
70004,2024_070004_0f7c2d897944ca45,1,69_1172,5,2
70005,2024_070005_5d8c94d3c05e8e1a,1,70_1172,0,4
70035,2024_070035_b07af929a9cf2271,3,70_1172,0,7
70042,2024_070042_8615446175ab36e6,4,69_1172,5,9
70047,2024_070047_ab60e714d0db7746,4,69_1172,5,2
70049,2024_070049_2d81801949afb30c,4,69_1172,5,10
70057,2024_070057_d6499aaddb427c2a,0,69_1172,5,21
70075,2024_070075_049281bf89eb50e8,2,69_1172,5,8
70077,2024_070077_1cdbe47f19c70a1e,1,69_1172,5,5
70083,2024_070083_7c5721197cea35a9,0,69_1172,5,6
70102,2024_070102_b05ca2a9388fb85c,3,69_1172,5,23
70123,2024_070123_c5d15efa88649142,0,70_1172,0,2
70128,2024_070128_78836ff5428ecced,0,70_1172,0,2
70155,2024_070155_e87368a65d83d714,6,69_1172,5,5
70159,2024_070159_b294295f8a0fe3ba,3,69_1172,5,21
70174,2024_070174_87616e7e1db25883,1,70_1172,0,3
70180,2024_070180_d173e7ee2f2f89d4,3,69_1172,5,3
70202,2024_070202_e5a61a261c859769,4,69_1172,5,11
70209,2024_070209_af92482712e02080,0,70_1172,0,5
70222,2024_070222_05ca5eb4f84f95d5,2,69_1172,5,5
70230,2024_070230_f9284c83ce994f73,4,69_1172,5,3
70232,2024_070232_b37003a277242b80,1,69_1171,3,19
70243,2024_070243_5918b2e332931cbf,6,69_1171,3,2
70270,2024_070270_9520746b6aeaea3f,1,69_1172,5,8
70274,2024_070274_42f2e7063c0c3fdb,0,69_1172,5,3
70275,2024_070275_3f998300cb60bdb6,1,69_1172,5,10
70282,2024_070282_22430e185b01f839,0,69_1172,5,8
70285,2024_070285_fc7a9d4995b2229d,0,69_1172,5,9
70290,2024_070290_b9d1c5a65b235806,0,69_1172,5,3
70295,2024_070295_a8a9180d4b47c3bf,1,69_1172,5,14
70296,2024_070296_aa3f21d9417c68ac,0,69_1172,5,11
70303,2024_070303_0fc2401d1a63bfd5,4,69_1172,5,19
70322,2024_070322_8eb19c7fb5ded664,3,69_1172,5,20
70328,2024_070328_f46c96c235bd5cf5,1,69_1171,3,19
70330,2024_070330_f5f5f84beaf0b421,2,69_1171,3,19
70333,2024_070333_da52f900ca05590b,3,69_1171,3,18
70341,2024_070341_839ab88e9cd3eec9,3,69_1171,3,5
70345,2024_070345_02af2a0e1e66accf,1,69_1172,5,28
70347,2024_070347_7054e2144811df7f,3,69_1172,5,8
70351,2024_070351_54dfb102b05b6ba8,5,69_1172,5,25
70352,2024_070352_6d7d17065f5e7cc6,2,69_1172,5,26
70356,2024_070356_f4c4dcae70c5caae,2,69_1172,5,6
70358,2024_070358_9fa984eddfd854a3,2,69_1172,5,5
70365,2024_070365_67eadbc71305a94c,1,69_1172,5,6
70366,2024_070366_9f07b036d012b614,0,69_1172,5,12
70367,2024_070367_e2e815f87029c29e,0,69_1172,5,3
70370,2024_070370_3c7923c5b36f679a,4,69_1172,5,18
70373,2024_070373_fbce932d79fe52e3,4,69_1172,5,6
70382,2024_070382_e77279b5a746b18d,6,69_1172,5,7
70383,2024_070383_64b8f15d0921663d,2,69_1172,5,6
70384,2024_070384_4f9b129cbcb5658a,4,69_1172,5,17
70388,2024_070388_0ec32c6c388992e4,3,69_1172,5,19
70391,2024_070391_875f07f0e579e40f,2,69_1173,4,16
70394,2024_070394_9b4993253f1bea36,1,69_1172,5,8
70398,2024_070398_5dd1353532a5dbd6,3,69_1172,5,16
70405,2024_070405_a9558a5abbb4717d,2,69_1172,5,17
70407,2024_070407_5e280cf8ab6c25a8,6,70_1172,0,12
70410,2024_070410_17320f6faa8ec311,6,69_1172,5,13
70412,2024_070412_ece988bdd7515f14,3,70_1172,0,10
70429,2024_070429_77f823280b80d027,3,69_1172,5,7
70430,2024_070430_b91feb0eaf5acc39,6,69_1172,5,9
70431,2024_070431_fbc69aafca848a4c,0,69_1172,5,3
70442,2024_070442_a64e9c5ec3fa34a8,6,69_1173,4,8
70444,2024_070444_be164df9a933b352,1,69_1173,4,30
70445,2024_070445_952ef8662c72c011,0,69_1173,4,3
70446,2024_070446_04da8e5b2138fe7f,4,69_1173,4,63
70448,2024_070448_46d7bf3b36757f67,1,69_1173,4,14
70452,2024_070452_5823397ece22d98c,1,69_1173,4,2
70453,2024_070453_f16f98cdd5253123,1,69_1173,4,6
70458,2024_070458_1d0b649405944f5a,1,69_1173,4,8
70462,2024_070462_5b3f281ba81233b7,1,69_1172,5,4
70471,2024_070471_f46e13abfd303e02,2,69_1173,4,26
70474,2024_070474_a749baa217a466ff,6,69_1173,4,4
70475,2024_070475_b9ade5f186fd6f66,6,69_1173,4,22
70482,2024_070482_d2a773db87da138d,4,69_1173,4,11
70488,2024_070488_8dc54ed64c26db4b,3,69_1173,4,20
70501,2024_070501_2524c1eac79a37c3,2,69_1173,4,2
70505,2024_070505_fb33eac229f4f302,6,69_1173,4,2
70509,2024_070509_9e7f8676201d1d95,3,69_1173,4,2
70512,2024_070512_781a0a51d2757d8b,2,69_1173,4,4
70516,2024_070516_8bbe0db2dfd84f23,0,69_1172,5,26
70517,2024_070517_1e3a7f985b0433d3,0,69_1173,4,10
70520,2024_070520_6eff258cd0545a31,0,69_1173,4,3
70527,2024_070527_6f16c6dbf8314dff,4,69_1173,4,3
70528,2024_070528_806df4d4a2081f8d,1,69_1173,4,40
70530,2024_070530_1d39c1bd2b733681,4,69_1172,5,49
70531,2024_070531_5544bdac04a57d4f,4,69_1173,4,16
70536,2024_070536_3c057256be1203a6,4,69_1173,4,10
70543,2024_070543_52274ba5bb0306dd,1,69_1173,4,5
70549,2024_070549_30ef2e86d4608d75,6,69_1173,4,10
70556,2024_070556_07696b504ea32ef7,3,69_1173,4,12
70562,2024_070562_0e98e6b9fd9f3909,0,69_1173,4,2
70572,2024_070572_3fe7f6f885d4347f,3,69_1173,4,11
70584,2024_070584_96a6dea7fc9a467f,1,69_1173,4,12
70589,2024_070589_e9a30e02f7798eda,0,69_1173,4,17
70599,2024_070599_fc385a53cbbe363d,3,69_1173,4,10
70600,2024_070600_686e54b9ea116001,3,69_1173,4,9
70605,2024_070605_c9dec72759024426,4,69_1173,4,8
70642,2024_070642_79f2500cb02c38bd,3,69_1173,4,20
70645,2024_070645_d417b5623043e4eb,3,69_1173,4,6
70646,2024_070646_d0e371ca234c0b45,1,69_1173,4,4
70647,2024_070647_7238090b4cc0d07b,0,69_1173,4,6
70648,2024_070648_ffefcdd9546dfbf3,0,69_1173,4,8
70650,2024_070650_23682a0280a91e76,1,69_1173,4,12
70663,2024_070663_94c1abebe806a610,0,69_1173,4,12
70665,2024_070665_a7f5d4098a1b9cdf,1,69_1173,4,16
70674,2024_070674_5713d998f5d0168c,1,69_1173,4,12
70680,2024_070680_6386ec4842ac1cab,0,69_1173,4,17
70691,2024_070691_fb1df494cfef1e5f,0,70_1173,1,9
70697,2024_070697_cc97ecae2a600de3,1,70_1173,1,10
70702,2024_070702_fcd958cdd5ed2c27,1,70_1173,1,6
70713,2024_070713_81ca5b39d5dba030,1,70_1173,1,8
70716,2024_070716_265daf94f8bc80ca,3,70_1173,1,12
70722,2024_070722_1932e5bdd4473d52,1,70_1173,1,5
70728,2024_070728_34d72f355acc9aac,6,69_1173,4,8
70731,2024_070731_b203653e270afe36,0,69_1173,4,15
70732,2024_070732_d758c16560efaa34,0,69_1173,4,4
70733,2024_070733_e16cbde1910b67b1,3,69_1173,4,8
70734,2024_070734_47e5775ad83280ba,0,69_1173,4,10
70735,2024_070735_f77edd8d7b8282ed,3,69_1173,4,6
70736,2024_070736_f843cb9d0b3efc9b,3,69_1173,4,14
70737,2024_070737_6c2879c93d3a625c,4,69_1173,4,6
70738,2024_070738_4521423316817f68,1,69_1173,4,6
70739,2024_070739_886cc00549fed9b0,0,69_1173,4,9
70745,2024_070745_b5b634b0bfc31172,1,69_1173,4,5
70748,2024_070748_35f90875fcda62a2,3,69_1173,4,9
70750,2024_070750_13c5eae07da0d0d9,1,69_1173,4,3
70774,2024_070774_893eb18010736881,1,69_1173,4,4
70782,2024_070782_8195dbb97b5e02b8,4,69_1173,4,11
70790,2024_070790_49ce1bc45627bd15,1,69_1173,4,2
70797,2024_070797_0f507a08a5260935,0,69_1173,4,10
70799,2024_070799_10ca03702e24e4e1,0,69_1173,4,5
70809,2024_070809_75c89d4c49aeee32,4,69_1173,4,10
70826,2024_070826_cb5473bbad4e1f5b,2,69_1173,4,6
70840,2024_070840_d2567692ab5ceb3f,4,69_1173,4,7
70848,2024_070848_acdd7150403f8259,1,69_1173,4,4
70856,2024_070856_28c4b73a19621c17,0,69_1173,4,3
70858,2024_070858_b802bff41ec681e7,1,69_1173,4,5
70863,2024_070863_00085bf9200e3b77,6,69_1173,4,5
70874,2024_070874_0cde0b430fab1e5d,1,69_1173,4,45
70875,2024_070875_79914d79fef4dda9,1,69_1173,4,14
70881,2024_070881_289fec18a4686828,0,69_1173,4,2
70887,2024_070887_65e14163ca25d2e8,6,69_1173,4,3
70889,2024_070889_4aa8c5db14548afc,3,69_1173,4,22
70899,2024_070899_32f5ed9529eb6b28,1,69_1173,4,17
70932,2024_070932_d28e9496594d8717,4,69_1173,4,7
70937,2024_070937_4835ab54d67ca88b,4,69_1173,4,3
70941,2024_070941_23f8ac4902460d9e,2,69_1173,4,10
70942,2024_070942_82edf57f96ad1a6d,1,69_1173,4,7
70944,2024_070944_fa25407580addcb1,1,69_1173,4,10
70946,2024_070946_296ecc3638dfea92,0,69_1173,4,16
70947,2024_070947_c834d9a6add03f30,0,69_1173,4,16
70948,2024_070948_f7915b5f529f682e,0,69_1173,4,14
70960,2024_070960_69369d8f0931783f,1,69_1173,4,9
70967,2024_070967_21c7ec04d64627a1,1,69_1173,4,10
70968,2024_070968_62fdda1a2e9704a7,0,69_1173,4,10
70971,2024_070971_102275df10f93e49,4,69_1173,4,8
70972,2024_070972_93999228eecfb54d,0,69_1173,4,7
71009,2024_071009_dfb497728462e70c,1,69_1173,4,2
71026,2024_071026_fbd734263727cd25,1,69_1173,4,4
71054,2024_071054_8dd0d42e014ddd6d,0,69_1173,4,5
71066,2024_071066_12b0fb758ceb5dcb,0,69_1173,4,11
71069,2024_071069_117ba3082322b8f7,0,69_1173,4,3
71072,2024_071072_4363874d4c07f2ac,4,69_1173,4,10
71085,2024_071085_cd30749549bc93d6,3,69_1173,4,8
71099,2024_071099_23ef0ea35c067577,3,69_1173,4,7
71105,2024_071105_e1c1f3e77cbdfcb5,3,69_1173,4,15
71112,2024_071112_53f72aa5202b409f,3,69_1173,4,2
71128,2024_071128_3ee4c73aa1f5e832,1,69_1173,4,4
71133,2024_071133_7fb7ba04162c5f3b,2,69_1173,4,3
71149,2024_071149_ea893bd43b14a451,1,69_1173,4,2
71160,2024_071160_76a4acea27a1e17d,0,69_1173,4,13
71163,2024_071163_1398bba3a6ef8419,0,69_1173,4,3
71168,2024_071168_9d7d37f2676a2969,2,69_1173,4,29
71173,2024_071173_6f5ceae33e7dca4b,1,69_1173,4,5
71176,2024_071176_77edb08dc825a935,1,69_1173,4,5
71189,2024_071189_198c28a3a8e16105,1,69_1173,4,4
71195,2024_071195_64b93dc85bd2fff8,2,69_1173,4,12
71206,2024_071206_e4f822685bfeaa53,1,69_1173,4,2
71216,2024_071216_67d7721ba697cbd0,1,69_1173,4,4
71219,2024_071219_7ae2594f934e21c0,2,69_1173,4,7
71229,2024_071229_0a4189f59c66239c,1,69_1173,4,19
71233,2024_071233_19cc4a8bd221c75e,4,70_1173,1,88
71240,2024_071240_233cf1a3078d769d,3,70_1173,1,14
71280,2024_071280_dceabe5ac5026f8b,2,69_1173,4,6
71287,2024_071287_70fbf2636d478daa,2,69_1173,4,12
71311,2024_071311_fd44e9b49cb62dc6,3,69_1173,4,3
71315,2024_071315_a6a25e5b257cc8b7,3,69_1173,4,9
71331,2024_071331_b9980c806d32e4f1,6,69_1173,4,6
71335,2024_071335_cdcd28aa0275b212,0,69_1173,4,2
71338,2024_071338_754a48f660a76876,1,69_1173,4,3
71349,2024_071349_9376c74974b3d791,2,69_1173,4,4
71353,2024_071353_271f932822598fa3,0,69_1173,4,4
71357,2024_071357_cf3df9767ff73248,0,69_1173,4,2
71386,2024_071386_3ad1931e31f98723,3,69_1174,2,10
71391,2024_071391_4461e6ad7f946464,3,69_1174,2,9
71403,2024_071403_c143fcab4da67b3d,3,69_1173,4,39
71404,2024_071404_5f4b0c2663df3862,3,69_1173,4,25
71406,2024_071406_ef284e455b01a4b3,2,69_1174,2,14
71407,2024_071407_fe36fbfc3e6f9411,2,69_1173,4,2
71409,2024_071409_07ac8217131f6405,6,69_1174,2,21
71412,2024_071412_1a2f8f7c9e338bb6,0,69_1174,2,15
71413,2024_071413_d6e6b2fa0cee9abf,3,69_1173,4,12
71415,2024_071415_ba040add090bf8b9,6,69_1173,4,7
71418,2024_071418_bb7a524a810ac6f0,3,69_1173,4,3
71452,2024_071452_825008a51dad8b6e,4,69_1173,4,35
71453,2024_071453_137ff41544920ebe,0,69_1173,4,13
71456,2024_071456_045e097cf308ae1c,3,69_1173,4,29
71457,2024_071457_971befaa8ed73d4c,3,69_1174,2,29
71458,2024_071458_fc36a267c59af0f8,2,69_1174,2,29
71459,2024_071459_fcb66f212a01f88f,4,69_1174,2,16
71460,2024_071460_7c4220232ba9f946,2,69_1174,2,27
71463,2024_071463_6173633db520268e,0,69_1173,4,10
71465,2024_071465_1829367b2c319c82,3,69_1174,2,4
71468,2024_071468_054ab48892481b73,1,69_1173,4,8
71499,2024_071499_d346e2cbd9bf11df,0,69_1173,4,2
71500,2024_071500_9278fcf3a5edae37,1,69_1173,4,7
71504,2024_071504_d5971cffda4d4137,3,69_1173,4,15
71508,2024_071508_03c34b2eef5a973d,6,69_1173,4,30
71524,2024_071524_a169438e44c63947,0,69_1174,2,11
71527,2024_071527_a7eada175d247f9c,0,69_1174,2,10
71533,2024_071533_caea74d7964d49c7,4,69_1174,2,6
71534,2024_071534_610ae0172aee2493,0,69_1174,2,5
71543,2024_071543_ed1eeee3ad8227bf,0,69_1174,2,23
71547,2024_071547_ce05c9e882093784,0,69_1174,2,8
71552,2024_071552_9332c0373fb44048,0,69_1174,2,3
71564,2024_071564_28d732016244b552,2,69_1174,2,40
71566,2024_071566_7c77f401a10468fc,0,69_1174,2,66
71568,2024_071568_fd0a62336c49bc7e,4,69_1174,2,19
71572,2024_071572_4f51f67b23dd8260,1,69_1174,2,6
71576,2024_071576_048d9b52b10f3c17,0,69_1174,2,26
71587,2024_071587_883878b015b0913c,1,69_1174,2,13
71594,2024_071594_93c2ecead7cd6200,1,69_1174,2,16
71613,2024_071613_af9c9bcf25ec26d5,0,69_1174,2,30
71618,2024_071618_5ec2d9ca45544811,4,69_1174,2,4
71639,2024_071639_ac757ae7432819b7,0,69_1174,2,12
71654,2024_071654_3163fa0f2c9adb9a,1,69_1173,4,2
71659,2024_071659_a35f6e669edfbcc7,6,69_1173,4,14
71664,2024_071664_7bbeebcd82a27292,3,69_1173,4,19
71670,2024_071670_f5ee2c0ad670b819,3,69_1173,4,11
71675,2024_071675_fdd243c4eef36074,4,69_1173,4,3
71679,2024_071679_839bd225e76f0bca,2,69_1173,4,15
71681,2024_071681_1cb5006c792ff6b1,3,69_1173,4,2
71693,2024_071693_b8cf8aaf832a80d6,1,70_1173,1,23
71695,2024_071695_121a471106fc279e,0,70_1173,1,6
71696,2024_071696_a03a118690d89b71,0,70_1173,1,4
71699,2024_071699_e8de9458f741ed95,0,70_1173,1,4
71703,2024_071703_637a0cc0d33f58e2,1,70_1173,1,2
71704,2024_071704_d90fc70857216a3b,1,70_1173,1,10
71707,2024_071707_47a761ac6fe13987,0,70_1173,1,5
71722,2024_071722_a0caa86ad0ba3be9,1,69_1173,4,3
71782,2024_071782_d920e4a4841ff5eb,6,69_1173,4,11
71784,2024_071784_651bead1fb9df696,3,69_1173,4,4
71796,2024_071796_06e351d027295026,4,70_1174,5,18
71799,2024_071799_2a78b1df1a542811,0,69_1174,2,2
71806,2024_071806_72244cd1b3eb4fd3,3,70_1174,5,44
71808,2024_071808_d9ba4b659e2293d6,3,70_1173,1,8
71810,2024_071810_d5260c7290d05ead,1,70_1173,1,3
71821,2024_071821_e8b8b756e3e9b72e,0,70_1174,5,9
71826,2024_071826_b5c05f3c36b97e5c,3,70_1173,1,85
71829,2024_071829_de9b8bb555baab11,6,69_1174,2,43
71835,2024_071835_0404de6dc28b1f35,6,69_1174,2,3
71837,2024_071837_cbad39c69c4007ca,4,69_1174,2,25
71839,2024_071839_46c1f0dea19cb41d,3,69_1174,2,34
71848,2024_071848_b8830e984a53bb11,4,69_1174,2,5
71853,2024_071853_951fa74c7b47538c,3,69_1174,2,2
71860,2024_071860_74dc5f5bacb66b50,3,70_1172,0,31
71869,2024_071869_28a86d7d62059609,2,69_1172,5,2
71888,2024_071888_3d6df776472d5e6f,3,69_1173,4,17
71892,2024_071892_3b1ec2e3fc710d04,4,69_1174,2,27
71896,2024_071896_ff7b8c20d66f574f,0,69_1174,2,11
71899,2024_071899_9aa4782981d04657,1,69_1174,2,58
71912,2024_071912_81c2c7885a2eff9c,0,69_1173,4,2
71924,2024_071924_86ccc42bd42372a6,2,69_1173,4,6
71933,2024_071933_5feef4cb2255a39c,1,69_1173,4,3
71937,2024_071937_d5f5fd1f35e0e126,6,69_1173,4,28
71938,2024_071938_1c0711a8e6d0ab73,0,69_1173,4,9
71940,2024_071940_b54328dc5e885a51,6,69_1173,4,15
71944,2024_071944_46b87746c292be93,0,69_1173,4,13
71951,2024_071951_20d55dad8a1e4f4d,0,69_1173,4,4
71974,2024_071974_d8a201c16f938c66,0,69_1173,4,7
71986,2024_071986_d9f95a5a6c8265f9,1,69_1172,5,7
71995,2024_071995_6cb050067eb65c7a,3,69_1172,5,15
71997,2024_071997_e66d05fc1ebaaddb,2,69_1172,5,3
72001,2024_072001_8a7d5ad33f09f984,6,69_1172,5,23
72007,2024_072007_2cfb75d9dbe06af4,1,69_1172,5,4
72015,2024_072015_77317ab60f0ab465,1,69_1172,5,4
72027,2024_072027_da290d6215fdaa3f,3,69_1173,4,11
72036,2024_072036_c3292fba60e571bc,2,69_1173,4,3
72066,2024_072066_320a23d719ddfa06,1,67_1173,3,2
72072,2024_072072_b382fb92608d4959,1,67_1173,3,12
72073,2024_072073_3bc1eab7861d3160,2,67_1173,3,6
72116,2024_072116_4a0ba0b1a59b2ab2,2,67_1173,3,5
72119,2024_072119_489c25d1693182ce,0,67_1173,3,9
72122,2024_072122_e45426952c046515,0,67_1173,3,8
72130,2024_072130_bcc967a02708a3ef,0,67_1173,3,14
72131,2024_072131_76f516d0fea61587,1,67_1173,3,4
72138,2024_072138_450de59fb58c59e9,2,67_1173,3,54
72139,2024_072139_407971d3ec678b28,3,67_1173,3,25
72141,2024_072141_717639585c91659e,3,67_1173,3,35
72144,2024_072144_0121fc9218bdbb00,0,67_1173,3,22
72145,2024_072145_a1df82b49ad9410e,0,67_1173,3,15
72185,2024_072185_d5fda9ce6e4dc5e8,3,67_1173,3,25
72193,2024_072193_3a10b0b6fa216452,4,67_1173,3,18
72207,2024_072207_217952fa8951ebf8,3,67_1173,3,8
72219,2024_072219_2ecc061fce57b84e,0,67_1173,3,2
72220,2024_072220_2b4b6b05bc7ecb56,2,67_1173,3,3
72221,2024_072221_7c73df7d094a2e1b,2,67_1173,3,5
72222,2024_072222_f62051c65db13043,2,67_1173,3,6
72223,2024_072223_7aa35893e748b243,2,67_1173,3,3
72224,2024_072224_64710c8369f28e6c,2,67_1173,3,3
72226,2024_072226_fcde00500ac6ad87,0,67_1173,3,2
72265,2024_072265_51b1411b433dab32,0,67_1173,3,5
72275,2024_072275_f969df70e4a7ceb9,0,67_1173,3,21
72285,2024_072285_06d97db40e9d8e9e,0,67_1173,3,25
72301,2024_072301_79d8a98726251cfd,0,67_1173,3,2
72317,2024_072317_47dbf3712bd619fd,0,67_1173,3,3
72320,2024_072320_104174a3905a0fc5,0,67_1173,3,4
72321,2024_072321_187da0abcd313ce3,1,67_1173,3,3
72325,2024_072325_1d3110ee7143a736,0,67_1173,3,14
72327,2024_072327_2940e1c74d35c9fb,0,67_1173,3,7
72331,2024_072331_4805faa898aa4abc,0,67_1173,3,8
72335,2024_072335_e375e88999409d3a,0,67_1173,3,7
72347,2024_072347_c795b4537ed83d5b,0,67_1173,3,3
72351,2024_072351_cef01b803668c352,0,67_1173,3,9
72356,2024_072356_4c52c37e1afa984b,0,67_1173,3,16
72372,2024_072372_c704dd396b693954,0,67_1173,3,5
72377,2024_072377_29b00c414f0a9f14,0,67_1173,3,12
72378,2024_072378_baac6dd340d55ff6,0,67_1173,3,3
72395,2024_072395_83b32dbe79b7b14a,0,67_1173,3,2
72396,2024_072396_873bc3b41101a453,0,67_1173,3,5
72398,2024_072398_8fc75ae480ed152a,0,67_1173,3,5
72402,2024_072402_b6acfc8df64c1704,0,67_1173,3,5
72403,2024_072403_6ea1e075776b2713,0,67_1173,3,7
72413,2024_072413_4f00aa7d72cf62b0,0,67_1174,3,8
72432,2024_072432_8b18df8a3c807986,0,67_1173,3,3
72451,2024_072451_0252d9af9fd3ee0a,0,67_1173,3,3
72455,2024_072455_44a7d9769883c95a,0,67_1173,3,3
72459,2024_072459_27b572b402a9e4b9,4,67_1173,3,9
72494,2024_072494_f9e1a91676de4874,1,67_1173,3,23
72510,2024_072510_2af25b525addab6b,0,67_1174,3,2
72512,2024_072512_a1f4e61bde0dc233,0,67_1173,3,14
72514,2024_072514_960e9596dd8b0315,0,67_1173,3,4
72517,2024_072517_3d8e720ec197efdf,3,67_1173,3,6
72520,2024_072520_c6fdc234d3848d97,3,67_1173,3,4
72528,2024_072528_49674158338dee25,1,67_1174,3,10
72535,2024_072535_217538ac9036595d,0,67_1174,3,2
72547,2024_072547_6775f8b202aff463,0,67_1174,3,7
72559,2024_072559_9f04025d66bd3793,1,67_1173,3,21
72580,2024_072580_37968176a65ed0c8,4,67_1174,3,9
72620,2024_072620_2334f885a0cbe18a,0,67_1174,3,6
72627,2024_072627_1f0a264ecf36328f,0,67_1174,3,3
72639,2024_072639_2997e40712fee8f2,0,67_1174,3,3
72644,2024_072644_d2394d2867216661,0,67_1174,3,4
72657,2024_072657_efc9a851280c3bcf,0,67_1174,3,6
72670,2024_072670_690f6650e743a445,1,67_1174,3,10
72672,2024_072672_8094441594da94f9,2,67_1174,3,10
72678,2024_072678_436dcc4ba940b7f8,4,67_1174,3,11
72682,2024_072682_31339a3b64d7becb,0,67_1174,3,11
72684,2024_072684_969a62d91105147e,0,67_1174,3,9
72687,2024_072687_aa01090e7e5dfdec,1,67_1174,3,4
72691,2024_072691_2a53cac57eb8787a,2,67_1174,3,10
72704,2024_072704_b27b4df197d93eab,0,67_1173,3,7
72706,2024_072706_df233809364e505d,0,67_1173,3,7
72731,2024_072731_7bdb65ed49b25704,0,67_1174,3,18
72738,2024_072738_27929a4833d309d6,3,67_1174,3,3
72744,2024_072744_30218cbf8391e6ab,0,67_1174,3,5
72749,2024_072749_c1d9248ca0adc88e,0,67_1174,3,8
72752,2024_072752_f38ab8b1d9223338,0,67_1174,3,17
72760,2024_072760_9b9f316f0e306d0e,0,67_1174,3,3
72789,2024_072789_6923b99c7e7bbc4c,0,67_1174,3,42
72790,2024_072790_d0506dd009a62184,3,67_1174,3,2
72792,2024_072792_c41504206ad23715,1,67_1174,3,6
72793,2024_072793_c6ad783d12182d5f,3,67_1174,3,18
72795,2024_072795_6a5f77cfa80e4505,0,67_1174,3,3
72848,2024_072848_f18db5e7af471709,2,67_1174,3,4
72856,2024_072856_0c072c417b3b0608,4,67_1174,3,8
72863,2024_072863_a78efe4e9c452f55,0,67_1174,3,9
72885,2024_072885_fca2da586ad0db28,0,67_1173,3,4
72891,2024_072891_8a4bb2fc66f663b9,0,67_1173,3,16
72905,2024_072905_867efeec60d1e20c,0,67_1174,3,32
72911,2024_072911_0cb4c40cbf52fcb9,0,67_1174,3,2
72919,2024_072919_91161a07add29a04,0,67_1174,3,11
72949,2024_072949_a0e0cee37de81879,0,68_1175,4,146
72958,2024_072958_cefa1cb5c9406ee3,5,68_1175,4,10
72961,2024_072961_30a81477dcb9ed45,1,68_1175,4,78
72962,2024_072962_7b4207dd811c4ef2,5,68_1175,4,15
72963,2024_072963_b58977d09bb72d2e,0,68_1175,4,4
72964,2024_072964_1f85d93ca8e014d1,1,68_1175,4,4
72976,2024_072976_1894660dfb4f3c87,1,68_1175,4,23
72979,2024_072979_16053b983b2f1961,0,68_1175,4,18
72982,2024_072982_e48a612ee3150693,0,68_1175,4,32
73003,2024_073003_de21276fb085b3b5,0,68_1175,4,2
73008,2024_073008_2ed8483f6ad96049,4,68_1175,4,32
73022,2024_073022_16ba6fc808a6430e,2,68_1175,4,24
73029,2024_073029_78b36faf927f7b48,6,67_1175,2,15
73034,2024_073034_03e9acace5c462d6,0,67_1175,2,8
73057,2024_073057_f5fddb354454074d,1,67_1175,2,3
73062,2024_073062_305cd00841282f9d,0,67_1175,2,6
73067,2024_073067_ed095fa0a3d248f3,0,67_1175,2,6
73072,2024_073072_7a52aa9ab488a275,3,68_1175,4,15
73088,2024_073088_6c42592d62000798,0,68_1175,4,4
73103,2024_073103_20ac6a496ef0d161,3,68_1176,1,13
73110,2024_073110_3e5d2f86fc468409,4,68_1175,4,5
73124,2024_073124_c03af432e02ed3c3,0,68_1175,4,2
73141,2024_073141_6718f6e48eed0a9d,3,68_1175,4,15
73162,2024_073162_dc0e2675c4c1ffcd,0,68_1175,4,13
73163,2024_073163_d9a73ece11661863,0,68_1176,1,24
73171,2024_073171_4075c92e6abb3795,0,68_1175,4,19
73176,2024_073176_109d92d8a0f2e258,0,68_1176,1,19
73185,2024_073185_30486946f0d7acb9,0,68_1176,1,5
73204,2024_073204_1002a6bbfac39516,0,68_1176,1,2
73213,2024_073213_d8119fa9503aad03,0,68_1176,1,2
73216,2024_073216_7507483bb2e5c137,0,68_1176,1,5
73218,2024_073218_8c38493def8de7e3,0,68_1175,4,4
73220,2024_073220_a23e3361feac7e20,2,68_1175,4,16
73222,2024_073222_a9a80eb7e7796eb7,0,68_1176,1,3
73237,2024_073237_7bcc8c8286b047c7,0,68_1176,1,4
73252,2024_073252_be1ce5fab2f97d15,1,68_1176,1,10
73253,2024_073253_7733a5d1514669f7,0,68_1176,1,5
73271,2024_073271_81590f6837e1d06e,0,67_1176,3,4
73286,2024_073286_827664f47b1b42b4,0,67_1176,3,3
73292,2024_073292_67936e791d1c7544,1,68_1176,1,5
73293,2024_073293_0ac1630fd204d913,0,68_1176,1,9
73311,2024_073311_231a3ed7538dc20d,0,68_1176,1,2
73320,2024_073320_ebf954fad4db9589,0,68_1176,1,6
73341,2024_073341_377f7911108dd60c,1,68_1176,1,6
73342,2024_073342_0b82fc364ea2b9a3,0,68_1176,1,5
73350,2024_073350_6d6fe8e5dbb842b5,0,68_1176,1,4
73356,2024_073356_4bb11608b3cf5697,0,68_1176,1,2
73386,2024_073386_b86cdbe1fffbf57f,1,68_1176,1,8
73405,2024_073405_ebcd2d821e64b161,1,68_1176,1,16
73410,2024_073410_1209abb643386b33,0,68_1176,1,2
73417,2024_073417_9889179271fb2397,0,68_1176,1,40
73418,2024_073418_4c3c60b926ec6f72,0,68_1176,1,27
73422,2024_073422_eaca971a9df3c73c,0,68_1176,1,14
73425,2024_073425_b293855ed74b3bcf,0,68_1176,1,12
73426,2024_073426_350de0af9c1e2bdf,0,68_1176,1,2
73428,2024_073428_828a972d4dfc4b81,0,68_1176,1,10
73429,2024_073429_5ff3f6c5f804e82d,0,68_1176,1,9
73430,2024_073430_7f910fe4eb4b6d22,0,68_1176,1,5
73431,2024_073431_1842e4a75a62e30a,0,68_1176,1,4
73433,2024_073433_c380a92d2a36b6ce,0,68_1176,1,5
73445,2024_073445_6fad6be8c12d30fc,0,69_1176,2,2
73449,2024_073449_e77a069c34a51110,0,68_1176,1,2
73465,2024_073465_ffbb15a51b70ee9c,0,68_1176,1,3
73468,2024_073468_bc17d488a8888152,1,67_1176,3,43
73470,2024_073470_084c31fd8b8c5b90,0,67_1176,3,5
73476,2024_073476_9f6572cf9409a6e9,0,67_1176,3,20
73487,2024_073487_29c0b657919b7a7b,2,68_1176,1,4
73495,2024_073495_c7504dfb892a104b,1,68_1176,1,4
73503,2024_073503_3bb1b997257d6440,1,68_1176,1,4
73504,2024_073504_ea0919df4cb33677,0,68_1176,1,2
73517,2024_073517_6660f9b0f7ae73de,1,68_1176,1,3
73519,2024_073519_8e3e066f11486bd1,2,68_1176,1,2
73522,2024_073522_3f966332e695ea0f,2,68_1176,1,4
73523,2024_073523_3d77f5aafd732a0e,2,68_1176,1,18
73532,2024_073532_e7c435f342264123,3,68_1176,1,6
73535,2024_073535_bb6de153f3522109,0,67_1176,3,40
73537,2024_073537_f4e6b80bb5f4efb0,1,68_1176,1,11
73539,2024_073539_e259d4e0d00f0f8f,4,67_1176,3,20
73550,2024_073550_2c2270cd3566c7e2,6,68_1176,1,8
73553,2024_073553_61c82e78c80f680c,2,68_1176,1,9
73565,2024_073565_79144c971112e993,2,68_1176,1,25
73570,2024_073570_44a09eaa2f0c86f6,2,68_1176,1,18
73573,2024_073573_769f97651b0dfd86,1,67_1176,3,9
73578,2024_073578_9767487db252c420,2,68_1175,4,5
73585,2024_073585_a37f43d3f1ea30e6,0,68_1175,4,16
73588,2024_073588_df4e93610dd2c873,4,68_1176,1,6
73592,2024_073592_c7307c2321b7ed95,0,68_1176,1,3
73593,2024_073593_d6a39e7e8df01057,0,68_1176,1,6
73595,2024_073595_565f964c9111aade,0,68_1176,1,3
73597,2024_073597_6eb40f6066c467b3,0,68_1176,1,6
73607,2024_073607_0109bf080fb27254,1,69_1176,2,4
73610,2024_073610_2e03af54b63c8a79,1,68_1176,1,8
73613,2024_073613_fc7abf5b118f910c,0,68_1176,1,9
73623,2024_073623_9d087115749f3b0a,0,68_1176,1,24
73630,2024_073630_ea8793be5c97c408,0,68_1176,1,2
73634,2024_073634_b422c088a10af4ff,1,68_1176,1,3
73674,2024_073674_a307a6e810a28c89,2,68_1175,4,12
73677,2024_073677_f6fab708cce208bf,1,68_1176,1,9
73680,2024_073680_8d250634104d758f,2,68_1176,1,4
73682,2024_073682_ac0db1797c4f6099,0,68_1176,1,2
73683,2024_073683_c3d9f55c79a84703,0,68_1176,1,2
73684,2024_073684_46325df8d9a7134b,0,68_1176,1,3
73685,2024_073685_eda5b3e7edc0eed4,0,68_1176,1,2
73686,2024_073686_0db9b3008e588540,0,68_1176,1,22
73687,2024_073687_5d7588cb6bc9c69a,0,68_1176,1,4
73692,2024_073692_be09e5aa63a2e344,0,68_1176,1,30
73715,2024_073715_91096a0e95176b03,2,68_1176,1,8
73721,2024_073721_9253ef1b0786900a,0,68_1176,1,2
73723,2024_073723_180b61c407a84470,0,68_1176,1,4
73725,2024_073725_9806a2a54a4cd26e,0,68_1176,1,2
73740,2024_073740_5439df920b84e2b4,2,68_1176,1,3
73742,2024_073742_8cb7e9cd8d58ef2a,2,68_1176,1,63
73748,2024_073748_11d8852ab2cac91c,1,68_1176,1,25
73752,2024_073752_deb562feeb342835,3,68_1176,1,11
73760,2024_073760_c953f7cea70372bd,3,68_1176,1,16
73771,2024_073771_2bf84127decb4927,3,69_1174,2,14
73776,2024_073776_2afc0ea79cb248f0,6,69_1174,2,25
73798,2024_073798_12fcddec6bfe62ad,2,69_1174,2,40
73803,2024_073803_9bbb3fc7324a0259,4,69_1175,4,5
73809,2024_073809_90b2a8829255d576,0,69_1174,2,8
73813,2024_073813_5f60529056a9d2a2,6,69_1175,4,8
73814,2024_073814_6fdb63aab26308b5,6,69_1175,4,61
73817,2024_073817_16cfc822815f8cfb,3,69_1175,4,15
73818,2024_073818_67491548c9892558,4,69_1175,4,5
73823,2024_073823_492b1a8a71ab8764,3,69_1175,4,3
73844,2024_073844_eb71e4ae0b40b3e2,0,68_1174,4,4
73869,2024_073869_a0e8250982fe0615,0,68_1175,4,3
73878,2024_073878_cd2b3f9d4c991ea3,1,69_1175,4,9
73881,2024_073881_7ec45899dafc9458,1,69_1175,4,3
73889,2024_073889_967594d3d65aaa52,4,69_1175,4,8
73892,2024_073892_6248e552295de259,0,69_1175,4,5
73895,2024_073895_fd50dfa3b81d9330,0,69_1174,2,3
73931,2024_073931_0934f435aa6f10c4,4,69_1175,4,70
73943,2024_073943_b0a2d39d5d280c54,5,69_1175,4,4
73944,2024_073944_eef293af46d39893,3,69_1175,4,26
73953,2024_073953_5ef2c73875d8f5b0,6,69_1175,4,8
73957,2024_073957_440cac816aa6e355,2,69_1174,2,53
73972,2024_073972_ae1e87d5dc49ccf7,1,69_1174,2,5
73974,2024_073974_5a1c751fe11e9f9e,6,69_1175,4,15
73979,2024_073979_c69d176b841a49b6,6,69_1174,2,3
74000,2024_074000_fdcdaada776dbff0,1,69_1174,2,4
74002,2024_074002_39593d3999652385,3,69_1174,2,28
74019,2024_074019_40c45dcc00624be5,0,69_1174,2,9
74020,2024_074020_af163f7c0446059b,6,69_1174,2,25
74037,2024_074037_57e63491163e1251,3,69_1175,4,31
74040,2024_074040_29a7c2e207ae61e6,4,69_1175,4,7
74045,2024_074045_8c9191eff9d3febe,3,70_1175,5,12
74047,2024_074047_7ddb50a511af6a9e,0,70_1175,5,2
74049,2024_074049_0c6c212b4dcf7b9b,3,70_1175,5,9
74053,2024_074053_db1e1252f362e52a,3,70_1175,5,5
74055,2024_074055_b7f58d2dd5977ee2,2,70_1175,5,3
74059,2024_074059_9c7158d737cac3b9,0,70_1175,5,9
74060,2024_074060_17da3bb33000e752,2,70_1175,5,3
74073,2024_074073_1b9e1c05fddc85e8,3,69_1175,4,32
74075,2024_074075_8a2a6343acf104ea,4,69_1175,4,31
74079,2024_074079_dd36dca62a3023bc,6,69_1175,4,18
74082,2024_074082_de9dab0435602aa9,3,69_1175,4,77
74086,2024_074086_531c15e7927ba716,6,69_1175,4,4
74098,2024_074098_21e7c95b0ae7440a,3,69_1175,4,30
74104,2024_074104_9f5396ff9a604411,3,69_1175,4,17
74107,2024_074107_1538624cded99de1,2,69_1175,4,28
74114,2024_074114_0adcb85960cb2749,3,69_1175,4,5
74118,2024_074118_5cb37d0e77009eca,0,69_1175,4,4
74121,2024_074121_081a3bbaae72e138,2,69_1175,4,41
74135,2024_074135_b7b09277f68f2f06,2,69_1175,4,12
74177,2024_074177_bad1f902fd381be4,0,69_1175,4,3
74178,2024_074178_4ac02530222ebbe2,5,69_1175,4,3
74179,2024_074179_64365d62fa7e9fa4,0,69_1175,4,4
74184,2024_074184_f65ed435e62b8b78,2,69_1175,4,18
74187,2024_074187_d83b804e577065cb,1,69_1175,4,22
74192,2024_074192_0aff8f8e7924be3d,1,69_1175,4,6
74194,2024_074194_6caafb794df1db01,0,69_1175,4,20
74199,2024_074199_f1cbd95f21fccad9,0,69_1175,4,18
74203,2024_074203_9cc01bd2b6e51232,3,69_1175,4,22
74223,2024_074223_7c63e876f5113db0,6,69_1175,4,67
74226,2024_074226_934769c1bf7edb8b,3,69_1175,4,35
74230,2024_074230_58ec7530e7bc15ed,4,69_1175,4,21
74235,2024_074235_0e4928b176480905,0,69_1175,4,7
74237,2024_074237_c586761ce889a83e,3,69_1175,4,13
74239,2024_074239_ece17ec93f3f5a54,0,69_1175,4,2
74241,2024_074241_d15d16615362d74c,0,69_1175,4,2
74242,2024_074242_ac1e685b27f8dc54,3,69_1175,4,3
74245,2024_074245_afde30b7b88c9d27,3,69_1175,4,2
74257,2024_074257_dee34a1caf33726d,1,69_1175,4,4
74260,2024_074260_24c9d3052b887131,2,69_1175,4,19
74274,2024_074274_06b6ebbb2ae3536d,6,69_1175,4,33
74289,2024_074289_b13b8d61b335f2ea,5,69_1175,4,18
74301,2024_074301_1081b70766ac6647,6,69_1175,4,17
74305,2024_074305_ffa0f233bf477c84,2,69_1175,4,4
74307,2024_074307_62e91e49e670ec09,5,69_1175,4,5
74318,2024_074318_93bf8e80e1a72dba,0,69_1175,4,2
74321,2024_074321_f7585aa1d5789ef3,0,69_1175,4,6
74326,2024_074326_9e0b9c445344f7fb,0,69_1175,4,2
74333,2024_074333_8b232b12ffe6701d,0,69_1175,4,2
74334,2024_074334_40a8ca14ea8e799b,5,69_1175,4,2
74361,2024_074361_4046614bc5a2d44b,3,68_1175,4,15
74365,2024_074365_f004bd2624f7c734,2,68_1175,4,14
74369,2024_074369_c46d8d897223761c,3,68_1175,4,23
74370,2024_074370_0ef3c83b195ed2b8,0,68_1175,4,35
74371,2024_074371_f19f5f26fe8ae07f,2,68_1175,4,2
74372,2024_074372_2e45c286d688526a,2,68_1175,4,3
74380,2024_074380_61c0a4ab3bf934fd,1,68_1175,4,12
74387,2024_074387_de669906e00a25d4,0,69_1175,4,66
74393,2024_074393_8fedb3667a1578c5,6,69_1175,4,12
74394,2024_074394_d5b4778507789258,0,69_1175,4,16
74397,2024_074397_bede418816be7af1,0,69_1175,4,25
74401,2024_074401_93b0e24715fc0f32,6,69_1175,4,6
74403,2024_074403_1d94adc866b0bdd2,4,69_1175,4,15
74416,2024_074416_abb848e85fcf1a02,2,69_1175,4,5
74421,2024_074421_da9dfc8674af067b,3,69_1175,4,35
74432,2024_074432_dbc5f70395e78833,3,69_1175,4,36
74445,2024_074445_2823eb17d0d46bd2,0,70_1175,5,16
74449,2024_074449_fbb0b74fb415a08b,0,70_1175,5,8
74450,2024_074450_cb5501d49fc375c3,0,70_1175,5,3
74502,2024_074502_5310101de963bf8b,4,69_1175,4,5
74504,2024_074504_c62b5b8290e9b695,3,69_1175,4,24
74508,2024_074508_8402bb9c800c9829,5,69_1175,4,18
74520,2024_074520_864eec877a7d3468,6,69_1175,4,5
74523,2024_074523_0739d74307263597,0,69_1175,4,2
74530,2024_074530_17bb99d855a8b6d1,0,69_1175,4,3
74531,2024_074531_a6430228cc96d660,3,69_1175,4,24
74534,2024_074534_5d7c89c8cd7de580,6,69_1175,4,14
74563,2024_074563_02fd2340195b7cc5,5,69_1175,4,12
74572,2024_074572_ca0cb9a4b1c1c568,3,69_1175,4,8
74589,2024_074589_f30e1334e9e0894c,3,69_1175,4,10
74599,2024_074599_b9f4b56a7828b18e,2,69_1175,4,7
74603,2024_074603_cd67f82a8f810d2f,3,69_1175,4,16
74621,2024_074621_fed976eecc7efd1b,4,69_1175,4,24
74629,2024_074629_caf41273c58ce40c,3,69_1175,4,14
74631,2024_074631_0a4cd09efe4bf449,3,69_1175,4,16
74633,2024_074633_8dd4b589bf490040,6,69_1175,4,10
74635,2024_074635_ff0c63ac4d987de8,2,69_1175,4,3
74642,2024_074642_92fff4d7140b2645,3,70_1175,5,35
74644,2024_074644_66df965872b5c956,3,69_1175,4,8
74645,2024_074645_93c1d32065bdf717,4,69_1175,4,42
74647,2024_074647_c2b7c590a013578e,4,69_1175,4,17
74652,2024_074652_25a67084165734d2,4,69_1175,4,33
74654,2024_074654_964be0ade8f652a4,4,69_1175,4,10
74655,2024_074655_54372e9fa28549e3,3,69_1175,4,5
74657,2024_074657_1321824f623cc14f,4,69_1175,4,16
74666,2024_074666_3232f3ec1037549b,4,69_1175,4,15
74667,2024_074667_312d7d20b2b0cb80,0,69_1175,4,6
74671,2024_074671_1da0d88ecad359ad,3,69_1175,4,8
74685,2024_074685_2dfdb858d83aed5e,6,69_1175,4,22
74705,2024_074705_b1d2dc77a21b9b14,0,69_1175,4,10
74712,2024_074712_6b0aa9413faf0192,0,69_1175,4,7
74715,2024_074715_24fab39f3ff5a43f,3,69_1175,4,12
74718,2024_074718_73dadb30b34cd807,0,69_1175,4,37
74727,2024_074727_b3d9bb5e00ef7297,4,69_1175,4,4
74733,2024_074733_ddcd83bb07c34ba1,4,69_1175,4,15
74747,2024_074747_69e322bf58a0e652,6,68_1175,4,28
74750,2024_074750_fb004855b65dc63b,6,69_1175,4,11
74753,2024_074753_cc6eca78d8705093,0,69_1175,4,3
74759,2024_074759_760644439b1f5eef,5,69_1175,4,5
74765,2024_074765_348d46c3ee0b6215,0,69_1175,4,2
74783,2024_074783_19acb220e6137815,6,69_1175,4,36
74784,2024_074784_4ccbeebb734c2cc2,3,69_1175,4,44
74787,2024_074787_db5ef3727824f523,5,69_1175,4,55
74794,2024_074794_75017b3a4e3d7019,4,69_1175,4,53
74807,2024_074807_6b15ecbcb907335b,3,69_1175,4,20
74810,2024_074810_91bec94116e97398,2,69_1175,4,8
74814,2024_074814_c9c82ca662d938cd,0,69_1175,4,7
74841,2024_074841_adccf34310db0800,6,69_1175,4,50
74849,2024_074849_408da27cc1d85402,3,69_1175,4,10
74851,2024_074851_fe87793c8a60e979,4,69_1175,4,2
74853,2024_074853_c616fc5f6c5fbd0d,4,69_1175,4,25
74855,2024_074855_a18ea4f4b710649c,0,69_1175,4,5
74856,2024_074856_55d727f4cfde2a96,1,69_1175,4,3
74874,2024_074874_bfc960b34ef53af3,3,69_1175,4,19
74887,2024_074887_b6159ca65ac4e015,3,69_1175,4,4
74888,2024_074888_f08b1d3c2996c130,3,69_1175,4,3
74891,2024_074891_c13df1b75b24069a,3,69_1175,4,18
74901,2024_074901_d2d84a989b11dd4d,0,69_1175,4,14
74911,2024_074911_6002708f1874ab25,0,69_1175,4,19
74915,2024_074915_e0d982544fa36833,3,69_1175,4,27
74922,2024_074922_c367ecc91a3aaa8e,0,69_1175,4,18
74926,2024_074926_798c670c379612e8,3,69_1175,4,15
74928,2024_074928_bcdfd18b2a702579,3,69_1175,4,42
74930,2024_074930_353c92e678d5d342,0,69_1175,4,2
74934,2024_074934_0c682182c4269756,1,69_1175,4,4
74937,2024_074937_6f911191720aeb2b,3,69_1175,4,10
74944,2024_074944_d3af9469de40ac73,1,69_1175,4,8
74962,2024_074962_45d99b7463a758a2,0,69_1175,4,3
74964,2024_074964_4133e4ffcd274417,3,69_1175,4,8
74965,2024_074965_4c548924c75f423e,5,69_1175,4,18
74966,2024_074966_9c78ed160e7ac93e,1,69_1175,4,2
74971,2024_074971_6b6ede5f052130a1,1,69_1175,4,4
74973,2024_074973_0af9d3b4dd4529f1,0,68_1175,4,3
74978,2024_074978_7e28799bbc56c7f3,0,68_1175,4,3
74992,2024_074992_46a3382dd71dce12,0,69_1175,4,3
74993,2024_074993_bffda53a88e372c0,0,69_1175,4,2
75003,2024_075003_282d933c0eefc6a5,3,68_1175,4,23
75008,2024_075008_1341b747aefe3f36,0,68_1175,4,14
75010,2024_075010_1838f16ca46615b3,4,69_1175,4,9
75012,2024_075012_a336c5ff96280311,4,69_1175,4,4
75019,2024_075019_2fe3ec3f7be81597,6,69_1175,4,3
75020,2024_075020_0147bbde8806c4ec,0,69_1175,4,11
75032,2024_075032_f4cde0a5a9bebe9c,4,69_1175,4,3
75033,2024_075033_dbf38c04c8ec6af0,0,69_1175,4,14
75034,2024_075034_06b70884b1542bc7,3,69_1175,4,7
75040,2024_075040_53102899a3b59986,6,69_1175,4,22
75042,2024_075042_92ea95f708f89fd9,5,69_1175,4,20
75044,2024_075044_8ad94d20aa61824c,3,69_1175,4,33
75045,2024_075045_06f6d05b6792402c,0,70_1175,5,10
75051,2024_075051_6474a05d8bbfc9e6,3,70_1175,5,16
75052,2024_075052_98f207f97d955309,0,70_1175,5,5
75066,2024_075066_36d486be0fc76dba,0,69_1175,4,9
75068,2024_075068_6d46f0213dd54e6c,0,69_1175,4,19
75070,2024_075070_5d1a7c455a541573,0,69_1175,4,3
75071,2024_075071_bd912d21155e9af9,0,69_1175,4,2
75074,2024_075074_43843d3cc33acd70,0,69_1175,4,4
75075,2024_075075_63ba789975234c34,0,69_1175,4,11
75077,2024_075077_3286fad963e9adb4,6,69_1175,4,22
75084,2024_075084_038624a081991885,4,69_1175,4,6
75094,2024_075094_8d1914bc8cee8fa9,3,69_1175,4,2
75097,2024_075097_8ff91dc403f09d0d,3,69_1175,4,17
75102,2024_075102_a5b4dfa8569f9bbc,0,69_1175,4,2
75108,2024_075108_82b2123b6e0d9b89,1,67_1175,2,9
75111,2024_075111_af3d877221f8c5a8,0,67_1175,2,3
75112,2024_075112_c96dffd11cc67c81,0,67_1175,2,5
75123,2024_075123_07354c31472c58c5,0,67_1175,2,15
75127,2024_075127_eb0be2085203005f,0,67_1175,2,2
75129,2024_075129_eab66fe30c41616c,0,67_1175,2,6
75162,2024_075162_dc3f3cb00a6c8408,0,67_1175,2,11
75164,2024_075164_782731982dc1ad76,0,67_1175,2,13
75166,2024_075166_30a5b6fe11aaf3b3,2,67_1175,2,2
75171,2024_075171_23a194356a5dd435,0,67_1175,2,10
75178,2024_075178_7282c9f167bae2cd,0,67_1175,2,6
75187,2024_075187_af077c5e9d35c026,1,67_1175,2,15
75188,2024_075188_dc8ef7554bbc5568,2,67_1175,2,7
75191,2024_075191_8527dd58344ab672,0,67_1175,2,3
75223,2024_075223_f719fc3514f1fc6b,1,67_1175,2,4
75282,2024_075282_0ea855dbe896938e,0,67_1175,2,2
75287,2024_075287_da5d85198119d9dd,0,67_1175,2,4
75288,2024_075288_310910305f4ecb3b,1,67_1175,2,31
75295,2024_075295_9f4738bc47179d85,1,67_1175,2,15
75297,2024_075297_45a6dee7bd11dd3b,0,67_1175,2,3
75304,2024_075304_be246aa01f0705ed,0,67_1175,2,7
75305,2024_075305_a7624db5c7cae584,3,67_1175,2,17
75326,2024_075326_da860007bbb73492,0,67_1175,2,2
75328,2024_075328_295d4b91c45dfc42,0,67_1175,2,3
75330,2024_075330_af46b61104c445ee,0,67_1175,2,2
75332,2024_075332_621afdbf26261808,0,67_1175,2,8
75335,2024_075335_1e49b2c8219eb954,4,67_1175,2,19
75344,2024_075344_abc95f9bd2030976,0,67_1175,2,8
75352,2024_075352_f2a255074e2d8550,4,67_1175,2,17
75373,2024_075373_cc0f95b5fd83d3e1,1,67_1175,2,3
75383,2024_075383_e59ff91cee45a790,6,67_1175,2,19
75394,2024_075394_ef19444b84089592,6,67_1175,2,2
75403,2024_075403_ce0d75a268697051,3,67_1175,2,9
75411,2024_075411_46c82cbde8e7f534,0,67_1175,2,8
75418,2024_075418_2afb82378a6d30c9,4,67_1175,2,3
75421,2024_075421_b02709ca8e9240d7,4,67_1175,2,11
75422,2024_075422_2758ec6d50e4febf,4,67_1175,2,5
75429,2024_075429_57931357bc8fe147,4,67_1175,2,22
75448,2024_075448_f0d7f931acafb3cc,3,67_1175,2,45
75456,2024_075456_47f2bb2535a6e454,1,67_1175,2,4
75465,2024_075465_d9ea67c483964d45,0,67_1175,2,3
75469,2024_075469_b96ca78244f50ad3,3,67_1175,2,8
75473,2024_075473_96af0f8cbc10767e,0,67_1175,2,8
75474,2024_075474_f07bdb9cb9567af1,4,67_1175,2,4
75486,2024_075486_8968293d061789c2,4,67_1175,2,41
75494,2024_075494_ae8d33ee28553508,6,67_1175,2,12
75498,2024_075498_00836d99877acb03,2,67_1175,2,16
75509,2024_075509_6ebf577c6e718138,0,67_1175,2,5
75517,2024_075517_7f4b3d07a1415fc6,2,67_1175,2,32
75549,2024_075549_ac211ff3002c22bb,6,67_1175,2,26
75558,2024_075558_f6ba876d5a23cc6d,0,67_1175,2,10
75559,2024_075559_1967068d219c1ebc,3,67_1175,2,21
75586,2024_075586_d4fae87989bd94fb,6,69_1176,2,40
75593,2024_075593_e18e34f71e3ca1b0,4,69_1176,2,46
75595,2024_075595_137900eacc8314f3,4,69_1176,2,5
75600,2024_075600_befc3669cbe8ce03,1,69_1176,2,9
75617,2024_075617_f5138bdea7ffd5bb,1,69_1176,2,25
75620,2024_075620_0e7794a9b3c4dd74,4,69_1176,2,3
75621,2024_075621_4a669b8203148583,2,69_1176,2,4
75622,2024_075622_7c45073d052805a8,2,69_1176,2,11
75624,2024_075624_29cc5a50b6c207ab,6,69_1176,2,6
75681,2024_075681_83d96f9b916d2277,3,69_1176,2,11
75683,2024_075683_c140b6605d9b4d00,3,69_1176,2,4
75710,2024_075710_d863ae45f3645863,3,69_1176,2,20
75712,2024_075712_359b8549b238a954,4,69_1176,2,15
75715,2024_075715_9042bb815a528798,3,69_1176,2,7
75732,2024_075732_965064ff53a617a4,4,69_1176,2,26
75741,2024_075741_03997549fa1932e1,2,69_1176,2,12
75748,2024_075748_af219b4f45d622b4,3,69_1176,2,25
75751,2024_075751_4a8e936176e96163,1,69_1175,4,39
75753,2024_075753_b42f45d4b7ebe5f3,1,69_1175,4,29
75754,2024_075754_777d80dc997fbd2d,3,69_1175,4,10
75755,2024_075755_81febf9b23df0d82,2,69_1175,4,9
75759,2024_075759_41e4d71f07ad57e8,0,69_1175,4,36
75764,2024_075764_25a6f0b53665e22a,0,69_1175,4,10
75807,2024_075807_2cbd61a62c60abe6,1,69_1175,4,7
75810,2024_075810_b2512cffd75f15f3,4,69_1175,4,3
75815,2024_075815_103e425d82c09eeb,6,69_1175,4,9
75819,2024_075819_47adf4ce62d1dfd1,2,69_1175,4,8
75820,2024_075820_4e5c9bd0bccd5796,5,69_1175,4,2
75829,2024_075829_cb31f88c18ba1bd9,3,69_1176,2,11
75836,2024_075836_29791be74d2b52a3,6,69_1176,2,4
75837,2024_075837_90cc9f69814198f8,3,69_1176,2,6
75848,2024_075848_9a9d8e3d7786534d,0,69_1176,2,12
75849,2024_075849_e229aa8887ca4cbd,1,69_1176,2,7
75850,2024_075850_c184a55c58e2c577,0,69_1176,2,17
75854,2024_075854_0e68cc5d6bc141f9,3,69_1176,2,21
75863,2024_075863_adc451d119accff2,1,69_1176,2,10
75884,2024_075884_fdcac83e3f6a7e87,1,69_1176,2,10
75888,2024_075888_456af87ad85d3c50,3,69_1176,2,13
75889,2024_075889_43e9506d693abdbd,3,69_1176,2,2
75895,2024_075895_3bc0d7855a20926d,1,69_1176,2,29
75900,2024_075900_a895c9e278ab71c3,1,69_1176,2,7
75905,2024_075905_102656110be6aa4e,0,69_1176,2,5
75906,2024_075906_ee1bab447d054803,2,69_1176,2,2
75921,2024_075921_3e8987b8cca1b085,1,69_1176,2,10
75935,2024_075935_caed074e8923e9b6,3,69_1176,2,44
75944,2024_075944_f939a396f9a423ff,4,69_1176,2,4
75945,2024_075945_637506af1eb5c33a,5,69_1176,2,23
75946,2024_075946_60eb8b7168c8bea1,2,69_1176,2,8
75949,2024_075949_5cb38a7fec603474,3,69_1176,2,24
75963,2024_075963_b99856395413f69e,3,69_1176,2,2
75969,2024_075969_7003f01889231d4c,1,69_1176,2,29
75973,2024_075973_974d4def09fdfca3,2,69_1176,2,6
75980,2024_075980_afe67fbc336b62a2,6,69_1176,2,20
76015,2024_076015_a1c3d016646c26f2,1,69_1176,2,7
76035,2024_076035_1999910339fb5aa5,2,69_1176,2,3
76046,2024_076046_191884a4d569077e,0,69_1176,2,4
76054,2024_076054_95789aa136c9df36,1,69_1176,2,14
76057,2024_076057_b73f3ae1caa48b01,1,69_1176,2,24
76070,2024_076070_b0743cff2346ad34,0,69_1176,2,5
76075,2024_076075_af38e6ed1a3ec080,0,69_1176,2,6
76080,2024_076080_f8404242949bcb25,3,69_1176,2,27
76083,2024_076083_c35858c49740184d,1,69_1176,2,18
76085,2024_076085_4e19b38af42f67fc,1,69_1176,2,5
76096,2024_076096_e74334b87688e628,0,69_1176,2,5
76098,2024_076098_f67f3a4054d4c37c,1,69_1176,2,5
76099,2024_076099_fce7560e4524fcd3,2,69_1176,2,20
76101,2024_076101_674deb4b862eaa47,3,69_1176,2,8
76122,2024_076122_7db05f682d93ae76,3,69_1176,2,5
76143,2024_076143_2f5c39c66ea6433c,3,69_1176,2,13
76144,2024_076144_af4a58c390778463,2,69_1176,2,9
76148,2024_076148_b7d635082a717cfc,3,69_1176,2,2
76149,2024_076149_530f81dd3bc06253,1,69_1176,2,14
76150,2024_076150_e5beffa42747bdad,6,69_1176,2,39
76151,2024_076151_b6e5720d61d90a7c,4,69_1176,2,32
76152,2024_076152_0f57731879d53783,1,69_1176,2,24
76153,2024_076153_a98c66f89c4f46a7,1,69_1176,2,2
76155,2024_076155_9a07aed42bbd6adb,1,69_1176,2,13
76156,2024_076156_fc372f76ce0c934d,6,69_1176,2,14
76160,2024_076160_36cc33abe81bac5c,2,69_1176,2,2
76166,2024_076166_bd2bd60c7b6e8723,1,69_1176,2,2
76200,2024_076200_57dcb58505ef1aa6,3,69_1176,2,14
76201,2024_076201_4e42d9c0da7a4d4f,0,69_1175,4,19
76204,2024_076204_76d85d1a523b7e6f,2,69_1175,4,6
76206,2024_076206_2f3f1a1ce45981c5,1,69_1175,4,3
76214,2024_076214_2e7dbcdab6a6fb20,6,69_1176,2,42
76226,2024_076226_5575a00cf6298877,2,69_1175,4,2
76228,2024_076228_06c415f4b0894ff3,6,69_1176,2,19
76239,2024_076239_3f6e630ea16e383c,3,69_1175,4,18
76246,2024_076246_849dcb0ee3c74b59,4,69_1175,4,47
76256,2024_076256_dc3ef2c678742a0d,6,69_1175,4,21
76265,2024_076265_24cd263853eea862,0,69_1175,4,11
76269,2024_076269_acf72d981a55ca8f,2,69_1175,4,40
76294,2024_076294_7d0b0eec4b674807,3,69_1175,4,28
76297,2024_076297_f5bdaebc676dc7e3,3,69_1175,4,19
76300,2024_076300_f4afe42089b833cf,0,69_1176,2,57
76318,2024_076318_fb41ac0087bf9914,2,69_1176,2,24
76354,2024_076354_c1cfdea7f3bcf560,1,70_1176,2,7
76367,2024_076367_ca87b7a346e77ca4,1,70_1176,2,4
76368,2024_076368_8b234a69a72e10e7,1,69_1176,2,4
76387,2024_076387_403ecc69108b5f50,2,69_1176,2,45
76391,2024_076391_5dc1233b46d28742,1,70_1176,2,14
76399,2024_076399_5700a270c62e7890,3,69_1175,4,26
76400,2024_076400_b4f94dccee9ea546,3,70_1175,5,13
76403,2024_076403_79c8497fedd0d78b,0,70_1175,5,14
76406,2024_076406_fee584d5ffd3726d,1,70_1175,5,20
76408,2024_076408_de964fc957a42f8c,0,70_1175,5,2
76412,2024_076412_2567ca43b4cfc75f,2,69_1176,2,35
76414,2024_076414_473827257cfa65ec,6,70_1176,2,18
76416,2024_076416_7a0e6b488cdbacde,3,70_1176,2,24
76421,2024_076421_30b40e88fbc5d547,0,70_1176,2,3
76428,2024_076428_a64054239ffd77f4,0,70_1176,2,8
76433,2024_076433_8e89e78be95ea5b8,0,70_1175,5,12
76443,2024_076443_75ac3fb462ec1d81,1,69_1176,2,2
76450,2024_076450_c0f53e93f119deb8,0,70_1176,2,6
76452,2024_076452_e3907e9c9bf70b2f,0,69_1176,2,12
76476,2024_076476_348322d37e04c6fa,0,70_1176,2,11
76490,2024_076490_65498b8fb7bebac6,3,69_1175,4,16
76495,2024_076495_6afaf849d7f45df9,0,69_1175,4,16
76499,2024_076499_0c54717a6fb65732,0,70_1175,5,67
76504,2024_076504_4a83a2bac5577956,0,70_1175,5,2
76506,2024_076506_11fd0def38a02dc9,3,70_1175,5,15
76531,2024_076531_044daa3d97348882,0,70_1176,2,2
76543,2024_076543_c912c3ffd5b7b3d0,0,70_1176,2,21
76546,2024_076546_4f0adf8c0c1664a2,1,70_1176,2,18
76568,2024_076568_c3ae019f8df0926d,0,70_1176,2,3
76572,2024_076572_ecdc633fd485ad3e,0,70_1176,2,6
76578,2024_076578_4d268117e46b45d0,6,70_1176,2,4
76579,2024_076579_29efc415a0ee20f0,1,70_1176,2,25
76586,2024_076586_f4485f972aa62938,0,70_1176,2,13
76588,2024_076588_c48b453690387586,0,70_1176,2,23
76590,2024_076590_adf69f8781565802,3,70_1176,2,2
76603,2024_076603_330a6dfe7bb87816,4,70_1176,2,2
76611,2024_076611_6841c49f3f6a2828,0,70_1176,2,6
76622,2024_076622_3caa7e37fc1afd98,6,70_1176,2,12
76634,2024_076634_4ddb1e1e153f9811,1,70_1176,2,3
76671,2024_076671_0bc47df7470ceef7,0,70_1175,5,11
76676,2024_076676_f53e5496626f71c6,0,70_1175,5,14
76696,2024_076696_925bf08f1f2bfa08,1,70_1175,5,13
76700,2024_076700_8eabb8fe9a5eca0e,6,70_1175,5,6
76702,2024_076702_1cc2039b1f0abd19,4,70_1176,2,12
76708,2024_076708_10486f6e8af90077,2,70_1176,2,5
76711,2024_076711_bf9a6cc24464195b,2,70_1176,2,3
76722,2024_076722_94976b6a67e7766b,3,70_1176,2,9
76745,2024_076745_d4cb53def21e7ddc,6,70_1176,2,4
76759,2024_076759_b43bceb58f1f9946,4,67_1169,0,33
76761,2024_076761_50caead5903021bd,1,67_1169,0,10
76762,2024_076762_35be7885098f2e1d,0,67_1169,0,3
76765,2024_076765_9cab84a7a8b97729,3,67_1169,0,8
76768,2024_076768_7bc06d6b6dcbb3f7,2,67_1169,0,3
76779,2024_076779_9278193ec0a0fd67,1,67_1169,0,2
76782,2024_076782_22c07d5a432d3552,3,66_1169,0,7
76783,2024_076783_8a2624b6644cb719,1,66_1170,3,20
76790,2024_076790_7bd40634099164ba,3,66_1170,3,3
76796,2024_076796_d4f338017733ef24,2,66_1169,0,6
76800,2024_076800_baced0202c7f87cf,2,66_1169,0,10
76804,2024_076804_80e4de9d84d29f59,0,66_1169,0,5
76811,2024_076811_a536eaadfaaa13fa,1,67_1170,0,28
76812,2024_076812_6a4c0ba9a264e1d2,0,67_1170,0,33
76815,2024_076815_0bef4d6665354912,1,67_1170,0,13
76855,2024_076855_fad3187e9d6fb7c1,1,67_1170,0,28
76863,2024_076863_483f8eeeaa90d337,1,67_1170,0,37
76895,2024_076895_5b7a2a27574787ca,1,66_1170,3,6
76898,2024_076898_3bfe0ffaeafab106,1,67_1170,0,28
76906,2024_076906_0e4f24b352fef027,2,67_1170,0,24
76918,2024_076918_c09bd75e50d7f273,3,67_1170,0,30
76937,2024_076937_b511b9156adfbe32,1,66_1169,0,14
76954,2024_076954_a1920172f75560fe,0,67_1169,0,16
76988,2024_076988_a3e64da92285b156,2,67_1169,0,13
76999,2024_076999_3662a501e48847da,1,67_1169,0,82
77001,2024_077001_f4e78bd2515d614a,1,66_1169,0,4
77003,2024_077003_0b314e24503f7dff,1,67_1169,0,2
77005,2024_077005_50f3c11c2ca8a5de,1,67_1169,0,13
77009,2024_077009_88058716d2616cdc,0,67_1169,0,10
77010,2024_077010_4f6e413704e25e43,0,67_1169,0,18
77013,2024_077013_d3ed42b8ed15d1d0,0,67_1169,0,9
77014,2024_077014_9dc8566506d2c914,0,67_1169,0,3
77019,2024_077019_5dc8d730277083cf,1,67_1169,0,5
77022,2024_077022_3eb489f63fc394ee,0,67_1169,0,2
77033,2024_077033_1edfa92a74c930e1,0,67_1169,0,2
77043,2024_077043_7427b811045790da,4,67_1170,0,27
77047,2024_077047_3ad89fafe24b6e9a,0,67_1170,0,3
77049,2024_077049_5c628f812e2110d3,0,67_1170,0,4
77050,2024_077050_ed139a3738e5c377,1,67_1170,0,7
77052,2024_077052_bea095198bb2be00,0,67_1170,0,8
77055,2024_077055_8628098756c19afe,1,67_1170,0,7
77093,2024_077093_d6262e54bed9582e,0,67_1170,0,27
77099,2024_077099_712a59fb4481b16c,0,67_1170,0,14
77102,2024_077102_91704f53c101367e,0,67_1170,0,5
77106,2024_077106_006ad2467a3c0bb9,0,67_1170,0,9
77108,2024_077108_2c3f658546f47785,0,67_1170,0,4
77111,2024_077111_4f8156c16d393442,0,67_1170,0,2
77116,2024_077116_6a61362d2b9da711,0,67_1170,0,6
77121,2024_077121_a499ebc5456c2a06,1,67_1170,0,9
77123,2024_077123_8e5e8ea7f3c03369,1,67_1170,0,9
77124,2024_077124_9b22176c2c4699e6,4,67_1170,0,17
77126,2024_077126_f7a4e41534b65edc,1,67_1170,0,4
77130,2024_077130_d7bd9f76bd8b6aaf,0,67_1170,0,2
77132,2024_077132_63f71b23d22d57d9,0,67_1170,0,18
77164,2024_077164_9a4d8c68488a1ac9,0,67_1169,0,34
77165,2024_077165_03b38ee80ca8ad84,0,67_1169,0,12
77167,2024_077167_2f3409143d27b44b,0,67_1169,0,6
77170,2024_077170_ec6e611ab6f06bd5,0,67_1170,0,30
77176,2024_077176_a7077f75547f23cc,6,67_1169,0,2
77182,2024_077182_d4eac0998da1be1a,0,67_1169,0,32
77186,2024_077186_7c042fa664d3eb28,0,67_1169,0,71
77187,2024_077187_5cd0d91fa6d6f3f8,2,67_1169,0,12
77201,2024_077201_194c4a1896cd822f,2,67_1169,0,11
77202,2024_077202_449c9ef3c010ef52,1,67_1169,0,29
77204,2024_077204_0480f6873910c58d,2,67_1169,0,29
77208,2024_077208_944083348d96b454,0,67_1170,0,19
77234,2024_077234_3ad3fe43fd92dcea,0,67_1170,0,11
77258,2024_077258_28241e8d246fc307,0,67_1169,0,3
77276,2024_077276_ce135ac5e5fc852f,3,67_1169,0,18
77298,2024_077298_8f446cd180af85bc,4,67_1169,0,19
77300,2024_077300_381554f81cf5cba4,4,67_1169,0,3
77326,2024_077326_7d44b2d0dd04efab,2,67_1169,0,4
77341,2024_077341_89a807389d48f8be,0,67_1170,0,8
77353,2024_077353_673e10b653eecfc7,0,67_1170,0,3
77373,2024_077373_0fbe083fc2adb30c,3,67_1169,0,4
77378,2024_077378_f149a75cd3ec0046,3,67_1169,0,7
77390,2024_077390_0af91946e59441dd,5,67_1169,0,7
77402,2024_077402_9ed1dc6e43936ce3,3,67_1170,0,22
77413,2024_077413_9a20ad443d69130c,6,67_1170,0,30
77414,2024_077414_3185540d0bf5a5f2,0,67_1170,0,14
77428,2024_077428_7404541be2ad16be,1,67_1170,0,10
77449,2024_077449_0c0ada5a8c1ac9f1,0,67_1169,0,26
77456,2024_077456_4c4369c84c6784a9,4,67_1170,0,17
77461,2024_077461_66d5a53cece640d7,0,67_1170,0,4
77472,2024_077472_2cd66acf7ff30c68,0,67_1170,0,20
77478,2024_077478_abda9020daaddf2e,0,67_1170,0,7
77520,2024_077520_303ea8d7a2f8eb2e,3,67_1170,0,22
77522,2024_077522_4ebf39b960d2b1fc,0,67_1170,0,14
77540,2024_077540_6d6eedaa11a038c7,0,67_1170,0,296
77541,2024_077541_03a74b18d4dcbb4a,0,67_1170,0,3
77550,2024_077550_4c1c84e75aaece07,0,67_1169,0,2
77570,2024_077570_8bf8e9c70f77ce24,1,67_1170,0,9
77573,2024_077573_e0d1b035300f2b11,1,67_1170,0,5
77586,2024_077586_ce04c59efdd1239e,0,67_1170,0,2
77598,2024_077598_6cffe90fcd347654,0,66_1170,3,3
77608,2024_077608_af87a15c66cb0950,1,67_1170,0,15
77609,2024_077609_e1612bc0da33c91f,3,67_1170,0,20
77620,2024_077620_4fde02c11b75c7cc,0,67_1170,0,5
77623,2024_077623_271d4128455894af,3,67_1170,0,2
77624,2024_077624_9122a4b6ae49f50c,1,67_1170,0,20
77626,2024_077626_6c16b741e21ad09d,1,67_1170,0,42
77638,2024_077638_291ad81b014abcb7,0,67_1170,0,3
77647,2024_077647_dee22a3ab2af4677,0,67_1170,0,16
77650,2024_077650_7512c4c82a01943c,2,67_1170,0,5
77652,2024_077652_fb30f7d4b2c65286,3,67_1170,0,14
77658,2024_077658_6bd27e6c154c1346,0,67_1170,0,2
77663,2024_077663_51511205a8adeb13,3,67_1170,0,5
77672,2024_077672_d83b7bd78e6475f7,1,67_1170,0,20
77688,2024_077688_f4ef16d1fa8bb0d1,3,67_1170,0,7
77692,2024_077692_772b6c7c73c31c14,3,67_1170,0,5
77693,2024_077693_d152bfdecbe12a56,0,67_1170,0,6
77701,2024_077701_e303a67718c5200e,1,67_1170,0,4
77707,2024_077707_f4bf74ed490307a3,2,67_1170,0,3
77719,2024_077719_110529b585efffa4,1,67_1170,0,12
77720,2024_077720_84a7d57116197b7e,5,67_1170,0,32
77722,2024_077722_186f2f69dd7fc3ec,1,67_1170,0,11
77733,2024_077733_032ce51372248a31,0,67_1170,0,11
77755,2024_077755_2964d93863e56e11,0,67_1170,0,4
77757,2024_077757_5fce54fb2b71d21f,6,67_1170,0,6
77758,2024_077758_552c0157d1c7fda7,1,67_1170,0,5
77767,2024_077767_b0f750b4aaca504d,3,67_1170,0,13
77790,2024_077790_66d3bf4776bd3ee5,0,67_1171,5,7
77796,2024_077796_b3d2909e7d2bc09e,0,67_1170,0,17
77799,2024_077799_5aa401972a8a2dec,5,67_1170,0,54
77800,2024_077800_d3913052db033dc7,1,67_1170,0,59
77801,2024_077801_4c8025767fdd084c,3,67_1170,0,46
77802,2024_077802_aa922df3b0a19ec8,4,67_1170,0,27
77803,2024_077803_06cbdf5bc8b5d2e9,3,67_1170,0,17
77804,2024_077804_1d7efce0ddea8ada,3,67_1170,0,10
77805,2024_077805_361d75a05f918d66,3,67_1170,0,12
77807,2024_077807_260d31b0a0ed08c9,1,67_1170,0,7
77811,2024_077811_86b17da87c968071,0,67_1170,0,3
77816,2024_077816_cb36846798ca906d,0,67_1170,0,2
77821,2024_077821_d36c50a0ab8d071b,2,67_1170,0,4
77827,2024_077827_77d76cf5cdb96379,0,67_1170,0,2
77852,2024_077852_40e7f07737985d64,2,67_1170,0,32
77856,2024_077856_606e2ac781c301ae,1,67_1170,0,3
77867,2024_077867_5e2f8b4c82abf4ab,0,67_1170,0,16
77868,2024_077868_ec39753d519197e3,1,67_1170,0,11
77875,2024_077875_2271e2bc5779f011,1,67_1170,0,21
77877,2024_077877_8382e67a01dc94cf,0,67_1170,0,5
77879,2024_077879_60512ff59f4cdcb5,3,67_1170,0,3
77881,2024_077881_43f6e40b63667652,1,67_1171,5,21
77891,2024_077891_49561c4e42403971,0,67_1170,0,4
77902,2024_077902_7bbc6b251c6d2265,0,67_1170,0,5
77908,2024_077908_4e7acfed31174aab,2,67_1171,5,21
77920,2024_077920_4ab39c47953398ec,6,67_1171,5,38
77930,2024_077930_71a07dff4e7451ec,1,67_1170,0,7
77936,2024_077936_1ff8b326db69d548,1,67_1171,5,10
77938,2024_077938_f08cffc04d9e1eeb,1,67_1170,0,18
77942,2024_077942_c07191e76970e272,3,67_1170,0,24
77954,2024_077954_eadd0a79c4ab52a2,3,67_1171,5,11
77963,2024_077963_235639b8c8975836,0,67_1171,5,5
77970,2024_077970_2458da90892cdeaf,0,67_1171,5,4
77974,2024_077974_9bdd244f008f5b83,3,67_1171,5,2
77983,2024_077983_112386627f898953,2,67_1171,5,4
77987,2024_077987_7aca3c00c65308b4,2,67_1171,5,13
78004,2024_078004_2ec7bb2ffb3a5ab2,0,67_1171,5,2
78010,2024_078010_68d3c7699ad0f201,1,67_1171,5,6
78013,2024_078013_37a95c6a0a13ce94,0,67_1171,5,9
78017,2024_078017_200e27f973813e0a,0,67_1170,0,3
78025,2024_078025_c67c089b95276344,0,67_1170,0,2
78030,2024_078030_b2963d32f72737c9,3,67_1170,0,22
78047,2024_078047_685b44405fd04f17,0,67_1171,5,14
78054,2024_078054_7fb59e85c853bda3,0,67_1171,5,6
78057,2024_078057_a9a2e16e3f93093d,0,67_1171,5,2
78059,2024_078059_a8656f7fc59cda7a,0,67_1171,5,8
78080,2024_078080_f9ce8210af5de01d,0,67_1171,5,3
78081,2024_078081_e6aaa7fe54f29721,0,67_1171,5,7
78095,2024_078095_b56506b9c5a0b942,1,67_1171,5,2
78097,2024_078097_0a97e8b8cd7cd038,1,67_1171,5,4
78098,2024_078098_4edc7e39a8229bed,1,67_1171,5,3
78100,2024_078100_f20a1626ca157d88,4,67_1171,5,32
78104,2024_078104_333a06234890303d,1,67_1171,5,7
78115,2024_078115_257642d8dc62548b,4,67_1171,5,42
78118,2024_078118_db8a6334d7b92b98,0,67_1171,5,3
78123,2024_078123_f36540f80a081d5b,3,67_1171,5,14
78124,2024_078124_7b01bf23c818b4ca,2,67_1171,5,9
78125,2024_078125_2a6cb68ac874ceea,1,67_1171,5,5
78137,2024_078137_8fed411578d7d0e6,0,67_1171,5,34
78138,2024_078138_ca0320d727e29bab,0,67_1171,5,6
78149,2024_078149_6cd82f138da93859,0,67_1171,5,25
78156,2024_078156_d384d377fc5bf400,0,67_1171,5,2
78157,2024_078157_6c17a02b5c6e3031,3,67_1171,5,5
78159,2024_078159_bcad1791a451e7cc,0,67_1171,5,2
78171,2024_078171_eb8365c2a164f132,0,67_1171,5,4
78177,2024_078177_65daa15ab8afafe9,3,67_1171,5,21
78187,2024_078187_efe3ee4847884dc4,3,67_1171,5,2
78192,2024_078192_58f0fc0e6127aef5,0,67_1171,5,11
78196,2024_078196_a2bca4ba90657ce7,3,67_1171,5,2
78200,2024_078200_68e2026a49d92bca,4,67_1171,5,16
78218,2024_078218_e928a4dbf16c0ef4,0,67_1171,5,2
78220,2024_078220_abc72980950a0954,2,67_1171,5,6
78230,2024_078230_6197ff4a710b4849,0,67_1171,5,2
78231,2024_078231_759450d1aec6f98c,0,67_1171,5,4
78235,2024_078235_aef12b1e3b7af3bb,3,67_1171,5,7
78241,2024_078241_ffdd4fb81e2433a4,0,67_1171,5,3
78242,2024_078242_d7dd218c8ce338d2,3,67_1171,5,13
78249,2024_078249_6df8e31d8d709254,0,66_1171,1,3
78261,2024_078261_f2c1c5775928a506,0,67_1171,5,4
78266,2024_078266_0aca74e8311d5dcb,2,67_1171,5,7
78268,2024_078268_079a8d06c4c6d69e,0,67_1171,5,2
78276,2024_078276_f4981654972e0d92,2,67_1171,5,5
78278,2024_078278_f0665e49737788c9,3,66_1171,1,4
78285,2024_078285_2d003a0f28507cfb,3,67_1171,5,13
78286,2024_078286_adc43e6a532177ec,2,67_1171,5,6
78302,2024_078302_57b0c92045c8ba05,2,67_1171,5,20
78324,2024_078324_5d3bf4c3b58c4605,2,67_1171,5,2
78326,2024_078326_32861ddf21d5de8e,1,67_1171,5,11
78328,2024_078328_0d20442718768ac1,1,67_1171,5,5
78329,2024_078329_5143d9649e580876,2,67_1171,5,3
78333,2024_078333_ce1684cda2e4c2db,2,67_1171,5,3
78335,2024_078335_b8a185dd28589c02,3,67_1171,5,15
78337,2024_078337_20a1a3fa34eb80cc,2,67_1171,5,73
78342,2024_078342_fc1e5b126cbe49e3,3,67_1171,5,12
78361,2024_078361_f7650956a8689b75,2,67_1171,5,6
78367,2024_078367_aaeccd24c8bc44a1,6,67_1171,5,4
78368,2024_078368_0906fe40ad2eaf2c,3,67_1171,5,13
78376,2024_078376_9ff9ba6c0bcc4374,4,67_1171,5,8
78389,2024_078389_23e79b074a6f5647,2,67_1171,5,8
78396,2024_078396_778dc72b70e2eed7,4,67_1171,5,7
78399,2024_078399_6fe6ed358777843e,2,67_1171,5,12
78401,2024_078401_288af4169c14bdd9,3,67_1171,5,14
78410,2024_078410_8d1299801dd71d75,0,67_1171,5,2
78419,2024_078419_f0c4f0e774ed1984,2,67_1171,5,2
78424,2024_078424_42fb6e47d5087bfb,6,67_1171,5,3
78426,2024_078426_fddd887ebf781338,2,67_1171,5,4
78427,2024_078427_e47293799e3e2f14,2,67_1171,5,6
78428,2024_078428_cdd23ceef2db204e,0,67_1171,5,2
78439,2024_078439_1bad5f517cd7d4ca,3,67_1171,5,19
78447,2024_078447_2bb887706bf525ab,4,67_1171,5,9
78466,2024_078466_9c8b5afe445b2e92,0,67_1171,5,6
78467,2024_078467_1380ec1a8d005dd6,1,67_1171,5,7
78469,2024_078469_fadd5cb433cb1113,1,67_1171,5,2
78474,2024_078474_a22dd6b21c6dd3a4,0,67_1171,5,7
78491,2024_078491_d576bd5d08f1fd97,6,67_1171,5,23
78494,2024_078494_93b3a86fa0c1469b,4,67_1171,5,2
78500,2024_078500_8b23635fc2962209,3,67_1171,5,4
78507,2024_078507_dc0aca42d944a8d6,6,67_1171,5,4
78520,2024_078520_b193c8fd57b650e2,4,67_1171,5,10
78521,2024_078521_5c10a0c9a92e09db,0,67_1171,5,7
78522,2024_078522_e074f54fb2e83845,0,67_1171,5,2
78523,2024_078523_b8217ba355fcbb92,0,67_1171,5,12
78531,2024_078531_0751b74d3237e85e,2,67_1171,5,14
78532,2024_078532_d30d4861cf680930,2,67_1171,5,23
78537,2024_078537_b8395636ec5ffe24,1,67_1171,5,6
78558,2024_078558_ad021491010d863e,1,67_1173,3,20
78566,2024_078566_2cca0110ecd5b5bd,2,67_1171,5,4
78598,2024_078598_44d61df25f7b4732,2,67_1172,2,3
78610,2024_078610_2f1d59068098593c,0,67_1172,2,7
78611,2024_078611_ee3704a0c91c5bd0,0,67_1172,2,2
78613,2024_078613_573042879243a2aa,3,67_1172,2,11
78625,2024_078625_6a7661282d2d9c7d,2,67_1172,2,2
78633,2024_078633_b34ba4fef47b5401,0,67_1172,2,10
78635,2024_078635_2c2396ebb4f366d9,0,67_1172,2,2
78645,2024_078645_a63d23c0113ad6d7,0,67_1172,2,8
78646,2024_078646_abea36ee2bed03a1,3,67_1172,2,17
78664,2024_078664_d88d50dcb85099de,0,67_1172,2,4
78668,2024_078668_5ee8f171b969f038,0,67_1172,2,8
78684,2024_078684_dc766861e578b720,1,67_1171,5,9
78686,2024_078686_c4e8be5d454e3aff,2,67_1171,5,2
78687,2024_078687_c86c643f8e1ac137,0,67_1171,5,5
78693,2024_078693_6e9d8bea72c87460,0,67_1171,5,2
78700,2024_078700_bb5786fb5e9d4a4b,0,67_1171,5,30
78702,2024_078702_ab54c02abbd2ea5d,1,67_1171,5,19
78725,2024_078725_a33a097956e28ce3,3,67_1171,5,13
78727,2024_078727_d8075ba947abac80,6,67_1172,2,13
78735,2024_078735_d513548c17b904c4,2,67_1172,2,3
78742,2024_078742_578f89907c67b53f,1,67_1172,2,11
78751,2024_078751_e25881e9df68e3de,6,67_1172,2,13
78752,2024_078752_5d2520509fb1d1b1,3,67_1172,2,18
78759,2024_078759_d080ed08856d1e15,3,67_1172,2,3
78774,2024_078774_2c3c556b0593f439,0,67_1172,2,5
78776,2024_078776_01fa20e37a3d8971,0,67_1172,2,7
78787,2024_078787_fb90d7fb096fbf02,0,67_1172,2,69
78796,2024_078796_0aecaf590f39d4bd,0,67_1172,2,20
78801,2024_078801_ad11d6736d9daf47,2,67_1172,2,2
78805,2024_078805_a63e41310ea84e94,0,67_1172,2,77
78807,2024_078807_4236087740068315,2,67_1172,2,10
78811,2024_078811_6d5a069603051cb5,2,67_1172,2,16
78816,2024_078816_d24ad1bee25a37c2,0,67_1172,2,14
78826,2024_078826_57c939efd6dcb759,1,67_1172,2,6
78829,2024_078829_977d6c54a5acb675,1,67_1171,5,23
78830,2024_078830_44364372eb30c618,0,67_1171,5,22
78836,2024_078836_bd1e7f00b804351d,6,67_1171,5,3
78839,2024_078839_7d2c4d8d84924801,3,67_1171,5,16
78842,2024_078842_89dc9a3879034c03,1,67_1171,5,17
78845,2024_078845_1f996f2f276a78e2,1,67_1171,5,18
78850,2024_078850_eb34aadf9a31f04f,3,67_1171,5,14
78855,2024_078855_e9faa80d1d55fe44,1,67_1171,5,5
78857,2024_078857_95725614e90c97e9,2,67_1171,5,7
78859,2024_078859_ff78912235df5bd5,3,67_1171,5,33
78862,2024_078862_28cec66ea24aa7a3,6,67_1172,2,77
78864,2024_078864_fce688d5dfe73448,4,67_1172,2,25
78870,2024_078870_65deb3a2e30f4685,2,67_1172,2,6
78872,2024_078872_32421de7b7d43614,3,67_1172,2,20
78873,2024_078873_be2e67ebea79d831,1,67_1172,2,10
78919,2024_078919_d5cd79265db752b8,0,67_1172,2,32
78927,2024_078927_fc05c7611b0e0f8b,0,67_1172,2,5
78936,2024_078936_4bc797e975b9af23,1,67_1172,2,9
78945,2024_078945_ec6ba8609d49373a,4,67_1172,2,12
78946,2024_078946_f7d476e03005fddc,4,67_1172,2,4
78950,2024_078950_a4ab71fab0e20878,3,67_1172,2,46
78951,2024_078951_a2de2324f0d46837,0,67_1172,2,2
78954,2024_078954_cb2b659dc67ef7c2,3,67_1172,2,4
78956,2024_078956_09a1da0f89aed7f9,1,67_1172,2,2
78964,2024_078964_eea6ac7ed16400a9,4,67_1172,2,13
78966,2024_078966_edb9af1b910c9a55,4,67_1172,2,13
78967,2024_078967_1c6c9eb552c54690,0,67_1172,2,2
78968,2024_078968_a366f9a72e5d187d,0,67_1172,2,17
78971,2024_078971_24ed150140e2b9ed,0,67_1172,2,4
78987,2024_078987_0601af04ce384701,4,67_1172,2,37
78989,2024_078989_95d7557b42814481,0,67_1172,2,8
78995,2024_078995_79a7ec33245d0814,0,67_1171,5,12
78996,2024_078996_7017cd1c28887069,0,67_1171,5,10
78997,2024_078997_91e7a39bc2fcefb0,0,67_1171,5,9
78999,2024_078999_2be0849c0715edd3,2,67_1171,5,3
79000,2024_079000_d49513230e2fd984,4,67_1171,5,32
79002,2024_079002_9a45ae61de125538,0,67_1171,5,16
79003,2024_079003_ae7c6500c836f5cd,1,67_1171,5,15
79005,2024_079005_5f2d5cb29c67bc61,1,67_1171,5,6
79011,2024_079011_12b786a72da00c49,2,67_1171,5,16
79018,2024_079018_be048a110b10691c,1,67_1171,5,7
79021,2024_079021_5a05c20a5360921f,0,67_1171,5,5
79022,2024_079022_ae38907b129ca1ec,0,67_1171,5,18
79025,2024_079025_f4f05a30301b7860,3,67_1171,5,7
79027,2024_079027_93897d5935a537bb,0,67_1171,5,12
79037,2024_079037_0bcc2ffd68f0aaa4,1,67_1171,5,21
79046,2024_079046_eeafc3f8166ceb54,4,67_1172,2,2
79050,2024_079050_de4e7698d80bb2cd,4,67_1172,2,3
79057,2024_079057_4ec70ab812098f56,2,67_1173,3,11
79067,2024_079067_cbda7c4b12141361,3,67_1173,3,28
79073,2024_079073_f7c7c62592e655e2,6,67_1173,3,15
79079,2024_079079_97c72573ff741515,3,67_1172,2,40
79091,2024_079091_f66b58938d3b201f,4,67_1172,2,18
79096,2024_079096_c94a6be3d54a579a,2,67_1172,2,3
79098,2024_079098_866ff2fb21c95cf4,2,67_1172,2,22
79101,2024_079101_77c22504e5b33195,1,67_1172,2,17
79102,2024_079102_693106929e7bd6ce,0,67_1172,2,5
79105,2024_079105_e85299d5899314bc,0,67_1172,2,4
79109,2024_079109_4bb730436338df6a,0,67_1172,2,22
79110,2024_079110_11184e2816ed6d72,0,67_1172,2,16
79112,2024_079112_5c91e1bf0a2d696a,3,67_1172,2,22
79113,2024_079113_c00f55912eeb21d5,0,67_1172,2,23
79116,2024_079116_4232bc4e4b331a58,0,67_1172,2,6
79118,2024_079118_c6582073aff95201,0,67_1172,2,4
79119,2024_079119_020068afd455bca1,1,67_1172,2,22
79120,2024_079120_ce0d6ef9849f6963,0,67_1172,2,12
79122,2024_079122_e7048274a9f86d6e,3,67_1172,2,12
79124,2024_079124_c96bbf3f10227cd8,0,67_1172,2,11
79127,2024_079127_6d3286c209f8029e,0,67_1172,2,14
79129,2024_079129_78e0f3db9f39cf2d,0,67_1172,2,8
79131,2024_079131_5545f48cbd1541ec,1,67_1172,2,2
79132,2024_079132_662fe49312701537,0,67_1172,2,7
79135,2024_079135_b74a9eb224529d73,1,67_1172,2,5
79158,2024_079158_f2683a15c64fd462,2,67_1172,2,16
79166,2024_079166_359b44d81aa4fbdf,0,67_1172,2,7
79223,2024_079223_9f281ddcc70d467c,3,67_1172,2,62
79225,2024_079225_754d180e43eda638,3,67_1173,3,10
79227,2024_079227_29d0f6b94ceae0df,4,67_1173,3,5
79235,2024_079235_482386d470bd8dde,0,67_1172,2,12
79236,2024_079236_b414385ab2d2d1f2,1,67_1172,2,11
79239,2024_079239_fe1888e94785fa5b,2,67_1172,2,26
79252,2024_079252_5cb3588378816710,4,67_1172,2,22
79263,2024_079263_01d8c45e02cf0e2b,4,67_1172,2,3
79267,2024_079267_e559e059396613fc,1,67_1171,5,8
79270,2024_079270_a201cd5a8cdd2023,3,67_1171,5,22
79271,2024_079271_72a6bd11e92bd165,1,67_1171,5,2
79279,2024_079279_1ce57783defb33b5,0,67_1172,2,45
79281,2024_079281_289213871097526b,2,67_1172,2,3
79297,2024_079297_497fe6eeeddfbdd8,0,67_1171,5,4
79302,2024_079302_f57de925842ef54b,4,67_1172,2,5
79310,2024_079310_35d86ab32154847f,0,67_1172,2,32
79323,2024_079323_db075a6eba0c59ad,0,67_1171,5,3
79333,2024_079333_1d0583de32e39738,6,67_1171,5,6
79346,2024_079346_bd9785bd4f8fca39,2,67_1171,5,4
79349,2024_079349_1453fd38a5006e19,2,67_1171,5,9
79352,2024_079352_7ee95f46735b6794,1,67_1171,5,17
79368,2024_079368_26ba6f072872e745,2,67_1172,2,11
79370,2024_079370_c587f2929160cc37,2,67_1172,2,17
79372,2024_079372_c952ed14f80c4065,5,67_1172,2,2
79375,2024_079375_d0fd6151c0841b8c,1,67_1172,2,9
79376,2024_079376_21b46ff275121634,1,67_1172,2,53
79384,2024_079384_5cfc16b7640ec18a,3,67_1172,2,16
79387,2024_079387_7bffd5e4110b4ffa,2,67_1172,2,10
79393,2024_079393_02d09084efb7b639,1,67_1172,2,10
79399,2024_079399_94447308fcc16fa2,0,67_1172,2,5
