source_row,parcel_id,y,block_5km,assigned_test_fold,pure_pixels_40m
13,2025_000013_b4fc6f329e98d374,3,67_1169,0,7
14,2025_000014_6c7ef6f086cbecce,5,67_1169,0,27
15,2025_000015_d5ad137446abc5c9,7,67_1169,0,11
17,2025_000017_0069fc77c2a787be,3,67_1169,0,15
20,2025_000020_e9a48f88395d32e3,4,67_1169,0,13
23,2025_000023_05030ca067a782a3,2,67_1169,0,20
39,2025_000039_1ef88bb1e4b5e09e,0,68_1169,0,18
41,2025_000041_80cec40b50d60832,0,68_1169,0,26
60,2025_000060_510ca40805eca224,0,68_1169,0,37
64,2025_000064_fc817d44af0913c1,0,68_1169,0,24
66,2025_000066_1ec28a5a21e70152,0,67_1169,0,5
70,2025_000070_8babfc1b9c6291a1,1,67_1169,0,4
74,2025_000074_431b9d6067a1f66c,1,67_1169,0,5
75,2025_000075_5b63529d2f4da490,2,67_1169,0,2
80,2025_000080_decfc93a19708e2b,1,67_1169,0,4
87,2025_000087_3ec1ef20453cdbcb,3,67_1169,0,3
99,2025_000099_c8fe7d02deba8535,3,67_1169,0,22
101,2025_000101_228e6ae2eab41d19,0,67_1169,0,3
105,2025_000105_526d696545a93350,3,67_1169,0,12
108,2025_000108_de92f09ed0d5dc90,0,67_1169,0,4
131,2025_000131_865e30e54f28fe1f,3,67_1169,0,7
146,2025_000146_9e8e11e46d644302,5,67_1169,0,10
152,2025_000152_ea1a05b0f898997b,3,67_1169,0,8
157,2025_000157_14a1317b1418e4c7,0,67_1169,0,37
159,2025_000159_76bb9c91f42c80bc,1,67_1169,0,10
167,2025_000167_a4d2ed4bdb851320,5,67_1169,0,47
169,2025_000169_9105b4938cbfe303,1,67_1169,0,8
170,2025_000170_324c5703dcbf0654,1,67_1169,0,3
181,2025_000181_048ee6991c6df440,0,68_1169,0,3
183,2025_000183_84f40ef41329c7fd,0,68_1169,0,111
184,2025_000184_740e9060518f7efe,0,68_1169,0,8
188,2025_000188_b75c3d78cffc3b78,0,68_1169,0,6
209,2025_000209_9f873fe1f23f0178,7,67_1169,0,40
211,2025_000211_8dca56924d3a4349,0,67_1169,0,6
221,2025_000221_2560bb11db4d3a12,2,67_1169,0,9
226,2025_000226_59f10cd1b6e5a81c,3,67_1169,0,2
239,2025_000239_37d53ab55eb4b4c8,2,67_1169,0,4
249,2025_000249_2745b8dd8766b7fb,1,67_1169,0,7
260,2025_000260_a67cfa975edb2de9,0,67_1169,0,4
264,2025_000264_546a884f0da1ccc4,1,67_1169,0,2
265,2025_000265_c6512c4028ae564b,0,67_1169,0,4
279,2025_000279_ab3e9a89ec28c056,3,67_1169,0,10
282,2025_000282_e8560a5930a8dd35,0,67_1169,0,9
285,2025_000285_ad62bdb6dec7b6ba,0,67_1169,0,40
291,2025_000291_b168b03a731df53b,1,67_1169,0,6
296,2025_000296_d4542eb4ecbe6475,4,67_1169,0,2
324,2025_000324_6b747e875bff1a5e,3,67_1169,0,3
325,2025_000325_989f54106740f0c1,7,67_1169,0,6
342,2025_000342_aa153598fa7bec8e,4,67_1169,0,13
350,2025_000350_b93680f764c9938b,2,67_1169,0,2
361,2025_000361_bb0a6a357afd6d78,5,67_1169,0,23
369,2025_000369_3fc05351d9a010fa,5,67_1169,0,16
373,2025_000373_df618a47790bea9a,5,67_1169,0,28
377,2025_000377_0e65902879992dba,5,67_1169,0,36
378,2025_000378_0a7cdd491e377a3e,2,67_1169,0,18
380,2025_000380_8e93cd384a7878b9,1,67_1169,0,2
382,2025_000382_045210d463765fbb,0,68_1169,0,61
383,2025_000383_0016e5566763358e,0,68_1169,0,211
385,2025_000385_2c497788e2a3924c,3,68_1169,0,9
387,2025_000387_2e662e521ea5962e,1,68_1169,0,13
390,2025_000390_a31d74d17103b938,1,69_1169,1,6
393,2025_000393_c08bee49315af754,1,69_1169,1,2
397,2025_000397_2ef8eb1a4e00928a,3,69_1169,1,9
398,2025_000398_773a660e97265269,1,69_1169,1,6
399,2025_000399_617b54b6041b4de9,3,69_1169,1,2
400,2025_000400_249cf30d93516ac7,1,68_1169,0,10
404,2025_000404_8fb5b16791f26545,1,68_1169,0,12
413,2025_000413_4967c39fbdd7679e,0,69_1169,1,6
416,2025_000416_1a72455a41fb558d,0,69_1169,1,16
422,2025_000422_63424edffdba8ccc,0,69_1169,1,2
423,2025_000423_6c5e48b8466a662b,0,69_1169,1,10
428,2025_000428_894c63c999b034c1,0,68_1169,0,6
429,2025_000429_20fd28e68d06a433,4,68_1169,0,20
436,2025_000436_b8240fa568e4f441,7,68_1169,0,4
447,2025_000447_6ebd350a6893e7c0,0,68_1169,0,9
466,2025_000466_1ab60430e72eedf3,7,69_1169,1,16
469,2025_000469_7caba0ae319fc238,2,69_1169,1,22
482,2025_000482_c6dc4d24413819b0,1,69_1169,1,20
484,2025_000484_0523da977dfa2210,0,69_1169,1,4
486,2025_000486_b50016a4a7fb3de7,7,69_1169,1,4
488,2025_000488_699583addc60e927,2,69_1169,1,18
492,2025_000492_913f034444483915,6,69_1169,1,18
493,2025_000493_cd1d00af07188d6d,0,69_1169,1,2
505,2025_000505_3d31edd8d9a605b4,0,69_1169,1,6
510,2025_000510_c9acaa666ffdd8d3,0,69_1169,1,4
512,2025_000512_38e248012aaa2151,0,69_1169,1,13
531,2025_000531_460cd21ebcae8c83,0,69_1169,1,33
532,2025_000532_89761ba1a9688d78,0,69_1169,1,14
538,2025_000538_bbeb3f207ad2d7a1,0,69_1169,1,35
545,2025_000545_490c9360e38c417d,0,69_1169,1,42
547,2025_000547_304abe8842a539d2,0,69_1169,1,5
548,2025_000548_3457ae397be1dfaa,0,69_1169,1,13
554,2025_000554_17864bcf948e3aa0,0,69_1169,1,19
555,2025_000555_beb84a29e7a4977d,0,69_1169,1,30
565,2025_000565_da60e3b805673fd4,0,69_1169,1,17
569,2025_000569_a00b31d2eb10354d,1,69_1169,1,14
579,2025_000579_95c5c6350b582383,1,70_1169,2,6
581,2025_000581_856188431123a00e,3,70_1169,2,8
583,2025_000583_f53a918204418ec1,0,69_1169,1,13
584,2025_000584_a22c17bc657afc7f,0,69_1169,1,7
589,2025_000589_d655222bc49a1d8e,2,70_1169,2,6
608,2025_000608_506efbf2da55c2a0,0,69_1169,1,4
625,2025_000625_81467fab55ac1bc0,0,69_1169,1,2
626,2025_000626_71c51ea07595034c,0,69_1169,1,5
627,2025_000627_d8fbed36702ca2a4,0,69_1169,1,10
628,2025_000628_0bd9fe42b2b3de00,0,69_1169,1,11
629,2025_000629_6d5214df545a9ffc,0,69_1169,1,2
633,2025_000633_f39b6b0f8bf639b2,7,69_1169,1,44
635,2025_000635_ecf4c2ae2974d0ee,0,69_1169,1,7
638,2025_000638_f3d690d1949a92ef,0,69_1169,1,10
646,2025_000646_ec76ac228e67db97,0,69_1169,1,8
649,2025_000649_4819d6a308d53a4f,0,69_1169,1,9
655,2025_000655_cd2f33051b030a4b,6,69_1169,1,10
656,2025_000656_f9488074090663ad,7,69_1169,1,5
657,2025_000657_a34c6f99180b191b,0,69_1169,1,2
659,2025_000659_f6c7ce3f2caa5c2c,0,68_1169,0,8
662,2025_000662_ba7196b91b172308,0,68_1169,0,3
669,2025_000669_cc73891b4b4f6096,7,68_1169,0,2
680,2025_000680_d06b187751d25356,0,68_1169,0,4
683,2025_000683_a61e4e8c491645ea,0,68_1169,0,9
687,2025_000687_c642018ac6855884,0,68_1169,0,7
689,2025_000689_94d163508e02e19e,7,69_1169,1,2
714,2025_000714_97dd0364078353f6,0,69_1169,1,10
715,2025_000715_a668b7b849124ee6,0,69_1169,1,4
728,2025_000728_f571670ef5a2982c,7,69_1169,1,6
733,2025_000733_751a7b719f21f01d,0,69_1169,1,10
736,2025_000736_dd981580db5d914a,1,69_1169,1,2
741,2025_000741_24cc4dc6d2054191,1,69_1169,1,10
760,2025_000760_17e5915f508f1ba1,3,69_1169,1,29
766,2025_000766_348d58eff7a4c75f,3,69_1169,1,9
768,2025_000768_9e34619187d071e6,2,69_1169,1,30
776,2025_000776_5b1b1a48625f4bb7,0,69_1169,1,3
781,2025_000781_f8809f4a0f1f8e0c,0,69_1169,1,11
793,2025_000793_0f9c2fc3a36302d3,7,69_1169,1,14
800,2025_000800_bddf68de7e10883b,0,69_1169,1,3
805,2025_000805_b6a23b0df2005c99,7,69_1169,1,18
808,2025_000808_2ca2f2b0368777ab,2,69_1169,1,7
851,2025_000851_45879f08a3655864,0,69_1169,1,7
859,2025_000859_016829c080f3b46e,0,69_1169,1,3
871,2025_000871_61ea91ec0a82a6e7,0,69_1169,1,25
888,2025_000888_9fed424861212ce3,0,69_1169,1,15
903,2025_000903_268a7c44d54cfd73,1,69_1169,1,3
904,2025_000904_5a3927b0d84932f8,0,69_1169,1,5
905,2025_000905_fada15b77323e415,1,69_1169,1,6
906,2025_000906_5a25e7ff0de05e3e,0,69_1169,1,6
914,2025_000914_eb351bbc3c858c16,0,69_1169,1,30
916,2025_000916_9594e4889adbb6f3,0,69_1169,1,2
923,2025_000923_79bdc7b61a3ce548,0,69_1169,1,2
924,2025_000924_4fcc44e3d9a7b112,0,69_1169,1,3
926,2025_000926_da5810dba6185396,0,69_1169,1,7
933,2025_000933_55d89d92973558fd,0,69_1169,1,6
953,2025_000953_d8c8e2fc07ce7b94,0,69_1169,1,3
974,2025_000974_65dbd7db0adc592e,7,69_1169,1,4
978,2025_000978_fbbb231fe7a86a68,6,69_1169,1,28
994,2025_000994_a3cddd3e3c42feca,0,69_1169,1,2
1024,2025_001024_7b3dfbf31992c311,2,68_1169,0,5
1032,2025_001032_5ea2d59b29cfad20,2,68_1169,0,3
1038,2025_001038_e8c61ef81fcc5247,2,68_1169,0,3
1054,2025_001054_e24ca2840c8da137,0,69_1169,1,6
1055,2025_001055_37ba24e5bf70f13b,0,69_1169,1,4
1059,2025_001059_47bc67cf385d18af,0,69_1169,1,14
1068,2025_001068_036fd12dfb88e7f0,7,69_1169,1,6
1070,2025_001070_7dc08a976b206150,0,69_1169,1,4
1071,2025_001071_8d9d7f83f2c54252,7,69_1169,1,2
1072,2025_001072_d5cadea97e67282a,7,69_1169,1,6
1073,2025_001073_f0df4932b7ef0d83,0,69_1169,1,5
1079,2025_001079_c4c8f597b7f275e8,0,69_1169,1,4
1085,2025_001085_a2a192c90d214ede,2,69_1169,1,6
1086,2025_001086_f705e525e4243ede,2,69_1169,1,12
1092,2025_001092_57862e8a1f0eff7d,1,68_1169,0,12
1093,2025_001093_b9d91d1dfc68404f,2,68_1169,0,6
1094,2025_001094_3d9c764439dbfc32,3,69_1169,1,9
1095,2025_001095_428cc5606369aea2,3,68_1169,0,6
1096,2025_001096_276d818f64212dd8,0,68_1169,0,15
1098,2025_001098_0366713c5430178e,2,69_1169,1,8
1107,2025_001107_740684e983cf1427,0,68_1169,0,14
1119,2025_001119_505ed0340fb57ecf,1,68_1169,0,10
1120,2025_001120_1b89078d76b7249f,1,69_1169,1,8
1121,2025_001121_ec9f51c1b6b42052,1,68_1169,0,13
1123,2025_001123_cd2277eceb6223cd,2,68_1169,0,9
1146,2025_001146_f2eba63eb4027f55,2,68_1169,0,9
1171,2025_001171_d9955cab5b4cfe2e,0,69_1169,1,2
1173,2025_001173_402bdcb67f04547a,7,69_1169,1,83
1175,2025_001175_f64495908a8e1286,0,69_1169,1,17
1179,2025_001179_9c70ddf6dec9f2c5,2,69_1169,1,8
1190,2025_001190_c6743411e9363912,3,69_1169,1,11
1196,2025_001196_eca535dcce6dc83d,2,69_1169,1,5
1201,2025_001201_e4322ee17489787e,2,69_1169,1,8
1213,2025_001213_d322bef9cb6c16db,2,68_1169,0,7
1217,2025_001217_5ccbc2ff9aeb243d,0,68_1169,0,6
1220,2025_001220_65474496598d5240,1,68_1169,0,8
1221,2025_001221_16f394752742f8f8,5,68_1169,0,31
1222,2025_001222_2172d6db2b1b904a,0,69_1169,1,5
1224,2025_001224_d12c179958404502,2,69_1169,1,2
1225,2025_001225_dbc6387e8329fd81,6,69_1169,1,38
1231,2025_001231_a7c5d05474a0e178,4,69_1169,1,13
1237,2025_001237_9c3c7cc4a54f279e,7,69_1169,1,9
1240,2025_001240_4e32b4c43d64c955,3,69_1169,1,12
1255,2025_001255_edbcd130b3213f30,0,69_1169,1,2
1258,2025_001258_0c7f82597ff066c9,7,69_1169,1,4
1271,2025_001271_acf8e5deee5a050e,7,69_1169,1,12
1280,2025_001280_1967cb44322c5a52,2,69_1169,1,11
1286,2025_001286_5952947036e41380,6,69_1169,1,14
1292,2025_001292_4c855fab31827b0a,0,68_1169,0,14
1317,2025_001317_610b2e79d5a9f3d7,0,69_1169,1,23
1323,2025_001323_67614a2708d428ad,0,69_1169,1,22
1336,2025_001336_2cd7ca10b7c8fdcb,1,70_1169,2,10
1337,2025_001337_73250eab17eda47c,0,69_1169,1,12
1347,2025_001347_d6b496e58f4086c0,0,69_1169,1,11
1358,2025_001358_0568ea7e313cd5af,4,69_1169,1,2
1359,2025_001359_c2e2880f1ff748db,3,69_1169,1,25
1377,2025_001377_db92bafa7221d5c4,5,69_1169,1,7
1392,2025_001392_f67c5c08d66b6c3d,0,69_1169,1,30
1396,2025_001396_00ecab2552aba424,0,70_1169,2,16
1397,2025_001397_b5f7693a9bcf7d1c,0,70_1169,2,10
1399,2025_001399_ad2460a234ebd53c,0,70_1169,2,4
1401,2025_001401_605af7e29d73998b,0,70_1169,2,6
1406,2025_001406_f3de53011385a2ae,0,70_1169,2,3
1410,2025_001410_e88de546be507c5f,1,69_1169,1,2
1413,2025_001413_63ed37f18d9ee9dd,3,70_1169,2,7
1422,2025_001422_ecd27f33fb7c0550,2,70_1169,2,6
1427,2025_001427_8bca3ab15e09a4ad,0,70_1169,2,2
1431,2025_001431_d50824d22608b24d,2,70_1169,2,23
1441,2025_001441_633c861de054b51d,2,70_1169,2,7
1445,2025_001445_832923878ceb9e1e,1,70_1169,2,2
1449,2025_001449_c04334bb0721c8fa,1,70_1169,2,8
1462,2025_001462_211cb0121e70fb2c,1,70_1169,2,15
1465,2025_001465_cccf54f3807089aa,1,70_1169,2,4
1466,2025_001466_a3922a64a466776a,1,70_1169,2,2
1470,2025_001470_fce01f105118c238,1,70_1169,2,9
1477,2025_001477_83db34058719fad7,7,70_1169,2,2
1487,2025_001487_d0ca341e005ecc96,1,70_1169,2,14
1488,2025_001488_c4bbaf85cabbe5bd,2,70_1169,2,5
1493,2025_001493_1e55542351c8b187,2,70_1169,2,7
1495,2025_001495_b60a4a7ea4d0366e,1,70_1169,2,6
1496,2025_001496_44670c98f8315808,2,70_1169,2,10
1500,2025_001500_f9759fbeddc0fab3,3,70_1169,2,2
1504,2025_001504_d72221fa10031004,3,70_1169,2,28
1509,2025_001509_66ad02376f7293eb,2,70_1169,2,7
1510,2025_001510_51ad47aecb749894,1,70_1169,2,2
1512,2025_001512_6de7fc167450dd36,2,70_1169,2,7
1513,2025_001513_8c019ca1c2980c46,2,70_1169,2,39
1514,2025_001514_35e6c3990b95a3ec,1,70_1169,2,15
1515,2025_001515_1e9556004b125c98,1,70_1169,2,39
1517,2025_001517_131554be37ebf46b,3,70_1169,2,5
1519,2025_001519_3f4eecab3022fe29,1,70_1169,2,3
1522,2025_001522_0c33b58b092fe7d9,1,70_1169,2,10
1524,2025_001524_67b7f80afcc8ba7d,2,70_1169,2,9
1525,2025_001525_5680b4d2fc4ad78a,1,70_1169,2,5
1526,2025_001526_d2c750b5fe2bb198,0,70_1169,2,8
1529,2025_001529_26b23a6efbbc8ac4,5,70_1169,2,27
1530,2025_001530_75ca98a7b8188ed5,1,70_1169,2,11
1533,2025_001533_cfc3265721c9956c,0,70_1169,2,4
1535,2025_001535_c4e12889a837bb80,1,70_1169,2,6
1536,2025_001536_656c0301603d93d2,2,70_1169,2,10
1543,2025_001543_0e672fb9585e3821,4,70_1169,2,4
1545,2025_001545_a331a6cc2f317dad,3,70_1169,2,11
1551,2025_001551_ff6b23906aac0eb4,2,70_1169,2,4
1553,2025_001553_269538174d07d6a4,7,70_1169,2,9
1556,2025_001556_54bf4c78e7b14ba0,1,70_1169,2,10
1569,2025_001569_2361b3e67d6b5523,3,70_1169,2,13
1576,2025_001576_b550ba00c5a560b1,1,69_1169,1,13
1582,2025_001582_7780455dc2faba4b,1,69_1169,1,5
1591,2025_001591_63cc48e22e1019c0,1,70_1169,2,23
1598,2025_001598_2d895040a53bfea2,1,70_1169,2,9
1605,2025_001605_35e765fd826f654f,1,70_1169,2,14
1614,2025_001614_701dbcde49d2e88b,1,70_1169,2,21
1624,2025_001624_17adf662f18489b4,1,70_1169,2,11
1634,2025_001634_c2c798b1fc4cd094,2,70_1169,2,7
1636,2025_001636_e8654bd8cb791862,3,70_1169,2,11
1638,2025_001638_fc188a5cfda55f96,3,70_1169,2,18
1641,2025_001641_8d5e273e6a5c6700,0,70_1169,2,31
1648,2025_001648_fa208ac013d25f11,2,70_1169,2,12
1656,2025_001656_9cfe9c02e11ff893,4,70_1169,2,24
1659,2025_001659_3edcbeac3400771a,4,70_1169,2,23
1660,2025_001660_bd584113a00fbc88,7,70_1169,2,28
1664,2025_001664_f2adb5eaa6578f7f,5,70_1169,2,49
1665,2025_001665_c85f7c0759244fc6,2,70_1169,2,4
1666,2025_001666_c495d7a70de3aa5a,2,70_1169,2,14
1671,2025_001671_ce51ee8e997b6bd8,1,70_1169,2,23
1676,2025_001676_fb39fced5d30c764,2,70_1169,2,4
1677,2025_001677_f615aafdca68d0e9,3,70_1169,2,13
1682,2025_001682_ba55e7dfb6baa2f1,2,70_1169,2,14
1684,2025_001684_7952b96a63a8c30c,2,70_1169,2,3
1687,2025_001687_aa2746d9cf1b9d4a,1,70_1169,2,5
1691,2025_001691_06f24eefdd1adcac,1,70_1169,2,16
1699,2025_001699_ec0f2f63a161f02b,5,70_1169,2,33
1704,2025_001704_9254d857ca023e76,5,70_1169,2,31
1709,2025_001709_9c18ff0e08041681,2,70_1169,2,8
1710,2025_001710_110142632b1b74e7,2,70_1169,2,6
1711,2025_001711_5543679a24cab44f,6,70_1169,2,2
1727,2025_001727_9f1548c51d927441,2,70_1169,2,3
1730,2025_001730_29b1d1a57e8a4ddd,2,70_1169,2,14
1760,2025_001760_1c55b479cad0acea,1,70_1169,2,22
1762,2025_001762_b1012b8e0cc1663e,1,70_1169,2,21
1798,2025_001798_ea9ad056d09d0cdc,1,70_1169,2,11
1800,2025_001800_f2e537a7ebd073ac,1,70_1169,2,34
1835,2025_001835_1b6f891999d743cf,1,70_1169,2,31
1838,2025_001838_0515d90fb65067d6,4,70_1169,2,24
1839,2025_001839_4a65451c9bfc94c3,1,70_1169,2,6
1844,2025_001844_d3f25b4cd32cefc1,1,70_1169,2,2
1848,2025_001848_0d20af783f50f1c7,1,70_1169,2,6
1854,2025_001854_f2406ca5e46dc15a,2,70_1169,2,18
1858,2025_001858_0d77f086de38d03c,2,70_1169,2,71
1862,2025_001862_671a0f7131ddbc16,2,70_1169,2,7
1866,2025_001866_1a63f47e0e42b819,1,70_1169,2,13
1870,2025_001870_aad299f59a015f17,3,70_1169,2,12
1873,2025_001873_193e920e91dc85e0,3,70_1169,2,8
1876,2025_001876_22fc31caa3cdf888,3,70_1169,2,20
1884,2025_001884_4c87835e262e80b2,0,70_1169,2,8
1890,2025_001890_fdac0c6ebe97d29a,2,70_1169,2,2
1894,2025_001894_ce412f33a487bc6c,1,70_1169,2,3
1912,2025_001912_687f31374be91327,0,70_1169,2,4
1920,2025_001920_90e9bcfaf276dfd7,0,70_1169,2,8
1921,2025_001921_0d0ce433d15b3fa7,0,70_1169,2,10
1925,2025_001925_ce088e0a4b67d0e9,0,70_1169,2,4
1926,2025_001926_738a1ff624d949bc,0,70_1169,2,4
1935,2025_001935_9cbc3a4a2b2b2329,0,70_1169,2,23
1942,2025_001942_1f239edf92754b61,0,70_1169,2,9
1946,2025_001946_07244c790ddc66c9,4,71_1169,0,4
1948,2025_001948_97e40b0c79e2da14,3,71_1169,0,15
1966,2025_001966_7c3f7a185899fe47,0,70_1169,2,3
1970,2025_001970_b47f259802c0a529,0,70_1169,2,7
1973,2025_001973_26a13db6115f4c55,0,70_1169,2,14
1975,2025_001975_26d998884bc4502b,0,70_1169,2,12
1989,2025_001989_1ac051c92f29a881,1,70_1169,2,2
1992,2025_001992_03b6a9f7daa2971e,1,70_1169,2,4
1993,2025_001993_a3fdf81bc9030e33,1,70_1169,2,7
1997,2025_001997_f1265cd4e88590f9,3,70_1169,2,28
1998,2025_001998_bb8bc4c288b486b8,0,70_1169,2,7
2023,2025_002023_ce36ad3b7c0a5526,0,71_1169,0,3
2030,2025_002030_006f536412952b9a,4,70_1169,2,20
2036,2025_002036_e8b7595a4b6c391b,4,71_1169,0,59
2042,2025_002042_03e7fea9e61f00f9,2,71_1169,0,16
2047,2025_002047_620a0ae7dacb5fbe,4,71_1169,0,16
2049,2025_002049_4f79df015c1fe3d3,3,71_1169,0,8
2050,2025_002050_305baacce77c3643,3,71_1169,0,6
2051,2025_002051_7fad162198b424f1,3,71_1169,0,5
2053,2025_002053_c31c09d49e53f36f,5,71_1169,0,30
2060,2025_002060_0fa443ec61b14e8b,0,71_1169,0,4
2065,2025_002065_8678e3603b357ecc,3,71_1169,0,3
2087,2025_002087_9c4d7bc6c73acbe0,0,70_1169,2,4
2092,2025_002092_e69431dcc2e03e4b,0,70_1169,2,18
2096,2025_002096_d754d0e81778362f,1,70_1169,2,14
2105,2025_002105_a75d4324bc30fa80,2,70_1169,2,19
2107,2025_002107_394c4d29e5bec1ca,0,71_1169,0,6
2117,2025_002117_1540417853793c8f,2,71_1169,0,3
2126,2025_002126_034dde16ec19dbc9,0,71_1169,0,2
2132,2025_002132_1bbb911aee730158,0,70_1169,2,2
2135,2025_002135_5f8fb24b313b1580,0,70_1169,2,4
2151,2025_002151_aebb58253670c4ff,0,71_1169,0,6
2156,2025_002156_eb625a91101e92b3,3,71_1169,0,10
2162,2025_002162_08693d292cfdbc3a,0,71_1169,0,6
2170,2025_002170_591aeb8e5d85158c,0,72_1169,0,10
2186,2025_002186_cc51a1c4a1725e85,2,72_1169,0,5
2187,2025_002187_a740627786d5c32b,2,72_1169,0,4
2190,2025_002190_22bc99e644173965,3,72_1169,0,15
2201,2025_002201_0e3d4387f243a24a,4,72_1169,0,2
2202,2025_002202_79aecf4d238c16e4,3,72_1169,0,2
2204,2025_002204_c4c0c21c45b3cce2,5,72_1169,0,13
2207,2025_002207_cac931a7efa6d193,4,72_1169,0,7
2217,2025_002217_0f9354773c25e2ed,3,72_1169,0,2
2218,2025_002218_ab550c234aae5402,3,72_1169,0,3
2229,2025_002229_7951a1ced4d44b2d,2,72_1169,0,2
2236,2025_002236_36dc03284cc568c8,3,72_1169,0,21
2245,2025_002245_d60f774c9576ae64,4,72_1169,0,16
2253,2025_002253_a04361216a9407a8,1,72_1169,0,13
2260,2025_002260_50079fd4cf2ec148,1,72_1169,0,9
2261,2025_002261_c401a0e06da8ceb5,1,72_1169,0,15
2262,2025_002262_af10f090722e634e,1,72_1169,0,5
2274,2025_002274_f6068c1d3f1e4c50,2,72_1169,0,9
2275,2025_002275_e6f595337a1c2cd3,6,72_1169,0,7
2285,2025_002285_a568c6f07ad48266,1,72_1169,0,7
2290,2025_002290_1348cd4dbfb1368a,6,72_1169,0,9
2293,2025_002293_55e0029bb5b7cc61,4,71_1169,0,11
2295,2025_002295_fdfeabb25f2f24fa,3,71_1169,0,6
2298,2025_002298_310795353b334751,6,71_1169,0,4
2300,2025_002300_c19dc6155dddb7af,3,71_1169,0,43
2304,2025_002304_b1796815cd293b34,0,71_1169,0,3
2323,2025_002323_0e4c8f7273d9eb1a,0,71_1169,0,8
2324,2025_002324_827ec957801a9c34,0,71_1169,0,5
2329,2025_002329_b3ff914348fc0dba,2,72_1169,0,4
2347,2025_002347_6608b18ac9633e90,6,72_1169,0,6
2352,2025_002352_1153ecd2d4faec1d,4,72_1169,0,9
2353,2025_002353_6f16f10a30fb7f46,6,72_1169,0,23
2356,2025_002356_1d96dc1536595d3a,6,72_1169,0,12
2360,2025_002360_76581e6243bcb6a7,1,72_1169,0,17
2362,2025_002362_390dce7a6314a111,6,72_1169,0,6
2364,2025_002364_0df098898ba07a32,1,72_1169,0,16
2372,2025_002372_9bb494d9a50e7ed0,3,72_1169,0,5
2373,2025_002373_d48f3df2b1be0e83,3,72_1169,0,15
2380,2025_002380_7a89d9d9f8a7d06a,6,72_1169,0,17
2381,2025_002381_84aea23c4b703902,6,72_1169,0,15
2385,2025_002385_7a2c67cfc02dd460,0,71_1169,0,10
2390,2025_002390_aeeffefffdf0bdb2,6,71_1169,0,5
2392,2025_002392_e75052694952acaa,0,71_1169,0,8
2393,2025_002393_8c85ce2f5f2880ad,6,71_1169,0,2
2399,2025_002399_38a53c3ad971750e,0,71_1169,0,3
2403,2025_002403_14629df3a20f65a8,0,71_1169,0,5
2405,2025_002405_3f2017c0f4a1205a,6,71_1169,0,35
2438,2025_002438_4f3adc200cc389d9,7,72_1169,0,10
2441,2025_002441_b984d2725b89e35c,0,73_1169,2,9
2442,2025_002442_4995cb09657652a7,0,73_1169,2,9
2447,2025_002447_364768e566e49064,0,73_1169,2,6
2455,2025_002455_d97a333da2a390b1,3,73_1169,2,12
2459,2025_002459_b7b50a189a83401e,6,73_1169,2,29
2466,2025_002466_35c0be90acff465f,7,73_1169,2,9
2469,2025_002469_3bbdeec7b67b64ad,0,72_1169,0,3
2470,2025_002470_2e4313bf2ff35ec4,0,73_1169,2,9
2476,2025_002476_62d327c21a5ef516,4,73_1169,2,52
2479,2025_002479_c0464f59d383499a,4,73_1169,2,12
2483,2025_002483_a9cfa38fe85a12c0,4,73_1169,2,68
2490,2025_002490_1050135284b7d5b4,3,73_1169,2,25
2499,2025_002499_54264dbc820105b8,3,73_1169,2,36
2501,2025_002501_c54fc3329a9fc9a1,4,73_1169,2,40
2504,2025_002504_8572961b26f0eae0,4,73_1169,2,27
2522,2025_002522_3606eb0b0b6e5014,2,72_1169,0,33
2523,2025_002523_1372a5a3f844a846,4,72_1169,0,25
2525,2025_002525_bced56db7eec27f7,1,72_1169,0,9
2527,2025_002527_7108e4d1c55ba077,3,72_1169,0,7
2528,2025_002528_7cbe53a7f08d243e,1,72_1169,0,25
2529,2025_002529_18a37020ce1f97b5,1,72_1169,0,20
2531,2025_002531_b3c268fb08daea74,3,72_1169,0,20
2533,2025_002533_2c435ad66f93b345,1,72_1169,0,21
2534,2025_002534_1e7aad35c1409307,3,72_1169,0,14
2537,2025_002537_96ca5a8a018f1342,2,72_1169,0,39
2542,2025_002542_4f0e42dab92ce2d3,0,72_1169,0,7
2566,2025_002566_e6e49d2c8c1f3c7a,7,73_1169,2,40
2569,2025_002569_795d9f5207e69792,3,73_1169,2,23
2584,2025_002584_ffec1121cc073628,0,72_1169,0,11
2586,2025_002586_93e079412659c02b,4,73_1169,2,14
2606,2025_002606_cc7684d275fbf948,7,72_1169,0,24
2614,2025_002614_69268dfb011fe2ed,6,73_1169,2,8
2623,2025_002623_37420bd8837d8000,4,73_1169,2,56
2626,2025_002626_278b7fba29f75b5e,7,73_1169,2,109
2633,2025_002633_0d9b4a71cb3219ee,4,73_1169,2,52
2635,2025_002635_7e1b59958b3724a5,7,73_1169,2,17
2650,2025_002650_53e82414bc695c99,6,66_1169,0,5
2710,2025_002710_381ea461f53680f3,1,67_1169,0,5
2716,2025_002716_9a40605b1b92d50e,0,67_1169,0,2
2727,2025_002727_a966218345021cb6,1,67_1169,0,4
2728,2025_002728_047aaa1642b51bd8,0,67_1169,0,18
2729,2025_002729_dbbd6ec96ffdd701,1,67_1169,0,2
2730,2025_002730_7dfe73d467f56027,0,66_1169,0,4
2731,2025_002731_d3ebdad9bef59405,1,67_1169,0,13
2732,2025_002732_a90a3b6277d93850,0,67_1169,0,3
2733,2025_002733_1fd491e0ad7a5764,3,66_1169,0,7
2734,2025_002734_650ba5d07c14fee8,0,67_1169,0,2
2737,2025_002737_7f8b2cf93bd3d458,0,67_1169,0,32
2739,2025_002739_71c568e8eb219685,0,67_1169,0,9
2741,2025_002741_98bd8548f6663496,0,67_1169,0,12
2745,2025_002745_92ed686c741ffe56,7,67_1169,0,207
2747,2025_002747_d80db5d19721b8f7,0,67_1169,0,6
2752,2025_002752_621c5f5019d0dcf0,0,67_1169,0,94
2756,2025_002756_9f041bdb16723d2c,0,67_1169,0,56
2759,2025_002759_8c4f04ef07be673f,0,67_1169,0,10
2779,2025_002779_db7daf13edf56602,4,67_1169,0,2
2780,2025_002780_be1458e8cedf2cae,3,67_1169,0,10
2783,2025_002783_4ed7ce0030ae495f,0,67_1169,0,31
2787,2025_002787_ee3f482b3b64bbc7,4,67_1169,0,7
2791,2025_002791_98979f8660093626,6,67_1169,0,10
2795,2025_002795_ea9e4e1b99a968a1,4,67_1169,0,4
2808,2025_002808_bd754ea4f6211fbc,7,67_1169,0,30
2814,2025_002814_1dc32ffd81c2e909,1,67_1169,0,5
2816,2025_002816_20a5455af5cfd703,1,67_1169,0,6
2820,2025_002820_37916ca2c51bf349,6,67_1169,0,21
2833,2025_002833_07b0cf62843b19f4,7,67_1169,0,47
2841,2025_002841_697e5bf3d86e029f,7,67_1169,0,14
2844,2025_002844_920be1bb8b7a3f07,6,67_1169,0,2
2846,2025_002846_3627941e89dbddd9,7,67_1169,0,3
2849,2025_002849_d12ea6f486e18283,3,67_1169,0,7
2855,2025_002855_c75e6cd90d8490cb,2,67_1169,0,22
2868,2025_002868_5bfbdbd25d0c2756,7,67_1169,0,8
2873,2025_002873_8f20492ea890196c,0,67_1169,0,3
2880,2025_002880_67a6471bbb2d90b3,2,67_1169,0,2
2895,2025_002895_bb3289b257e18cd1,1,67_1169,0,2
2903,2025_002903_337e76ee5b5f9960,2,67_1169,0,35
2911,2025_002911_13c486960cf41c22,3,67_1169,0,7
2918,2025_002918_8b7341bf155b2c4f,3,67_1169,0,7
2923,2025_002923_ccdbc998eb132fc1,0,67_1169,0,10
2935,2025_002935_31d451ce52ae8e41,0,67_1169,0,18
2941,2025_002941_9f1a717df481cdef,2,67_1169,0,33
2942,2025_002942_4c5e90f8b17262e5,4,67_1169,0,29
2949,2025_002949_78be8f73f9fa1d45,0,67_1169,0,29
2956,2025_002956_371f8fc5f2f4a0b9,1,67_1169,0,25
2957,2025_002957_963cf725f4f5a0e0,0,67_1169,0,25
2959,2025_002959_d1bbfee69770b14b,7,68_1169,0,2
2966,2025_002966_5912cc2bf823307d,7,68_1169,0,13
2968,2025_002968_b120f37d3561c32d,4,68_1169,0,17
2969,2025_002969_aa553d19e9173b58,2,68_1169,0,9
2979,2025_002979_e9e15fe1895a71bf,2,67_1169,0,19
2985,2025_002985_b379399c4a6968b6,0,69_1169,1,7
2987,2025_002987_dc2bd89bbb41f84f,4,69_1169,1,7
2989,2025_002989_edcf910e695f7813,2,69_1169,1,10
2991,2025_002991_157f36b466fc1d87,3,69_1169,1,15
2996,2025_002996_b4c3e5cb6057be14,0,69_1169,1,15
3000,2025_003000_ab5eae26d3a8b4d5,0,69_1169,1,6
3004,2025_003004_72ebd99e2e65f6a9,2,69_1169,1,11
3005,2025_003005_877b46cc7822e9f6,1,69_1169,1,24
3009,2025_003009_33250837a2eac433,7,69_1169,1,2
3014,2025_003014_62e20124e883343e,1,69_1169,1,20
3019,2025_003019_f70786e533f099f4,0,69_1169,1,20
3023,2025_003023_58b89ea83aec7b39,7,69_1169,1,21
3027,2025_003027_7f3b9d3c85a5556e,1,69_1169,1,21
3040,2025_003040_4039dc8878cffe63,4,69_1170,1,32
3053,2025_003053_670b32cbcfb191d0,3,69_1170,1,2
3059,2025_003059_9f7f1cd895158680,3,69_1170,1,31
3061,2025_003061_b3e8406caaf0b9ac,0,69_1169,1,3
3064,2025_003064_48d7a83473e9a5e9,0,69_1169,1,31
3065,2025_003065_d69008dc3d61abdc,0,69_1169,1,7
3066,2025_003066_ea53c6e4f20ce13f,0,69_1169,1,13
3068,2025_003068_caead0f0c1550c58,0,70_1169,2,9
3072,2025_003072_e4d4930c85f7c68f,2,69_1171,3,13
3077,2025_003077_e06da2d66695d620,3,70_1171,5,17
3078,2025_003078_dedbdc637e4bba47,3,70_1171,5,15
3083,2025_003083_8ab74ef453302500,3,70_1171,5,6
3084,2025_003084_62bfe92d19678d6b,3,70_1171,5,7
3085,2025_003085_faf5bd13188e5d88,3,70_1171,5,7
3088,2025_003088_73d7962c1ae646e7,3,70_1171,5,6
3092,2025_003092_094cdb8a8a5f72ec,7,70_1171,5,8
3098,2025_003098_be3db7d126798f5d,1,69_1171,3,17
3099,2025_003099_36721c88897e2b04,7,69_1171,3,2
3100,2025_003100_16c580167338581d,1,69_1171,3,3
3105,2025_003105_3ab8a4059a432063,1,69_1171,3,2
3109,2025_003109_3a94e5479d19da3d,4,69_1171,3,27
3112,2025_003112_f2bb3fe95838382e,3,69_1171,3,7
3114,2025_003114_dcb77f5748346486,3,69_1171,3,7
3118,2025_003118_5b2c3d70ae0d6c8b,4,69_1170,1,27
3120,2025_003120_e12b7536497054bb,4,69_1170,1,26
3121,2025_003121_0392d5b34172ff0e,6,69_1170,1,4
3124,2025_003124_32174c9986f7c1b6,3,69_1170,1,3
3129,2025_003129_a64d739f23df464f,4,69_1170,1,8
3139,2025_003139_8bd1b034be6faff2,3,69_1170,1,5
3141,2025_003141_a3b1662af2bc5c81,1,69_1170,1,12
3142,2025_003142_1d729cdfb31671ab,1,69_1170,1,3
3147,2025_003147_044e0cca9b6cb118,1,69_1170,1,4
3149,2025_003149_f63e8c2b9bf29111,0,69_1170,1,9
3153,2025_003153_81efe4ac3924f1b8,1,69_1170,1,9
3155,2025_003155_92bd5f2e9b973fce,0,69_1170,1,11
3157,2025_003157_63121dbe0e2ac1f2,1,69_1169,1,14
3158,2025_003158_4178b8c745d4cca5,1,69_1169,1,53
3159,2025_003159_adbee8817718450b,1,69_1169,1,14
3162,2025_003162_91c48ea27cc31033,0,69_1170,1,6
3164,2025_003164_eb54ba2a3774f1ae,0,69_1170,1,8
3167,2025_003167_b9aefd68a49d5331,1,69_1169,1,13
3172,2025_003172_7d23ba7afaa22d94,0,69_1169,1,16
3173,2025_003173_31e513b7a9850e2c,3,69_1169,1,33
3183,2025_003183_1916d8c4ec22e4dd,0,69_1169,1,18
3215,2025_003215_44a17715d023e92f,1,69_1170,1,8
3224,2025_003224_0cb377e4ab89e42b,3,69_1170,1,32
3227,2025_003227_d92251e706dd88a4,2,69_1170,1,40
3233,2025_003233_652199de68a1be87,1,69_1170,1,10
3236,2025_003236_a709d00e90a432ab,1,69_1170,1,5
3237,2025_003237_d14270ec82273662,2,69_1170,1,5
3242,2025_003242_dc220224bbfc4379,1,69_1170,1,9
3248,2025_003248_832e999cf43f6992,1,69_1170,1,19
3250,2025_003250_db5f23ca50f7a871,2,69_1170,1,4
3251,2025_003251_fb4a224ec10f2fe8,4,70_1170,3,18
3252,2025_003252_ed7546edcf60a06d,2,70_1170,3,5
3253,2025_003253_bc3740715f0c9b50,3,70_1170,3,22
3254,2025_003254_c990de6c3203e554,2,70_1170,3,4
3256,2025_003256_601d85665b15eb0b,1,70_1170,3,7
3262,2025_003262_01ea3f93d3039a19,1,70_1170,3,19
3270,2025_003270_6e1624c80725e8d1,1,70_1170,3,5
3277,2025_003277_ae4abdead5414f8e,0,70_1170,3,2
3288,2025_003288_e2d973a7d4a68573,7,70_1170,3,46
3292,2025_003292_233afde38fc85cc1,1,70_1170,3,2
3294,2025_003294_4b6421d5046ca47e,3,70_1170,3,40
3299,2025_003299_4398ea589604f7cd,1,70_1170,3,7
3300,2025_003300_1927828d5c82a09a,1,70_1170,3,9
3303,2025_003303_7b72b6dd657d10af,1,70_1170,3,5
3304,2025_003304_0dcfb007f40b14c2,1,70_1170,3,8
3307,2025_003307_fae458002928c6d5,5,70_1170,3,9
3311,2025_003311_59824fb5da8c5688,2,70_1170,3,3
3312,2025_003312_1e0c16a4a5e004bb,4,70_1170,3,32
3314,2025_003314_0656092bb50cf137,6,70_1170,3,20
3317,2025_003317_10249843dc788765,0,70_1170,3,2
3322,2025_003322_010e857b97577f05,1,70_1170,3,5
3323,2025_003323_b05ea0315c70ba14,1,70_1170,3,16
3330,2025_003330_f5d63ceee797787d,3,70_1169,2,20
3331,2025_003331_9ff338ee559dca6f,1,70_1169,2,12
3340,2025_003340_46c6c722114ccb30,1,70_1169,2,16
3344,2025_003344_5f79007f4b14d489,4,70_1169,2,13
3350,2025_003350_735f06c99e9157ba,4,70_1169,2,38
3362,2025_003362_ef0626af14e8182d,4,70_1169,2,3
3366,2025_003366_6d96710e5b11fe98,4,70_1170,3,19
3367,2025_003367_209ab8eecd07fdc4,3,70_1169,2,16
3368,2025_003368_cbe3c0feca001781,1,70_1169,2,15
3369,2025_003369_cd2cdb9db9c4469e,1,70_1169,2,32
3371,2025_003371_5b5a4f3bfb20a09a,0,70_1169,2,25
3374,2025_003374_0878576ac9860778,1,70_1169,2,31
3377,2025_003377_344235a83c56dc27,0,70_1169,2,5
3378,2025_003378_fbcc04f2f5687c29,0,70_1169,2,14
3388,2025_003388_b2e4fc2db744f4dc,4,70_1169,2,11
3389,2025_003389_5fda346b226e63a2,4,70_1169,2,15
3393,2025_003393_9c43a44bef7ef1c3,7,70_1169,2,27
3398,2025_003398_f81560a47dd7f2ff,3,70_1169,2,15
3403,2025_003403_8bce19dfa80904c4,3,70_1169,2,8
3405,2025_003405_2c19647b26aae381,0,70_1169,2,8
3409,2025_003409_720fc74534fcd557,6,70_1170,3,17
3411,2025_003411_e988664bc9d24c05,3,70_1171,5,9
3415,2025_003415_2585d4fbed41da05,4,70_1170,3,18
3429,2025_003429_945515899956bd58,7,70_1170,3,32
3430,2025_003430_093f6f8edcd682a2,4,71_1171,4,18
3431,2025_003431_5ba8f075f37c6792,6,70_1171,5,23
3438,2025_003438_42288e490c5aa952,3,70_1171,5,13
3439,2025_003439_4c666b0466d3a145,3,70_1171,5,2
3444,2025_003444_fbbaff2259c5975f,6,70_1171,5,12
3446,2025_003446_7b3dbd97e9f3cd79,4,70_1171,5,28
3447,2025_003447_0a0551a2c1806e4e,3,71_1171,4,13
3448,2025_003448_131aea7d7556ec43,3,71_1171,4,10
3454,2025_003454_abbce4d3d8301ea1,6,70_1171,5,2
3455,2025_003455_94d0b7feda9c080f,6,70_1171,5,2
3456,2025_003456_36da9290718e54c6,6,70_1171,5,4
3462,2025_003462_5790bb62dcaeeaaf,2,70_1169,2,6
3467,2025_003467_0f6c307332581fa9,1,70_1169,2,5
3472,2025_003472_e3439e6f1a49c1c2,3,70_1170,3,8
3475,2025_003475_8fe3c8e6bc9adb64,0,70_1169,2,3
3476,2025_003476_ce77dbf2197c7091,0,70_1169,2,3
3481,2025_003481_070d335c17e283fa,2,70_1169,2,9
3485,2025_003485_47ac4a27be4f3ab1,0,70_1169,2,4
3489,2025_003489_73402d4b2d8fd458,3,70_1170,3,5
3490,2025_003490_e880293902c144ec,2,70_1170,3,14
3493,2025_003493_a4c365646ee0819d,7,70_1170,3,5
3495,2025_003495_66318bf937f24c06,2,70_1170,3,14
3496,2025_003496_5f73c8dc78e0a48b,2,70_1170,3,28
3497,2025_003497_e756fa3e95fc52b7,3,70_1170,3,10
3502,2025_003502_1bcd8c01cfd34046,6,70_1170,3,9
3503,2025_003503_ff93df679ce490d3,3,70_1170,3,8
3515,2025_003515_4f23334b1297cd66,3,70_1170,3,6
3516,2025_003516_8180430dfd784efa,4,70_1170,3,38
3528,2025_003528_2164a69edea9da50,4,70_1170,3,14
3529,2025_003529_877a19a46cf13b30,7,70_1170,3,3
3532,2025_003532_699743f8741b9fc9,7,70_1171,5,4
3533,2025_003533_d1a499614660af16,3,70_1171,5,49
3534,2025_003534_84984e066fb0ee69,7,70_1171,5,2
3539,2025_003539_be9eb4354107b957,5,70_1171,5,22
3541,2025_003541_eb0483eb85f6bdbe,5,70_1171,5,83
3543,2025_003543_fa132e15e81736bc,4,70_1171,5,74
3545,2025_003545_30063fe45a136900,3,70_1171,5,25
3546,2025_003546_fb55d2ce5cd11fb0,3,70_1171,5,9
3547,2025_003547_d5960664eca3961e,7,70_1171,5,24
3548,2025_003548_5731c0d5ae3c484b,6,70_1171,5,4
3549,2025_003549_25158f9d9dcb67f6,6,70_1171,5,4
3551,2025_003551_f1b241f2f8ee4d53,7,70_1171,5,2
3552,2025_003552_5f75f11798d87683,3,70_1171,5,3
3555,2025_003555_46910edef94bbcc0,0,69_1170,1,8
3558,2025_003558_143861e44b8601cb,0,69_1170,1,7
3575,2025_003575_e9305c741ac3a09f,0,69_1170,1,3
3577,2025_003577_769daba2664869b8,1,69_1170,1,7
3586,2025_003586_0c8527ab9a2abf4d,1,69_1170,1,7
3593,2025_003593_1e0add6a9a2ece96,0,69_1170,1,16
3603,2025_003603_9fd497e25006fb8d,1,70_1171,5,11
3607,2025_003607_12184ab4459c6090,3,70_1170,3,10
3618,2025_003618_a628586f295a2515,1,70_1171,5,10
3619,2025_003619_cdaa7b2fb93facc5,7,70_1171,5,10
3620,2025_003620_e43976eb57114bf8,3,70_1170,3,2
3622,2025_003622_127d2d2f9989f55c,5,70_1171,5,14
3625,2025_003625_0248e527cb6bf72e,3,70_1170,3,7
3628,2025_003628_1cac02a39135f455,3,70_1171,5,8
3630,2025_003630_4f5aea83b2374ee6,7,70_1171,5,8
3631,2025_003631_07b04e9174313990,3,70_1171,5,3
3636,2025_003636_c785d6c973de51ca,6,70_1171,5,3
3640,2025_003640_5bbb7135fbd7b3fc,7,70_1170,3,25
3642,2025_003642_21bd2a4cf02a9add,6,70_1170,3,53
3647,2025_003647_55cdc013eae7a5b5,4,70_1170,3,45
3653,2025_003653_f8b7883c23a93574,2,70_1170,3,24
3654,2025_003654_be3f3657f446f2b2,3,70_1170,3,42
3658,2025_003658_59a86d5a2b83adc1,0,70_1170,3,22
3666,2025_003666_1b67b6402bd92770,2,70_1170,3,50
3667,2025_003667_d9e2ded063f0a942,2,70_1170,3,12
3670,2025_003670_6234e34cd3912c34,4,70_1170,3,17
3673,2025_003673_a238de41d870fdef,4,70_1170,3,48
3674,2025_003674_d0ad4e0cf5504653,7,70_1170,3,15
3675,2025_003675_e9662c49c4d8e95a,7,70_1170,3,19
3677,2025_003677_ac5263a0a07f9503,6,70_1170,3,78
3678,2025_003678_a923316c49d2eb4f,2,70_1170,3,15
3679,2025_003679_ce48b3b0d36a31d7,5,70_1170,3,4
3683,2025_003683_baff3804379077a0,1,70_1170,3,26
3688,2025_003688_644f084c4a864925,3,70_1170,3,2
3690,2025_003690_0546f47dea622055,0,70_1170,3,5
3692,2025_003692_10d32c5b8c0d083c,3,70_1170,3,4
3693,2025_003693_5eb45cf405868f56,4,70_1170,3,28
3696,2025_003696_933f924eb34d56c5,0,70_1170,3,5
3698,2025_003698_df0c93e1b7ddc35d,2,70_1170,3,17
3700,2025_003700_6367b0c2ff1f62aa,1,70_1170,3,16
3702,2025_003702_f8a8aad57b1c4894,1,70_1170,3,4
3703,2025_003703_6542c5865e50df7d,0,70_1170,3,2
3705,2025_003705_ac703febb891bce4,4,70_1170,3,5
3714,2025_003714_0dec5159d520caa7,3,69_1170,1,28
3715,2025_003715_7334fe75c3daf832,0,69_1170,1,5
3722,2025_003722_05f26459e7a140ee,0,69_1170,1,3
3724,2025_003724_58525f51c9ebbf9a,1,69_1170,1,11
3729,2025_003729_c58fc417a777606a,1,70_1170,3,5
3730,2025_003730_886ac433a0e063e8,1,70_1170,3,10
3747,2025_003747_b1e538a2f9eb1083,0,69_1169,1,16
3749,2025_003749_65b4d767a7b0d166,0,69_1169,1,3
3751,2025_003751_2aa5e609fdde36eb,0,70_1169,2,22
3753,2025_003753_d60db60b60d466a3,0,70_1169,2,13
3755,2025_003755_4e1472b068d9e65d,0,70_1169,2,7
3756,2025_003756_7b01d954efd5a046,1,70_1169,2,26
3760,2025_003760_3a833f1ae390abc2,0,70_1169,2,18
3761,2025_003761_4498e2ed0b2ec157,0,70_1169,2,25
3776,2025_003776_6b093fffe2d854d4,3,70_1169,2,7
3782,2025_003782_0250994a2a915ec3,2,69_1170,1,17
3783,2025_003783_b8d34c99744735f6,2,69_1170,1,5
3789,2025_003789_aaed401708df2e6d,1,69_1170,1,11
3793,2025_003793_c7fe444c10ee9b6f,6,69_1170,1,5
3796,2025_003796_7d23d2f85b6e7f58,3,69_1170,1,13
3804,2025_003804_29d077f7202efda4,1,69_1170,1,19
3806,2025_003806_c1665a38b55e37aa,2,69_1170,1,7
3822,2025_003822_bc56ce08ded6ca8a,7,69_1170,1,23
3823,2025_003823_7c56a382d8b4332f,3,69_1170,1,12
3841,2025_003841_d2978afce3969c6a,3,70_1170,3,6
3847,2025_003847_d78adea3046760d4,1,70_1170,3,15
3851,2025_003851_9e4ee38cc79361d0,1,70_1170,3,15
3873,2025_003873_01cbb9b22e83377f,2,69_1170,1,14
3880,2025_003880_7e54b46a001f8d2e,1,69_1170,1,2
3896,2025_003896_6c10070ab5f17d82,0,69_1170,1,5
3906,2025_003906_f0ea67d13a853dd8,1,70_1169,2,7
3927,2025_003927_44c53159d6f69e65,1,69_1170,1,10
3932,2025_003932_848e916eec07985e,7,69_1170,1,3
3934,2025_003934_194c74d25cbbed3e,1,69_1170,1,8
3937,2025_003937_8eb44374ffc8963c,4,69_1170,1,3
3949,2025_003949_d618e940ec62df77,2,69_1170,1,5
3952,2025_003952_afaf106ff74465c9,1,69_1170,1,3
3954,2025_003954_19dc4c19971df4a3,3,69_1170,1,7
3956,2025_003956_a011e581640fb12a,0,69_1170,1,8
3960,2025_003960_42265b140e62df4d,7,69_1169,1,3
3989,2025_003989_4fec300c6763d36b,0,69_1169,1,2
3990,2025_003990_0d0b00155ed0d068,0,69_1169,1,4
3993,2025_003993_0e8b17671fa01b2e,3,70_1170,3,38
3994,2025_003994_eae8924e4ba6d60e,1,70_1170,3,7
4006,2025_004006_8dfb45b2c0282fb8,0,70_1170,3,7
4007,2025_004007_243ae163ddfd619f,4,70_1170,3,19
4008,2025_004008_7eec0fa63c9ea1d6,0,70_1170,3,3
4021,2025_004021_a93721d3c3e610cc,3,69_1170,1,8
4026,2025_004026_4e24e3a4821e7dbe,0,69_1170,1,11
4028,2025_004028_960d35d924ef5d3a,1,70_1170,3,2
4032,2025_004032_a1b4c565049222d3,0,69_1170,1,16
4037,2025_004037_72a094a4bb51aab3,0,70_1170,3,7
4038,2025_004038_f609160cf80f18aa,0,69_1170,1,9
4039,2025_004039_8961bde74ddfb9fb,2,69_1170,1,11
4040,2025_004040_6d049f96818db64b,0,69_1170,1,8
4044,2025_004044_823a07e036f771a8,5,70_1170,3,16
4046,2025_004046_64e5ee7991bdae2e,1,70_1170,3,6
4048,2025_004048_be993f5bf315f138,3,70_1170,3,7
4051,2025_004051_efcea800cfb6cf4a,5,70_1170,3,5
4053,2025_004053_dc4e399c70b3ed6c,7,70_1170,3,10
4058,2025_004058_e82743cf68bcae3d,1,70_1170,3,5
4059,2025_004059_c070108850edcfdd,1,70_1170,3,10
4060,2025_004060_fb1288090cc708d7,1,70_1170,3,4
4061,2025_004061_12667c2132e4b2f6,2,70_1170,3,3
4062,2025_004062_84ed4f97278f37aa,6,70_1170,3,8
4063,2025_004063_d071ca6453de6a45,2,70_1170,3,9
4067,2025_004067_b183bcc512ff6ec2,1,70_1170,3,9
4070,2025_004070_efbafa3ca4d6078e,7,70_1170,3,5
4071,2025_004071_79dbb9d734eb10cb,6,70_1170,3,11
4073,2025_004073_31e7e06ab1118b71,1,70_1170,3,8
4075,2025_004075_da9482a32bf4f476,1,70_1170,3,31
4078,2025_004078_7047764ded85c91f,2,70_1170,3,29
4083,2025_004083_49ab774041c400e5,0,71_1169,0,3
4084,2025_004084_37f2804f5998323f,0,71_1169,0,5
4085,2025_004085_40662362d80e83fe,0,71_1169,0,2
4086,2025_004086_8b5e3d2f9d7dbea0,0,71_1169,0,6
4087,2025_004087_01468ff3c6442fc6,0,71_1169,0,7
4093,2025_004093_3b020ac3b6bbfe20,0,72_1169,0,2
4109,2025_004109_0ddd5313b73515bc,7,72_1169,0,4
4116,2025_004116_5cded40ff47762a2,7,73_1169,2,285
4123,2025_004123_c78213463cc24be7,7,73_1169,2,61
4126,2025_004126_9b03326228274aed,6,73_1169,2,3
4127,2025_004127_2f448825b0071134,7,73_1169,2,8
4128,2025_004128_04ef165665670a78,7,73_1169,2,7
4140,2025_004140_6ac023108dab21a3,6,73_1169,2,16
4142,2025_004142_d9b6f6fa008c2afc,6,73_1169,2,17
4144,2025_004144_e0892caf3a5dd1f4,2,73_1169,2,10
4184,2025_004184_342f35a76e72a7df,6,72_1169,0,18
4186,2025_004186_ec274d7b1871d3ce,3,72_1169,0,11
4191,2025_004191_fc4b367e577c92f8,4,72_1169,0,29
4192,2025_004192_80c22d743d74b292,4,72_1169,0,9
4196,2025_004196_c84bf80d0db51bdb,4,72_1169,0,27
4201,2025_004201_cc99d2c2e0b17d46,4,72_1169,0,27
4210,2025_004210_e63e4df5a605e104,4,72_1169,0,39
4220,2025_004220_98e9239a52e95d11,2,72_1169,0,10
4222,2025_004222_3916895fc2e4a331,0,72_1169,0,7
4223,2025_004223_e564dcd7514d806a,7,72_1169,0,9
4224,2025_004224_6f5465437ee70c9a,4,72_1169,0,6
4225,2025_004225_eb43316d72fb4bf5,1,72_1169,0,3
4228,2025_004228_e882c33a61fc3252,4,72_1169,0,10
4235,2025_004235_1ff34000b4eb7647,4,72_1169,0,10
4237,2025_004237_a45f666a994af547,2,72_1169,0,8
4242,2025_004242_952f57db8a970962,2,72_1169,0,13
4246,2025_004246_34016d56589ad80c,6,72_1169,0,8
4258,2025_004258_9a40050146f70498,7,72_1169,0,61
4263,2025_004263_203af0d4048206c8,7,72_1169,0,13
4266,2025_004266_3e0edbb560a85e0b,7,72_1169,0,14
4267,2025_004267_6d762a2736ac4f89,7,72_1169,0,5
4270,2025_004270_c5b0e8834d6df4cb,0,72_1169,0,13
4271,2025_004271_7b1f55aed8c290a5,0,72_1169,0,11
4274,2025_004274_b00c3f93dc5d90d9,3,72_1169,0,38
4276,2025_004276_3c71ce2826879e2e,6,72_1169,0,11
4278,2025_004278_4aa8659afca1cd77,6,72_1169,0,3
4280,2025_004280_080fda0768c769bb,6,72_1169,0,9
4282,2025_004282_918f8344a9789c11,4,72_1169,0,17
4288,2025_004288_6a162b1a0426b97c,1,72_1169,0,18
4290,2025_004290_e05daf82f4d5b589,7,72_1169,0,9
4292,2025_004292_00c3cc6fa5f29bda,3,72_1169,0,66
4298,2025_004298_80a890ba96e7f117,3,72_1169,0,2
4301,2025_004301_330550c4e0fc20cb,3,72_1169,0,4
4302,2025_004302_50a31d61a2cc6a62,6,72_1169,0,8
4306,2025_004306_ca41a933f88ef51f,3,72_1169,0,4
4311,2025_004311_25fae91e9ed0634a,3,72_1169,0,4
4336,2025_004336_dc1c4a81a9b5019d,3,72_1169,0,2
4347,2025_004347_5b8cadab2cc66e9f,3,72_1169,0,30
4361,2025_004361_15d470b8c6718ef7,2,72_1170,5,6
4375,2025_004375_2dbde8f6be0d00c2,3,72_1170,5,4
4376,2025_004376_d9ccd7f5e3546683,3,72_1170,5,18
4380,2025_004380_72af9afca058f6a8,3,72_1170,5,72
4383,2025_004383_ca602192a0bd73b3,2,72_1170,5,6
4391,2025_004391_8715a16ddcaca753,3,73_1169,2,103
4392,2025_004392_c8a266158b14ac17,6,73_1169,2,60
4397,2025_004397_98c3428b1f9f2b48,4,73_1169,2,38
4400,2025_004400_89da118a3b1d2156,4,73_1169,2,32
4405,2025_004405_4854540612b36932,4,73_1169,2,55
4425,2025_004425_fcba87c76f27a403,4,73_1169,2,46
4426,2025_004426_5b1a32e76f0d0279,4,73_1169,2,77
4430,2025_004430_8dbdda86b57043ae,6,73_1169,2,75
4431,2025_004431_f79335b6ec564f23,3,73_1169,2,58
4432,2025_004432_1ba435b6d9be45eb,7,73_1169,2,21
4438,2025_004438_5ced35b648c7917f,7,73_1169,2,7
4443,2025_004443_6f975f9172d619ce,1,73_1170,3,25
4448,2025_004448_3924a2ef2b5122f0,1,73_1170,3,32
4455,2025_004455_e26a3484685f0b40,1,73_1170,3,14
4459,2025_004459_54aec17adc7c7df0,3,73_1170,3,15
4461,2025_004461_4e54a397a1de7ecd,7,72_1169,0,13
4463,2025_004463_b009d99c5edd1f74,6,72_1169,0,58
4465,2025_004465_9c37dddc71d3f11f,4,72_1169,0,55
4468,2025_004468_abb129f907eff318,3,72_1169,0,48
4471,2025_004471_9a56e78f5f9326ea,1,72_1169,0,2
4473,2025_004473_d6b1f86f4fd2b679,6,72_1169,0,11
4476,2025_004476_24d398bffd3ed308,4,73_1170,3,47
4481,2025_004481_afc6a70bbb3a3e41,6,72_1169,0,73
4491,2025_004491_6d2b5542324f23f0,7,73_1169,2,81
4494,2025_004494_f79816998fbdddd3,2,73_1169,2,70
4505,2025_004505_3447a3f2d947346a,0,73_1169,2,4
4519,2025_004519_9c584ffe628ea2b1,4,73_1169,2,76
4522,2025_004522_edeae0b38490b6e8,4,73_1169,2,40
4523,2025_004523_1d1da3338517adc2,3,73_1169,2,108
4524,2025_004524_923312612d471aa3,3,72_1169,0,13
4525,2025_004525_48ad27a83c6e5911,3,72_1169,0,4
4528,2025_004528_920105ad47cb02c3,3,72_1170,5,5
4529,2025_004529_0e7f2f118a0aa986,3,72_1169,0,29
4530,2025_004530_450787924dbe2d53,2,72_1170,5,13
4535,2025_004535_365ded21843d8fbf,4,72_1169,0,12
4541,2025_004541_b1a2d7a362017000,2,72_1169,0,22
4546,2025_004546_ca10201cd4fa5fcd,0,72_1170,5,5
4555,2025_004555_6af517b5226ca2d3,7,72_1169,0,2
4558,2025_004558_7dffb3d6c0090c70,4,72_1169,0,9
4563,2025_004563_7dd8a45ef6843c11,2,73_1169,2,7
4572,2025_004572_fe2f1b371867741b,6,73_1169,2,8
4578,2025_004578_babc631b078b382f,1,73_1169,2,5
4579,2025_004579_f955680e51e871f1,1,73_1170,3,7
4582,2025_004582_e95f3dd1dedc4693,0,73_1170,3,2
4584,2025_004584_31e670794e41f7a4,6,73_1170,3,10
4592,2025_004592_2d0767092d6f3e7e,7,73_1169,2,22
4598,2025_004598_264eedecb8b7acb3,6,73_1169,2,14
4604,2025_004604_8b0df347554540ac,7,73_1169,2,54
4606,2025_004606_31e7fb02baeefa3e,7,73_1169,2,48
4609,2025_004609_0ab78513ac167db7,7,73_1169,2,54
4611,2025_004611_6beecded9d0bca26,6,73_1169,2,48
4617,2025_004617_4997b9db25042087,2,73_1170,3,35
4620,2025_004620_5c3186d68754b737,1,73_1170,3,32
4626,2025_004626_6cd1bb12e6684093,7,73_1169,2,15
4630,2025_004630_5d8578a00ad5c979,6,73_1169,2,32
4633,2025_004633_6398996589242a48,0,73_1169,2,9
4642,2025_004642_253e66dd2ee321cb,6,73_1169,2,31
4651,2025_004651_c4d9af94e3bcba21,3,73_1169,2,8
4662,2025_004662_115519154f62d8bb,0,73_1169,2,7
4667,2025_004667_cd5c7b0f86c5534c,4,73_1169,2,7
4677,2025_004677_d7fe82b38171dfb7,6,73_1169,2,19
4685,2025_004685_f8bd4672b97ef871,6,72_1170,5,15
4687,2025_004687_8c23173e93655a62,2,72_1170,5,16
4691,2025_004691_c102091579887491,3,72_1170,5,27
4702,2025_004702_54d9a3b5849852eb,4,72_1170,5,29
4705,2025_004705_96e46a9bf051b8ea,3,72_1170,5,38
4707,2025_004707_243f8aa33ef1e4f0,4,72_1170,5,8
4711,2025_004711_93f3412e5b58077a,1,73_1170,3,16
4712,2025_004712_5e7336ac307c6f2b,1,73_1170,3,29
4713,2025_004713_7b9cc08ac4ee99b1,4,73_1170,3,3
4717,2025_004717_3925b3a55acf5d9f,4,73_1170,3,10
4735,2025_004735_b8c62c8aba8a2ae3,3,73_1169,2,64
4754,2025_004754_0192d8cea0cf459d,6,73_1169,2,22
4755,2025_004755_6eb83f2838cd1c9c,3,73_1169,2,41
4756,2025_004756_f6fe10c42d44894f,7,73_1169,2,45
4757,2025_004757_d7e3a810f84acf38,3,73_1169,2,66
4758,2025_004758_bc0a65cee9d1af02,1,72_1170,5,15
4765,2025_004765_a0b4271f12944a3d,1,73_1170,3,9
4772,2025_004772_385cc6e6b63bee6d,1,72_1170,5,63
4783,2025_004783_2fe99e8c3ea6897f,5,73_1170,3,92
4786,2025_004786_cb2a917cd1e8db5b,1,73_1170,3,83
4792,2025_004792_c9aa8da9f738dcae,1,73_1170,3,18
4797,2025_004797_001e3beef378f3f4,1,73_1170,3,34
4802,2025_004802_97b27edc30b902a6,1,73_1170,3,5
4812,2025_004812_9dd0d86dd48e828a,3,73_1170,3,77
4819,2025_004819_676eb218414e52eb,7,73_1170,3,67
4832,2025_004832_f5b24274cf90d6d8,3,73_1170,3,53
4835,2025_004835_382ad8cce803d8cf,1,73_1170,3,20
4842,2025_004842_8e2866f847d1c1bd,1,73_1170,3,19
4847,2025_004847_dd0aabe552a1db07,1,73_1170,3,18
4856,2025_004856_a8cd7c57ca1f1497,4,73_1170,3,51
4859,2025_004859_6936f54933af6d89,1,73_1170,3,17
4862,2025_004862_6e89117b0141b35b,2,73_1170,3,37
4863,2025_004863_d269f2a8ff28b846,3,72_1170,5,3
4867,2025_004867_9067495680fa367b,3,72_1170,5,63
4875,2025_004875_9f7a1f621874f2f3,3,72_1170,5,49
4885,2025_004885_718191e893b2c6e3,3,72_1170,5,21
4889,2025_004889_3ba9411013594a49,2,73_1170,3,36
4901,2025_004901_f0038a641968500a,7,72_1170,5,51
4903,2025_004903_880366fee107ea6b,7,72_1170,5,72
4908,2025_004908_ab435dc61c605b68,7,72_1170,5,72
4924,2025_004924_bb6f58e4aafcb255,7,72_1170,5,43
4933,2025_004933_7c5824383179aaef,4,72_1170,5,72
4934,2025_004934_15e54351b3b3bdd8,4,72_1170,5,74
4937,2025_004937_fc7c1031d708cded,5,73_1169,2,72
4942,2025_004942_e56a74dd762ad703,5,73_1169,2,39
4947,2025_004947_86d96661e9eba514,2,73_1169,2,42
4955,2025_004955_2ea355e083de6952,3,73_1169,2,57
4958,2025_004958_8939e56faedd483c,2,72_1169,0,50
4960,2025_004960_54e42ce102c8f2fb,2,72_1169,0,55
4968,2025_004968_38c1cec395e0b4fb,3,72_1169,0,2
4977,2025_004977_0446a1e799f4fd2d,3,72_1169,0,23
4986,2025_004986_93b55538ba975f15,7,72_1169,0,9
4990,2025_004990_8f4222d710f2e2e1,7,72_1169,0,62
4998,2025_004998_f3697c608d64c1e0,0,72_1169,0,7
4999,2025_004999_524166780f16beac,5,72_1169,0,10
5007,2025_005007_f94abd1c3cecfbec,3,73_1169,2,7
5021,2025_005021_b09fb1655d2be433,4,73_1169,2,28
5030,2025_005030_5ede02c0da865f7d,7,72_1169,0,14
5045,2025_005045_ce11f2fea8515df6,6,71_1169,0,12
5047,2025_005047_461614b3543c34a8,1,71_1169,0,7
5049,2025_005049_51a507e2156784f5,4,70_1169,2,5
5050,2025_005050_4ca7e0d37bf79237,7,70_1169,2,10
5052,2025_005052_01b6d7b8e1ab8878,3,70_1169,2,11
5058,2025_005058_6cf5f2f0d21e80b6,4,70_1169,2,9
5059,2025_005059_bef1212de2537c63,6,70_1169,2,9
5065,2025_005065_a192c9e935865c09,1,70_1169,2,2
5071,2025_005071_c842d50a7aaa764c,3,70_1169,2,2
5074,2025_005074_09688ff31830b897,6,70_1169,2,22
5076,2025_005076_41292c1b5c2fca26,1,70_1169,2,11
5079,2025_005079_631d350238e693de,0,70_1169,2,16
5084,2025_005084_b981ed5f599615be,2,70_1169,2,10
5086,2025_005086_fc8303453c93a6e7,2,70_1169,2,4
5088,2025_005088_6f5773f5bfa3fba5,0,70_1169,2,3
5092,2025_005092_2fa4e2f6ce00d6da,3,70_1169,2,36
5095,2025_005095_fa7bfdd13f882bc4,0,70_1169,2,3
5097,2025_005097_37be03a2c1a0e4f5,1,70_1169,2,4
5106,2025_005106_853a15b95736332d,7,70_1169,2,17
5113,2025_005113_aec99430d3903aed,0,70_1169,2,32
5118,2025_005118_1bf42d6e2ce09cb5,3,71_1169,0,8
5119,2025_005119_134e7962252efc31,1,71_1169,0,6
5120,2025_005120_1399ef572763c3f2,7,71_1169,0,2
5121,2025_005121_b3bbd0fb042452ae,7,71_1169,0,8
5129,2025_005129_dff729cdcd6577f1,1,71_1169,0,57
5130,2025_005130_324c1cab95ee72a1,0,70_1169,2,22
5133,2025_005133_c2cdf6e783ae8356,6,70_1169,2,2
5140,2025_005140_cd0a5c4e4e06090f,7,71_1169,0,2
5145,2025_005145_7f4d2e3797bc6a0a,3,70_1169,2,17
5146,2025_005146_77e6ddab996c7568,6,70_1169,2,14
5147,2025_005147_9ebbb2805e8e7a7c,4,70_1169,2,18
5148,2025_005148_c3f0c687a38564b5,1,70_1169,2,39
5154,2025_005154_c7ea3261a2b3d698,1,70_1169,2,6
5184,2025_005184_018337a020a76f28,0,70_1169,2,13
5187,2025_005187_925fa29e4b03582a,1,70_1169,2,15
5192,2025_005192_27117913790ac0c8,1,70_1169,2,3
5197,2025_005197_c493cb5d7241c035,0,71_1169,0,17
5201,2025_005201_96d8b63d4b7e7b44,0,71_1169,0,13
5209,2025_005209_5359dc71a1eef711,7,71_1170,0,2
5211,2025_005211_4c3f478c9b229b47,0,71_1169,0,3
5217,2025_005217_b3f009704dc6c952,6,71_1169,0,2
5238,2025_005238_11430d0f72f650b7,1,70_1169,2,88
5241,2025_005241_65ddbfd21df584bc,2,70_1169,2,6
5243,2025_005243_6df598f0b9cb7ef0,2,70_1169,2,7
5247,2025_005247_734517724aa88dae,1,70_1169,2,8
5252,2025_005252_70841e62c206e8de,1,70_1169,2,16
5254,2025_005254_94296e0ea6fb0930,7,70_1169,2,33
5259,2025_005259_b0381ff38edb74e2,1,70_1169,2,16
5262,2025_005262_5926e4c099422677,0,70_1169,2,6
5263,2025_005263_c6df804ef2abde8a,2,70_1169,2,11
5264,2025_005264_679868e1abafcb23,0,70_1169,2,3
5267,2025_005267_dbcf4e54c81ed9fa,0,70_1169,2,4
5270,2025_005270_e820d008c7c038de,1,70_1169,2,2
5272,2025_005272_9e195df1037684f3,0,70_1169,2,28
5276,2025_005276_1222a145cb9078ec,2,70_1169,2,3
5277,2025_005277_93d7d4b4e2cd0b73,1,70_1169,2,4
5278,2025_005278_63fd383e845afa54,0,70_1169,2,2
5282,2025_005282_c552777859510a3d,3,70_1169,2,13
5284,2025_005284_545cb5e26458c44b,1,70_1169,2,25
5289,2025_005289_cf32578c073c05ad,1,70_1169,2,2
5295,2025_005295_320d2f7a3b4359de,2,70_1169,2,23
5296,2025_005296_b812e2ded89d0697,0,70_1169,2,3
5297,2025_005297_31d25b79a211e5e3,3,70_1169,2,8
5299,2025_005299_570c7dfb6d8b2bdd,3,70_1169,2,7
5304,2025_005304_b2cb915df14e9eeb,0,70_1169,2,4
5310,2025_005310_216740a9ed3a2c61,3,70_1169,2,3
5311,2025_005311_5dd3c348ddcc4e99,3,70_1169,2,3
5317,2025_005317_e843fba47418edb8,1,70_1169,2,7
5318,2025_005318_5bc297488c6e19ab,0,70_1169,2,8
5326,2025_005326_469f89190091920d,1,70_1169,2,2
5327,2025_005327_95b2c978db518a49,7,70_1169,2,12
5330,2025_005330_deef0507b886727e,3,70_1169,2,14
5333,2025_005333_8d95965a224d1561,7,70_1169,2,21
5335,2025_005335_d21398cbbf5015e5,2,70_1170,3,11
5337,2025_005337_f6b17c0221e748db,2,70_1170,3,5
5338,2025_005338_ed82207e837d560a,6,70_1170,3,8
5345,2025_005345_22b2bff7827681f9,4,70_1169,2,17
5355,2025_005355_73e212b2aa5c2ed9,2,70_1170,3,18
5356,2025_005356_2b7414932599aa17,6,71_1169,0,23
5357,2025_005357_6d6348dd0d7f3bd9,6,71_1170,0,2
5360,2025_005360_1104e517d59dbcdc,2,71_1169,0,3
5361,2025_005361_4b0a230ec0e5a9b2,4,71_1169,0,7
5362,2025_005362_337e0b31e0f39d0e,5,71_1170,0,94
5368,2025_005368_9198d9d8e2c39b4c,6,71_1169,0,3
5375,2025_005375_e211c3574a5a3ef7,6,71_1169,0,2
5376,2025_005376_da31616f1a2e1b9c,6,71_1170,0,8
5378,2025_005378_67e76966d1b03342,6,71_1170,0,11
5389,2025_005389_a428c833be48b6c1,4,71_1169,0,22
5393,2025_005393_938e8c982346d9f6,4,71_1169,0,4
5397,2025_005397_14cc7d5b5ddafa01,0,71_1169,0,2
5400,2025_005400_ae9c28f34cddd4e5,2,71_1169,0,3
5405,2025_005405_7ae4ab5a200521b3,0,70_1170,3,9
5406,2025_005406_24b96497459e0afa,0,70_1170,3,5
5413,2025_005413_56db02d3b06c6828,1,70_1170,3,4
5429,2025_005429_468beaa9647f1c93,1,70_1170,3,9
5431,2025_005431_e3f370dcad262150,0,70_1170,3,3
5432,2025_005432_80c7f7fa19dbdce9,1,70_1169,2,18
5444,2025_005444_1a765771ad701e41,1,70_1170,3,14
5445,2025_005445_c8bf15f80cb86e85,1,70_1170,3,5
5449,2025_005449_8c474e3b3c295f69,2,70_1169,2,31
5457,2025_005457_a54dc1fe24f62d0b,1,70_1170,3,38
5466,2025_005466_09dc5c36d9e93a9f,0,70_1170,3,18
5491,2025_005491_e8109d70de491950,0,70_1170,3,11
5494,2025_005494_4f12f23b7b8aa6e1,1,70_1169,2,3
5496,2025_005496_6e096eb08c64d53c,2,70_1170,3,22
5497,2025_005497_5aaadf8ee9a695f2,5,70_1170,3,4
5498,2025_005498_31cd7dbe29b7471a,0,70_1170,3,8
5499,2025_005499_777cdc9e1c6d423f,0,70_1170,3,15
5500,2025_005500_9a3d9702345d4173,2,70_1170,3,20
5502,2025_005502_09ae0541adc7b0c1,1,70_1170,3,21
5503,2025_005503_aaf6d813e17ae43c,0,70_1170,3,4
5505,2025_005505_a040e8932860c07c,0,70_1170,3,13
5506,2025_005506_295182f47ea5602d,1,70_1170,3,29
5507,2025_005507_f70c0facda71b569,1,70_1170,3,15
5508,2025_005508_eab325cc1da3c7cc,0,70_1170,3,7
5511,2025_005511_d60480a8f8e421dd,0,70_1170,3,20
5512,2025_005512_911497e1c1967d72,1,70_1170,3,14
5514,2025_005514_b88134603e90df35,0,70_1170,3,26
5515,2025_005515_06b6b1cdf9926248,1,70_1170,3,11
5519,2025_005519_1dccc324bef57ad6,1,70_1170,3,5
5525,2025_005525_9716690437563d7a,6,70_1170,3,10
5529,2025_005529_d93c5ec791194eea,2,70_1170,3,15
5531,2025_005531_7cf29623118486c9,4,70_1170,3,3
5533,2025_005533_a31bc4214c8f1822,1,70_1170,3,2
5534,2025_005534_fc116b037215ac78,4,70_1170,3,5
5535,2025_005535_1e2b89e1788d54ca,2,70_1170,3,5
5537,2025_005537_a0cc643379572049,4,70_1170,3,8
5540,2025_005540_4f64421751fd6649,5,70_1170,3,17
5543,2025_005543_d1a20d20690ee997,0,70_1170,3,8
5546,2025_005546_2b97351489ee65cc,4,70_1170,3,15
5548,2025_005548_dbf9758c074daf16,0,70_1170,3,8
5554,2025_005554_d93310214b01be55,3,70_1170,3,12
5557,2025_005557_8ed9eba85fdfcc0b,3,70_1170,3,23
5562,2025_005562_ff563bbb57569c4f,0,70_1170,3,40
5568,2025_005568_cd9c6a3fb453bbdd,0,70_1170,3,4
5569,2025_005569_d5e15ddd8bb82a56,2,70_1170,3,4
5577,2025_005577_39166528cf4c61f8,3,70_1170,3,11
5580,2025_005580_2f90e06da0a22c35,3,70_1170,3,6
5581,2025_005581_f3bc314bb1a763f2,3,70_1170,3,10
5584,2025_005584_9ccdc27e5bd05f14,4,71_1170,0,8
5588,2025_005588_49b0b8db2a66de9c,3,71_1170,0,35
5592,2025_005592_167055817c44d412,2,71_1170,0,3
5593,2025_005593_be10a896430dcf07,2,71_1170,0,14
5598,2025_005598_350d5877ea0b4c81,6,71_1170,0,7
5601,2025_005601_cee3ba5bcdf82e5b,3,71_1170,0,34
5608,2025_005608_6221349ee70d6a05,2,71_1170,0,10
5614,2025_005614_22b06f579b575478,6,71_1170,0,17
5622,2025_005622_b32dc7a4beaf2ac8,4,71_1170,0,18
5624,2025_005624_e0cdc2e9a609bf80,7,70_1170,3,21
5625,2025_005625_4801d2590274f8eb,3,71_1170,0,4
5626,2025_005626_40bbc44346eb8d65,0,71_1170,0,2
5627,2025_005627_c467944b81e00ae7,6,71_1170,0,14
5632,2025_005632_1c5033e4b937efc0,2,71_1170,0,20
5635,2025_005635_9071f2ef364e5681,0,71_1170,0,2
5636,2025_005636_8855260a0804b998,1,71_1170,0,2
5637,2025_005637_0d37d37b95fbf496,6,71_1170,0,11
5652,2025_005652_a9e2504f6a371cbb,6,71_1170,0,9
5653,2025_005653_ba749f910bb29c36,3,71_1170,0,13
5664,2025_005664_df2b0920aa69cb62,4,70_1170,3,10
5668,2025_005668_f38c91e75254cbb7,0,70_1170,3,2
5675,2025_005675_191948c7c90f92a5,0,70_1170,3,3
5683,2025_005683_3d641b0f432da7f2,0,70_1170,3,3
5687,2025_005687_d99f90a75e7b91ff,2,70_1169,2,38
5689,2025_005689_f42af68248065e7b,4,70_1169,2,14
5695,2025_005695_ffbff13bb35461c0,4,70_1169,2,27
5698,2025_005698_12f2ae54bd606be5,5,70_1169,2,10
5703,2025_005703_2e586972a28e7b26,1,70_1169,2,2
5704,2025_005704_8b0f860641e7c3e2,0,70_1169,2,3
5708,2025_005708_6acbccd40d4a9698,1,70_1169,2,4
5709,2025_005709_113d5202972d9b0e,2,70_1169,2,3
5711,2025_005711_30a7c2ce0a7cc9e5,1,70_1169,2,35
5712,2025_005712_838495f4940b10e0,3,70_1170,3,9
5716,2025_005716_40eac1dc5f83f870,4,70_1170,3,5
5718,2025_005718_29eea7fb91f0180c,7,70_1170,3,62
5723,2025_005723_9c40ab30aef0e646,1,70_1169,2,12
5726,2025_005726_55281b4c7c598aff,3,70_1169,2,47
5735,2025_005735_7ba7f78c19e4e0ad,3,70_1169,2,8
5741,2025_005741_8bffa32792a0d489,2,70_1169,2,18
5742,2025_005742_d77af6b392ae692d,6,70_1169,2,10
5749,2025_005749_c86dc098ff42431f,3,70_1169,2,12
5752,2025_005752_7bcd337d8b4f13fa,6,70_1169,2,28
5755,2025_005755_83f20ed704a6f6c8,6,70_1170,3,25
5763,2025_005763_6ac24acaa00438aa,3,70_1170,3,3
5768,2025_005768_94c751110a27337f,2,71_1169,0,24
5777,2025_005777_6186a77bc3c0d34f,7,70_1169,2,3
5778,2025_005778_ba82127e409d3127,3,68_1169,0,3
5779,2025_005779_aaf91d9b55967107,3,69_1169,1,61
5783,2025_005783_1a61da06d6a3b9d6,2,69_1169,1,26
5785,2025_005785_50c9da3cf51fab85,3,68_1169,0,49
5800,2025_005800_6ae7ca390639a9a9,4,68_1169,0,6
5806,2025_005806_07966b0ab25a048c,6,68_1169,0,12
5807,2025_005807_6c8086ed4c25c2ec,6,68_1169,0,10
5808,2025_005808_390805da5455fa04,3,68_1169,0,27
5814,2025_005814_734b64190b3ec6b3,6,67_1169,0,21
5817,2025_005817_f4db162e5b7e2dec,2,67_1169,0,5
5822,2025_005822_51463159ba346bf3,0,67_1169,0,2
5848,2025_005848_e58cb2803c7a6370,0,67_1169,0,5
5852,2025_005852_97d3e8c06af595a7,2,68_1169,0,18
5858,2025_005858_446542566ec2f242,6,69_1169,1,12
5860,2025_005860_77c7bff54da09946,4,69_1169,1,18
5865,2025_005865_b9a94ee66aec3fb4,6,69_1169,1,39
5872,2025_005872_6d629e16d8d645fd,3,69_1170,1,4
5874,2025_005874_f204085fb17fb73b,3,69_1169,1,7
5880,2025_005880_12aacc3e1fdc7693,3,69_1170,1,7
5887,2025_005887_792a4dc0b26d1779,3,69_1169,1,38
5902,2025_005902_4bc3a960c29ddf18,0,69_1169,1,2
5910,2025_005910_36003f9cbbbb5abc,0,69_1169,1,11
5913,2025_005913_c3172c3378f0c3a0,0,69_1169,1,2
5928,2025_005928_b075ca516febd958,3,69_1169,1,21
5933,2025_005933_11eec57d55baf8b6,0,69_1169,1,4
5951,2025_005951_3d8d3dd17c2d2f2d,3,69_1169,1,4
5953,2025_005953_83764e3e145af6ae,3,69_1169,1,35
5955,2025_005955_cc08de61e24908c0,0,69_1169,1,5
5957,2025_005957_4f1ebc2ff5f9a8eb,0,69_1169,1,2
5962,2025_005962_9819f727299fb7ef,0,69_1169,1,6
5966,2025_005966_ab33dfecbe327087,7,69_1169,1,19
5968,2025_005968_3b639a23f147057b,1,69_1169,1,9
5970,2025_005970_1ca6c0663154f8d8,7,69_1169,1,17
5972,2025_005972_a7607c5265057201,2,69_1169,1,7
5975,2025_005975_30627374d7cbcf8c,3,69_1169,1,2
5978,2025_005978_75e8f8228d8594b6,0,69_1169,1,5
5980,2025_005980_d38152a7f0ceed9d,0,69_1169,1,4
5984,2025_005984_a44927325da270b0,0,69_1169,1,10
5985,2025_005985_1582e8d529b47a2a,0,69_1169,1,2
5991,2025_005991_395b4e44a96ac4cc,0,69_1169,1,2
5992,2025_005992_a2a86fb6c2ff3758,0,69_1169,1,3
6023,2025_006023_8a4d75353d02946c,2,69_1170,1,23
6024,2025_006024_98ca246705eff090,3,69_1169,1,12
6026,2025_006026_7ef67d3f06a024e7,2,69_1169,1,49
6030,2025_006030_01c810d2b2813efa,0,69_1170,1,3
6033,2025_006033_874fb1516c00dc23,2,69_1170,1,41
6039,2025_006039_e5389b5227d4394b,3,69_1170,1,13
6045,2025_006045_61cc67e5fa6a844d,7,69_1170,1,51
6052,2025_006052_29f7e5e9ca4d6511,3,69_1170,1,43
6053,2025_006053_2b0fe6755cb31e7d,3,69_1170,1,11
6056,2025_006056_0e439cb995c79510,3,68_1170,2,89
6057,2025_006057_7706a1ecbc438d49,3,68_1170,2,37
6059,2025_006059_5b5ea4caa89e49d5,3,68_1170,2,26
6061,2025_006061_47b62181202b66b6,4,68_1170,2,2
6062,2025_006062_e9a234b58340d1df,4,68_1170,2,8
6063,2025_006063_1aa022ade0bd7f5f,3,68_1170,2,3
6065,2025_006065_f15a5ae4d83ce673,3,68_1170,2,2
6066,2025_006066_fb63c12ca6b3d253,2,68_1170,2,15
6067,2025_006067_a8bfd9f39b14d26c,7,68_1170,2,5
6071,2025_006071_a0c4c59b51c7d1a6,4,68_1170,2,5
6073,2025_006073_2a4c7a0050c43eca,3,68_1170,2,5
6077,2025_006077_837d08e0c01ae292,3,68_1170,2,7
6082,2025_006082_390f336887fd0274,3,68_1170,2,12
6085,2025_006085_95ef054bb981e1a7,3,68_1170,2,2
6086,2025_006086_fbb2d753679d58ed,4,68_1170,2,24
6087,2025_006087_01becef2de59bdcd,3,68_1170,2,31
6093,2025_006093_197bc90b9fd69c95,2,68_1170,2,12
6094,2025_006094_57b4019058703eec,2,68_1170,2,3
6096,2025_006096_69df67e29e6f93b1,3,69_1170,1,20
6104,2025_006104_93fcbad23fdbab7d,0,69_1170,1,3
6107,2025_006107_07bacaf2ce3a9e0c,2,69_1170,1,26
6108,2025_006108_f2eb77b417fe4f8c,2,69_1170,1,4
6110,2025_006110_f67a1e30951330cb,3,69_1170,1,21
6125,2025_006125_633db295dd819f35,7,69_1170,1,50
6126,2025_006126_13a8e7eb38a13db7,7,69_1170,1,31
6138,2025_006138_a010d326f7940099,3,69_1170,1,7
6139,2025_006139_a34226c34d1c1878,3,69_1170,1,9
6141,2025_006141_71ec355cfbc20440,3,69_1170,1,17
6148,2025_006148_1ab0693a43848356,2,69_1170,1,13
6155,2025_006155_704aeeba5b807502,0,69_1170,1,3
6161,2025_006161_d359cc734b4039c6,0,69_1170,1,28
6162,2025_006162_67dcda8596af9030,0,69_1170,1,6
6163,2025_006163_afe5aff9ebb98f16,0,69_1170,1,6
6182,2025_006182_70cdc2cb945271c7,7,69_1170,1,55
6183,2025_006183_64493314785f3be6,0,69_1170,1,2
6186,2025_006186_c4e1eda4ab0f7d4e,2,69_1170,1,3
6215,2025_006215_4b0c8756914fe47f,0,69_1170,1,3
6217,2025_006217_5dae28e67252171e,4,69_1170,1,30
6219,2025_006219_6240adb754c3a71c,1,69_1170,1,6
6222,2025_006222_8bfd4094191ae3d2,0,69_1170,1,19
6223,2025_006223_5800cf490459c6a9,0,69_1170,1,18
6230,2025_006230_84e50a04448b429f,0,69_1170,1,23
6238,2025_006238_c73eb3e1fe48c98a,0,69_1170,1,9
6242,2025_006242_c7255f7acaac02be,0,69_1170,1,8
6248,2025_006248_ae26fdc6bbd3b5d9,4,69_1170,1,45
6265,2025_006265_d9c2716bd1541624,0,69_1170,1,3
6281,2025_006281_f07202f55a5c6064,2,69_1170,1,43
6292,2025_006292_e7f5c28cdb2e21fa,0,69_1170,1,4
6296,2025_006296_8772a001982d285d,0,69_1170,1,2
6298,2025_006298_b444d42b46c3364a,0,69_1170,1,39
6299,2025_006299_fa15b9ad66e054df,0,69_1170,1,9
6301,2025_006301_8a27cab133be3573,0,69_1170,1,2
6313,2025_006313_1ed2488dde0d6a9f,0,69_1170,1,4
6318,2025_006318_8be542138946f1c4,0,69_1170,1,5
6324,2025_006324_9b6dd154870b0bc7,0,69_1170,1,5
6340,2025_006340_ed6c62c27ae9a4df,0,69_1170,1,6
6341,2025_006341_4cabefa792387968,0,69_1170,1,2
6348,2025_006348_e7e0d028e65deadf,1,69_1170,1,13
6349,2025_006349_bbd8bd0441c2b529,1,69_1170,1,5
6350,2025_006350_27d0ca54fcf1cedd,1,69_1170,1,25
6351,2025_006351_6042315dffd9cfdf,1,69_1170,1,4
6352,2025_006352_f5e23e1a29bfbe8b,1,69_1170,1,38
6353,2025_006353_25c058c7b425293b,0,69_1170,1,4
6356,2025_006356_e4c1fd42ebb0160b,7,69_1170,1,36
6364,2025_006364_fc1a81bc1d52acd7,0,69_1170,1,10
6365,2025_006365_b0258eede82aef6b,3,69_1170,1,63
6366,2025_006366_d0e24b28feb1383d,0,69_1170,1,4
6369,2025_006369_84079d6ad5fb0444,7,69_1170,1,14
6383,2025_006383_7a6033e3fe063a97,3,69_1170,1,60
6390,2025_006390_f37b752c6f84ac48,2,69_1170,1,39
6396,2025_006396_ae2af706f5cda8cd,6,69_1170,1,22
6400,2025_006400_a208fe126b4f44e8,7,69_1170,1,8
6405,2025_006405_d64740711c33d01e,1,69_1170,1,5
6408,2025_006408_31bc0f028b8fdf4a,1,69_1170,1,7
6414,2025_006414_110aac912ba4a1bd,7,69_1170,1,29
6419,2025_006419_565a6e734ed3f3d3,0,69_1170,1,5
6429,2025_006429_6bb0fd87438f225b,4,69_1170,1,7
6432,2025_006432_adc9c1b86405b538,0,69_1170,1,15
6433,2025_006433_0064bdac859df67d,0,69_1170,1,4
6434,2025_006434_c42f6e7a99faf488,1,69_1170,1,18
6436,2025_006436_282ef01e3663002d,3,69_1170,1,3
6445,2025_006445_bc8b0b72bdf31d99,3,69_1170,1,8
6450,2025_006450_17f30eb773fed69f,2,69_1170,1,8
6451,2025_006451_c93c6d7ba1389092,7,69_1170,1,10
6465,2025_006465_f2f887ab9b00c80b,3,69_1170,1,25
6466,2025_006466_06f1b43a83fd129e,1,69_1170,1,10
6475,2025_006475_19e089d3704bed6e,7,69_1170,1,46
6479,2025_006479_1f11d191ce56a834,2,69_1170,1,25
6481,2025_006481_f7b619fd715145ea,7,69_1170,1,2
6483,2025_006483_fae0ed16a5b44945,0,69_1170,1,11
6484,2025_006484_344c45f8bbc81030,7,69_1170,1,17
6492,2025_006492_310d0cfc876fdcf4,7,69_1170,1,6
6495,2025_006495_312ee33ee6dbbca7,1,69_1170,1,3
6505,2025_006505_a41de5b473b1c847,3,69_1170,1,15
6510,2025_006510_61c24bfcd3263b32,4,69_1170,1,22
6516,2025_006516_509a3dc3847b0520,1,69_1170,1,13
6517,2025_006517_aff9ba508c88e14f,5,69_1170,1,28
6520,2025_006520_fce8a9d66b57592b,6,69_1170,1,13
6521,2025_006521_f2a224860bedff1a,3,69_1170,1,24
6522,2025_006522_e6ad5da290b20e51,0,69_1170,1,18
6523,2025_006523_d298540e386c0cc0,0,69_1170,1,3
6536,2025_006536_27ba586821d62e3b,7,69_1170,1,39
6541,2025_006541_1d451e1aa891735a,1,69_1170,1,11
6546,2025_006546_6574b0943c41b8d5,3,69_1170,1,22
6555,2025_006555_cc7d5c65de49d2fd,3,69_1170,1,11
6556,2025_006556_82d76da05b22d9d1,0,69_1170,1,13
6557,2025_006557_1511c9c40bca9fe6,7,69_1170,1,11
6558,2025_006558_070b795a0afc621b,7,69_1170,1,19
6567,2025_006567_c8470205a56b1133,7,69_1170,1,21
6571,2025_006571_88579d0e05c4e218,7,69_1171,3,4
6573,2025_006573_11c94eb765bf9437,7,69_1171,3,5
6576,2025_006576_00c58d3d60fb0d89,2,69_1170,1,2
6581,2025_006581_95e33b2590223342,7,69_1171,3,36
6583,2025_006583_5081452856b95b06,7,69_1170,1,45
6584,2025_006584_8f7e29b13a98c0b3,3,69_1170,1,6
6591,2025_006591_b2bc5ae668452cc9,7,69_1171,3,2
6595,2025_006595_6c156e77dcc9a3c3,3,69_1170,1,28
6596,2025_006596_d19785d49f059b27,3,69_1170,1,4
6604,2025_006604_66e1c29d5f55f6a3,4,69_1171,3,42
6611,2025_006611_edbd63061a5d8633,3,69_1171,3,25
6616,2025_006616_d22316e1642f38a5,4,69_1171,3,4
6617,2025_006617_f650be115cb34a96,3,69_1171,3,67
6618,2025_006618_222bd7d533f0443a,3,69_1171,3,34
6619,2025_006619_f98f5bcda3042ba7,4,69_1171,3,2
6620,2025_006620_b790cb5583f338bb,3,69_1171,3,44
6623,2025_006623_594087a7fb57df86,2,69_1171,3,12
6626,2025_006626_b38363906fa33153,4,69_1171,3,25
6634,2025_006634_d0ed7ffa35fb13f0,2,69_1171,3,15
6635,2025_006635_f8f9531173ee5312,3,69_1171,3,8
6638,2025_006638_9208d2090ad62969,2,69_1171,3,29
6639,2025_006639_5c2a177e819d3d02,7,69_1171,3,24
6641,2025_006641_642940f9c3b072ad,7,69_1171,3,12
6642,2025_006642_917adfb22242bd6d,3,68_1171,3,12
6643,2025_006643_5f8631ee8c6faeca,6,68_1171,3,20
6654,2025_006654_382789d7f884cdcc,7,68_1171,3,6
6658,2025_006658_46e1d52c23df1359,7,68_1171,3,117
6660,2025_006660_7305ce3715b004f2,6,68_1171,3,11
6663,2025_006663_51c7206208a2a0bb,2,68_1171,3,17
6664,2025_006664_a4bd9631b6a46cf5,7,68_1171,3,3
6666,2025_006666_77b20de14d8b6eb1,7,68_1171,3,2
6670,2025_006670_9a7367b6d1cedf46,6,69_1171,3,6
6673,2025_006673_7008a13e2587e808,3,69_1171,3,5
6676,2025_006676_c7eebd3072ef7e3b,3,69_1171,3,6
6678,2025_006678_10ce9c14d436f498,4,69_1171,3,4
6681,2025_006681_c1a274e4d7b98e02,4,69_1171,3,2
6689,2025_006689_42a8fc6b816c43b4,0,69_1169,1,4
6692,2025_006692_38e2c10ac79081fa,0,69_1169,1,7
6705,2025_006705_c47f6814c6c76104,2,69_1169,1,22
6715,2025_006715_e5f18fb1aec1ac71,0,69_1170,1,5
6727,2025_006727_206deeb7b149adfa,0,69_1169,1,5
6728,2025_006728_15cecf88ec608ec4,7,69_1169,1,41
6731,2025_006731_6b17010bca2120d9,4,69_1170,1,12
6734,2025_006734_dab8334e2e3e8c25,0,69_1170,1,2
6741,2025_006741_9b0b8d065ba45d86,0,69_1170,1,4
6747,2025_006747_681ee6e6d29d164a,7,69_1170,1,5
6767,2025_006767_3298d2eeda9c42c9,1,69_1170,1,17
6768,2025_006768_c1454d0bf0c75132,2,69_1170,1,9
6778,2025_006778_e91aaf6f54bf9ee3,7,69_1170,1,5
6780,2025_006780_fb99ecb349b44306,3,69_1170,1,7
6782,2025_006782_0d25f0047921c6ea,2,69_1170,1,11
6784,2025_006784_84139bff8344f93d,2,69_1170,1,12
6785,2025_006785_1c696740f273565e,2,69_1170,1,4
6791,2025_006791_e1b1d633ea03fc80,2,69_1170,1,3
6792,2025_006792_d4846469434a22d8,3,69_1170,1,5
6795,2025_006795_a85969cabe5e7679,2,69_1170,1,12
6814,2025_006814_02a9ee4696d3443c,0,69_1170,1,4
6815,2025_006815_bdf60ef0b1bd61cd,0,69_1170,1,2
6819,2025_006819_6512934e69f5542d,7,69_1170,1,16
6820,2025_006820_aef617615bf8ae9e,7,69_1170,1,85
6821,2025_006821_5eca10883e8fc5d9,4,69_1170,1,39
6822,2025_006822_93ef39288b399530,0,69_1170,1,57
6823,2025_006823_87085927d7dc4403,6,69_1170,1,3
6825,2025_006825_f810403af357138a,7,69_1170,1,48
6835,2025_006835_41720498029138c9,0,69_1170,1,6
6855,2025_006855_59d3f336a9c7c664,4,69_1170,1,39
6856,2025_006856_d34f8b5c5ddb739a,3,69_1170,1,47
6863,2025_006863_1142bb869df6810a,3,69_1169,1,10
6872,2025_006872_d14380724ca366ea,4,69_1170,1,8
6873,2025_006873_3f81887084aae772,2,69_1170,1,14
6875,2025_006875_71562425536cdcd2,1,69_1170,1,3
6877,2025_006877_d54599b0d49602c6,2,69_1170,1,10
6878,2025_006878_68490481d0065130,2,69_1170,1,14
6879,2025_006879_6965516a1028d28a,4,69_1170,1,9
6881,2025_006881_e7993679bd397509,3,69_1170,1,22
6889,2025_006889_fb7de3eb521b5a80,2,69_1170,1,2
6898,2025_006898_2c9fc4f59f46e353,2,69_1170,1,6
6902,2025_006902_11af34e4a6e3ce46,1,69_1170,1,3
6906,2025_006906_96164f459671e1f2,1,69_1170,1,23
6917,2025_006917_c06abdc4fcff5a57,4,69_1170,1,16
6918,2025_006918_865cfc0bba47b44a,7,69_1171,3,2
6922,2025_006922_1274b23359bc1da9,3,69_1171,3,2
6936,2025_006936_a6e24a91bda012a1,3,69_1171,3,2
6937,2025_006937_42078bf2131caf21,3,69_1171,3,11
6939,2025_006939_29a5ceed278dc953,7,69_1171,3,18
6941,2025_006941_7bf3d288a63f99f0,3,69_1171,3,7
6943,2025_006943_de162113f7cc253b,3,69_1171,3,6
6945,2025_006945_cda8b658135b6155,1,69_1171,3,2
6947,2025_006947_978dc9e78ec24597,4,69_1171,3,17
6950,2025_006950_d538e3637f62d13f,4,69_1171,3,2
6951,2025_006951_53e86d3005718e82,0,69_1170,1,3
6954,2025_006954_994df9d033fd6eed,0,69_1170,1,3
6956,2025_006956_83f23dd6244a0d6a,3,69_1170,1,68
6961,2025_006961_c949aa34c9f993ba,2,69_1170,1,3
6967,2025_006967_c8a85b8ce0abff7d,3,69_1170,1,6
6968,2025_006968_9b7a29ddd890f1b8,0,69_1170,1,12
6969,2025_006969_a044ab1865e51361,3,69_1170,1,3
6981,2025_006981_5c0df9c2df7d93e6,0,69_1170,1,3
6982,2025_006982_6d401507e46bba4e,0,69_1170,1,26
6984,2025_006984_994dd022a1850a8c,0,69_1170,1,2
7015,2025_007015_332dcfe91b5d1295,0,69_1170,1,10
7025,2025_007025_7454a77e12ae4223,0,69_1170,1,2
7028,2025_007028_38b15039eca79848,0,69_1170,1,4
7033,2025_007033_aff78b6991d274d6,0,69_1170,1,10
7035,2025_007035_6515e44463dbeb5d,7,69_1170,1,7
7042,2025_007042_00952046d966b9ec,0,69_1170,1,6
7043,2025_007043_6f8c59093b13433f,0,69_1170,1,6
7051,2025_007051_229b61dc5210ab24,0,69_1170,1,8
7056,2025_007056_43119e43f27e2dae,7,69_1170,1,5
7061,2025_007061_c3610b78af50b44a,4,69_1170,1,3
7067,2025_007067_b0f32d2339d6a527,1,69_1170,1,17
7071,2025_007071_58ebc7561ea79ffd,2,69_1171,3,3
7072,2025_007072_d35ea57f62e8e1d0,7,69_1171,3,17
7078,2025_007078_5d22eb763103edc3,3,69_1171,3,5
7080,2025_007080_703d84dd7e8134ae,4,69_1171,3,8
7085,2025_007085_6be58493cd91267a,0,69_1171,3,2
7086,2025_007086_c9827f339863109e,1,69_1171,3,7
7088,2025_007088_4265cdcf315a6581,1,69_1171,3,3
7093,2025_007093_f40e9eb291a7e498,0,67_1170,0,2
7101,2025_007101_7eb4f81a4c8727a2,2,67_1170,0,86
7113,2025_007113_5d7545c5ee0f2ae2,0,67_1170,0,5
7114,2025_007114_3770612e1cd058d6,5,67_1170,0,4
7130,2025_007130_8b436746708a3922,6,68_1170,2,4
7132,2025_007132_cf20b907137fb426,1,68_1170,2,10
7134,2025_007134_7613fc4725c5674f,3,68_1170,2,10
7135,2025_007135_beaea38de59bbf1c,4,68_1170,2,13
7142,2025_007142_e85d274f9d9327f5,6,68_1170,2,12
7144,2025_007144_cbff30ec6ac13897,5,68_1170,2,13
7147,2025_007147_a82d80743efbfbe6,3,68_1170,2,4
7152,2025_007152_6fbb83efe273828a,3,68_1170,2,7
7155,2025_007155_4e434333dc5b83fe,4,69_1170,1,6
7156,2025_007156_8d2397a48b6ecd62,2,69_1170,1,4
7162,2025_007162_83adc7af4f7c81fa,4,69_1170,1,30
7163,2025_007163_3964258e0b71a60b,3,69_1170,1,38
7164,2025_007164_9aa8b63caf217a65,3,68_1170,2,25
7182,2025_007182_18475826c83f54a0,2,68_1170,2,3
7183,2025_007183_e6ccce4d40767e86,2,69_1170,1,10
7184,2025_007184_ebe3dbc561b3553f,2,69_1170,1,10
7185,2025_007185_d6fb6ef6896ad5be,0,68_1170,2,51
7186,2025_007186_13f648215c8e3c61,1,68_1170,2,2
7198,2025_007198_15f5d381f6fd6f9b,3,68_1170,2,10
7220,2025_007220_b4e71cfb448c9d43,3,68_1170,2,6
7232,2025_007232_072af0c1d63890d5,6,68_1170,2,13
7233,2025_007233_07104a7f77ebd997,3,68_1170,2,10
7240,2025_007240_715887397f0366c9,3,68_1170,2,25
7249,2025_007249_cd41ea8262bf573b,0,68_1170,2,68
7252,2025_007252_e54b58fe41b64816,0,68_1170,2,21
7253,2025_007253_71e682d05380c6a1,0,68_1170,2,39
7262,2025_007262_051554c826c0b08e,7,68_1170,2,8
7263,2025_007263_a0b4593d8f49d386,4,68_1170,2,12
7265,2025_007265_1daa722559c99965,1,68_1170,2,33
7269,2025_007269_d267286004043dd6,2,68_1170,2,13
7273,2025_007273_03a46022b785883c,7,68_1170,2,29
7274,2025_007274_4b574bcf5944cdb1,2,68_1170,2,30
7290,2025_007290_ac277aeb7d8b8b77,7,67_1170,0,11
7291,2025_007291_30b0b128001f0e2b,7,67_1170,0,8
7293,2025_007293_7760ca9ebee52138,2,67_1170,0,40
7302,2025_007302_825b8baba971d595,1,67_1170,0,5
7305,2025_007305_66f5cf77cfd58b03,7,68_1170,2,12
7312,2025_007312_ad5f23199c9d2782,7,68_1170,2,9
7313,2025_007313_539f239c05aae583,0,67_1170,0,2
7316,2025_007316_a8d6759af5d4b63f,4,67_1170,0,54
7317,2025_007317_83df82049408d108,7,67_1170,0,27
7323,2025_007323_baed926f6ad0ff0d,6,67_1170,0,31
7324,2025_007324_e4fed1633b976d8e,3,67_1170,0,6
7325,2025_007325_8c36578cceddabb7,3,67_1170,0,21
7326,2025_007326_5c00765eaf8f4722,0,68_1170,2,50
7329,2025_007329_2c49ac5e9d23d0e4,5,68_1170,2,2
7330,2025_007330_7ae6852eb6b5719d,6,68_1170,2,29
7331,2025_007331_3efc4851a6f95c38,0,68_1170,2,27
7333,2025_007333_c5a68c2d1f5a636b,4,68_1170,2,26
7336,2025_007336_44ccef8f8b36a8f4,5,68_1170,2,22
7338,2025_007338_52678f09903b4a32,7,68_1170,2,3
7339,2025_007339_c3e92d6cad82b3dd,3,68_1170,2,22
7340,2025_007340_2e379268098f0c0f,1,68_1170,2,7
7345,2025_007345_e13d511e0a38002f,7,68_1170,2,5
7348,2025_007348_6f724c608e1a0653,0,68_1170,2,14
7353,2025_007353_2f272aa928b931a4,3,68_1170,2,25
7356,2025_007356_ffceacd69d225c0b,0,67_1170,0,2
7370,2025_007370_ea1e889dd90fcccd,7,67_1170,0,6
7372,2025_007372_5f342658c9d528ce,7,67_1170,0,4
7382,2025_007382_bd47317aea88a529,3,67_1170,0,2
7390,2025_007390_98a4edb989a9ca0b,0,69_1170,1,4
7397,2025_007397_9945694bea94a7b6,3,69_1170,1,17
7402,2025_007402_06841cbb88215a78,3,69_1170,1,20
7403,2025_007403_fbc2e01400a8a772,7,69_1170,1,5
7406,2025_007406_095428fed4cada72,3,69_1170,1,8
7433,2025_007433_548b9831abcdc2c2,4,68_1170,2,36
7434,2025_007434_69f8b0a203d5f24a,5,68_1170,2,4
7435,2025_007435_795bb01203dacc35,5,68_1170,2,6
7436,2025_007436_49348997952a578f,5,68_1170,2,20
7437,2025_007437_0317398310ec9d8c,5,68_1170,2,11
7438,2025_007438_c03eb13162ff414b,7,68_1170,2,17
7444,2025_007444_34318599f2382d25,7,68_1170,2,24
7446,2025_007446_c296884f32bb53a6,3,68_1170,2,6
7451,2025_007451_64e0fe1e4d6e9d67,6,68_1170,2,21
7466,2025_007466_809c1883b10a4fec,5,68_1170,2,20
7479,2025_007479_b967ea6e89513407,1,68_1170,2,23
7480,2025_007480_7ce65ed03347428b,3,68_1170,2,40
7493,2025_007493_e47a7558bf511ff4,5,68_1170,2,3
7494,2025_007494_da45943ed9c5b64a,6,68_1170,2,15
7495,2025_007495_759fa61174595a3a,5,68_1170,2,25
7496,2025_007496_17f040ca94fee9c0,1,67_1170,0,3
7499,2025_007499_26a701ea6fb68de8,2,67_1170,0,2
7502,2025_007502_764b2f77ab82bdd2,0,67_1170,0,2
7504,2025_007504_26d6c789a3e12e22,0,67_1170,0,3
7531,2025_007531_f000f6cf50adca3f,7,68_1170,2,4
7535,2025_007535_d7ec841930529847,7,68_1170,2,65
7537,2025_007537_4f7cdb10ff505b4d,7,68_1170,2,37
7539,2025_007539_dd3bd954e5610e59,1,68_1170,2,2
7552,2025_007552_8d51c5e73fa353ce,1,68_1170,2,2
7565,2025_007565_ba77c19f65255585,1,68_1170,2,2
7566,2025_007566_f796ba250cb712a3,1,68_1170,2,2
7580,2025_007580_d40d03366a3f4bce,1,68_1170,2,7
7590,2025_007590_a64213d4ec0b553e,1,68_1170,2,23
7595,2025_007595_90f44e53ab65bdb7,1,68_1170,2,2
7629,2025_007629_cff99a254c6cab86,4,67_1170,0,6
7631,2025_007631_9f3b38dceeee9f8c,4,68_1170,2,7
7633,2025_007633_ef8c1e4ed776aafd,6,68_1170,2,8
7638,2025_007638_1e8d6b28d3f27aa6,3,68_1170,2,5
7642,2025_007642_9631ce2680cfebe7,7,68_1170,2,2
7662,2025_007662_3c999a3379ceae90,6,67_1170,0,2
7667,2025_007667_ec9681295cdedc9f,6,67_1170,0,17
7672,2025_007672_da107c645f425a53,0,67_1170,0,3
7686,2025_007686_957831e85dbcd474,2,68_1170,2,2
7689,2025_007689_e5a78a41677faf0a,1,68_1170,2,3
7693,2025_007693_8a5ba66c40e57de7,7,68_1170,2,24
7694,2025_007694_d234b8221161e398,3,68_1170,2,28
7695,2025_007695_6a98d4ea17d87181,7,68_1170,2,13
7696,2025_007696_2e80e91ee62f3843,3,68_1170,2,28
7702,2025_007702_3b1e2792c357a369,1,68_1170,2,4
7705,2025_007705_6828fcce098260e6,1,68_1170,2,4
7713,2025_007713_c2188b5d57056e07,0,68_1170,2,10
7730,2025_007730_bcd393f565e277a3,1,68_1170,2,9
7742,2025_007742_4da84b819eb63fef,0,68_1170,2,21
7743,2025_007743_7bce47df3f9e8e6d,7,68_1170,2,11
7745,2025_007745_bde09d4a9c27a453,6,68_1170,2,19
7751,2025_007751_76e6e089ce781487,7,68_1170,2,3
7756,2025_007756_3e8b741514a3ed71,7,68_1170,2,16
7759,2025_007759_6f664dba1e5c2b4f,0,69_1170,1,2
7767,2025_007767_e8af1c2fcdd1dbc8,2,68_1170,2,10
7777,2025_007777_f9cde79cdeda734a,5,68_1170,2,94
7795,2025_007795_4521c5be37aa3222,4,68_1170,2,8
7797,2025_007797_f52a289fb429d6f0,4,68_1170,2,7
7807,2025_007807_123cecb340f0dc70,2,68_1170,2,20
7817,2025_007817_8cc13d66eacc29d0,1,68_1170,2,11
7839,2025_007839_14b112701c69803f,0,68_1170,2,2
7843,2025_007843_88a0c43f4f229126,0,68_1170,2,6
7844,2025_007844_ac6dd8650f79419f,2,68_1170,2,3
7849,2025_007849_38793750ac1a4bc3,1,68_1170,2,23
7871,2025_007871_2eca349898a2a21c,0,68_1170,2,9
7877,2025_007877_53920ae6829d6ee4,0,68_1170,2,3
7892,2025_007892_612307d84256d039,3,71_1170,0,33
7893,2025_007893_afde2c403df64fff,3,71_1170,0,34
7896,2025_007896_e6b034b614ab82ec,4,71_1170,0,7
7901,2025_007901_58c877bb843192bd,3,71_1170,0,35
7903,2025_007903_f9d0d6fae08b5fb8,3,71_1170,0,17
7906,2025_007906_29cc6cb165b6969c,4,71_1170,0,16
7910,2025_007910_6425c4165bf9106e,6,71_1170,0,7
7911,2025_007911_1fda18d26a9ef188,5,71_1170,0,27
7913,2025_007913_af8adf387cfd73e5,6,71_1170,0,9
7922,2025_007922_30e23557a2559617,4,71_1170,0,4
7923,2025_007923_b01f90b009b6c5e5,4,71_1170,0,3
7926,2025_007926_7041c0227ae158b3,6,71_1170,0,43
7927,2025_007927_b52518faec49d48c,6,71_1170,0,24
7928,2025_007928_4658b3ea6f942741,6,71_1170,0,18
7929,2025_007929_47390c64549e99db,4,71_1170,0,33
7930,2025_007930_e29a139fd0c43491,3,71_1170,0,4
7932,2025_007932_4d16fd586c4e7db7,3,71_1170,0,8
7933,2025_007933_265340e823ee5834,3,71_1170,0,5
7936,2025_007936_c72ea65376176c32,0,71_1170,0,3
7937,2025_007937_bbd3c0edc681707d,1,71_1170,0,5
7940,2025_007940_ccbe8450d894f37a,4,71_1170,0,5
7943,2025_007943_9bf0f76f4d6efd7b,0,70_1170,3,15
7945,2025_007945_453e2199fc74635d,0,70_1170,3,6
7951,2025_007951_c4ddfdbd23a827ef,0,70_1170,3,11
7953,2025_007953_04a2b260423160aa,0,70_1170,3,15
7959,2025_007959_3ca4c87ff01be2bf,0,70_1170,3,6
7961,2025_007961_cd7730a5a020ff44,1,70_1170,3,8
7968,2025_007968_cddeac5427f27dd1,2,70_1170,3,18
7974,2025_007974_0eb322ed2c0d50c2,4,70_1170,3,32
7975,2025_007975_6828f2a50371bcf1,7,70_1170,3,18
7985,2025_007985_ecab0dd476ff0fc7,1,70_1170,3,14
7987,2025_007987_b0013a87656c3ef2,1,70_1170,3,10
7992,2025_007992_622db8683a201015,0,70_1170,3,5
7997,2025_007997_d671d2f54db66049,7,70_1170,3,58
8003,2025_008003_a9e66b6824c8f7cf,3,70_1170,3,34
8026,2025_008026_9bb21ee2b908b556,1,70_1170,3,12
8032,2025_008032_9c8bd791db31f0eb,3,70_1170,3,3
8037,2025_008037_3b5272dc527ce6d1,4,70_1170,3,12
8040,2025_008040_99fa32e9215e43b8,4,70_1170,3,19
8053,2025_008053_0ab14ca19d567088,3,70_1170,3,22
8056,2025_008056_4b621c337efb15f4,4,71_1170,0,15
8063,2025_008063_4d3fd496a4f76c92,4,71_1170,0,8
8089,2025_008089_a9c213feb026de45,0,71_1170,0,6
8092,2025_008092_a01b20a9678d8137,3,70_1170,3,8
8104,2025_008104_75679a9e218f793a,0,70_1170,3,6
8118,2025_008118_14448e32f3d8f48f,0,70_1170,3,4
8122,2025_008122_827b54751a15ff48,0,70_1170,3,15
8129,2025_008129_d543ca495c274b4e,0,70_1170,3,6
8137,2025_008137_61f24f467747b643,0,70_1170,3,21
8154,2025_008154_568a2c729b58e9eb,0,70_1170,3,6
8159,2025_008159_664d39b3fe8e0e47,0,70_1170,3,16
8163,2025_008163_d559648681ec5b07,0,70_1170,3,12
8180,2025_008180_040c6e4cbd39a89b,3,71_1170,0,22
8181,2025_008181_08b33abaa6480884,3,71_1170,0,43
8182,2025_008182_10d51e2d66202eba,3,71_1170,0,39
8188,2025_008188_bffe728062acc7ec,4,71_1170,0,27
8197,2025_008197_391928e90a98da09,4,71_1170,0,9
8198,2025_008198_0b7ae5c1edaead41,3,71_1170,0,13
8200,2025_008200_a7c492fc770bfb85,4,71_1170,0,17
8214,2025_008214_200adb3250e64e01,1,70_1170,3,16
8223,2025_008223_65dcf09cc4acbfb4,1,70_1170,3,29
8228,2025_008228_65b85b00d476955a,0,70_1170,3,34
8230,2025_008230_867b6a5d6a7f2ff0,0,70_1170,3,13
8236,2025_008236_1355f5943f97eb74,0,70_1170,3,14
8250,2025_008250_44f0ce8233c241f9,0,70_1170,3,4
8252,2025_008252_1cb9b926b1f34002,1,70_1170,3,3
8261,2025_008261_a3ed3f14201cb467,1,70_1170,3,2
8269,2025_008269_4dd5680591a64562,0,70_1170,3,8
8270,2025_008270_bf2cf26cde2ddd21,0,70_1170,3,23
8271,2025_008271_18736c228240ecae,0,70_1170,3,2
8273,2025_008273_9f88081113c798c7,0,70_1170,3,9
8281,2025_008281_17471eae6bd238fb,0,70_1170,3,18
8282,2025_008282_a4722b1571b8510e,0,70_1170,3,28
8295,2025_008295_835a98ecffbbd05b,0,70_1170,3,9
8300,2025_008300_9765d8a774669d79,0,70_1170,3,22
8305,2025_008305_c167057daaa99527,0,70_1170,3,12
8307,2025_008307_5636a0bffdda3c62,0,70_1170,3,12
8313,2025_008313_6071289b80fe5f23,0,70_1170,3,7
8318,2025_008318_09a31bf9977bcf4d,0,70_1170,3,49
8321,2025_008321_13e76cd6e9447248,0,70_1170,3,2
8322,2025_008322_a56ee472b10ede6a,1,70_1170,3,26
8323,2025_008323_380faf5603169ead,3,70_1170,3,7
8326,2025_008326_3a68611ecec693d1,3,70_1170,3,47
8332,2025_008332_751794d8c7f892af,3,70_1170,3,79
8339,2025_008339_ecfc517c46d7c92f,7,70_1170,3,16
8340,2025_008340_7f2bbd41926e74be,7,70_1170,3,24
8342,2025_008342_4db140f86703a365,3,70_1170,3,21
8343,2025_008343_68f3c1072a31ffc6,1,70_1170,3,29
8344,2025_008344_d87fe6be02b2d2af,7,70_1170,3,10
8348,2025_008348_f5838749ebf7dc59,3,70_1170,3,33
8359,2025_008359_a4a85eddc3fe77c3,6,71_1170,0,41
8360,2025_008360_09c3be38adc32a1f,7,71_1170,0,13
8362,2025_008362_495c5d3635ff75b4,3,71_1170,0,6
8366,2025_008366_35dd85e1bdb6d65d,0,71_1170,0,2
8369,2025_008369_b46fb354c8384f1f,1,71_1170,0,4
8386,2025_008386_e51a53df06cd157a,0,70_1170,3,7
8388,2025_008388_1209e1d4ac7ef833,3,70_1170,3,34
8392,2025_008392_163e83f80ec34a3d,4,70_1170,3,34
8397,2025_008397_1b3977608ee7c342,0,70_1170,3,6
8405,2025_008405_f7935b228bdfac0b,0,70_1170,3,2
8414,2025_008414_0b369ee34fb11e71,3,71_1170,0,8
8426,2025_008426_48c018ed2a15b6b4,4,71_1170,0,3
8427,2025_008427_d6e820e2f892f624,3,71_1170,0,4
8431,2025_008431_d17d4bca56a71ed9,2,71_1170,0,15
8437,2025_008437_78d26b6b21a519e7,4,71_1170,0,8
8438,2025_008438_fa00a772796dbac9,1,71_1170,0,15
8441,2025_008441_ebddee5823c9355c,1,71_1170,0,12
8442,2025_008442_154fc040fee3c283,4,71_1170,0,31
8443,2025_008443_c7b144bf261f3534,2,71_1170,0,38
8445,2025_008445_fc1c89f10917f356,1,71_1170,0,16
8450,2025_008450_27a4b5b57a7a9323,7,71_1170,0,9
8451,2025_008451_c8b3eca161a8da80,4,71_1170,0,12
8456,2025_008456_9321d9908ed0b585,6,71_1170,0,12
8458,2025_008458_a7cfc3b6cf492301,6,71_1170,0,2
8466,2025_008466_ffe42885182eb8c0,7,71_1170,0,26
8468,2025_008468_d2bbc75594ed83f0,7,71_1170,0,13
8469,2025_008469_919645c20c21eb15,1,71_1170,0,11
8481,2025_008481_45cfe387261779ca,7,71_1170,0,13
8484,2025_008484_b41458783fea46a9,3,71_1170,0,12
8500,2025_008500_abc68c034ff32bc0,4,71_1170,0,48
8501,2025_008501_e4a0af95c30970f9,3,71_1170,0,22
8502,2025_008502_40302ad2e1c4e088,4,71_1170,0,61
8505,2025_008505_2cdebc9c474cd2cd,3,71_1170,0,7
8517,2025_008517_9569bd778ba1e8c7,4,71_1170,0,19
8534,2025_008534_cccff9e921042ea6,3,70_1170,3,14
8543,2025_008543_eed334799d9b7473,6,70_1170,3,48
8549,2025_008549_31c69e44b24f25ec,3,70_1170,3,2
8556,2025_008556_88969f2b41ce1e2e,3,71_1170,0,20
8558,2025_008558_24a734f612dca300,1,70_1170,3,46
8561,2025_008561_77bf06a6763fd0dc,2,70_1170,3,4
8562,2025_008562_13fa7746c9f5fe6b,0,70_1170,3,5
8564,2025_008564_e37ee9cc98332629,4,71_1170,0,13
8565,2025_008565_06a7aecd3a5624c4,6,70_1170,3,23
8566,2025_008566_5f50f96fd89fd061,6,70_1170,3,11
8567,2025_008567_2a60b0eed420cf3d,6,71_1170,0,19
8568,2025_008568_600eb3f2bf63a01c,6,70_1170,3,3
8569,2025_008569_800b0514a01971e8,7,71_1170,0,5
8570,2025_008570_a4d967b5bd014d91,3,71_1170,0,21
8575,2025_008575_4cf882d307c1ac96,3,71_1170,0,7
8578,2025_008578_571ea37cb566323a,3,71_1170,0,25
8580,2025_008580_f6d45312372dc964,4,71_1170,0,25
8582,2025_008582_a90dfdfc217ca590,6,71_1170,0,17
8587,2025_008587_540e288c9fd031c9,7,71_1170,0,17
8589,2025_008589_8fc7d0722a7d6ab2,1,71_1170,0,51
8590,2025_008590_66d4cc97dae6db8d,3,71_1170,0,11
8591,2025_008591_0a40077812b991c0,1,71_1170,0,24
8593,2025_008593_000837fa31fa89f6,1,71_1170,0,24
8598,2025_008598_74d41bcdf27476c5,0,70_1170,3,31
8620,2025_008620_aae85673d486f5de,2,70_1170,3,11
8624,2025_008624_a3f863a44188adeb,1,70_1170,3,34
8627,2025_008627_24887c4a66e656c3,4,70_1170,3,44
8628,2025_008628_73d9f0903c1251a6,3,70_1170,3,21
8632,2025_008632_1aba21620967bdd2,0,70_1170,3,16
8638,2025_008638_60235113d2bbe00f,4,71_1170,0,2
8639,2025_008639_16c2d60432429343,4,71_1170,0,10
8643,2025_008643_79694c8d230aca58,6,71_1170,0,4
8652,2025_008652_4b456f9697e721d1,3,72_1170,5,2
8656,2025_008656_721b186d66fbfa99,1,72_1170,5,39
8668,2025_008668_5bf790987536365a,0,71_1170,0,9
8679,2025_008679_8cd15df83037467f,6,71_1170,0,10
8683,2025_008683_6c7b117d1fb2ba0e,7,71_1170,0,3
8685,2025_008685_03d25fad03890a81,6,71_1170,0,4
8688,2025_008688_8236c671df3e61fa,3,71_1170,0,17
8692,2025_008692_806e93e39f844e07,2,71_1171,4,24
8696,2025_008696_2bcea81392b85f25,7,71_1170,0,10
8699,2025_008699_73d3871c0aa8de44,4,70_1170,3,40
8700,2025_008700_1a47e6b700a6d587,5,70_1170,3,40
8701,2025_008701_c696c8816d435c9e,3,70_1170,3,38
8707,2025_008707_d18fcb1d14506be0,4,70_1170,3,45
8708,2025_008708_c1297e871c4a9abe,1,70_1170,3,5
8712,2025_008712_c6e5da3b1a9a67e3,7,70_1170,3,28
8713,2025_008713_bb86afd7da85148f,3,70_1170,3,9
8728,2025_008728_1a7c1714d6d6b514,6,70_1170,3,15
8729,2025_008729_f62962e12de46756,6,70_1170,3,5
8734,2025_008734_5241f5ee2ff2c915,0,70_1170,3,2
8736,2025_008736_571cf6e2d5035474,7,71_1170,0,13
8737,2025_008737_aae6050417ed06e2,7,71_1170,0,24
8740,2025_008740_ebdafb298eb2bd0c,3,71_1170,0,36
8747,2025_008747_c363458e7b9f3fb5,1,71_1170,0,3
8748,2025_008748_82322184556bac38,7,71_1170,0,15
8751,2025_008751_d735ae0ad2ba005d,7,71_1170,0,21
8752,2025_008752_d9bb6598920f2fcd,7,71_1170,0,29
8755,2025_008755_7f7d2b6fee44716c,4,71_1170,0,25
8766,2025_008766_9015f2dea7029c83,3,71_1170,0,12
8771,2025_008771_ff558df76cf1060f,4,70_1171,5,12
8774,2025_008774_dd6d740f36944001,3,70_1170,3,9
8775,2025_008775_fe8a6eaceb45b922,3,70_1171,5,10
8784,2025_008784_caffb5c6e7fad2cd,3,71_1171,4,29
8787,2025_008787_d3fefb3f35e3db83,3,71_1170,0,12
8789,2025_008789_ad5f7111d4390c06,7,71_1170,0,19
8791,2025_008791_2431f53710c5f5cf,1,71_1171,4,7
8795,2025_008795_da5d845a7077385c,7,71_1170,0,39
8803,2025_008803_93d56141f8b61f11,1,71_1170,0,4
8807,2025_008807_6d6126ded35e4b98,2,71_1170,0,8
8808,2025_008808_dddfed8d28a62e9f,4,71_1170,0,67
8815,2025_008815_fe8e7d616b5f6928,3,70_1170,3,41
8817,2025_008817_9aca61d3881a874a,2,70_1170,3,8
8835,2025_008835_61aab20a48f854ee,3,70_1171,5,4
8838,2025_008838_1984eb4aacf15020,3,70_1171,5,6
8841,2025_008841_932a52b179b96434,3,70_1171,5,8
8845,2025_008845_cc1ac6a3ccca9b9a,6,70_1171,5,5
8853,2025_008853_d7cd798feb83b500,6,70_1171,5,2
8867,2025_008867_d67d5b02b8907c71,6,70_1171,5,2
8868,2025_008868_090f15e67e9e1494,7,70_1171,5,23
8869,2025_008869_95ed9365370a681f,6,70_1171,5,5
8871,2025_008871_8e7e617d05e2d30b,3,70_1171,5,35
8875,2025_008875_d5d2b8333fe1ec1d,3,70_1171,5,6
8877,2025_008877_edebb561698dedb8,4,70_1171,5,5
8886,2025_008886_d77a1034f7343e59,7,70_1171,5,9
8894,2025_008894_ea30268b59982081,3,70_1171,5,3
8900,2025_008900_e64c9a010934d1f5,6,70_1171,5,6
8907,2025_008907_bafe1b595d2e9f4c,4,70_1171,5,12
8917,2025_008917_2f3e030bc02482b7,6,70_1171,5,8
8919,2025_008919_a42137489da000a4,2,71_1170,0,19
8927,2025_008927_dac3fed6b247c7b9,3,71_1170,0,11
8929,2025_008929_2bad19eb0a2be713,1,71_1170,0,10
8930,2025_008930_acc87da518ed0822,2,71_1170,0,23
8931,2025_008931_afc11d36a704ddd0,3,71_1170,0,58
8933,2025_008933_929ebbef8ab430e5,1,71_1170,0,12
8941,2025_008941_eab114935660b0d8,1,71_1170,0,15
8945,2025_008945_8c4c759db3915aaa,6,71_1170,0,35
8958,2025_008958_ab0611a9044e7cd0,0,70_1170,3,2
8965,2025_008965_c384290d28b76231,0,70_1170,3,4
8966,2025_008966_49957a6326cc4590,0,70_1170,3,5
8967,2025_008967_91dce318e179f61d,0,70_1170,3,6
8969,2025_008969_5f2960a92fc39b8f,0,70_1170,3,5
8970,2025_008970_e96ae3edb0e27696,0,70_1170,3,8
8973,2025_008973_80997aac0242d9e8,0,70_1170,3,11
8975,2025_008975_ff8074d52f614630,0,70_1170,3,3
8977,2025_008977_d1a55bbe67e34e34,0,70_1170,3,7
8979,2025_008979_be68ae5f167bb5d5,0,70_1170,3,7
8984,2025_008984_d110a0ea6b800677,2,70_1170,3,6
8988,2025_008988_817daba69b0a63d6,7,70_1170,3,8
8991,2025_008991_87aca40260f260b7,0,70_1170,3,18
8993,2025_008993_3087dbef3b5da3fc,1,70_1170,3,6
8995,2025_008995_8fde30c8718c0954,2,70_1170,3,8
9005,2025_009005_6cb3f6b0937ee9e9,2,70_1170,3,4
9006,2025_009006_460136bed5f980d0,2,70_1170,3,10
9010,2025_009010_fffeb3c180a41265,2,70_1170,3,41
9019,2025_009019_7c4e40ef2423971c,6,70_1170,3,14
9025,2025_009025_d4bd8af2277ce87f,3,70_1170,3,14
9026,2025_009026_6dace74acc9379f7,0,71_1170,0,15
9031,2025_009031_7c4ad27101d9bf70,7,71_1170,0,20
9035,2025_009035_d9c8cede6a80da4e,7,71_1170,0,29
9037,2025_009037_051c9e652a075adb,3,71_1170,0,20
9040,2025_009040_de7b93930e8b4a59,7,71_1170,0,13
9044,2025_009044_16598b551ec57f1c,3,71_1171,4,11
9050,2025_009050_424bab4137429ac4,4,71_1171,4,5
9057,2025_009057_0722bbd6d4ac3bf5,4,71_1171,4,3
9060,2025_009060_5af57be015a9cce5,2,71_1170,0,32
9068,2025_009068_deb1ed6b99a1bc5a,0,71_1171,4,7
9096,2025_009096_d845622a52359f9e,7,70_1170,3,10
9098,2025_009098_aa3279ce1b114ef5,7,71_1170,0,26
9099,2025_009099_c0da687375a25210,3,71_1170,0,2
9101,2025_009101_c92f1a123f97b875,0,71_1170,0,4
9108,2025_009108_82689a6b3022befa,4,71_1170,0,76
9109,2025_009109_1c38bf20e2d7deb8,3,71_1170,0,20
9113,2025_009113_5d83042f19e23e5d,6,71_1170,0,17
9114,2025_009114_78a5158b89cd2146,3,71_1170,0,18
9115,2025_009115_d125916e30c977c8,3,71_1170,0,21
9116,2025_009116_b0680b1b8c091dc8,4,70_1170,3,58
9120,2025_009120_5eea482d0ec69e00,3,70_1170,3,13
9122,2025_009122_85ee491010e0be4a,4,70_1170,3,22
9126,2025_009126_f4b7d12a428603dd,3,70_1170,3,8
9129,2025_009129_04f96077ae13dfe6,3,70_1170,3,4
9137,2025_009137_80dc168364b28f2c,4,70_1171,5,7
9147,2025_009147_83563aff168e1675,4,70_1171,5,4
9150,2025_009150_b6363d60e9bdda2c,4,70_1171,5,3
9153,2025_009153_22d9a234046af1ca,6,71_1170,0,20
9162,2025_009162_074fb6206dddd383,3,71_1170,0,4
9163,2025_009163_dfaad725cf0fb3c0,1,71_1170,0,4
9166,2025_009166_c245225ea020837e,0,71_1170,0,3
9167,2025_009167_34a6299ac20fd1bc,7,71_1170,0,21
9172,2025_009172_8b099f4ae0bc58e3,6,71_1170,0,3
9173,2025_009173_a4270bb8fcf21aae,6,71_1170,0,19
9174,2025_009174_a19cc10f02610ee5,7,71_1170,0,42
9176,2025_009176_0a22e69502b94e5f,3,71_1170,0,13
9180,2025_009180_fa5e26a3cff9f201,3,71_1170,0,33
9183,2025_009183_8528a677d73c1c71,6,71_1170,0,6
9184,2025_009184_ac57043c9780b13c,4,71_1170,0,13
9185,2025_009185_8e5bb49fb91c91a7,4,71_1170,0,11
9186,2025_009186_d9c8b1e08490ea23,3,71_1170,0,3
9188,2025_009188_5fd654f77b2bbca0,7,71_1170,0,13
9190,2025_009190_5f466d946609551e,2,71_1170,0,9
9192,2025_009192_6759e91477547808,2,70_1170,3,7
9195,2025_009195_177ac462dfd4c753,3,70_1170,3,13
9198,2025_009198_60e46f34118fd5e6,3,70_1170,3,13
9211,2025_009211_fffbd27f0f8b84b7,6,70_1170,3,16
9212,2025_009212_8646a88f702ed0e7,3,70_1170,3,37
9230,2025_009230_559ad874d4535757,1,70_1170,3,78
9247,2025_009247_41196350619a4b21,3,70_1170,3,2
9260,2025_009260_5da1b0de4fd317cc,3,71_1170,0,63
9262,2025_009262_48c46d8b518f8f7a,3,71_1170,0,36
9266,2025_009266_073383a28abf7952,3,71_1170,0,7
9280,2025_009280_c5a0a5d831f35e92,1,71_1170,0,40
9289,2025_009289_a093c34bb2efcccf,0,71_1170,0,18
9300,2025_009300_598773f89e2a2e67,0,70_1170,3,11
9304,2025_009304_9479571c207935d4,3,71_1170,0,13
9310,2025_009310_692830a7a44de334,3,71_1170,0,17
9322,2025_009322_263b60b1c22a42ca,1,71_1170,0,29
9333,2025_009333_b05f156c9f377323,1,71_1170,0,37
9341,2025_009341_4ce4e463385ce7b9,3,70_1170,3,87
9343,2025_009343_243038a04109c181,7,70_1170,3,24
9345,2025_009345_0146194eb16325e4,6,70_1170,3,10
9346,2025_009346_b419735de7dd1cb0,7,70_1170,3,9
9349,2025_009349_8e133e5c6085b70f,2,70_1170,3,9
9353,2025_009353_59020eba02303fe2,4,70_1170,3,16
9354,2025_009354_c81f553fe0bd2cb4,7,70_1170,3,11
9359,2025_009359_feaba2d28861ef34,1,70_1170,3,21
9360,2025_009360_11a02737cae94873,7,70_1170,3,3
9361,2025_009361_f413e7a6d395c030,3,70_1170,3,2
9367,2025_009367_50a5ade4b9a52712,0,70_1170,3,7
9369,2025_009369_b2485d06a2e1c88a,0,70_1170,3,2
9374,2025_009374_4abb39bd2d0036c0,4,70_1171,5,2
9375,2025_009375_cc08732380eee1f4,6,70_1171,5,2
9392,2025_009392_7c1f6f254279464c,1,70_1170,3,16
9396,2025_009396_13272b994cd0618e,1,70_1170,3,18
9406,2025_009406_7182740aef401734,3,71_1170,0,36
9412,2025_009412_2fc56620b100535c,3,71_1170,0,24
9415,2025_009415_300d75d46b3564e1,0,71_1170,0,2
9418,2025_009418_ab3cf7354fb40325,3,71_1170,0,22
9420,2025_009420_1127f210300f933f,0,71_1170,0,9
9424,2025_009424_62555c7c5861d57e,4,71_1170,0,15
9436,2025_009436_1be67d5cc60cf65b,7,71_1171,4,7
9440,2025_009440_e3103646e1ea2db8,7,71_1171,4,10
9444,2025_009444_c4d5a547c658169e,2,71_1171,4,5
9447,2025_009447_e47d327bfc52ae78,2,71_1171,4,10
9455,2025_009455_6a1d38cbc404213c,0,72_1170,5,19
9458,2025_009458_15bf99fef27d76d7,7,71_1170,0,12
9462,2025_009462_c561138642c87b17,0,71_1170,0,12
9465,2025_009465_9448f77e39d12624,0,71_1170,0,3
9466,2025_009466_90ea86b49ba01648,0,72_1170,5,2
9469,2025_009469_d9718a57da5ee75b,4,71_1170,0,9
9472,2025_009472_6d263383813178a4,0,71_1170,0,7
9474,2025_009474_d73852a92b7d401f,1,72_1170,5,12
9479,2025_009479_5b8bfc8dd22c0d5f,3,72_1170,5,6
9481,2025_009481_489a3ef3f48b435e,0,71_1170,0,4
9485,2025_009485_fdad3dde078dbe47,1,71_1170,0,6
9494,2025_009494_e0e382ad6d07facf,7,71_1170,0,4
9495,2025_009495_1a88f7d0c7062dcf,0,71_1170,0,3
9498,2025_009498_45a35fad2594ff87,4,71_1170,0,13
9500,2025_009500_98d67ce9a88a7e53,3,71_1170,0,6
9503,2025_009503_cec1050fb4ad8723,3,71_1171,4,28
9505,2025_009505_54611e20e74d284a,6,72_1171,3,24
9509,2025_009509_540bf52c4adb5749,2,71_1171,4,101
9511,2025_009511_16250746aa0a6e10,3,71_1171,4,8
9520,2025_009520_a6b5e910d6cd40ef,6,72_1171,3,16
9531,2025_009531_cd66d48a9747dec3,0,71_1171,4,2
9532,2025_009532_b240a2546dfba878,0,71_1171,4,3
9533,2025_009533_604ace9fbde4edb8,1,71_1171,4,6
9534,2025_009534_a9d7dd9a387f7d02,1,71_1171,4,8
9538,2025_009538_ce337b2b685c9b34,3,71_1171,4,4
9539,2025_009539_fda8e5a2d6c259cb,4,72_1171,3,15
9556,2025_009556_74df01fa69a4abf6,4,71_1170,0,2
9563,2025_009563_4f4424b1f4f4b589,3,72_1170,5,4
9566,2025_009566_24788c6bb0f8d85c,1,72_1170,5,5
9567,2025_009567_5de1749a06b822a5,2,72_1170,5,4
9573,2025_009573_bd5f760302844830,3,72_1170,5,19
9577,2025_009577_0d8688029e0c1a8f,0,72_1170,5,5
9579,2025_009579_7e573e5e0d937ab2,1,72_1171,3,6
9583,2025_009583_9173c0cd69adbf58,6,72_1171,3,2
9593,2025_009593_1107b44845353bef,7,72_1171,3,7
9597,2025_009597_d48c3775c7741534,0,72_1170,5,35
9598,2025_009598_30279e9fa5c9230c,1,72_1170,5,2
9599,2025_009599_24c29ba23884ed27,1,72_1170,5,25
9600,2025_009600_09c07909a2acc01f,0,72_1170,5,19
9603,2025_009603_1e933f64a8d912af,0,72_1170,5,15
9605,2025_009605_cf8890401815b718,1,72_1170,5,24
9614,2025_009614_1714d4bb4c0314dc,3,72_1170,5,11
9616,2025_009616_c74c8df5384254da,3,72_1170,5,4
9617,2025_009617_e28de66fc1636dbe,3,72_1170,5,12
9619,2025_009619_f065b86a725f769b,1,72_1170,5,38
9620,2025_009620_d3f68b7dd548ce46,0,72_1170,5,2
9630,2025_009630_2e6b781b0a96db2f,3,72_1170,5,10
9632,2025_009632_da3a02b3c60513f7,1,72_1170,5,32
9636,2025_009636_0caf45fb363dd839,5,72_1170,5,9
9637,2025_009637_cf8537e0e0b355b3,0,72_1170,5,5
9640,2025_009640_b0640431fdc0b95e,3,72_1170,5,7
9649,2025_009649_74e2c96ec9275fbd,3,72_1170,5,8
9653,2025_009653_f797a13b37fec44a,2,72_1170,5,36
9654,2025_009654_a6b234c3f33b3d71,5,72_1170,5,14
9655,2025_009655_6aaf4b239468f255,3,72_1170,5,39
9660,2025_009660_2d3d4d7df42471fd,6,72_1170,5,4
9661,2025_009661_171eaf52ee488997,6,72_1170,5,8
9662,2025_009662_cfabee55c92aaedc,6,72_1170,5,2
9663,2025_009663_9e8f9228a73b1d80,6,72_1170,5,9
9666,2025_009666_e66f4d27abe758f8,6,72_1170,5,3
9667,2025_009667_83a52005f5460860,2,72_1170,5,28
9669,2025_009669_bbc1369ea1312731,2,72_1170,5,24
9670,2025_009670_b4caf2721da2bc21,3,72_1170,5,43
9676,2025_009676_decd955c58808918,7,72_1170,5,6
9679,2025_009679_426d9ab629e5ab9b,1,72_1170,5,7
9687,2025_009687_0096a2c3a70c1bbe,4,72_1170,5,34
9688,2025_009688_972fc336a2f3edc9,2,72_1170,5,14
9690,2025_009690_4b71cc1f4678868f,2,72_1170,5,45
9691,2025_009691_14cecbdbdc7a2fb5,0,72_1170,5,69
9696,2025_009696_0ff90d826527508c,1,72_1170,5,2
9699,2025_009699_21fe59f30bc37a59,6,72_1170,5,57
9706,2025_009706_339d0f63cdd15ac1,2,72_1170,5,59
9717,2025_009717_caf870fb4ebffb95,4,72_1170,5,16
9735,2025_009735_d0f92167f3a87773,3,72_1170,5,27
9737,2025_009737_8abbc3119d2f3967,3,72_1170,5,9
9738,2025_009738_525ba5fdc819f0ed,3,72_1170,5,12
9746,2025_009746_6480af4fca28b603,3,72_1170,5,5
9757,2025_009757_13435d4afda76b23,3,72_1170,5,9
9759,2025_009759_5e8e225359fcf19c,3,72_1170,5,8
9762,2025_009762_b786128aa90cd51d,3,72_1170,5,43
9765,2025_009765_3108a1eb89e164e3,3,72_1170,5,18
9771,2025_009771_b296b74a08e907a4,6,72_1170,5,17
9777,2025_009777_0fb0553f0536af14,6,72_1170,5,22
9783,2025_009783_cb97fb94810ccf5f,3,72_1170,5,20
9791,2025_009791_807d0c8b46c2c761,6,72_1170,5,36
9795,2025_009795_8d74689a9088c69a,1,72_1170,5,5
9801,2025_009801_d601ae99ac0a22a1,3,72_1171,3,10
9805,2025_009805_3cc6cbbfe0c74cfb,6,72_1171,3,3
9806,2025_009806_75c96d784f7d9465,4,72_1171,3,8
9809,2025_009809_188e708e45ea259a,3,72_1171,3,8
9835,2025_009835_8a4e1aedcad4dec5,4,72_1171,3,16
9839,2025_009839_8362301ae92d7dc4,6,72_1170,5,30
9840,2025_009840_34b1cbf6ddbda8be,4,72_1170,5,26
9845,2025_009845_858fb8ba51648511,4,72_1170,5,32
9852,2025_009852_35b26e5d8ca442cd,1,72_1170,5,34
9855,2025_009855_1ee22ffe027fa287,2,72_1170,5,35
9856,2025_009856_a963530b8523a958,6,72_1170,5,8
9861,2025_009861_f08838d176e3ad30,4,72_1170,5,9
9862,2025_009862_fde6b734f17406a2,3,72_1170,5,49
9865,2025_009865_4eb2b265b30971cf,6,72_1170,5,12
9867,2025_009867_415b1be88157d933,2,72_1170,5,46
9871,2025_009871_5f79b0953693db0d,3,72_1171,3,15
9874,2025_009874_057b5a2f9f41c2aa,2,72_1170,5,100
9877,2025_009877_3afefcce4581218c,2,72_1170,5,40
9881,2025_009881_6d91c34473383346,7,72_1170,5,51
9886,2025_009886_622be84213363239,6,72_1170,5,13
9894,2025_009894_b057748dbb8c6506,7,72_1170,5,3
9896,2025_009896_4a73814e8e6437c5,0,72_1170,5,7
9902,2025_009902_f0767ef995fa3330,7,72_1170,5,2
9908,2025_009908_2fb1cbb975326c29,7,72_1170,5,8
9911,2025_009911_d9d497ba779c6b15,6,72_1171,3,9
9913,2025_009913_e4cf62b8b9c05d57,4,72_1171,3,10
9918,2025_009918_f6506761ae8a1cf3,3,72_1171,3,9
9923,2025_009923_2acf9a3b9c8b7f8d,3,72_1171,3,9
9928,2025_009928_2e65cdde0e203e5f,3,72_1170,5,19
9931,2025_009931_b4041d1e57cae447,3,72_1170,5,32
9938,2025_009938_f51b1627e0507d80,3,72_1170,5,26
9941,2025_009941_2b335cbf0fa821a5,3,72_1170,5,12
9965,2025_009965_10d4202ae6028348,4,72_1170,5,26
9970,2025_009970_5053c752fe791e1b,3,72_1170,5,6
9971,2025_009971_459f12a44c49482d,2,72_1170,5,2
9991,2025_009991_4f0b0bec7c3e77b6,3,72_1170,5,16
9992,2025_009992_73a17405c5787243,2,72_1170,5,16
10001,2025_010001_8d6fc4195ebe2d71,3,72_1170,5,18
10003,2025_010003_e371185f02c3b574,3,72_1170,5,7
10005,2025_010005_1a105d2a6e115f87,3,72_1170,5,5
10008,2025_010008_81d284a617e75c1f,7,72_1170,5,16
10009,2025_010009_6209d9a2f7178e8e,7,72_1170,5,19
10010,2025_010010_44cd60c86a973672,1,72_1170,5,22
10011,2025_010011_921a0af2eb6b0104,0,72_1170,5,18
10020,2025_010020_71c4da288446267f,7,72_1170,5,15
10028,2025_010028_e9594695fc533a5c,3,72_1170,5,50
10032,2025_010032_191176b13f7e02a9,2,72_1170,5,18
10034,2025_010034_4217294d6fbdc44b,4,72_1170,5,3
10038,2025_010038_d68fcf5ddcc26673,7,72_1170,5,58
10050,2025_010050_152ee9a5ee032143,6,72_1170,5,12
10053,2025_010053_077e9c5936ce45b5,2,72_1170,5,11
10055,2025_010055_637e11e7b6186ee3,3,72_1170,5,9
10056,2025_010056_bf12ff0c4304d78e,3,72_1170,5,3
10062,2025_010062_0037400b87fe272f,5,72_1170,5,70
10070,2025_010070_1913f288f913986c,4,72_1170,5,38
10079,2025_010079_429f8177bf3f9454,3,72_1170,5,20
10093,2025_010093_f6684b3eb3ec751d,3,72_1170,5,10
10097,2025_010097_0b6e71e9c810a342,3,72_1170,5,21
10110,2025_010110_9028cb04feb33fde,7,72_1170,5,66
10119,2025_010119_9f077b6c0f0b9fab,5,72_1171,3,40
10124,2025_010124_3654c126a341e9a2,4,72_1170,5,57
10128,2025_010128_1362c877f882192b,6,72_1170,5,19
10131,2025_010131_6307a6a73be86840,4,72_1170,5,4
10134,2025_010134_ae3ebe477d621e28,7,73_1170,3,17
10135,2025_010135_36df0859024b767f,5,73_1170,3,42
10142,2025_010142_0ce6fdacd810ef8f,4,72_1170,5,29
10143,2025_010143_f56c8c244a1fceea,4,72_1170,5,21
10144,2025_010144_70a3e6043ce35a09,3,72_1170,5,5
10145,2025_010145_5460042381a44374,3,72_1170,5,48
10154,2025_010154_ce6d7246636252aa,7,72_1171,3,33
10158,2025_010158_a839d19a092c4388,3,72_1170,5,5
10161,2025_010161_3b5145b56d4d4866,3,72_1170,5,29
10164,2025_010164_747f947af7e50500,2,72_1171,3,27
10165,2025_010165_1751373550a67528,6,72_1171,3,53
10166,2025_010166_b4a406179ab55bf1,4,72_1170,5,14
10169,2025_010169_256cbc518f637058,7,72_1170,5,10
10171,2025_010171_84a6ab5df56d397d,4,72_1170,5,11
10178,2025_010178_02685e26bed4af3f,1,72_1170,5,72
10181,2025_010181_e55903194c15ae64,2,72_1170,5,30
10187,2025_010187_f91c52595b6e1b30,4,72_1170,5,32
10189,2025_010189_2e86ab58a7b8580b,1,72_1170,5,29
10196,2025_010196_604c54d743a9232a,3,72_1170,5,53
10203,2025_010203_9ad62383759b0c4f,4,72_1170,5,75
10213,2025_010213_df7f8ad713ad3db2,5,73_1170,3,73
10227,2025_010227_dac5c69d82137922,2,72_1170,5,23
10232,2025_010232_5f05bcc97536ef8b,2,72_1170,5,16
10238,2025_010238_2205fc5a02090325,3,72_1170,5,18
10248,2025_010248_e6ec91dd059306c9,2,72_1170,5,60
10256,2025_010256_36f206293bf7d1e8,5,72_1170,5,63
10261,2025_010261_bea92c079aa1f599,3,73_1170,3,88
10265,2025_010265_1889caf0beb8e741,4,73_1170,3,76
10272,2025_010272_cde74d315fa34cde,7,72_1170,5,25
10276,2025_010276_9a5e66d126aa5382,3,72_1170,5,63
10277,2025_010277_6253163282229b3f,2,73_1170,3,12
10278,2025_010278_ce819122a7cc7d8a,7,73_1170,3,8
10279,2025_010279_a849dcf23960fa3d,3,73_1170,3,21
10282,2025_010282_9e871ac7e9804e3e,3,73_1170,3,4
10291,2025_010291_115dc4966b47ab1f,4,73_1170,3,14
10297,2025_010297_dbe424d6adbb4abc,6,73_1170,3,6
10314,2025_010314_0731270a483b78f4,6,73_1170,3,6
10316,2025_010316_3323251c70afdbd4,3,73_1170,3,17
10323,2025_010323_ed3964ca026270c4,3,73_1170,3,21
10328,2025_010328_e2e4e31b51e91cef,6,73_1170,3,11
10330,2025_010330_28533eab97565921,2,73_1170,3,11
10332,2025_010332_d6ec9ff008a8b8a7,4,73_1170,3,19
10337,2025_010337_e3e76c4aadffa339,4,73_1170,3,63
10340,2025_010340_ed4ad28607d38099,6,73_1170,3,45
10344,2025_010344_905978658b1b3165,2,73_1170,3,39
10351,2025_010351_4c454548dbe0c111,3,73_1170,3,84
10353,2025_010353_3006193821fb5279,7,73_1171,4,34
10356,2025_010356_2bea82141f5c8b05,6,73_1170,3,64
10362,2025_010362_1ec5d119e2541a8a,4,73_1170,3,50
10365,2025_010365_1a529933e687411e,6,73_1170,3,39
10367,2025_010367_258314192986a914,5,73_1170,3,15
10369,2025_010369_6f78dc29f2fcc799,3,73_1170,3,25
10371,2025_010371_12a12f406eefb659,3,73_1171,4,95
10372,2025_010372_4852187253eddd77,3,73_1170,3,41
10374,2025_010374_e2510c59f73b6a6f,3,73_1171,4,61
10376,2025_010376_bd110d0b3d5e4704,3,73_1171,4,72
10385,2025_010385_d60b8ad15e8850ce,4,73_1170,3,25
10391,2025_010391_9894ed36f0b28282,3,73_1170,3,19
10395,2025_010395_025899e1f687d682,4,73_1170,3,14
10405,2025_010405_2146ae096d4e9362,4,73_1170,3,74
10416,2025_010416_f99359cbcf79dc7e,1,73_1170,3,10
10417,2025_010417_abaaf7b3c2de6afc,2,73_1170,3,10
10420,2025_010420_512912d5bc2c580c,2,73_1170,3,14
10423,2025_010423_633d866efec6b9b7,1,73_1170,3,8
10427,2025_010427_77f8a97f9fd5b9a1,0,73_1170,3,4
10428,2025_010428_491ec2582e06b409,3,73_1170,3,26
10429,2025_010429_3d888c7ab30ac0a8,3,73_1170,3,25
10430,2025_010430_26dc70359e982a00,6,73_1170,3,9
10433,2025_010433_7f73be3d57aba6d9,4,73_1170,3,19
10437,2025_010437_16b9fa305c0b84be,7,73_1170,3,22
10438,2025_010438_ad94980927161fd9,5,73_1170,3,13
10442,2025_010442_5be16b95d2a95357,4,73_1170,3,11
10447,2025_010447_7cd8dd89c5169dcf,2,73_1170,3,8
10457,2025_010457_b1df32f64bfdd1d3,1,73_1170,3,80
10458,2025_010458_14a8ea995ae4fdae,7,73_1170,3,20
10463,2025_010463_778b0f8cedf5c95d,2,73_1170,3,20
10466,2025_010466_007a4fe867b2921c,7,73_1170,3,44
10469,2025_010469_2fea5ca3ac1c7f5f,3,73_1170,3,23
10472,2025_010472_3f47a6b2a0255492,1,73_1170,3,20
10481,2025_010481_a7f7f94e1dadf5cf,3,73_1170,3,17
10486,2025_010486_2b3db15c80e28641,4,73_1170,3,10
10487,2025_010487_a352edd80a539506,4,73_1170,3,5
10491,2025_010491_59aa14f9225536ce,1,73_1170,3,39
10494,2025_010494_6f5bc35f2a42d6d6,1,73_1170,3,39
10495,2025_010495_45e0f5159140d773,3,73_1170,3,52
10502,2025_010502_e53a73ddfd1b484a,3,73_1170,3,39
10510,2025_010510_c4c58cc13ba3283d,1,73_1170,3,57
10526,2025_010526_1f035c672e3fffec,0,73_1170,3,2
10532,2025_010532_7d3d27ab78f6fbb6,4,72_1170,5,23
10541,2025_010541_6cab1c8aaa4a048f,7,72_1170,5,23
10544,2025_010544_0a1bfe072c5f1e31,7,72_1170,5,72
10547,2025_010547_e46a97526dbac6bd,7,72_1170,5,72
10554,2025_010554_c13896efff4ecba8,4,72_1170,5,73
10562,2025_010562_2bb6e4536efbd6b2,3,72_1170,5,17
10567,2025_010567_5c9d1f61b1b0b0fe,2,72_1170,5,49
10568,2025_010568_786da27fd28bce87,1,72_1170,5,19
10573,2025_010573_279998e1f2b823dc,2,71_1170,0,90
10574,2025_010574_aeb3f4ab765012ff,7,71_1170,0,10
10575,2025_010575_1c3905b0165fb548,3,72_1170,5,22
10580,2025_010580_81ffdb78272048ba,1,72_1170,5,23
10582,2025_010582_e6db0b762505d8c2,0,72_1170,5,17
10587,2025_010587_d72e49f83e6d9812,0,72_1170,5,4
10590,2025_010590_947d5b1e2f5f9c4a,0,72_1170,5,10
10594,2025_010594_7b387d7e0028c06a,0,72_1170,5,4
10597,2025_010597_1248bc6667970926,4,72_1170,5,3
10606,2025_010606_dfce8048b0635aba,3,72_1171,3,16
10613,2025_010613_6af672b5bdf6ae00,7,72_1171,3,5
10616,2025_010616_0434e0ba981a9c44,7,72_1171,3,5
10621,2025_010621_41df5e6205e09054,4,73_1170,3,8
10623,2025_010623_f6bc229e3df07f80,2,73_1170,3,6
10627,2025_010627_09f0737b0f0a69eb,4,73_1170,3,16
10631,2025_010631_2eca4da0bcd517a4,1,73_1170,3,6
10639,2025_010639_864c8801a46244c6,4,73_1170,3,14
10653,2025_010653_81759eebeb409ae9,6,73_1170,3,15
10654,2025_010654_4a018241349cd462,6,73_1170,3,2
10658,2025_010658_72986495af7a1625,3,73_1170,3,12
10668,2025_010668_2fffdef73ab24452,1,73_1170,3,4
10671,2025_010671_581813342186cf2f,3,73_1170,3,76
10677,2025_010677_ddc37ac6ecd2707c,1,73_1170,3,8
10681,2025_010681_362f1ed8dcb5889a,1,73_1170,3,6
10689,2025_010689_3162a1c5d831a5a2,1,73_1170,3,13
10691,2025_010691_c67b6ad7fce027ca,1,73_1170,3,15
10696,2025_010696_fe6e0328d0ecc368,1,73_1170,3,58
10714,2025_010714_5049ea012f230712,3,73_1170,3,63
10715,2025_010715_8b4c3f8c6fc2bf9e,0,73_1171,4,24
10724,2025_010724_c74cbda236149283,7,73_1170,3,44
10725,2025_010725_8e0e9a58345e8fb4,2,73_1170,3,54
10726,2025_010726_2bacce33b837150c,1,73_1170,3,22
10731,2025_010731_c88655241c632ac2,1,73_1170,3,7
10735,2025_010735_bc0cf53c7076c8d0,0,73_1171,4,24
10736,2025_010736_fdeb6e81853b84bd,3,73_1170,3,53
10739,2025_010739_1ea0950d6c7ca346,3,73_1170,3,70
10743,2025_010743_5c64241475c7bb23,1,73_1170,3,8
10762,2025_010762_9f977afde697d600,3,73_1170,3,2
10771,2025_010771_71ba685e8dfefc46,1,73_1170,3,3
10779,2025_010779_268f9c88854b7734,2,73_1170,3,5
10785,2025_010785_8163773127f75c1a,2,73_1170,3,24
10790,2025_010790_298861b274433695,0,73_1170,3,12
10795,2025_010795_5c3ed038962cd0e9,1,73_1170,3,14
10804,2025_010804_fce39f8b7b038a3a,1,73_1170,3,31
10808,2025_010808_79fc29c7e624fcc4,3,73_1170,3,39
10811,2025_010811_abd5857f3e0939dd,2,73_1170,3,15
10815,2025_010815_82e507f26706100c,4,73_1170,3,5
10827,2025_010827_feef3869ffe5413a,1,73_1170,3,7
10840,2025_010840_fdd19a1aa11867c1,3,73_1170,3,3
10845,2025_010845_cbe42717f4122f07,3,73_1170,3,4
10848,2025_010848_5f6a7f3d9cdcae18,4,73_1170,3,4
10861,2025_010861_c33b5c2fb71a2b60,4,73_1170,3,4
10884,2025_010884_debec03c2f63a27e,0,73_1170,3,7
10887,2025_010887_7d9cf75f0d1e438c,1,73_1170,3,5
10892,2025_010892_7d272ce7890a5341,4,73_1170,3,4
10907,2025_010907_94c6895b7e603fe9,7,68_1170,2,13
10909,2025_010909_a5250ca8fff7460b,6,68_1170,2,15
10916,2025_010916_a7693400b8bc4361,6,68_1170,2,5
10919,2025_010919_7399e5f85e01c233,6,68_1170,2,3
10921,2025_010921_0fee28b098a5ba0f,6,68_1170,2,2
10924,2025_010924_daaa4bfcaa4dea8c,0,68_1170,2,6
10925,2025_010925_6667097a0a960f9d,3,67_1170,0,3
10926,2025_010926_0ca3b210b892e494,3,67_1170,0,2
10938,2025_010938_6eeef0aa393e156b,7,67_1171,5,12
10939,2025_010939_3bc9254014212390,0,67_1171,5,7
10944,2025_010944_b857c0b73eabebb0,6,67_1171,5,4
10947,2025_010947_a08b2c90a64c8e83,1,67_1171,5,6
10955,2025_010955_89c72ccdd18a2256,1,67_1171,5,10
10956,2025_010956_497d8eed68103933,1,67_1171,5,7
10961,2025_010961_2ee8c20d56c83292,2,67_1170,0,2
10968,2025_010968_6b3ca79364febcef,0,67_1171,5,3
10973,2025_010973_e5b451c77d250cc2,4,67_1170,0,4
10980,2025_010980_a50c6a30d8626393,0,69_1170,1,3
10984,2025_010984_529fa3ca71f6c5e1,1,69_1170,1,2
10989,2025_010989_f378cfa70dabb36b,3,69_1170,1,4
10991,2025_010991_66a9a2162a36ec99,3,69_1170,1,14
11002,2025_011002_b9e0418c3b5d94f2,1,69_1170,1,5
11003,2025_011003_ded24d4fa59a4c9d,0,69_1170,1,2
11019,2025_011019_da147764a4b783b6,3,69_1170,1,26
11031,2025_011031_ec93c236a7dda82e,3,68_1171,3,12
11037,2025_011037_d60638101b8a22fa,4,68_1171,3,39
11040,2025_011040_b85c33b0a612f38e,2,68_1171,3,17
11041,2025_011041_699adab237f3e8b7,7,68_1170,2,35
11047,2025_011047_5f92aed530a7d3b1,3,68_1170,2,12
11048,2025_011048_7bf42521625f5cb4,4,68_1170,2,9
11066,2025_011066_b8f90b566f1be4e6,3,68_1171,3,64
11067,2025_011067_1f2b9e520decbfed,3,68_1170,2,44
11068,2025_011068_aca72f11c6dad4f3,3,68_1170,2,21
11070,2025_011070_9add3a22796e17ef,4,68_1171,3,28
11072,2025_011072_04a3b711d92b27bf,3,68_1170,2,27
11083,2025_011083_8f6779b550f99d75,7,68_1171,3,4
11089,2025_011089_a63dddae83bab57f,0,68_1171,3,9
11118,2025_011118_24d7b95ea0639a34,1,68_1170,2,14
11121,2025_011121_5e6023c27d6fdcf3,0,68_1171,3,11
11122,2025_011122_e468d8b0861121ca,1,68_1171,3,4
11132,2025_011132_34a4a11a91a85bd3,0,68_1171,3,4
11137,2025_011137_046ce0812e02f9cf,1,68_1171,3,9
11138,2025_011138_21161fe967aa20fa,0,68_1170,2,10
11139,2025_011139_32692ed9143ee6e9,1,68_1171,3,7
11141,2025_011141_32e77ccb69cb9c1f,0,68_1171,3,2
11152,2025_011152_005a1485767c32cc,4,68_1171,3,30
11153,2025_011153_decae299fd5c562a,2,68_1171,3,5
11154,2025_011154_58e5d5cb1bbff2f1,2,68_1171,3,15
11159,2025_011159_04531271d1e32da9,6,68_1171,3,12
11168,2025_011168_2a4b07ba92edd5e6,3,68_1171,3,12
11175,2025_011175_3f83926f87d4cb89,5,68_1171,3,9
11176,2025_011176_be537b7b8da9a458,0,68_1171,3,9
11177,2025_011177_83c6319f96b95924,0,68_1171,3,11
11187,2025_011187_c026489d54066381,6,68_1171,3,16
11191,2025_011191_dfac3baf92faa4fb,0,68_1170,2,8
11217,2025_011217_f6b17794a2d3014f,6,68_1171,3,4
11218,2025_011218_51829c813d466cf8,5,68_1171,3,6
11220,2025_011220_10c0598349a35b67,4,68_1171,3,8
11221,2025_011221_a59ecc3d41c5f661,5,68_1171,3,15
11225,2025_011225_4f92237dd21095ad,3,69_1171,3,2
11232,2025_011232_be02d086a37cc774,7,69_1171,3,13
11235,2025_011235_3587c50beb2e9230,7,69_1171,3,4
11237,2025_011237_cc9d50ab0517ab4d,7,69_1171,3,4
11247,2025_011247_2263a223122183bb,0,68_1171,3,8
11248,2025_011248_303ad6bc71ed37f4,0,68_1171,3,5
11253,2025_011253_34440635ba6a821f,2,69_1171,3,19
11261,2025_011261_aa756eb429a277ee,1,68_1171,3,14
11264,2025_011264_9e45aa1089c262df,1,67_1171,5,8
11274,2025_011274_67ffdcb7ff56cfc6,7,67_1171,5,5
11280,2025_011280_5bab0c3b47bb1911,0,67_1171,5,5
11288,2025_011288_9efd17db92451d4d,3,67_1171,5,34
11289,2025_011289_f4ac4e2a82642a59,2,68_1171,3,3
11290,2025_011290_9bfde5363d971cf1,3,68_1171,3,19
11292,2025_011292_89e3fdbef6ac27aa,7,68_1171,3,26
11293,2025_011293_a05ffd71cc1ba091,0,68_1171,3,13
11295,2025_011295_42dc7b50521f10bb,0,68_1171,3,26
11296,2025_011296_8468807cb6296262,2,68_1171,3,14
11297,2025_011297_bae7c96e6f81be93,3,68_1171,3,13
11299,2025_011299_2bf8bb52416b7152,3,68_1171,3,3
11303,2025_011303_b03fb2fb6df41879,1,68_1171,3,15
11304,2025_011304_0d954db529d04005,7,68_1171,3,6
11307,2025_011307_25a72293717bbc1c,3,68_1171,3,21
11314,2025_011314_5ac28400938fe8c4,6,68_1171,3,20
11317,2025_011317_56afcd99b353ad0b,3,68_1171,3,17
11324,2025_011324_717bd4e357a8420d,1,68_1171,3,15
11326,2025_011326_08b8bd883ea4d2c9,3,68_1171,3,28
11334,2025_011334_67483e5cfa2c5eb1,0,68_1171,3,7
11337,2025_011337_76b2f34799e679a6,4,68_1171,3,7
11341,2025_011341_331ae5fa4d9bcfc1,1,67_1171,5,12
11357,2025_011357_44c21cb12f8f5534,0,67_1171,5,4
11362,2025_011362_b88e33616eedc936,1,68_1171,3,2
11363,2025_011363_75bd106e5af2f3f8,0,68_1171,3,2
11367,2025_011367_5c02d327dec9d90f,2,68_1171,3,59
11370,2025_011370_511e65fc3f6ac14a,1,68_1171,3,12
11374,2025_011374_ca1099adb0b98fed,1,68_1171,3,6
11386,2025_011386_51865b1670ae6c37,5,68_1171,3,42
11401,2025_011401_53098aa8525bef57,1,67_1171,5,16
11413,2025_011413_e87289aafe1d6541,4,68_1171,3,30
11414,2025_011414_3c5d7e442056cf9c,7,68_1171,3,22
11418,2025_011418_f5540eaaf614c5bf,0,68_1171,3,7
11419,2025_011419_2ead419421093a21,2,68_1171,3,11
11424,2025_011424_67170a1ee26ce842,0,68_1171,3,13
11428,2025_011428_69dd807a5b0066af,0,68_1171,3,25
11433,2025_011433_156a960e49251422,0,69_1171,3,2
11434,2025_011434_459bc5f3e82aeda7,7,69_1171,3,2
11448,2025_011448_e1a6fc97d9a756d1,7,68_1171,3,6
11449,2025_011449_20cc7fe7bf42c09c,6,68_1171,3,57
11451,2025_011451_174637f187975919,6,68_1171,3,17
11458,2025_011458_7fd4edd089932cad,0,69_1171,3,18
11463,2025_011463_3cf95e9668917658,0,69_1171,3,4
11476,2025_011476_0ccffc18209635cd,7,69_1171,3,10
11481,2025_011481_da900ab316398f4c,3,69_1171,3,10
11484,2025_011484_ff9c90a00d163579,7,69_1171,3,35
11487,2025_011487_74e04410e9783e80,2,69_1171,3,3
11489,2025_011489_cb74ccde3b974b90,2,69_1171,3,3
11493,2025_011493_048d15f2ee5b31b0,3,68_1171,3,9
11496,2025_011496_a6e43b79088a9fe8,3,68_1171,3,22
11499,2025_011499_ec2a88facddbf7c5,5,68_1171,3,37
11518,2025_011518_be2c001692505988,5,68_1171,3,7
11523,2025_011523_99f56608b4e56e5e,5,68_1171,3,13
11527,2025_011527_b4c4666ca9e9e2a8,7,68_1171,3,3
11538,2025_011538_437cf83c90c8fb8b,0,68_1171,3,5
11540,2025_011540_f8b496d1ae82d193,3,68_1171,3,21
11541,2025_011541_8765409070c5c104,0,68_1171,3,5
11552,2025_011552_787ef443820a1402,7,68_1171,3,26
11561,2025_011561_1dbe5de014d55d84,0,68_1171,3,68
11564,2025_011564_bf2353dc3014b3f3,3,68_1171,3,59
11567,2025_011567_aaf634ef4c4983c6,0,68_1171,3,21
11571,2025_011571_eba2444e0c5b6f44,1,68_1171,3,5
11576,2025_011576_3beaae8eeda1561f,7,68_1171,3,12
11578,2025_011578_75656f83d9bbe5ff,3,68_1171,3,21
11590,2025_011590_d329270cb65ee53b,0,68_1171,3,10
11595,2025_011595_551d54b153388e9e,6,68_1171,3,5
11603,2025_011603_32eb60fa3ff132c0,5,68_1171,3,11
11609,2025_011609_794791208746f9a7,7,69_1171,3,3
11612,2025_011612_140b4f2f878a4fc9,0,68_1171,3,6
11614,2025_011614_b773cc34c05ba19a,0,69_1171,3,2
11618,2025_011618_6a87c3ea2495759c,0,68_1171,3,27
11621,2025_011621_3b4def5acabafd3c,0,69_1171,3,2
11624,2025_011624_4dc22c59a14234f0,0,69_1171,3,6
11626,2025_011626_22c6c7aeb43ce946,0,69_1171,3,37
11629,2025_011629_2b11da35043ae7a5,1,68_1171,3,2
11636,2025_011636_4886d7a8c70d59a6,1,69_1171,3,2
11637,2025_011637_6e4a2ce662703ec9,1,69_1171,3,10
11644,2025_011644_02b7cdb708d2f830,2,68_1171,3,11
11648,2025_011648_ecb003491858fe3d,4,67_1171,5,28
11651,2025_011651_94e6ec346ab9c4f5,4,67_1171,5,3
11661,2025_011661_56e1a97e9b087f91,4,67_1171,5,6
11663,2025_011663_2d1745f1ff1f49c1,1,67_1171,5,3
11665,2025_011665_e3bb777276826639,4,67_1171,5,2
11670,2025_011670_70114110d7f8f619,5,68_1171,3,17
11690,2025_011690_7f01e4272149b877,3,68_1171,3,5
11691,2025_011691_9e01942d49bb7384,6,68_1171,3,6
11693,2025_011693_645ef4345ce77898,1,68_1171,3,11
11720,2025_011720_d2fe47194910e5f8,0,68_1171,3,5
11728,2025_011728_ec829171c92dab98,0,68_1171,3,2
11733,2025_011733_cf2a2ce747b24a9e,7,68_1171,3,5
11746,2025_011746_60b695f13aa0deb8,7,68_1171,3,13
11765,2025_011765_b7bf442d63180509,0,68_1171,3,2
11780,2025_011780_a23e959e1f4945ca,7,69_1171,3,3
11781,2025_011781_e9fdbae9ab90f505,1,69_1171,3,16
11783,2025_011783_2b950e857669c278,5,69_1171,3,9
11784,2025_011784_368182b01287b059,1,69_1171,3,19
11789,2025_011789_165784d6bf8dac0f,6,69_1171,3,9
11792,2025_011792_c72b31ce5664f60f,2,69_1171,3,20
11798,2025_011798_ba055a593a627840,1,69_1171,3,11
11805,2025_011805_e6e9da0947c4366a,1,69_1171,3,7
11809,2025_011809_b00888bd0b41b5b2,4,69_1171,3,23
11810,2025_011810_d8737d756cc3c333,3,69_1171,3,14
11815,2025_011815_83985fd12b24b8de,7,69_1172,5,21
11816,2025_011816_f8c71170be92cc4e,1,69_1171,3,25
11817,2025_011817_7c3537879f7d7230,0,69_1171,3,11
11818,2025_011818_41d99d032b8702c7,2,69_1171,3,10
11820,2025_011820_e53b2837a0fdfbde,1,68_1171,3,7
11821,2025_011821_91d6a49710b6f5c7,1,68_1171,3,4
11823,2025_011823_2a94809f1c49e901,1,68_1171,3,12
11826,2025_011826_1915a37f1531cf88,1,68_1171,3,9
11829,2025_011829_22ea5e2ec6da16f1,2,68_1171,3,11
11830,2025_011830_783a6afed3709fd8,1,68_1171,3,4
11836,2025_011836_c7a565067005ab34,0,68_1171,3,5
11839,2025_011839_ebf1de00b7650ffd,0,68_1171,3,4
11840,2025_011840_a1aef3b789ab531a,1,68_1171,3,6
11842,2025_011842_4546caf8e4c8e4b8,7,68_1171,3,2
11843,2025_011843_47c33e68a9e24e2b,0,67_1171,5,2
11845,2025_011845_0e184c4ec36d9a0e,0,67_1171,5,2
11847,2025_011847_af235a4ab7ffcf0b,2,67_1171,5,9
11849,2025_011849_da100641940c2041,2,68_1171,3,18
11852,2025_011852_aea1e468cdcba761,0,67_1171,5,8
11855,2025_011855_8012b4ffee0eb325,2,67_1171,5,11
11856,2025_011856_2719edaaa27ea943,3,67_1171,5,9
11859,2025_011859_fa686423a69ddc86,1,68_1171,3,10
11863,2025_011863_dd82483fd4653b32,1,68_1171,3,4
11865,2025_011865_2e8b9d3410d31125,1,67_1171,5,16
11868,2025_011868_2a0c09b6c6cf1fb6,1,67_1171,5,5
11876,2025_011876_68dfed5e27a0d9d5,2,68_1171,3,6
11884,2025_011884_05566656dcdee9e4,1,67_1171,5,12
11885,2025_011885_19aa9a04667d58b1,7,67_1171,5,4
11892,2025_011892_1e2d5794d169655c,4,68_1171,3,18
11896,2025_011896_ad5a641ace294478,4,68_1171,3,10
11901,2025_011901_4004137f2e2792db,4,68_1171,3,23
11911,2025_011911_7d5342e5034c3707,2,68_1171,3,25
11913,2025_011913_81cef2f701e4ecca,2,68_1171,3,29
11914,2025_011914_dbee347b757f65d5,2,68_1171,3,21
11919,2025_011919_9d687538e32efbf3,0,68_1171,3,13
11924,2025_011924_1136fbb7a16ff67f,7,68_1171,3,4
11930,2025_011930_087a9756f326b395,0,68_1171,3,5
11941,2025_011941_7b212ab2470ffc1e,6,68_1171,3,2
11944,2025_011944_7e21e905a951459e,0,68_1171,3,19
11947,2025_011947_d3ef2fd09b0f3f3f,6,68_1171,3,3
11956,2025_011956_fef6500f1e92f20a,0,68_1171,3,12
11957,2025_011957_428a85e454aec3cc,1,68_1171,3,7
11958,2025_011958_6ba02aabcc715cba,0,68_1171,3,11
11959,2025_011959_848c6e8bf0009283,0,68_1171,3,3
11970,2025_011970_05aad1a9e531bedd,0,68_1171,3,12
11972,2025_011972_3c72f66c16028205,1,68_1171,3,8
11973,2025_011973_61b12ff60faeafaa,1,68_1171,3,9
11976,2025_011976_9aaa5e84b6889a8e,0,68_1171,3,10
11984,2025_011984_c71a3f6d91561e75,1,68_1171,3,8
11985,2025_011985_cf7e8b4b17ead3b7,0,69_1171,3,14
11987,2025_011987_e34f7ea0ba1db96f,1,68_1171,3,7
11988,2025_011988_76009ee935b63b69,0,69_1171,3,7
11994,2025_011994_80d63e31efefa4d8,7,68_1171,3,43
12007,2025_012007_73a1383d398bb8a6,0,68_1171,3,6
12008,2025_012008_a4033a5c088a2282,0,69_1171,3,28
12009,2025_012009_0bc3ff28b320f5c7,0,69_1171,3,13
12010,2025_012010_cb00cbb3d27a6596,0,69_1171,3,17
12011,2025_012011_65317af5dddb961e,0,69_1171,3,5
12013,2025_012013_eeef137d09320564,2,69_1171,3,2
12014,2025_012014_652bbd7471d6b311,7,68_1171,3,2
12015,2025_012015_8b7df46d9fa905a5,3,69_1171,3,80
12019,2025_012019_072dca4a0faecf9b,0,68_1171,3,16
12027,2025_012027_40dfd854bf03403e,0,68_1171,3,13
12031,2025_012031_71cf54b806387f73,0,68_1171,3,10
12033,2025_012033_01cc0b31c5e4c279,7,68_1171,3,8
12038,2025_012038_91f3f870812bd941,0,68_1171,3,20
12057,2025_012057_3bad9aaf8c88aaf6,0,68_1171,3,16
12060,2025_012060_f890d243c217820e,1,68_1171,3,4
12063,2025_012063_31b3ee47ff35f402,2,68_1171,3,24
12067,2025_012067_b6060951f2591b2e,1,68_1171,3,7
12071,2025_012071_13aee49bb343da10,0,68_1171,3,3
12073,2025_012073_7ac03819a0ab7243,2,68_1171,3,35
12082,2025_012082_5642de1347698f36,0,68_1172,4,11
12084,2025_012084_48c63abfc2b8e6d1,1,68_1171,3,35
12089,2025_012089_6eac29c6263859a0,0,68_1171,3,15
12092,2025_012092_da6281b8c7eef415,0,68_1171,3,15
12103,2025_012103_1afe08b82d0df9a5,0,68_1171,3,2
12105,2025_012105_afd0142d6f7c87ef,1,67_1171,5,7
12107,2025_012107_acc128a6dde739d8,0,68_1171,3,2
12108,2025_012108_129d306d993fe89a,0,68_1171,3,4
12109,2025_012109_f7b9c22685d08d92,2,67_1171,5,2
12113,2025_012113_43251192a2c171e0,0,68_1171,3,5
12121,2025_012121_575f8e40c2504646,0,68_1172,4,3
12123,2025_012123_11eef7f1076dc3ac,2,68_1171,3,2
12124,2025_012124_855b5368b9175ecf,0,68_1172,4,2
12125,2025_012125_8bb31fbb904c5e32,2,68_1172,4,3
12126,2025_012126_eb2e4084b53052f7,1,68_1172,4,10
12128,2025_012128_39b6a5fed6348c40,0,68_1172,4,2
12130,2025_012130_5bb503da7c9434a1,1,68_1172,4,5
12131,2025_012131_6f48917be5526818,1,68_1172,4,3
12134,2025_012134_97c72d9535df7922,1,68_1172,4,6
12141,2025_012141_18a973edf183ef40,5,67_1172,2,41
12146,2025_012146_b4f3114164a653a1,0,67_1172,2,5
12151,2025_012151_481a5c137c1e6f61,1,68_1172,4,18
12157,2025_012157_ce710ff78f2b7d1b,0,68_1172,4,10
12158,2025_012158_c06c2d67ce05db00,1,68_1172,4,7
12160,2025_012160_bb00cd6f9f5c06af,0,68_1172,4,2
12166,2025_012166_dda7aae3d7112eff,6,67_1172,2,59
12187,2025_012187_22c3ffde176bdf54,0,67_1172,2,2
12195,2025_012195_047bcf44f4be7166,3,68_1170,2,23
12197,2025_012197_676802c4f8fe5614,6,68_1170,2,3
12205,2025_012205_14f9201640970d68,7,68_1170,2,14
12209,2025_012209_f9a11620bc1f4871,0,68_1170,2,5
12215,2025_012215_366a4345d42b2007,1,68_1170,2,16
12219,2025_012219_5d8b5aa286b42063,0,68_1170,2,7
12228,2025_012228_949b9cadc9fc14a4,0,68_1171,3,30
12243,2025_012243_5545b498fc2b52f9,0,68_1170,2,8
12247,2025_012247_9877885e6fd03475,1,68_1170,2,16
12254,2025_012254_5346e987cf3c098b,1,68_1171,3,11
12258,2025_012258_ce6ddb95aaefbcf1,4,68_1171,3,9
12264,2025_012264_94da7f51032a031a,1,68_1171,3,18
12278,2025_012278_6afedef3a1614fec,0,68_1171,3,53
12279,2025_012279_e94fc1bfde635717,0,68_1170,2,7
12287,2025_012287_dd15384b80323bdd,0,68_1170,2,6
12302,2025_012302_131c1750246c8eaf,0,68_1170,2,6
12311,2025_012311_7e0f151c5a9bc884,0,68_1170,2,2
12313,2025_012313_ab1c9a7526110093,0,68_1172,4,3
12315,2025_012315_0aa0c36d1838da60,0,68_1172,4,10
12328,2025_012328_881a4d5feca737ac,7,68_1172,4,58
12329,2025_012329_3ff44641439cab03,7,68_1172,4,21
12338,2025_012338_92ce4c902501e36c,0,68_1171,3,4
12340,2025_012340_7552f426f263b651,1,68_1171,3,7
12341,2025_012341_6f87b8bedd1534cf,1,68_1171,3,6
12345,2025_012345_110073f7d92d06e0,0,68_1171,3,8
12348,2025_012348_f3a22ca5ed80d5d4,1,68_1171,3,37
12354,2025_012354_cf83a4cab44bf4c0,0,68_1172,4,16
12355,2025_012355_8303006535057ff5,1,68_1172,4,12
12356,2025_012356_635fb86d554eb26f,0,68_1172,4,3
12359,2025_012359_026684a071ad2410,1,68_1172,4,5
12361,2025_012361_acd2f957b81fe5c4,0,68_1172,4,11
12364,2025_012364_8ad57cfbccea5d6a,2,68_1172,4,11
12366,2025_012366_34f6b689f4abc65d,2,68_1172,4,7
12371,2025_012371_908e5beb28fc2171,2,68_1172,4,2
12373,2025_012373_5dca6381e696acb7,2,68_1172,4,6
12376,2025_012376_d86374b3cb2f2e63,2,68_1172,4,4
12381,2025_012381_15271df26a6941a8,2,68_1172,4,15
12384,2025_012384_0039585e60b127ec,1,68_1172,4,40
12393,2025_012393_b068efb92b77b47c,0,67_1171,5,5
12397,2025_012397_ba47eeb7e5a4df6e,4,67_1171,5,6
12398,2025_012398_a18a1d1dc7ca764b,2,67_1171,5,10
12400,2025_012400_96f35caed473a891,2,68_1171,3,3
12401,2025_012401_8f542c42d0740380,0,68_1171,3,3
12406,2025_012406_47c70c37eee43e75,5,68_1171,3,18
12411,2025_012411_abf61f3045371a78,6,68_1171,3,22
12422,2025_012422_5ffc3f6b4df0cacc,1,67_1171,5,8
12430,2025_012430_9194693446292071,4,67_1171,5,7
12433,2025_012433_e6d9f9cc7e38c2e7,6,67_1171,5,6
12440,2025_012440_fd70c6a23c15d500,3,67_1171,5,13
12441,2025_012441_cf489db0005ac9dd,1,67_1171,5,10
12447,2025_012447_bf0ba5345f708412,1,67_1171,5,18
12456,2025_012456_522a24cacae2d5a7,3,67_1171,5,2
12462,2025_012462_0207e79867052e1f,3,67_1171,5,13
12466,2025_012466_2fffc50882ee5514,3,67_1171,5,11
12471,2025_012471_1bf08ad625e8a8c0,2,67_1171,5,30
12472,2025_012472_01b910e3c5824020,1,68_1171,3,48
12482,2025_012482_d13a452a47a92701,1,68_1171,3,17
12488,2025_012488_7fabd72f3018b2a1,0,68_1171,3,18
12508,2025_012508_8788415473a24a47,1,68_1170,2,16
12528,2025_012528_fca5b91c80389cf8,6,68_1171,3,25
12529,2025_012529_8ea30a5f576a08bc,4,70_1171,5,22
12530,2025_012530_ed21cf0747eb15dc,6,70_1171,5,3
12535,2025_012535_ee85340ff44f2a74,4,70_1171,5,7
12541,2025_012541_d9b92e2334694bf0,0,70_1171,5,4
12542,2025_012542_8cc6cbc98556e158,5,70_1171,5,5
12544,2025_012544_4d44ad68ca9de208,1,70_1171,5,20
12549,2025_012549_7854ed1d518865f2,5,70_1171,5,18
12550,2025_012550_5131036fb91a2df8,1,70_1171,5,45
12554,2025_012554_a3a6142f619711fa,0,70_1171,5,4
12558,2025_012558_d0f1bf7120584003,4,70_1171,5,4
12560,2025_012560_75fce7d84b528f4f,6,70_1171,5,10
12564,2025_012564_297626a7f7b2423e,0,70_1171,5,5
12566,2025_012566_0bfd7bc0e8562370,0,70_1171,5,3
12568,2025_012568_0a1f3973bff139bd,0,70_1171,5,27
12572,2025_012572_68604eee8acf1dfa,0,70_1171,5,11
12578,2025_012578_09d95e9b5eec6038,7,70_1171,5,17
12581,2025_012581_f4c04701ed29cc11,7,70_1171,5,17
12583,2025_012583_17bad857711ac676,3,70_1171,5,45
12589,2025_012589_67cbfc39243ee4c5,0,70_1171,5,5
12596,2025_012596_371bf245ba5c34ec,3,70_1171,5,49
12599,2025_012599_372e2006f05aa5c2,4,70_1171,5,38
12600,2025_012600_a6623c6b29a22b1e,4,70_1171,5,13
12603,2025_012603_892a366142fd4bcc,7,70_1171,5,2
12604,2025_012604_0dbb924306bae2ec,7,71_1172,0,415
12605,2025_012605_966a800c29f405f3,4,70_1172,0,78
12606,2025_012606_4d4d4220550b06f8,7,71_1172,0,89
12608,2025_012608_71672c243d836846,1,71_1172,0,17
12611,2025_012611_461cbe21eb8dccd8,3,71_1172,0,44
12613,2025_012613_8c234098764b966b,0,71_1172,0,2
12615,2025_012615_34099c39ad5f6442,4,71_1172,0,41
12620,2025_012620_02ea7745369a97b2,2,70_1172,0,46
12622,2025_012622_5b905a458203910b,3,71_1172,0,44
12623,2025_012623_0ed9a9649cbe340e,7,71_1172,0,3
12633,2025_012633_2f1dc06beb2af5ac,7,71_1172,0,12
12636,2025_012636_d9bfe30c29c4ca3a,7,71_1172,0,67
12637,2025_012637_435ae6b775688e99,3,70_1171,5,16
12638,2025_012638_a9f7e524de1b5dfc,3,70_1171,5,7
12642,2025_012642_162f94e51089a695,7,70_1171,5,9
12644,2025_012644_a676ef30ec79032d,7,70_1171,5,3
12646,2025_012646_edb1875e272c2841,3,70_1171,5,6
12655,2025_012655_10ab23429f9efa92,1,70_1171,5,20
12658,2025_012658_cc37512ce962561e,7,70_1171,5,33
12660,2025_012660_de7bbd0925254d84,6,70_1171,5,2
12661,2025_012661_8add45064894dd27,4,70_1171,5,10
12665,2025_012665_097ec788a38fdc7e,3,70_1171,5,82
12667,2025_012667_d8d48f7054b2c54a,4,70_1171,5,39
12669,2025_012669_ed55e6e18375eefe,4,71_1171,4,2
12670,2025_012670_1a4d233909b1dd09,3,71_1171,4,7
12671,2025_012671_abc75fb5fd2d856e,4,71_1171,4,54
12674,2025_012674_71d7e3a60ea07262,5,71_1171,4,66
12676,2025_012676_831d3384b3e84860,0,71_1171,4,48
12679,2025_012679_571b69fe48879feb,3,71_1171,4,43
12686,2025_012686_ab5eb77789062f10,7,71_1171,4,22
12689,2025_012689_1f76684025b028f7,3,71_1171,4,13
12697,2025_012697_05986f318fa1bcf2,6,71_1171,4,37
12702,2025_012702_d10f46d357bae343,0,71_1171,4,24
12705,2025_012705_f6f00fe16598b3e6,7,71_1171,4,14
12706,2025_012706_cd709518b3b1e88b,0,71_1171,4,3
12708,2025_012708_2ee21f140d384ff4,3,71_1171,4,18
12710,2025_012710_0705c22678ecc638,6,71_1171,4,55
12711,2025_012711_e914a18a9924eb27,3,71_1171,4,12
12714,2025_012714_da3227d87f910a92,4,71_1171,4,7
12715,2025_012715_3b0e7712ff80a942,4,71_1171,4,16
12717,2025_012717_9bb9f6b9b2969cca,4,71_1171,4,17
12722,2025_012722_0c65066507f93b7e,2,71_1171,4,8
12725,2025_012725_ff0cfddbe17d47fa,1,71_1171,4,17
12732,2025_012732_eb75f41cf159aa22,1,71_1171,4,2
12742,2025_012742_df50b613425b3845,6,71_1171,4,13
12743,2025_012743_1b0380e3990ddd05,3,71_1171,4,26
12744,2025_012744_75be4240e991190d,5,71_1171,4,23
12745,2025_012745_e32c2b97dcdcd7f1,3,71_1171,4,8
12746,2025_012746_8279dabecca381e8,5,71_1171,4,8
12748,2025_012748_f930f9264cc7d72e,4,71_1171,4,10
12749,2025_012749_988c259aa7c2a535,3,71_1171,4,40
12750,2025_012750_f3e15d2bdbcbeaf4,7,71_1171,4,4
12752,2025_012752_f758a230a8b3d9e1,0,71_1171,4,14
12755,2025_012755_2169222fef3d785d,3,71_1171,4,3
12757,2025_012757_ab4ad4dd21e8f9cf,7,71_1171,4,34
12770,2025_012770_e16fc1eb5f7e04d0,7,71_1171,4,3
12774,2025_012774_ededed02498f9f47,3,71_1171,4,3
12776,2025_012776_e8655caba73ec6c1,3,71_1172,0,45
12777,2025_012777_329fa3894683c18e,6,71_1171,4,58
12778,2025_012778_94c4e3fb70bb655c,4,71_1172,0,36
12780,2025_012780_91afd58baabb3e1a,7,71_1172,0,2
12781,2025_012781_7ac38fde865797f4,3,71_1172,0,42
12789,2025_012789_b3e77e05bc210563,0,71_1172,0,2
12793,2025_012793_ee715712ec9e3434,7,71_1172,0,2
12799,2025_012799_313e26fcecf33e69,3,71_1172,0,9
12802,2025_012802_d8a8878ee81adfc4,4,71_1172,0,33
12815,2025_012815_f78bfb5c20870ef7,6,71_1172,0,68
12818,2025_012818_41aafc45b47ad799,3,71_1172,0,19
12821,2025_012821_087d0727fa1d75a3,6,71_1172,0,3
12823,2025_012823_c167f6d9fd4a96a3,6,71_1172,0,39
12830,2025_012830_4b8b6d7d97c489d8,2,71_1172,0,4
12836,2025_012836_eff41ab866b6b187,6,71_1171,4,23
12839,2025_012839_d7d592ed316f1c3b,3,71_1171,4,2
12841,2025_012841_0c5323b2d9fd9259,6,71_1171,4,5
12844,2025_012844_cb53c5a85510c5cd,3,71_1171,4,55
12847,2025_012847_526b5b601667b043,3,71_1171,4,10
12849,2025_012849_f7f3c1fc6c90780d,2,71_1171,4,2
12852,2025_012852_af3ffefdfe99891e,6,71_1171,4,21
12853,2025_012853_9c8b0632776ecd94,3,71_1171,4,25
12868,2025_012868_5dfc2f8aba59074f,6,71_1171,4,5
12869,2025_012869_bcf039d82f059458,1,71_1171,4,7
12874,2025_012874_33b01a606879767a,4,71_1171,4,19
12875,2025_012875_3308217185f462f8,5,71_1171,4,9
12878,2025_012878_987cb53a1c375051,5,71_1171,4,3
12885,2025_012885_d0816658959d80a1,3,71_1171,4,24
12896,2025_012896_138195d3be016442,4,71_1172,0,23
12901,2025_012901_ec21ecacb93a3d3a,3,71_1172,0,25
12923,2025_012923_f5797f4d97e315b0,3,71_1171,4,14
12927,2025_012927_8d7a7384719242e5,7,71_1171,4,4
12928,2025_012928_aa435a441b3765cc,1,71_1171,4,47
12933,2025_012933_a8389b74e4ca5aea,0,71_1171,4,8
12935,2025_012935_fe9eb66257b41e69,1,71_1171,4,4
12938,2025_012938_0af36b3173d9b021,0,71_1171,4,2
12939,2025_012939_6fb6d5c158ea2823,0,71_1171,4,30
12942,2025_012942_5eb465b193d0c086,0,71_1171,4,2
12944,2025_012944_1e6fb6d1ed854c4d,7,71_1171,4,3
12946,2025_012946_13851ff52368c18c,1,71_1171,4,17
12957,2025_012957_d168d02ea9bac24d,0,71_1171,4,25
12969,2025_012969_2d570a01334d8897,6,71_1171,4,19
12976,2025_012976_e266a87c5f46099c,7,71_1171,4,47
12987,2025_012987_f1d4250dfe2fe870,3,71_1171,4,9
12988,2025_012988_d8cb43274d271cbf,2,71_1171,4,9
12990,2025_012990_fb206dce5301a978,3,71_1171,4,7
12999,2025_012999_167cefa513d57a81,7,71_1171,4,16
13004,2025_013004_0e92d0fbfcb8e5c2,7,71_1171,4,18
13008,2025_013008_97b13f405fe50e76,1,71_1171,4,14
13012,2025_013012_682c5c4666745e85,6,71_1171,4,4
13015,2025_013015_62d363530f41139e,3,71_1171,4,8
13017,2025_013017_683f080240988546,0,71_1171,4,2
13024,2025_013024_10fdd8bd81712a44,3,71_1172,0,12
13029,2025_013029_c69e5f08c1ddbcd9,0,71_1172,0,2
13030,2025_013030_38c5d50c7a6c0680,6,71_1172,0,7
13056,2025_013056_1d4925ce4de1a5e5,3,71_1172,0,5
13060,2025_013060_a0e1fde470d47994,0,71_1172,0,2
13064,2025_013064_fcfaf8d566a6954c,3,71_1172,0,3
13068,2025_013068_646d477e4fecc084,2,71_1172,0,7
13072,2025_013072_30ec80fe3a46b52c,3,71_1171,4,21
13075,2025_013075_a24c7ecbd46aabc2,4,71_1171,4,19
13078,2025_013078_25d755e317f2ba1e,3,71_1171,4,33
13081,2025_013081_052fae600c201056,1,71_1171,4,2
13084,2025_013084_1749c4fa2807df7c,1,71_1171,4,4
13086,2025_013086_4182e3eb90ffe4b1,4,71_1171,4,32
13088,2025_013088_8a1c8d5fae63b210,0,71_1171,4,5
13097,2025_013097_c944dedd72f0e46d,4,71_1171,4,19
13103,2025_013103_f8c71a116cc05159,3,71_1171,4,30
13106,2025_013106_38abbd6e39059bd3,3,71_1171,4,43
13108,2025_013108_c165b8f233c25c00,0,71_1171,4,2
13109,2025_013109_1376dcd9dd38fbcd,6,71_1171,4,10
13110,2025_013110_861f9c1894ef6e4b,3,71_1171,4,22
13113,2025_013113_9b98268c43fe6234,3,71_1171,4,6
13115,2025_013115_2d55cf75ea733785,4,71_1171,4,5
13118,2025_013118_e1749af04ba0ed1d,3,71_1171,4,11
13121,2025_013121_5cfc171b30dd0a8f,4,71_1171,4,39
13128,2025_013128_ca054341b6cb1c79,6,71_1171,4,7
13135,2025_013135_410961488ece9583,3,71_1171,4,19
13140,2025_013140_8ca1008503ce7567,2,71_1171,4,2
13142,2025_013142_1ccac1dcf42eaf3e,0,71_1171,4,23
13144,2025_013144_5d9b1d82304d6e09,0,71_1171,4,12
13146,2025_013146_62c047135cc46c8a,0,71_1171,4,12
13148,2025_013148_19ab35cb62bd1d4d,0,71_1171,4,6
13153,2025_013153_6e2d7d11c27f946f,1,71_1171,4,13
13159,2025_013159_09dd5b9f6b3b1e09,3,71_1171,4,9
13163,2025_013163_ad864d0cd5796123,0,71_1171,4,4
13166,2025_013166_24b77f378ee59157,0,71_1171,4,3
13175,2025_013175_c1ab967e6aa25b6b,1,71_1171,4,4
13182,2025_013182_bff4c4b369e34218,4,71_1171,4,19
13184,2025_013184_f7a546d991b3cd2b,1,71_1171,4,17
13187,2025_013187_53e968a785cbadd4,2,71_1171,4,10
13188,2025_013188_2f8a5c570fe01508,5,71_1171,4,15
13189,2025_013189_9ab98e6618c80043,2,71_1171,4,30
13192,2025_013192_f68fd5aebec16d23,2,71_1171,4,8
13208,2025_013208_440a7571bde86f7d,2,71_1171,4,19
13217,2025_013217_6595f9fc97a195a3,1,71_1172,0,4
13232,2025_013232_5603f7793b7fe767,3,71_1172,0,5
13235,2025_013235_36a14d19d9145621,7,71_1172,0,13
13238,2025_013238_ca77564ce247d868,2,71_1171,4,3
13244,2025_013244_34f4b1422081fa2d,2,71_1171,4,20
13248,2025_013248_043a238551028567,1,71_1171,4,6
13250,2025_013250_9885dd43ea3e7ddf,1,71_1171,4,37
13255,2025_013255_fca14b186c305ddd,1,71_1171,4,16
13261,2025_013261_6cc0fc7644f1e113,3,71_1171,4,5
13263,2025_013263_5e1142fd86d871cc,4,71_1172,0,42
13266,2025_013266_5d96a81b8257a8da,4,72_1172,2,60
13269,2025_013269_97472a03cf24f444,5,71_1172,0,30
13272,2025_013272_e9fea4fe931c0cf1,5,72_1172,2,59
13276,2025_013276_fc4fb9d9f378329c,3,72_1172,2,57
13279,2025_013279_611d0703661c5050,3,71_1172,0,7
13281,2025_013281_ff1b45a49989427c,4,72_1172,2,26
13300,2025_013300_73017f6e0c70897d,4,71_1172,0,57
13304,2025_013304_42cb34049a322688,3,71_1172,0,66
13305,2025_013305_11b1588162841b5a,3,71_1172,0,20
13306,2025_013306_0beab353439b2e60,5,71_1172,0,45
13311,2025_013311_772d45ef9fd7bb75,4,71_1172,0,87
13315,2025_013315_d5015ec03cb48755,5,71_1172,0,7
13316,2025_013316_06f8db400b2daf7e,5,71_1172,0,7
13326,2025_013326_04dd377e8e8ebcea,6,71_1172,0,23
13334,2025_013334_8eebfad41963eb85,3,71_1172,0,2
13338,2025_013338_71e26125c92c5639,4,71_1171,4,67
13339,2025_013339_eb81233a66424e89,3,71_1171,4,70
13342,2025_013342_21e1d3ef477e7757,3,71_1171,4,11
13344,2025_013344_c6a686f7b90f67b3,1,71_1171,4,13
13345,2025_013345_987d68ea08d9d1b8,3,71_1171,4,8
13355,2025_013355_fad5b1883ecda2eb,2,71_1171,4,15
13358,2025_013358_ef594d65697a8252,3,71_1171,4,5
13359,2025_013359_f1934866439e5b22,3,71_1171,4,5
13365,2025_013365_ecc346153d37d9e8,6,72_1171,3,5
13366,2025_013366_4f3c0c9dc25ed89e,3,72_1171,3,17
13377,2025_013377_83e957530bc84054,3,71_1171,4,17
13379,2025_013379_58d43acb5d7b8756,6,71_1171,4,11
13387,2025_013387_73ad57b7b4f666da,6,71_1171,4,17
13388,2025_013388_e01a20fc972531a0,2,71_1171,4,8
13391,2025_013391_c12a96dd93678d9b,1,71_1171,4,10
13394,2025_013394_cbfae4ffcca56149,2,72_1171,3,11
13396,2025_013396_49745dc5f4ca8fec,2,71_1171,4,7
13400,2025_013400_8c4da854d4b77d64,0,71_1171,4,6
13424,2025_013424_de4fb3ddb2f64375,2,72_1171,3,2
13438,2025_013438_d596fb934c7140f1,1,71_1171,4,5
13444,2025_013444_35cbe8df1b8eee74,1,71_1171,4,22
13449,2025_013449_5c2db7a23a873f36,3,71_1171,4,8
13451,2025_013451_195c8d04284b7632,4,71_1171,4,4
13452,2025_013452_b70a6ce10f4735c9,3,72_1171,3,69
13456,2025_013456_bc16759b631cd2cd,4,72_1171,3,3
13461,2025_013461_4400b8dbdd292dd4,4,72_1172,2,63
13463,2025_013463_f07a80a104adb698,4,72_1172,2,14
13470,2025_013470_476468d6d386c37f,4,72_1171,3,13
13472,2025_013472_ce235c24db01aa77,2,72_1171,3,40
13477,2025_013477_b66bfeaff7a33c10,6,72_1171,3,47
13478,2025_013478_4e9f28b44d329ce1,1,72_1171,3,3
13479,2025_013479_641405faf02baa04,3,72_1171,3,14
13485,2025_013485_a65a1df195d53e65,1,72_1171,3,14
13486,2025_013486_864942658414ed2b,0,72_1171,3,71
13493,2025_013493_07cbd5eb1ef33473,3,72_1171,3,12
13499,2025_013499_b784ea03ce2915d3,4,72_1171,3,17
13515,2025_013515_21405264e107a6e3,3,72_1171,3,2
13518,2025_013518_608e19cc87cc9486,4,72_1171,3,70
13521,2025_013521_ba07f40e9d65580c,4,72_1171,3,53
13526,2025_013526_7bb95b03b5c4ccfc,4,72_1171,3,15
13537,2025_013537_479dab705ab2c302,4,72_1171,3,5
13540,2025_013540_8936695d8e60b317,4,72_1171,3,8
13547,2025_013547_fe7cf1feb01d21cd,7,72_1171,3,12
13558,2025_013558_79d1a2294626c23c,3,72_1171,3,4
13562,2025_013562_1231bac99f28fbb6,3,72_1171,3,17
13563,2025_013563_f2c4687ec2c50474,3,72_1171,3,5
13568,2025_013568_a836b93bee595d2e,3,72_1171,3,8
13569,2025_013569_631dab873365bd19,4,72_1171,3,13
13571,2025_013571_701fc09eec0d95b0,3,72_1171,3,27
13572,2025_013572_12638aadba2b40d0,4,72_1171,3,30
13575,2025_013575_f1d3d737035fb362,3,72_1171,3,8
13579,2025_013579_150dc8cc44aea514,6,72_1171,3,17
13584,2025_013584_ed74546e251de28c,6,72_1171,3,21
13587,2025_013587_d9eb0940dcdc97e5,6,72_1171,3,20
13591,2025_013591_31a128fb06d52a50,6,72_1171,3,9
13597,2025_013597_50323f25efceed02,3,72_1171,3,9
13602,2025_013602_e18fb1ada1f9e125,3,72_1171,3,4
13604,2025_013604_5b474f5c7bf728e8,3,72_1171,3,5
13613,2025_013613_f469ca9eabf3405e,4,72_1171,3,17
13616,2025_013616_445fdcb6529ecf47,6,72_1171,3,37
13617,2025_013617_97d9a254ea12f75e,6,72_1171,3,112
13628,2025_013628_97695b71a60eee13,7,72_1171,3,23
13635,2025_013635_b4d8642370aac588,3,71_1171,4,7
13648,2025_013648_968e958738d1ac01,5,71_1171,4,32
13650,2025_013650_d1e2a2f38240d13c,6,71_1171,4,7
13651,2025_013651_cfc392cedd231d53,3,70_1171,5,10
13653,2025_013653_b5e57070604a6546,3,71_1171,4,2
13654,2025_013654_959a5cc5d22bc089,5,71_1171,4,23
13655,2025_013655_5b08087783b307b0,4,71_1171,4,26
13658,2025_013658_0cb4c62b3c5f3bc8,6,71_1171,4,2
13660,2025_013660_8a5f0939fd2715b3,3,71_1171,4,7
13664,2025_013664_223b22cc9cd0009c,3,71_1171,4,2
13672,2025_013672_1f65e43e4e26d450,4,71_1171,4,2
13673,2025_013673_24d33d31d2cd5efb,4,71_1171,4,35
13676,2025_013676_15f807c81aaf47cb,7,71_1171,4,2
13678,2025_013678_8a899a6ed44f3130,0,71_1171,4,97
13683,2025_013683_bc81a8ab5e8e9838,0,71_1171,4,34
13699,2025_013699_dc0ce3fa50b4357d,7,71_1171,4,8
13700,2025_013700_9e2a24b0d1135a1c,0,71_1171,4,6
13701,2025_013701_05dfcfa384c6fdc9,7,71_1171,4,6
13703,2025_013703_3c940ece3add3463,0,71_1171,4,20
13704,2025_013704_5b1bc41c10a97af9,7,71_1171,4,2
13705,2025_013705_bda317a1cdd39f6f,7,70_1171,5,6
13707,2025_013707_9fa318de7298849a,3,70_1171,5,29
13715,2025_013715_510d49b4d90b802a,4,70_1171,5,18
13729,2025_013729_d82a1f722fee6866,3,70_1171,5,2
13731,2025_013731_7b93c0acc9a0b423,6,70_1171,5,4
13736,2025_013736_88c84af1c31d2eff,1,71_1171,4,6
13738,2025_013738_77d05d0f6f5a7f72,3,71_1171,4,68
13740,2025_013740_8e4553ff4fc834ad,7,71_1171,4,23
13746,2025_013746_c52be652da9ae7e9,7,71_1171,4,22
13750,2025_013750_f0e21e32949a284d,6,71_1171,4,43
13761,2025_013761_face7f7d251cac3f,4,71_1171,4,2
13763,2025_013763_431838ba3147a864,4,71_1171,4,38
13765,2025_013765_c88937c2aae5655b,6,71_1171,4,17
13766,2025_013766_94e154f3b0d3a39d,6,71_1171,4,19
13779,2025_013779_d0c54afcdbd9d7b5,6,71_1171,4,18
13780,2025_013780_3f3422958a2238d8,6,71_1171,4,7
13784,2025_013784_e196c66dbbf90758,3,71_1171,4,36
13806,2025_013806_e5423bef73911d83,7,71_1171,4,4
13821,2025_013821_afdc7302f3e7aaa2,3,71_1171,4,10
13826,2025_013826_ca10c138a1992e32,3,71_1171,4,8
13830,2025_013830_9b12fd8a8764d70b,4,72_1172,2,14
13831,2025_013831_1a1bb24fac0a764e,3,72_1172,2,8
13837,2025_013837_323b6541a5715a39,3,72_1172,2,16
13840,2025_013840_153c419dffc08d3b,3,72_1172,2,15
13844,2025_013844_0d50720a27f67a4a,7,72_1172,2,7
13857,2025_013857_a2eeee6f41ca6a0b,6,72_1172,2,4
13861,2025_013861_3f09f85541affcfc,5,72_1172,2,2
13862,2025_013862_7763a80814f7db0a,3,72_1172,2,4
13863,2025_013863_64d88a6d5cd80d60,6,72_1171,3,42
13868,2025_013868_d2319aa64ca2b37d,3,72_1171,3,31
13871,2025_013871_0dca0fac60665e9d,3,72_1171,3,60
13877,2025_013877_5145a968c0fac766,7,72_1171,3,28
13881,2025_013881_034310fb7af2ff5b,3,72_1171,3,41
13882,2025_013882_fcf23af06b6ca32f,3,72_1171,3,27
13892,2025_013892_a8427c0d349635d9,4,72_1172,2,7
13894,2025_013894_7d5671c12b78f9b9,3,72_1172,2,7
13895,2025_013895_176f067bb93d20dc,4,72_1172,2,8
13898,2025_013898_5c23e81557a6e2ed,4,72_1172,2,6
13900,2025_013900_e8eba1db24fa3bcc,6,72_1172,2,12
13903,2025_013903_4690ed0dc1d4bc48,3,72_1172,2,10
13907,2025_013907_127badea3e9e6740,3,72_1172,2,11
13909,2025_013909_ba326c62e15c482a,3,72_1172,2,4
13911,2025_013911_5166a7984b709a49,6,72_1172,2,5
13912,2025_013912_ff8e13b1e8c86bec,6,72_1172,2,4
13913,2025_013913_3d3a44c36b913268,3,72_1172,2,3
13914,2025_013914_83a54d56fd252458,4,71_1172,0,29
13918,2025_013918_061d35c8bd938945,7,70_1172,0,4
13930,2025_013930_88ecc9ca79742b54,4,71_1172,0,9
13938,2025_013938_f09fb869a825e0b8,3,71_1172,0,6
13941,2025_013941_611b1f81764f511a,0,71_1172,0,23
13951,2025_013951_4c8154a8736f6778,0,71_1172,0,35
13954,2025_013954_ffe6a57ee7a733f9,3,71_1172,0,25
13956,2025_013956_dadf036e3e39d21a,0,71_1172,0,68
13961,2025_013961_3dcf21db888625b7,4,71_1171,4,65
13965,2025_013965_fb77191487a0df3c,4,71_1171,4,18
13968,2025_013968_d3c17e955cfa5499,6,71_1171,4,19
13971,2025_013971_1aee48cc832c657b,6,71_1171,4,3
13988,2025_013988_98dc76e88836c243,3,71_1171,4,2
13989,2025_013989_1463489f8d42f069,3,71_1171,4,34
14001,2025_014001_9f3ee27bee937f80,7,71_1171,4,49
14004,2025_014004_f12b0412bce6e4a3,0,71_1171,4,38
14005,2025_014005_878dc09c2889b53c,3,71_1171,4,57
14007,2025_014007_287ff814c1fb3fd9,4,71_1171,4,63
14011,2025_014011_9ab9528d14e1e275,0,71_1171,4,10
14012,2025_014012_fdc5a0e0f0e57c67,4,71_1171,4,10
14013,2025_014013_0d9b71757f1b48a0,7,71_1171,4,3
14017,2025_014017_6325cb7ee3df0d28,7,71_1172,0,8
14020,2025_014020_4f74b7f98a2435aa,0,71_1171,4,5
14021,2025_014021_53512280909ec2f9,7,71_1171,4,218
14025,2025_014025_e1412d12a4795f45,0,71_1171,4,2
14026,2025_014026_d475c5d58b2553f9,0,71_1171,4,7
14030,2025_014030_398cb38f22e67018,2,71_1172,0,15
14033,2025_014033_9fbdf5968b069a66,4,71_1172,0,12
14039,2025_014039_9208849d177838c1,7,71_1172,0,5
14046,2025_014046_e758921381bdcd82,2,71_1172,0,14
14048,2025_014048_d81ea25e10327986,4,71_1171,4,42
14050,2025_014050_550f2999df56b709,3,71_1171,4,53
14053,2025_014053_474cfa5b798ce76b,6,71_1171,4,46
14057,2025_014057_5f252a7be06805c9,3,71_1171,4,72
14060,2025_014060_020e54049d2db8ff,4,71_1171,4,21
14062,2025_014062_c741e2fcaaa0dff8,7,71_1171,4,9
14063,2025_014063_a024db5b15c2151a,4,71_1171,4,4
14065,2025_014065_8311a0e0fca445ec,6,71_1171,4,4
14066,2025_014066_348e992f2efe4a3c,2,71_1171,4,20
14079,2025_014079_15f910607b59b5a0,0,71_1171,4,2
14082,2025_014082_859b70e45d144287,5,71_1171,4,14
14086,2025_014086_a6d84d0b3d9b21dd,2,71_1171,4,31
14089,2025_014089_4bf475c6236ca2dc,2,71_1171,4,52
14093,2025_014093_f889074e8375608d,7,71_1171,4,5
14098,2025_014098_d74027beeae161c2,7,72_1171,3,31
14099,2025_014099_dfd02ffc0efa910b,5,72_1171,3,43
14108,2025_014108_c84f5f8eb64387ff,4,72_1171,3,76
14118,2025_014118_b682986972c49580,3,72_1171,3,65
14124,2025_014124_362d9e273a0ba9dd,5,72_1171,3,62
14131,2025_014131_ba1f4b084e48a0fe,3,72_1171,3,57
14141,2025_014141_43e510c6c43ffec1,5,72_1172,2,6
14143,2025_014143_f6ad637c62305eda,3,72_1172,2,8
14146,2025_014146_11c918cf3ecb9717,3,72_1172,2,6
14148,2025_014148_b4da3f3b0c687396,6,72_1172,2,7
14149,2025_014149_caccde000db12d2f,4,72_1172,2,7
14151,2025_014151_7d177fc98612d431,3,72_1172,2,4
14154,2025_014154_86e02c458e481cf3,3,72_1172,2,4
14159,2025_014159_12bda79f7f48f129,1,72_1172,2,16
14160,2025_014160_e7abd67eff648d99,3,72_1172,2,17
14162,2025_014162_20765a361cc06805,7,72_1172,2,10
14166,2025_014166_e254b1adc4dd68b4,6,72_1172,2,2
14178,2025_014178_bea9389a7c5563c6,6,72_1171,3,37
14184,2025_014184_fe573e4467476cf2,6,72_1171,3,54
14186,2025_014186_8e5b91818f81bfce,7,72_1171,3,38
14205,2025_014205_8e271bfa98b928d2,4,72_1171,3,53
14208,2025_014208_2d8f5563af83cf15,3,72_1171,3,40
14209,2025_014209_fb81016e86806878,1,72_1171,3,11
14213,2025_014213_b9429f289822496a,6,72_1171,3,18
14217,2025_014217_ea3ad7ca97f31ae8,6,72_1171,3,16
14224,2025_014224_aa24846b8259c696,6,72_1171,3,11
14225,2025_014225_e23198ca0c1ddf07,4,72_1171,3,16
14226,2025_014226_a03ad9d697672cf1,4,72_1171,3,22
14229,2025_014229_033d98b14a1f6353,3,72_1171,3,16
14240,2025_014240_d8d14d5badf19577,0,72_1171,3,2
14249,2025_014249_26071ac91a1ab1d6,4,72_1171,3,4
14252,2025_014252_2dbd1302d5f90f55,7,72_1171,3,17
14256,2025_014256_7f98a0a3ca310469,6,72_1171,3,23
14262,2025_014262_267e417067470523,3,72_1171,3,30
14271,2025_014271_cd35c9e96a05cca6,3,72_1171,3,4
14274,2025_014274_e658fcae6c5a6140,3,72_1171,3,8
14295,2025_014295_f470739029c1fe78,2,72_1171,3,14
14315,2025_014315_83e08a0e8585d03d,4,72_1171,3,3
14321,2025_014321_2c325efd61fd7482,6,72_1171,3,21
14327,2025_014327_32fa7e88c1fd02ea,1,72_1171,3,3
14328,2025_014328_b87c0826a5881b20,1,72_1171,3,9
14331,2025_014331_3cd0e03cfe6ee7a1,3,72_1171,3,65
14336,2025_014336_b25dd47e1909d9f1,7,72_1171,3,11
14341,2025_014341_395388450ae0ec60,7,72_1171,3,14
14343,2025_014343_5c3be81f08b96e52,3,72_1171,3,18
14356,2025_014356_eec0e45dcf221809,3,72_1171,3,4
14357,2025_014357_083f6e11d9ce48ff,2,72_1171,3,2
14359,2025_014359_47c5d10d69e5149d,6,72_1171,3,5
14360,2025_014360_5d5b4fde54b25c5d,2,72_1171,3,31
14364,2025_014364_fe962bc3c1cb49b8,3,72_1171,3,16
14367,2025_014367_9a2e7b31b7d987fa,3,72_1171,3,9
14373,2025_014373_d454cf5395534b29,6,72_1171,3,38
14379,2025_014379_15181ddcd1117eb4,7,72_1171,3,4
14386,2025_014386_2e9cc184d22ef5b6,7,72_1171,3,6
14394,2025_014394_1ebb52ce00f36a6a,4,72_1171,3,18
14396,2025_014396_94a8cc691508ac19,7,72_1171,3,88
14398,2025_014398_6bb8dab49ebdcf32,7,72_1171,3,149
14400,2025_014400_ff66a4be91ad5231,4,72_1171,3,51
14405,2025_014405_9ffb4d4ab5d12e3b,2,72_1171,3,18
14412,2025_014412_c35d5f4056d054f9,7,72_1171,3,4
14415,2025_014415_e0ecc004a15d8e39,2,72_1171,3,18
14419,2025_014419_034e8d0e6f2a56e3,1,72_1171,3,13
14424,2025_014424_2b36f17b1bcc13a0,3,72_1171,3,85
14432,2025_014432_51427f1c5d345cd8,3,72_1171,3,4
14434,2025_014434_8e19308addba5b9e,1,72_1171,3,12
14442,2025_014442_c9f40d72299e27a7,7,72_1171,3,49
14450,2025_014450_77d6392ddf7b72ea,7,72_1171,3,52
14453,2025_014453_78dcb86f27c7664c,0,72_1171,3,2
14456,2025_014456_dfb825283a487bed,4,72_1171,3,11
14465,2025_014465_bf87307374d97607,3,72_1171,3,15
14470,2025_014470_790fd423afd2d90f,3,72_1171,3,74
14471,2025_014471_0d0c401ad7c7c7e2,3,72_1172,2,28
14475,2025_014475_cfe961ab5773053e,4,72_1172,2,38
14488,2025_014488_a31b84415f79a8f3,5,72_1172,2,9
14497,2025_014497_c8b322d1fd1b652e,6,72_1172,2,9
14498,2025_014498_e1a81317d9a9547d,3,72_1172,2,71
14500,2025_014500_17ff57ad895dfb82,3,72_1172,2,10
14503,2025_014503_87535dc1ea1c3055,4,72_1172,2,5
14508,2025_014508_70d8d203d3dfdcc1,6,72_1172,2,16
14513,2025_014513_5f4d95824535235a,6,72_1172,2,2
14515,2025_014515_689a0047debbec9c,7,72_1172,2,16
14517,2025_014517_124a2d0dd82d4102,4,72_1172,2,3
14521,2025_014521_3fef5ba97786e94d,2,72_1171,3,29
14523,2025_014523_34a09c8f1e199f61,6,72_1171,3,4
14531,2025_014531_2afe2697b316509c,6,72_1171,3,7
14533,2025_014533_ae906b2555e08fe1,6,72_1171,3,4
14539,2025_014539_d1822d1b8372d637,1,72_1171,3,6
14551,2025_014551_d60bd6f4d7319676,2,72_1171,3,9
14556,2025_014556_217c723540b8f018,0,72_1171,3,2
14568,2025_014568_27dbea66431df3a5,3,72_1171,3,29
14569,2025_014569_51dd31efa6520a2c,3,72_1171,3,4
14571,2025_014571_8506264670ee1151,6,72_1171,3,25
14575,2025_014575_2e90f4ca08e92adb,6,72_1171,3,35
14579,2025_014579_faa0804ab89eb249,6,72_1171,3,14
14588,2025_014588_75b542f231bee3fe,3,72_1171,3,31
14596,2025_014596_f84c5cd7ad0435c2,3,72_1171,3,34
14606,2025_014606_b776ce4a09cd4583,3,72_1171,3,14
14619,2025_014619_b4be1c816bed3180,2,72_1172,2,7
14648,2025_014648_49d2c568954f221d,7,72_1171,3,90
14650,2025_014650_b8e82752eb5f7732,3,72_1171,3,84
14651,2025_014651_0b357506f779ac7a,6,72_1171,3,40
14652,2025_014652_c79616c68bbbaeae,6,72_1171,3,25
14653,2025_014653_f9d0fe8296b4a617,3,72_1171,3,22
14658,2025_014658_248b661148eb8d0d,2,72_1171,3,14
14660,2025_014660_25445ac95caa706e,1,72_1171,3,5
14661,2025_014661_2cdfb185552157d4,0,72_1171,3,9
14664,2025_014664_85eb97b538c0f3a9,1,72_1171,3,14
14665,2025_014665_12295f7518f3af74,0,72_1171,3,5
14669,2025_014669_0f4c05a9807a3c04,1,72_1171,3,4
14675,2025_014675_f701d53c99a9f80d,5,72_1171,3,23
14681,2025_014681_aad19eceb8212d63,1,72_1171,3,4
14683,2025_014683_158212ad2f7fbf52,4,72_1171,3,23
14697,2025_014697_8402a1d51280482e,7,72_1171,3,15
14701,2025_014701_50a784ba9c69ac57,3,72_1171,3,15
14703,2025_014703_ae9d9617b367eea0,2,72_1171,3,56
14704,2025_014704_398adc46c0650674,6,72_1172,2,39
14707,2025_014707_b1e697c612450e16,3,72_1172,2,17
14708,2025_014708_99153a2cd9b7112a,3,72_1172,2,26
14709,2025_014709_5032e30520c12c7a,4,72_1172,2,5
14710,2025_014710_defc2bae2e478b76,3,73_1172,0,16
14722,2025_014722_2d5e30bacbe9e68e,3,73_1172,0,25
14724,2025_014724_83eb191068c70603,3,73_1172,0,14
14733,2025_014733_62f4fb9d048d715f,1,72_1171,3,6
14734,2025_014734_649c1fe0a64c4f71,3,73_1171,4,10
14735,2025_014735_830c02e030b8aebd,1,72_1171,3,8
14736,2025_014736_88233016e0dce20f,1,72_1171,3,10
14739,2025_014739_c9310da96179b9b5,3,73_1171,4,27
14743,2025_014743_8f8faf835e585ece,6,73_1171,4,29
14746,2025_014746_fdbd675486c8e044,3,73_1171,4,12
14774,2025_014774_f469153278f83572,4,72_1171,3,63
14781,2025_014781_24be9d442f41acde,7,72_1171,3,13
14791,2025_014791_7fe61e0d4ef1a9ab,5,73_1171,4,9
14799,2025_014799_75baa34b0db3382b,7,72_1171,3,35
14803,2025_014803_431cd15c9d118813,3,72_1171,3,8
14808,2025_014808_dfdcd9703e055333,4,72_1171,3,40
14817,2025_014817_1c62fefcbe46eb9d,4,72_1171,3,3
14818,2025_014818_836e701c5ebc81c7,5,72_1171,3,22
14819,2025_014819_ae9b25257c2bc317,3,72_1171,3,81
14821,2025_014821_33a605fa4ca76456,2,72_1171,3,18
14823,2025_014823_70cc8f6431e2f96e,7,72_1171,3,24
14824,2025_014824_89d783fc033871ba,4,72_1171,3,33
14828,2025_014828_d65f9c2710002cf4,4,72_1171,3,35
14832,2025_014832_804b153f6a919bf5,3,72_1171,3,36
14838,2025_014838_c9dc2c1e81e33624,6,72_1171,3,18
14846,2025_014846_3357d69b76404fba,3,72_1171,3,17
14853,2025_014853_2271b8250e099060,7,72_1171,3,33
14865,2025_014865_141cff4e8e4c957f,3,73_1171,4,9
14890,2025_014890_bebc055371890027,4,72_1171,3,92
14893,2025_014893_cb3bdcb3d26dc065,2,72_1171,3,107
14899,2025_014899_95a9a189ebfa15cb,6,72_1171,3,86
14911,2025_014911_2fc1332e3f61b6e9,0,72_1171,3,13
14916,2025_014916_c2428604ab73f6d0,7,73_1171,4,10
14920,2025_014920_d4be5ec4ee78d538,3,72_1171,3,18
14921,2025_014921_21951f38bdadaf0e,3,72_1171,3,10
14922,2025_014922_d09d5bcc0567851c,6,72_1171,3,39
14928,2025_014928_5e2800cb471981ef,3,72_1171,3,67
14929,2025_014929_237c9550357ee7df,4,72_1171,3,23
14930,2025_014930_a839353aebfc8dbb,6,72_1171,3,25
14934,2025_014934_3c88940c0867bcc2,3,72_1171,3,50
14940,2025_014940_4ce9ebb4f36023c7,3,72_1171,3,4
14948,2025_014948_1fa620d07748cb71,0,72_1171,3,2
14951,2025_014951_6af700844df9bd89,0,72_1171,3,2
14958,2025_014958_fb8174be428f849b,5,72_1172,2,6
14961,2025_014961_afdf0ba617107e9d,3,72_1171,3,15
14963,2025_014963_d500868ad839f303,6,72_1171,3,56
14968,2025_014968_b89a9c6f0bf5fce1,3,72_1172,2,21
14973,2025_014973_a0bf2567f9f29e19,5,72_1171,3,9
14975,2025_014975_0cf5536380a517f3,4,72_1171,3,34
14978,2025_014978_342a8b751b922c04,6,72_1172,2,11
14984,2025_014984_315d282607178dad,3,72_1172,2,61
14988,2025_014988_50e0e33e5bf144c3,6,72_1172,2,46
14992,2025_014992_2dea4045d8ae92c9,5,72_1172,2,70
14993,2025_014993_12b63f948e6b0951,1,72_1172,2,36
14998,2025_014998_0be02b5c86234b7a,5,72_1172,2,81
15010,2025_015010_9c0a23883cb462b9,3,72_1172,2,13
15014,2025_015014_6190bcb45a5f43f5,1,72_1172,2,13
15089,2025_015089_6ae2ef3375578685,7,72_1172,2,2
15090,2025_015090_868ed82212b207d2,7,72_1172,2,62
15091,2025_015091_34fd87f68a6c2934,5,72_1172,2,63
15096,2025_015096_d73fc36d3bc9eff0,3,72_1171,3,34
15098,2025_015098_4948e5fc42798973,3,72_1171,3,32
15099,2025_015099_4c53142a4f7e3269,3,72_1172,2,14
15104,2025_015104_73c6bef484798bd0,3,72_1172,2,13
15124,2025_015124_9f0a3ed50759556e,4,72_1171,3,10
15128,2025_015128_91a83c98e6d1705a,4,72_1172,2,12
15129,2025_015129_a008f1a8518ca0a8,3,72_1172,2,8
15130,2025_015130_8ed3ed34f53a0ef2,7,72_1172,2,2
15131,2025_015131_858c65330ab710a5,3,72_1172,2,73
15134,2025_015134_aa34b215aeb9faaa,6,72_1172,2,12
15136,2025_015136_7b4cc12b69fb5838,3,72_1172,2,19
15138,2025_015138_6e6b84c58ab0b077,4,72_1172,2,88
15140,2025_015140_a0bd3321c5e6edff,6,72_1172,2,4
15148,2025_015148_365d855ce5ac4a6d,5,72_1172,2,2
15152,2025_015152_b26e7096d067c38d,7,72_1172,2,40
15157,2025_015157_619b7cf201feb7b1,6,72_1172,2,4
15158,2025_015158_4f1a3770d01c3185,2,72_1171,3,5
15164,2025_015164_d02b669016267546,2,72_1171,3,8
15167,2025_015167_6ca39454b2e1c75a,7,72_1171,3,8
15169,2025_015169_05c75e69c95f4697,1,72_1171,3,6
15171,2025_015171_ab5fcd776dfa2948,3,72_1171,3,10
15178,2025_015178_1efd3567d1768241,3,72_1171,3,39
15180,2025_015180_0c8e5cd8e1a3b7a4,1,72_1171,3,10
15183,2025_015183_0382214020c5cd3f,7,72_1171,3,6
15188,2025_015188_3559af3adf5b53d8,4,72_1171,3,60
15196,2025_015196_668591c81b31781c,2,72_1171,3,74
15204,2025_015204_e51fb94992b662ad,3,72_1171,3,9
15211,2025_015211_f907cf36cc8e184b,0,72_1171,3,26
15213,2025_015213_e6ab6769e05afdfd,0,72_1171,3,26
15214,2025_015214_4d1daf719bd37a79,0,72_1171,3,27
15215,2025_015215_25766f4e6e35c4e1,0,72_1171,3,25
15216,2025_015216_bdb2ae473571a1e7,0,72_1171,3,20
15217,2025_015217_0830de1d6597888e,0,72_1171,3,9
15218,2025_015218_bba3070d27b75198,7,72_1171,3,3
15219,2025_015219_e222c2b540713d3c,1,72_1171,3,15
15223,2025_015223_ef9421504eaa9324,1,72_1171,3,16
15228,2025_015228_2ba96c35f8086c62,1,72_1171,3,15
15233,2025_015233_86337a722e0d9fde,1,72_1171,3,17
15235,2025_015235_d88bfca81b94c3b5,1,72_1171,3,7
15254,2025_015254_d254426833c08180,3,70_1171,5,14
15258,2025_015258_5e0b42add0981940,3,70_1171,5,9
15260,2025_015260_72f9dcc3a473221f,6,70_1171,5,16
15264,2025_015264_4871e408ed1fd310,7,70_1171,5,11
15268,2025_015268_8d594f12c60bdcf8,3,70_1171,5,19
15271,2025_015271_2b3658d12d186b77,2,70_1171,5,6
15272,2025_015272_4185eff0be8c1cf9,4,70_1171,5,22
15273,2025_015273_f953982e82896181,3,70_1171,5,3
15274,2025_015274_3933329714cf4b3a,6,70_1171,5,7
15276,2025_015276_46ab0e2a83ad2d85,3,70_1171,5,28
15280,2025_015280_55a6a3bee6d3f88a,3,70_1171,5,2
15283,2025_015283_3707247a3953f8e8,6,70_1171,5,2
15284,2025_015284_2d44b4cb13bcdf54,6,70_1171,5,6
15286,2025_015286_7d24292e0359fbe1,2,70_1171,5,8
15292,2025_015292_8bf3814a77953de6,3,70_1171,5,2
15297,2025_015297_c72fb097772f760b,5,70_1171,5,3
15304,2025_015304_9a08fcd619d0ece9,3,70_1171,5,8
15310,2025_015310_589f7ae7dd0d50c5,6,70_1171,5,10
15312,2025_015312_60bf6080f010c55e,4,70_1171,5,4
15323,2025_015323_5d1dcc6cb163c70f,3,70_1171,5,30
15326,2025_015326_3713ca02f4d3ab5e,4,70_1171,5,8
15327,2025_015327_2f8beff4c5b31343,6,70_1171,5,2
15328,2025_015328_d7951e0b2674b54b,7,70_1171,5,7
15329,2025_015329_7b620a0229d2f765,2,69_1171,3,3
15331,2025_015331_5d661ec00b607753,4,69_1171,3,15
15334,2025_015334_9c58f40672f7b1c9,3,69_1171,3,15
15336,2025_015336_52c383989f62d5b7,3,69_1171,3,24
15341,2025_015341_3b4de104ca071cf9,3,69_1171,3,7
15347,2025_015347_29d76a70e3517282,6,69_1171,3,24
15359,2025_015359_4a6ec78d385ac859,0,69_1171,3,13
15363,2025_015363_23c407c74d4d7999,3,69_1171,3,22
15366,2025_015366_97a29adc993c13da,7,69_1171,3,7
15370,2025_015370_7d0c7a23af82c738,1,69_1171,3,6
15375,2025_015375_66a806e66007844f,3,70_1171,5,15
15378,2025_015378_20eb423b1485c85a,4,70_1171,5,24
15382,2025_015382_441f891b818202a4,7,70_1171,5,13
15384,2025_015384_858d59e77c2c9214,3,70_1171,5,2
15398,2025_015398_5dd45bbb2320b78a,3,70_1171,5,8
15401,2025_015401_7c41c563ed3be309,4,70_1171,5,9
15413,2025_015413_ce98d22c8530606e,4,70_1171,5,21
15414,2025_015414_3e87b51e9e05bf63,4,70_1171,5,18
15416,2025_015416_be45a5706b1917c5,4,70_1171,5,2
15423,2025_015423_bf75be639d89420d,3,70_1171,5,5
15429,2025_015429_9f5b0437f07bd6dd,1,70_1171,5,2
15435,2025_015435_607733a156df6078,1,70_1171,5,3
15440,2025_015440_f8f06ff361e97656,0,69_1171,3,3
15450,2025_015450_718af3e701ace794,3,70_1171,5,6
15453,2025_015453_2fe0ecd0bca9d02e,4,70_1171,5,6
15458,2025_015458_3b6a01b14e164293,3,70_1171,5,5
15462,2025_015462_93debf2ad15a280c,3,70_1171,5,3
15466,2025_015466_9f6c958ba678bb47,2,70_1171,5,17
15469,2025_015469_38ae46c7f7c183ec,3,70_1171,5,7
15476,2025_015476_17f37ff653b73d28,3,70_1171,5,5
15483,2025_015483_c5ff03167c3ecee0,3,70_1171,5,32
15484,2025_015484_8fafea0ba0bd7f8b,3,70_1171,5,2
15488,2025_015488_180d25928cc440b9,3,70_1171,5,17
15493,2025_015493_bd8aa362b31be823,3,70_1171,5,13
15496,2025_015496_67ba4aa94dfdadc9,2,70_1171,5,2
15498,2025_015498_682271217244dab4,3,70_1171,5,35
15499,2025_015499_5c5ba98332db440b,2,70_1171,5,10
15502,2025_015502_0a96ef91e77baddf,4,70_1171,5,9
15506,2025_015506_62ced8aedc689078,4,70_1171,5,53
15511,2025_015511_869478e15e957f7e,2,70_1171,5,9
15512,2025_015512_b204786b48a70675,5,70_1171,5,2
15513,2025_015513_59a22c600f055057,3,70_1171,5,45
15531,2025_015531_4016520904585366,1,70_1171,5,5
15541,2025_015541_da10f2ce3db0202a,6,70_1171,5,12
15548,2025_015548_159049cffe7e8d02,7,70_1171,5,2
15567,2025_015567_677d9e2faf20ac8c,4,70_1171,5,7
15568,2025_015568_8101d4a237c62312,4,70_1171,5,8
15574,2025_015574_b16e6373d3121e66,2,70_1171,5,25
15579,2025_015579_1abb6c4cf896d1b6,6,70_1171,5,6
15588,2025_015588_fae60cd4bbc691a0,4,70_1171,5,13
15593,2025_015593_3971e2da571806b4,5,70_1171,5,14
15604,2025_015604_b5b2a5c26e408a2c,3,70_1171,5,8
15605,2025_015605_9c0b214de693250a,4,70_1171,5,14
15606,2025_015606_88b26a14096f2bae,3,70_1171,5,8
15618,2025_015618_7b08817914389d89,3,70_1171,5,6
15626,2025_015626_5413c9398b1fa2b3,7,70_1171,5,6
15636,2025_015636_24a67cb64f2e5f41,7,70_1171,5,23
15644,2025_015644_f501296ca0c9d1d6,7,70_1171,5,11
15649,2025_015649_365a79522b138aae,3,70_1171,5,4
15661,2025_015661_2c966b3aa7d0b3e7,5,70_1171,5,2
15667,2025_015667_c1c83cb50543c695,6,70_1171,5,2
15674,2025_015674_f2da06ec81dbe6c7,6,70_1171,5,2
15675,2025_015675_fc3b3dca1deb597b,0,70_1171,5,4
15683,2025_015683_c5e415279162e0a4,3,70_1171,5,9
15688,2025_015688_748f2faddf9a2c55,4,70_1171,5,10
15691,2025_015691_d8f1d342127d4aa2,6,70_1171,5,9
15694,2025_015694_c2a3ea2207671f56,2,70_1171,5,3
15699,2025_015699_a87b64922274ad50,3,70_1171,5,3
15700,2025_015700_a19412388506fbc6,1,70_1171,5,6
15701,2025_015701_a72c3df82b1ba60c,3,70_1171,5,3
15706,2025_015706_f3894640998b8904,1,70_1171,5,2
15713,2025_015713_b32b2262d8ba393b,3,70_1171,5,2
15716,2025_015716_187fbd3601d66622,4,70_1171,5,16
15721,2025_015721_6f1d254a57ca0d5f,5,69_1171,3,3
15738,2025_015738_fc913865db941fa7,7,69_1171,3,2
15739,2025_015739_2a2e1f7072605f7b,3,69_1171,3,24
15748,2025_015748_102ed017dd363aa7,4,69_1171,3,12
15749,2025_015749_3eda4341e60c55de,7,69_1171,3,9
15754,2025_015754_4b0425bc8a06cdda,6,70_1171,5,2
15765,2025_015765_54c9150852b24164,3,70_1171,5,4
15770,2025_015770_3e45fddf43af633f,7,70_1171,5,7
15782,2025_015782_205ba9ce487d6b77,4,70_1171,5,3
15786,2025_015786_175c03b77437cfec,6,69_1171,3,9
15788,2025_015788_4e2b3f3faaf2efc6,6,69_1171,3,25
15799,2025_015799_601921e95e01fd8e,0,69_1171,3,2
15836,2025_015836_47bb2984b92092a6,3,70_1171,5,12
15844,2025_015844_6a999e3b9cd6b22e,3,69_1171,3,2
15845,2025_015845_86545767ff897af4,4,69_1171,3,12
15850,2025_015850_1cc5886c7cdd545b,3,70_1171,5,8
15851,2025_015851_9831acd1ed08181b,2,69_1171,3,4
15865,2025_015865_b833604044d7bd78,4,69_1171,3,21
15872,2025_015872_b37e801bba462778,7,70_1171,5,7
15876,2025_015876_625030a3b75452d3,6,70_1171,5,9
15884,2025_015884_314882a55badd5c4,3,70_1171,5,2
15887,2025_015887_de6abfad0f0ac380,7,70_1171,5,2
15895,2025_015895_b14d90aad8a17f56,3,70_1171,5,8
15897,2025_015897_98272279caa257ca,4,70_1171,5,2
15898,2025_015898_94d651cb602193f6,2,69_1171,3,5
15900,2025_015900_85eb34bc530ba9a4,2,69_1171,3,5
15904,2025_015904_5730c3c72c843401,3,69_1171,3,2
15907,2025_015907_cd466965c47072e7,3,69_1171,3,5
15911,2025_015911_a739b9c0a0de683f,3,69_1171,3,3
15914,2025_015914_23836cc8f12b14e5,3,69_1171,3,36
15916,2025_015916_dbbe034e0e3b844d,3,69_1171,3,8
15920,2025_015920_2d418484441530a5,3,69_1171,3,5
15923,2025_015923_c8b3bcc7825adbd0,7,69_1171,3,29
15924,2025_015924_d426987c914c680f,3,69_1171,3,9
15926,2025_015926_c9bc01baaa3b60ca,2,69_1171,3,5
15935,2025_015935_8fc29196afe8f023,3,70_1171,5,60
15936,2025_015936_bde71ab8510e2aff,1,70_1171,5,21
15937,2025_015937_73dc78e4ca7aa617,1,70_1171,5,39
15940,2025_015940_4d6ee4de3da37861,6,70_1172,0,8
15941,2025_015941_f4cedc79910db30a,4,70_1172,0,9
15952,2025_015952_c59484eac107b343,1,70_1171,5,29
15955,2025_015955_c1db45902ae47586,6,70_1172,0,6
15960,2025_015960_cc4f33c04b00b060,3,70_1171,5,32
15964,2025_015964_4069373390f847a8,1,70_1172,0,10
15966,2025_015966_146a3f473382f27c,4,70_1172,0,12
15972,2025_015972_0d41bc8145178bcc,4,70_1171,5,4
15980,2025_015980_ef48a1e01840e93f,1,70_1171,5,67
15989,2025_015989_be22f56dfa731dea,7,70_1171,5,7
15990,2025_015990_0e574dc066609f1c,7,70_1172,0,36
15991,2025_015991_2c9291e94b7a6ea1,7,70_1171,5,20
15992,2025_015992_79e76a31384a7c14,7,70_1171,5,26
15993,2025_015993_1ed3f720b9b5f7b1,7,70_1171,5,26
15994,2025_015994_090c42acdc63efe2,7,70_1172,0,8
15998,2025_015998_4a9925695166f6a7,4,70_1171,5,3
15999,2025_015999_0e55e106bc9587b8,2,69_1171,3,19
16001,2025_016001_2af919c1d7c278c9,2,70_1171,5,17
16002,2025_016002_019376a4a236e4cd,1,70_1171,5,17
16006,2025_016006_514c44c283ef71e1,2,70_1171,5,18
16030,2025_016030_34f603965c5c1ca7,3,69_1172,5,4
16036,2025_016036_5a9a8e10b1e454b8,5,69_1172,5,9
16037,2025_016037_e65b648fd4f0ad1f,3,69_1172,5,16
16039,2025_016039_ca9a0836611ccae5,3,69_1172,5,19
16047,2025_016047_e983e421c79f0cbd,1,70_1172,0,33
16048,2025_016048_b0a5108a1b152518,3,69_1172,5,9
16056,2025_016056_79677cbd145551d2,3,70_1172,0,8
16059,2025_016059_b6458d34e087262e,2,70_1172,0,24
16061,2025_016061_a11be7841aaf44dc,5,70_1172,0,16
16077,2025_016077_f605a3826c5bb5c5,2,70_1172,0,9
16090,2025_016090_803e5817996394c2,4,69_1172,5,4
16121,2025_016121_37e993d364b50ad3,7,70_1172,0,6
16122,2025_016122_0df369ff44b03bf5,0,70_1172,0,21
16123,2025_016123_d42547f8714fd984,0,70_1172,0,2
16125,2025_016125_7927b362dd1261f2,7,70_1172,0,3
16128,2025_016128_db198cb514cce39b,0,70_1172,0,12
16141,2025_016141_631c661ee9e48bc0,7,70_1172,0,3
16143,2025_016143_7ed4832883bb88ce,7,70_1172,0,4
16151,2025_016151_17834b8ebfaea5ea,6,69_1172,5,10
16153,2025_016153_8e1c98710e4000a1,7,69_1172,5,29
16157,2025_016157_7e66c9c441f65f65,7,69_1172,5,20
16161,2025_016161_2fb04ebaca1655bf,7,69_1172,5,20
16181,2025_016181_d960caa5b86bda6c,1,70_1171,5,23
16185,2025_016185_8b2e912bbda60770,2,70_1171,5,25
16189,2025_016189_debadbc993161efa,7,70_1171,5,47
16190,2025_016190_732a37a1a6b93ec7,7,70_1171,5,4
16206,2025_016206_db1af8f68c2ef77f,3,70_1171,5,2
16232,2025_016232_ad247004d68b2a11,6,70_1171,5,10
16234,2025_016234_51825aad65adcf18,1,70_1171,5,7
16235,2025_016235_030a35580ad1908c,6,70_1171,5,12
16238,2025_016238_e77f092a3162fca8,3,70_1171,5,13
16240,2025_016240_9d9cc4a4bb8b5990,4,70_1171,5,2
16241,2025_016241_bf1ba7a24e3ce3a1,1,70_1171,5,3
16245,2025_016245_9c6877d37921d6c0,6,70_1171,5,2
16248,2025_016248_f50336f95402cc39,1,70_1171,5,7
16264,2025_016264_3ef3988826784356,7,70_1171,5,86
16265,2025_016265_5f0c0415b609fc1d,6,70_1172,0,54
16273,2025_016273_d0f169f97ec4a731,6,70_1172,0,17
16279,2025_016279_dc9228e5951cc12c,2,70_1172,0,25
16292,2025_016292_52a61258e5ba281c,3,70_1172,0,6
16298,2025_016298_a4d541dd9e31d0cb,3,70_1172,0,60
16319,2025_016319_d64a42062e546ac8,0,70_1171,5,2
16337,2025_016337_15ded853709c43d7,6,70_1171,5,6
16361,2025_016361_2aebca6d1af49161,3,70_1171,5,4
16362,2025_016362_47da7439fb41541e,3,70_1171,5,5
16364,2025_016364_9526c0490eb62a1e,3,70_1171,5,5
16367,2025_016367_29d34f173b23d4c8,4,70_1171,5,27
16374,2025_016374_4ea5394aa96ff6b8,4,70_1171,5,6
16375,2025_016375_6a78391f0407aeb4,7,70_1171,5,7
16377,2025_016377_91182c17ff93a65a,7,70_1171,5,6
16380,2025_016380_010c0c236ad55ee6,4,70_1171,5,16
16390,2025_016390_6197d032ba8fddc8,6,70_1171,5,12
16391,2025_016391_52ad9f0f50172240,5,69_1172,5,55
16394,2025_016394_4b9fafa099c09cc0,6,69_1172,5,20
16396,2025_016396_a9b21aaf2e60807f,2,69_1172,5,38
16403,2025_016403_c70302334a64a006,3,70_1172,0,19
16404,2025_016404_2be619da7cef3d2f,3,70_1172,0,20
16407,2025_016407_4e1c69f1f8ddf01a,7,70_1172,0,13
16408,2025_016408_3c977d4bbbdf9f0a,1,70_1172,0,8
16409,2025_016409_d33adc17f4a39e9d,6,70_1172,0,73
16411,2025_016411_18511743b023e4db,3,70_1172,0,17
16415,2025_016415_cc2874f5e3a6f96b,2,70_1172,0,68
16417,2025_016417_54402af77a0a37c2,2,70_1172,0,12
16418,2025_016418_67d5d49dc567a829,1,70_1172,0,20
16421,2025_016421_ba9a9043f2bac307,1,70_1172,0,62
16422,2025_016422_7070896521292c39,0,70_1172,0,20
16425,2025_016425_ef2589062cf0c17a,4,70_1171,5,7
16427,2025_016427_8486a5ea5d868523,4,70_1171,5,4
16435,2025_016435_8e1fca129d1702c8,4,70_1171,5,6
16443,2025_016443_a5a0e1aa8438cf90,3,70_1171,5,9
16448,2025_016448_a21e5dc8b3812af2,3,70_1171,5,5
16451,2025_016451_8b85e1b83aa8cdb0,6,70_1171,5,9
16457,2025_016457_5f3af2268fc318c4,4,70_1171,5,7
16463,2025_016463_19acaf785c80db3e,4,70_1171,5,2
16473,2025_016473_12542878f00ffe4e,4,70_1171,5,2
16480,2025_016480_f56c21c60d83aec3,2,70_1171,5,5
16483,2025_016483_2f51b2ba3f2002d1,1,70_1171,5,11
16488,2025_016488_b18d919f013fb9d3,4,70_1171,5,2
16490,2025_016490_282cb1a6ab863589,3,70_1171,5,12
16503,2025_016503_9656de43d82fd2e8,6,70_1171,5,4
16506,2025_016506_535fa0835d2b206c,6,70_1171,5,50
16514,2025_016514_5df8a7a5d3533938,3,70_1171,5,10
16524,2025_016524_1d212901fd84c817,1,70_1171,5,3
16527,2025_016527_e72c615134f9d0cb,1,70_1171,5,3
16530,2025_016530_b821d3daf81781a3,1,70_1171,5,6
16541,2025_016541_8b428c6b987a2e26,6,70_1171,5,27
16545,2025_016545_96d8851a46789ee5,5,70_1171,5,8
16548,2025_016548_931d36c61e909566,6,70_1171,5,7
16552,2025_016552_647a6ef7f5177310,6,70_1171,5,6
16557,2025_016557_b08477948f46f938,3,70_1171,5,2
16558,2025_016558_75fa129cead35d88,3,70_1171,5,2
16560,2025_016560_afdda7292e5235bc,5,70_1171,5,14
16563,2025_016563_e1cca3ff036d497a,7,69_1171,3,2
16572,2025_016572_afe3bcf0514bc27a,7,70_1171,5,4
16595,2025_016595_b450af663c236f3c,6,70_1171,5,2
16600,2025_016600_d88952b4c5d999ba,3,70_1171,5,11
16603,2025_016603_e91b132284fb93af,7,70_1171,5,2
16612,2025_016612_cf490dd89ffa7117,2,70_1171,5,31
16613,2025_016613_f29e15e0ff9820c6,3,70_1171,5,2
16630,2025_016630_af42e5fcef2d9c5e,3,70_1171,5,24
16638,2025_016638_8a41f96ccaeced63,6,70_1171,5,24
16642,2025_016642_c820d2ad42982d81,3,70_1171,5,8
16643,2025_016643_eac51ff1efaa747e,3,70_1171,5,7
16644,2025_016644_9b9b1ebb5cb8520e,7,70_1171,5,36
16645,2025_016645_61563660a5842c36,7,70_1171,5,19
16647,2025_016647_1b738b8272d514de,7,70_1171,5,3
16648,2025_016648_c3132fe7bea0b826,7,70_1171,5,25
16650,2025_016650_8dcd0e3f223debf7,7,70_1171,5,4
16652,2025_016652_abe43d76f54783d8,7,70_1171,5,41
16653,2025_016653_43161d4679e728f2,7,70_1171,5,2
16654,2025_016654_73c804a7fee1fd2e,7,70_1171,5,26
16655,2025_016655_833fcf855eb76d2a,7,70_1171,5,17
16656,2025_016656_7eac74a4b7f9f559,7,70_1171,5,44
16657,2025_016657_73206ab3d0e29722,7,70_1171,5,39
16658,2025_016658_9becf3c374d554c3,7,70_1171,5,2
16659,2025_016659_e4dc692155338a2f,7,70_1171,5,26
16660,2025_016660_524165ebce1aca1f,7,70_1171,5,27
16663,2025_016663_aceb982321ed2fbc,7,70_1172,0,2
16664,2025_016664_a04b1c9e6644df59,7,70_1171,5,6
16666,2025_016666_cb67ca68d3b54db1,7,70_1171,5,34
16667,2025_016667_28610511afa258fc,7,70_1171,5,33
16668,2025_016668_bee8aa4114bdb9b2,7,70_1172,0,21
16669,2025_016669_6a73158982b1b776,7,70_1171,5,29
16670,2025_016670_9023c4964eb78a1b,7,70_1171,5,38
16671,2025_016671_0a2b9f46f6221916,7,70_1171,5,35
16672,2025_016672_196abe58efaa663b,7,70_1171,5,13
16675,2025_016675_bf634b26de711529,7,70_1171,5,3
16676,2025_016676_56bedff5b918366f,7,70_1171,5,14
16677,2025_016677_2a34ccee08d5cade,7,70_1171,5,5
16679,2025_016679_0478899a8dcba9d3,7,70_1171,5,21
16681,2025_016681_2b1e9803ab050e73,7,70_1171,5,21
16682,2025_016682_55391cbabb8f3927,7,70_1171,5,2
16687,2025_016687_daf93b1db2f76512,4,69_1171,3,41
16693,2025_016693_2ae2a12821ab629d,0,69_1171,3,13
16697,2025_016697_4ebafc3e066802d0,4,69_1171,3,3
16703,2025_016703_c9a6652ecd485751,4,69_1171,3,25
16706,2025_016706_4ae9934734e570b9,7,69_1171,3,15
16708,2025_016708_20bffce3c29662cc,7,69_1171,3,19
16709,2025_016709_3a707cf2f1bcf32d,7,69_1171,3,15
16710,2025_016710_b71f52f3dd46050f,3,69_1171,3,15
16721,2025_016721_f5dd219263e87134,7,69_1171,3,11
16722,2025_016722_26fbcd5ee766db7e,7,69_1171,3,18
16723,2025_016723_342d7a13d10fa82a,0,69_1171,3,7
16725,2025_016725_d3b89702b47b4e1e,2,69_1171,3,6
16729,2025_016729_c1a5b665ac40ee28,3,69_1171,3,23
16730,2025_016730_c18fbd0f70c61a80,3,69_1171,3,6
16732,2025_016732_c77600fb66d498df,7,69_1171,3,22
16735,2025_016735_c003243e08b736c7,7,69_1171,3,13
16737,2025_016737_603754e530800558,7,69_1171,3,12
16738,2025_016738_6b854ece0002591e,7,69_1171,3,7
16740,2025_016740_fc0238c3a2176582,4,69_1171,3,3
16741,2025_016741_ce09ce29b86c5a25,7,69_1171,3,24
16745,2025_016745_db2fb39a72252f23,0,69_1171,3,3
16751,2025_016751_5132df6378a04563,0,69_1171,3,3
16752,2025_016752_75ea334fde8b8a4a,6,69_1171,3,2
16755,2025_016755_6314e333d37bbaef,0,69_1171,3,4
16757,2025_016757_b9fe253d9dbfcbef,4,69_1171,3,22
16770,2025_016770_d42bacb192c77352,3,69_1171,3,18
16771,2025_016771_c75c4f0e6ed3ec09,6,69_1171,3,3
16774,2025_016774_da6f3dd60a7692a4,6,69_1171,3,5
16776,2025_016776_213d9e04e952e971,3,69_1171,3,3
16782,2025_016782_db4c44420636b94a,3,69_1171,3,37
16785,2025_016785_1ac7520133c29d4b,6,69_1171,3,42
16794,2025_016794_1097da36a776c892,3,69_1171,3,4
16799,2025_016799_bb3361be07c4aa2a,3,69_1171,3,27
16816,2025_016816_8ac8a286c47f1b1f,0,69_1171,3,3
16818,2025_016818_7732d8122edf08bc,4,69_1171,3,2
16825,2025_016825_886b4784b76ca09c,0,68_1172,4,2
16827,2025_016827_b67baca99ca64df6,0,68_1172,4,3
16828,2025_016828_5c1d1264d420b679,7,68_1172,4,1424
16829,2025_016829_9d24f096c4b4a93f,0,68_1172,4,31
16831,2025_016831_82e4a9422c15cefc,7,68_1172,4,332
16833,2025_016833_2d37a40f472ac586,0,68_1172,4,10
16834,2025_016834_76bc21610b98136a,0,68_1172,4,3
16836,2025_016836_d18640f2457ccd1e,0,68_1172,4,5
16838,2025_016838_f063243fdf186617,0,68_1172,4,8
16841,2025_016841_8b1cfc43ecabb54c,0,68_1172,4,2
16847,2025_016847_27cf4c22e3310a2c,5,68_1172,4,16
16850,2025_016850_d47482ef25635c67,3,68_1172,4,3
16851,2025_016851_2602f3f85fc29d07,3,68_1172,4,2
16853,2025_016853_9bd3efb5cff0b9c0,7,68_1172,4,15
16854,2025_016854_9d4102ed4224f44d,7,68_1172,4,2
16855,2025_016855_df7e456637ea953c,7,68_1172,4,11
16857,2025_016857_7d80b33617a282af,7,69_1171,3,11
16859,2025_016859_7806e57b777b5545,4,69_1171,3,4
16875,2025_016875_c4525c125419b308,3,69_1171,3,7
16881,2025_016881_4dff55ae9f080f6d,3,69_1172,5,10
16888,2025_016888_bee3effba0ca3536,3,69_1172,5,12
16895,2025_016895_136747e27e10358b,3,69_1172,5,10
16901,2025_016901_594b4b894720787b,2,69_1172,5,5
16902,2025_016902_4e1b7a01f746b603,7,69_1172,5,75
16903,2025_016903_b7bc2225986270cf,7,69_1172,5,3
16904,2025_016904_f22124cf9c2c9e6d,7,69_1172,5,4
16905,2025_016905_805c517b2197d85f,4,69_1172,5,65
16906,2025_016906_32bf48b9d10b8d32,5,69_1172,5,2
16907,2025_016907_d648aaa7d5b5c7d4,4,69_1172,5,19
16910,2025_016910_fb248c4ecd10cde3,7,69_1172,5,23
16914,2025_016914_c0ec96b4126059f0,7,69_1172,5,20
16915,2025_016915_befef0c9eae275cb,5,69_1172,5,16
16921,2025_016921_70480afa6bc70f02,6,69_1172,5,7
16922,2025_016922_4e6a98feab1d9ea2,1,69_1172,5,4
16923,2025_016923_cfbc47b38a019453,1,69_1172,5,4
16927,2025_016927_2ad5b83ab5f6d4f2,1,69_1172,5,5
16929,2025_016929_6b03dec35fe3cb97,2,69_1172,5,3
16931,2025_016931_9d635df9ed04dd78,7,69_1172,5,2
16932,2025_016932_641ce496c02ccd1f,3,69_1172,5,12
16933,2025_016933_23e07540e615ea1a,1,69_1172,5,5
16934,2025_016934_b3b952d040cf9b4b,4,69_1172,5,28
16935,2025_016935_52d606bd7277f565,4,69_1172,5,4
16945,2025_016945_cc4d5ec534d1b241,0,69_1172,5,7
16948,2025_016948_da2d65b000dca857,4,69_1172,5,7
16949,2025_016949_d69bc948c227ecf0,7,69_1172,5,3
16958,2025_016958_62137a4add05c9b0,3,69_1172,5,4
16964,2025_016964_421f81160f64602c,7,69_1172,5,11
16977,2025_016977_77b50f4927157e24,7,69_1172,5,30
16981,2025_016981_a887752742f76765,2,69_1172,5,9
16983,2025_016983_8ff0cd4b4b49e6f3,1,69_1172,5,11
17003,2025_017003_4bed4af81c839d2b,3,69_1172,5,9
17010,2025_017010_77734e487cb355d1,4,69_1172,5,10
17011,2025_017011_9d383d6c49686fba,1,69_1172,5,9
17012,2025_017012_6204b858ad9beb32,1,69_1172,5,7
17013,2025_017013_cd7c7145b34a4d8d,2,69_1172,5,4
17015,2025_017015_8341563a9d2f2df3,2,69_1172,5,4
17018,2025_017018_2809dca59a2e6d1a,1,69_1172,5,11
17023,2025_017023_676b32fa8c26c183,2,69_1172,5,3
17039,2025_017039_b184ae37b19ea7b5,7,69_1172,5,6
17041,2025_017041_81e5f17304097182,2,69_1172,5,11
17046,2025_017046_3fb9b4861e76af9c,2,69_1172,5,18
17048,2025_017048_9f414d69c1c0b513,4,69_1172,5,3
17049,2025_017049_80d8a435789daaa4,1,69_1172,5,6
17051,2025_017051_42f9b201360bdede,0,68_1172,4,17
17073,2025_017073_9d37c95f0e2da716,1,68_1172,4,3
17079,2025_017079_5f85c8fb130931f1,0,68_1172,4,2
17083,2025_017083_7c30c019dc599f54,0,68_1172,4,8
17110,2025_017110_c4ac16bae3fee5cc,4,69_1172,5,7
17114,2025_017114_4e92c71ab6a16d91,0,69_1172,5,8
17121,2025_017121_5b9a784963eccb2f,0,69_1172,5,6
17122,2025_017122_282b012b8b0b9a68,0,69_1172,5,9
17130,2025_017130_4eb6f2dd5dc15d32,0,69_1172,5,6
17131,2025_017131_ab4c7ad04cacef32,1,69_1172,5,10
17146,2025_017146_2efe2a637ed7e8f4,1,68_1172,4,11
17152,2025_017152_3bfa909471ca3899,4,68_1172,4,17
17155,2025_017155_bbaef9da967e8887,1,68_1172,4,16
17175,2025_017175_57fa167d55a85eda,6,69_1172,5,32
17176,2025_017176_656307b46055ffc3,6,69_1172,5,2
17177,2025_017177_1ae912e7d18f2828,1,69_1172,5,11
17181,2025_017181_fe25df138480cbaf,0,69_1172,5,13
17189,2025_017189_bbe3390f20151a08,0,69_1172,5,7
17193,2025_017193_5fa2ddc3120bf6e2,3,69_1172,5,20
17206,2025_017206_56412142b0235dc2,7,69_1172,5,11
17210,2025_017210_c219487322832bf1,2,69_1172,5,2
17212,2025_017212_4590a6df1d61c52a,7,69_1172,5,6
17219,2025_017219_064ab7da47d89d5f,1,68_1172,4,2
17251,2025_017251_f8bbe48197750bd7,2,68_1172,4,2
17252,2025_017252_fac7e0deb5044ae1,2,68_1172,4,11
17254,2025_017254_61ea189648abcb82,2,69_1172,5,6
17257,2025_017257_34808cbf5898bb00,0,69_1172,5,21
17263,2025_017263_5fecfe4432078a03,3,69_1172,5,22
17283,2025_017283_8375258b2946dc96,0,69_1172,5,6
17290,2025_017290_d97c859a0f099e5a,3,69_1172,5,6
17292,2025_017292_36e99b4f7804da68,2,69_1172,5,6
17293,2025_017293_042849414ee1c46c,1,68_1172,4,17
17298,2025_017298_2bfb51835724908e,3,68_1172,4,15
17302,2025_017302_ab86dd5efde5d790,0,68_1172,4,31
17332,2025_017332_e03a421aecf31075,0,69_1172,5,7
17355,2025_017355_5c60be6013385f14,2,69_1172,5,6
17362,2025_017362_6b70f8fd1ea1e32f,2,69_1172,5,8
17366,2025_017366_2d2dde5305c74c02,1,69_1172,5,2
17372,2025_017372_bbac867df6ab94f3,0,69_1172,5,4
17374,2025_017374_3fe41a15539739e0,4,69_1172,5,7
17375,2025_017375_3a16fe45cb55cf59,4,69_1172,5,32
17376,2025_017376_0bea57f16d59f45b,1,69_1172,5,27
17381,2025_017381_653cc888898c2c4b,1,69_1172,5,2
17389,2025_017389_1ae6442ff62c3798,1,69_1172,5,5
17397,2025_017397_81fdcc7783dc670b,0,69_1172,5,5
17402,2025_017402_00c3d76bf97d3da3,0,69_1172,5,6
17403,2025_017403_d47b888fe9c53d9f,1,69_1172,5,2
17417,2025_017417_3016e576a1ebacb3,2,69_1172,5,2
17421,2025_017421_f6a27c1deb495787,0,69_1172,5,3
17422,2025_017422_72a5d1b3d45124ed,0,69_1172,5,2
17426,2025_017426_0ab2034cfb6dad8a,0,69_1172,5,9
17429,2025_017429_941dd563fa462736,7,69_1172,5,7
17437,2025_017437_cb37712c5bbd20ae,2,69_1172,5,18
17442,2025_017442_7ee2683acd4494d1,2,69_1172,5,2
17444,2025_017444_4551f1988b2df0a8,2,69_1172,5,9
17449,2025_017449_221efb3cbe6fda54,0,69_1172,5,2
17451,2025_017451_2b2b60e19acae636,1,69_1172,5,5
17453,2025_017453_b6b6452b27988aee,1,69_1172,5,3
17455,2025_017455_8ede7d9219fa45c5,3,69_1172,5,3
17463,2025_017463_4e29f4771e24bad0,0,69_1172,5,4
17471,2025_017471_4ae04a8ebb0d1f3b,7,68_1172,4,61
17483,2025_017483_8aa9466bc372ed4a,6,68_1172,4,3
17484,2025_017484_c273c8c95a303707,7,68_1172,4,8
17486,2025_017486_9ad8ea33f9d42037,7,68_1172,4,13
17500,2025_017500_91c143dac6d4e270,7,68_1172,4,230
17501,2025_017501_f319e96f8de0f14b,3,68_1172,4,24
17504,2025_017504_43510fba897886a3,2,69_1172,5,14
17512,2025_017512_bf6bcf3c0c1e3ea1,1,69_1172,5,4
17518,2025_017518_027ac832c13df42f,3,69_1172,5,5
17519,2025_017519_0a303d2645794eb7,0,69_1172,5,12
17520,2025_017520_ef8e31eba4a39641,1,69_1172,5,28
17523,2025_017523_dfa375e2deca1b5c,0,69_1172,5,3
17526,2025_017526_827e2bb180e25194,2,69_1172,5,3
17527,2025_017527_eed51446f6478a34,1,69_1172,5,6
17528,2025_017528_ce32abadbf27d59d,2,69_1172,5,6
17538,2025_017538_7560163f1fad313b,4,69_1172,5,19
17541,2025_017541_01a92aa6dca5021a,3,69_1172,5,2
17548,2025_017548_c4c9cb701c11b5ea,4,69_1172,5,21
17558,2025_017558_a3edfdfeb2915dcc,3,69_1172,5,4
17562,2025_017562_6a00d9918aec7096,6,69_1172,5,9
17564,2025_017564_857269f8c8179aeb,4,69_1172,5,47
17567,2025_017567_68eb39b1e4643862,7,69_1172,5,12
17581,2025_017581_6a4ff43f7c8a7f24,2,69_1172,5,6
17582,2025_017582_13f56a991401c3aa,4,69_1172,5,13
17586,2025_017586_7c991984cf25d179,3,69_1172,5,16
17603,2025_017603_22df3e864260d4d5,7,69_1171,3,6
17605,2025_017605_397b86b43ba5d243,7,69_1171,3,15
17606,2025_017606_28f4ef9ea1401c16,3,69_1171,3,34
17612,2025_017612_502a2f693ed69af6,1,69_1171,3,2
17613,2025_017613_81ec333fccdfa899,1,69_1171,3,2
17616,2025_017616_fe3e33e35f58b08f,3,69_1171,3,8
17621,2025_017621_37cdbd4dec3f924a,7,69_1171,3,11
17627,2025_017627_07c4af0b3738fa06,6,69_1171,3,6
17628,2025_017628_1205bc438a743fc9,7,69_1172,5,47
17629,2025_017629_f9699f7d4bdb7dc6,3,69_1171,3,10
17630,2025_017630_b20921a8530175f3,7,69_1172,5,38
17631,2025_017631_37b790154939e8ce,4,69_1172,5,36
17632,2025_017632_6cb77ea4e8aef923,3,69_1172,5,9
17634,2025_017634_2335affee732672e,7,69_1172,5,19
17635,2025_017635_ddcaec36f30e3fe5,2,69_1172,5,26
17636,2025_017636_a60118b4998b9f28,0,69_1172,5,6
17637,2025_017637_e52588a76aba1bc7,0,69_1171,3,3
17638,2025_017638_f924851e6bd870a2,0,69_1171,3,2
17639,2025_017639_569db7df72710c62,2,69_1171,3,8
17640,2025_017640_8c373f818c5a1e6a,0,69_1172,5,21
17641,2025_017641_483febaf1ed6c515,2,69_1172,5,4
17656,2025_017656_2f4f9bbe8b04fe7b,0,69_1172,5,11
17658,2025_017658_d6bae6d68a55d71c,1,69_1172,5,15
17659,2025_017659_2eabe63ef4dcdaf4,1,69_1172,5,8
17663,2025_017663_502a59d846d69c41,0,69_1172,5,3
17666,2025_017666_bd177b45b3ff06d4,6,73_1171,4,99
17669,2025_017669_f65c8629a3101bb5,5,73_1171,4,85
17675,2025_017675_1f2869062b46f6b6,4,73_1171,4,98
17692,2025_017692_cf12799ffa3fe0e0,3,72_1171,3,4
17693,2025_017693_1c16b79049ccb57e,7,72_1171,3,4
17694,2025_017694_c8df2df02409ffc8,4,72_1171,3,4
17697,2025_017697_155500c97d9c1d96,3,72_1171,3,42
17698,2025_017698_9801b63cf60816fb,7,73_1171,4,38
17702,2025_017702_6e79699cd544041d,7,73_1171,4,62
17703,2025_017703_779c265fdabd54f9,4,73_1171,4,37
17709,2025_017709_195d6b8d46e4f385,3,73_1171,4,3
17715,2025_017715_9f564ba8e90b4beb,1,73_1171,4,21
17717,2025_017717_f9e287efb4979374,5,73_1171,4,23
17724,2025_017724_c6dee4647a751b5f,0,73_1171,4,24
17736,2025_017736_61b142dff016d216,6,73_1171,4,9
17747,2025_017747_2aa271163ec29ca0,3,73_1171,4,10
17752,2025_017752_90146509a328b768,3,73_1171,4,31
17754,2025_017754_15f2647297f6e8a6,6,73_1171,4,121
17757,2025_017757_747f5ebb4e8ac3eb,3,73_1171,4,11
17761,2025_017761_19b29140e05a6ffd,3,73_1171,4,31
17773,2025_017773_56186d5fa3ee914f,4,72_1171,3,8
17791,2025_017791_3e9262ac0ee28050,7,72_1171,3,4
17792,2025_017792_64bfc0b6128b38ec,7,72_1171,3,14
17795,2025_017795_8a3a597607541215,3,72_1171,3,11
17802,2025_017802_695224c2ac1ff781,3,73_1171,4,2
17804,2025_017804_74dc7c62b66a2216,4,73_1172,0,53
17818,2025_017818_7e6f505d6d44631d,7,73_1172,0,40
17823,2025_017823_a9b8fa2d3f2b00e3,6,73_1171,4,6
17834,2025_017834_0d707b733e40be03,4,73_1171,4,9
17848,2025_017848_02c42c2bb0267fb7,1,73_1171,4,2
17849,2025_017849_4295e81f742847a6,7,73_1171,4,2
17854,2025_017854_7a01faba138282c1,3,73_1171,4,34
17856,2025_017856_be063e00195cf86e,2,73_1171,4,10
17859,2025_017859_c0dd654bf1aa766b,6,73_1171,4,8
17863,2025_017863_e93509f132e707cf,3,73_1171,4,13
17873,2025_017873_6479961ff15841f5,3,73_1171,4,6
17881,2025_017881_81a9888270798722,3,73_1171,4,10
17897,2025_017897_cd5d8ea2a2e9e32a,1,73_1171,4,12
17907,2025_017907_20f9613f52414583,0,73_1171,4,2
17913,2025_017913_bb76a6793a23923f,3,73_1171,4,35
17929,2025_017929_fa31f9a0d52b1beb,4,73_1171,4,19
17933,2025_017933_4d5cfcb4ca05fe90,3,73_1171,4,5
17943,2025_017943_596499f096c7e8ec,3,73_1171,4,8
17961,2025_017961_3ffe171975ca0e68,6,73_1171,4,7
17970,2025_017970_f335d8717f0ce5e3,4,73_1171,4,3
17975,2025_017975_9f1cb74a89f7e060,1,73_1171,4,15
17984,2025_017984_925d41f2a9b6d54a,4,73_1171,4,3
17992,2025_017992_e740ca80444f6a55,3,73_1171,4,2
17996,2025_017996_f4a167ab023748f0,0,73_1171,4,5
18000,2025_018000_cdefc429c2ca2f88,1,73_1171,4,13
18001,2025_018001_490bab12b8dca36e,1,73_1171,4,15
18008,2025_018008_49078712bf945fd4,0,73_1171,4,25
18046,2025_018046_ee30737985558e55,2,73_1171,4,6
18052,2025_018052_f4218661c58f1352,3,73_1171,4,15
18074,2025_018074_793f5bd273c0732d,3,73_1172,0,6
18075,2025_018075_b037cb0254930e4c,0,73_1171,4,18
18079,2025_018079_e0c0d82d904487af,0,73_1171,4,17
18087,2025_018087_ed91d294a0f34d14,3,73_1171,4,4
18090,2025_018090_ce2ea794ba23d37f,3,73_1172,0,58
18093,2025_018093_e261c25e53bd9799,7,73_1171,4,22
18100,2025_018100_894397e093030126,0,73_1171,4,2
18119,2025_018119_1d10150bdafb624b,3,73_1171,4,2
18129,2025_018129_105ef6ec844d7a09,3,73_1171,4,8
18147,2025_018147_2d7789808310a004,3,73_1171,4,11
18148,2025_018148_2048ffe9ae053953,0,73_1171,4,26
18153,2025_018153_3bfdb57e6929264e,2,73_1171,4,19
18166,2025_018166_155ea1dc7b62cc89,4,73_1171,4,3
18168,2025_018168_8f7715532d57616e,3,73_1171,4,2
18182,2025_018182_deadfdb448ff8fd7,2,73_1171,4,13
18189,2025_018189_683c515f9a3d3373,2,73_1171,4,12
18190,2025_018190_94236f3e438cd114,2,73_1171,4,11
18191,2025_018191_5332e5357456e1b6,2,73_1171,4,10
18192,2025_018192_7c812fd03b3bf913,1,73_1171,4,20
18199,2025_018199_043c437d77baa479,0,73_1171,4,58
18208,2025_018208_f3c2121156d85c9c,7,73_1171,4,8
18214,2025_018214_bb020a8d53aab617,3,73_1171,4,21
18217,2025_018217_ec988670269ef8c4,3,73_1171,4,12
18220,2025_018220_62a7a5ad8f3e57da,3,73_1171,4,15
18237,2025_018237_ec13b17e9a2eaafc,3,73_1171,4,38
18239,2025_018239_fca3d029808e0f06,0,73_1171,4,10
18240,2025_018240_438c8a0e4eb77ca5,0,73_1171,4,6
18244,2025_018244_c3bf2de346c75628,7,73_1171,4,22
18255,2025_018255_badfb564c2e23777,7,73_1171,4,10
18259,2025_018259_ece933f3a13e8710,7,73_1171,4,7
18260,2025_018260_11f1709d5d639e15,7,73_1171,4,54
18262,2025_018262_b987a3687751b99e,2,73_1171,4,18
18286,2025_018286_81e068c4a75e285f,1,73_1171,4,5
18287,2025_018287_a8c805dc5809cd40,7,73_1171,4,6
18298,2025_018298_806ec5e0459964fa,1,73_1171,4,7
18304,2025_018304_d5ac02e200bb7d9a,3,73_1171,4,5
18305,2025_018305_fd3689b388f2dcc6,7,73_1171,4,6
18316,2025_018316_83a93f4f386b61e3,7,73_1171,4,29
18324,2025_018324_9e5c934a942c45da,3,73_1172,0,18
18325,2025_018325_4c14d2f01d0a83c6,3,73_1171,4,37
18326,2025_018326_80e579ea3e3de73f,3,73_1172,0,13
18329,2025_018329_adac7aed3eeb79ee,0,73_1171,4,73
18342,2025_018342_9e8981e2ed659d98,1,73_1171,4,12
18346,2025_018346_8e39e5045e58f528,3,73_1171,4,2
18354,2025_018354_3ca18c7567319453,1,73_1171,4,24
18361,2025_018361_ede03d089fd125bf,7,73_1171,4,28
18369,2025_018369_94e0340a50e59270,3,73_1171,4,30
18376,2025_018376_b5ff7e05603a7349,6,73_1171,4,10
18378,2025_018378_18ca8a9d9ce293a5,3,73_1171,4,11
18383,2025_018383_fd8ecee8aec603ea,1,73_1171,4,20
18407,2025_018407_4fb89891e3e6288e,3,73_1171,4,52
18408,2025_018408_c5abe9c466cf1be5,0,73_1171,4,21
18409,2025_018409_a3459e50a6dbb4a0,2,73_1171,4,11
18414,2025_018414_62a23973b209fa0c,3,73_1171,4,36
18417,2025_018417_f1206ace1f1effc5,3,73_1171,4,13
18432,2025_018432_daadbb92c125e97c,7,73_1171,4,65
18437,2025_018437_0a81b7994ae2bd04,2,73_1171,4,5
18438,2025_018438_99d98403babd33f3,4,73_1171,4,7
18439,2025_018439_126b09d7fea73e9c,3,73_1171,4,24
18443,2025_018443_536b2580ba8d4dce,4,73_1171,4,34
18447,2025_018447_3cfeb2dfa5829daf,1,73_1171,4,19
18457,2025_018457_b329602a5bf9420b,5,73_1171,4,20
18464,2025_018464_343cc8e39c245a41,3,73_1171,4,8
18474,2025_018474_918ced12c929de68,0,73_1171,4,6
18479,2025_018479_df6f53f0d97b75cc,0,73_1171,4,4
18489,2025_018489_3b4c064399a172a9,3,73_1172,0,2
18493,2025_018493_d9bf9a4c7a7c0a89,3,73_1171,4,6
18494,2025_018494_194bf149ae724a60,4,73_1171,4,16
18495,2025_018495_ddf3cb447eb747cb,4,73_1171,4,18
18503,2025_018503_4154ce2c34abd69d,4,73_1171,4,10
18507,2025_018507_d136cbac9467ab49,1,73_1171,4,7
18509,2025_018509_e42462d3e11de660,0,73_1171,4,7
18513,2025_018513_eabbdbe6daf264bc,0,73_1171,4,15
18526,2025_018526_019b0054caddb7e3,7,73_1171,4,12
18540,2025_018540_26f2aa561d65a868,0,73_1171,4,12
18542,2025_018542_0d80456ce2186142,1,73_1171,4,28
18567,2025_018567_55c29f03d6639928,3,73_1171,4,8
18573,2025_018573_365d384132276160,3,73_1171,4,4
18576,2025_018576_514cf212f6441c92,3,73_1171,4,16
18578,2025_018578_3a5ffe5b2dc2cfd4,7,73_1171,4,8
18584,2025_018584_cbc8891960c0302b,2,73_1171,4,7
18594,2025_018594_83ae526a0496734f,3,73_1171,4,19
18600,2025_018600_51690403e2552e53,0,73_1171,4,11
18602,2025_018602_c2e3059bd1214f91,0,73_1171,4,23
18617,2025_018617_6fb7ac0e04128f45,4,73_1171,4,36
18619,2025_018619_67ed7176675997b0,7,73_1171,4,64
18622,2025_018622_04158210987f3f18,5,73_1171,4,9
18639,2025_018639_b5ccd6872ca37637,7,73_1171,4,47
18640,2025_018640_2798076ce11dba93,4,73_1171,4,22
18642,2025_018642_f2d7ae67cc7fd883,7,73_1171,4,10
18648,2025_018648_5eb2c384290ce77d,1,73_1171,4,2
18675,2025_018675_0d8e9acdc6c9ba15,7,73_1171,4,13
18709,2025_018709_3be35a15cb1e779c,0,73_1171,4,2
18714,2025_018714_28245ef6dd5fc587,6,73_1171,4,11
18715,2025_018715_cdce000328706e3d,7,73_1171,4,26
18728,2025_018728_eebca0a12fe696df,6,73_1171,4,4
18729,2025_018729_8ec676c511b6bbfa,1,73_1171,4,2
18730,2025_018730_f99604e7ebacb037,0,73_1171,4,31
18734,2025_018734_0fec5671b49a0636,0,73_1171,4,6
18741,2025_018741_4c3b8b7e6a5c42ca,1,73_1171,4,13
18746,2025_018746_a0bd6242d434f84b,1,73_1171,4,9
18754,2025_018754_6fd2c8ef8365b419,3,73_1171,4,6
18768,2025_018768_b2c6a33de09e74c1,3,73_1171,4,8
18788,2025_018788_76850fadf08f8b87,3,73_1171,4,15
18790,2025_018790_d8ed2841ec397004,2,73_1171,4,6
18799,2025_018799_596418281546b724,7,73_1171,4,8
18806,2025_018806_eb10edd4915a9a8d,7,73_1171,4,29
18809,2025_018809_66baa8528d3ddeae,0,73_1171,4,4
18821,2025_018821_cbd084d718405a18,3,73_1171,4,24
18823,2025_018823_880d275dea4b19cf,1,73_1171,4,12
18831,2025_018831_8b39e588c91b7c98,7,73_1171,4,7
18857,2025_018857_638c5179925310b7,6,73_1171,4,3
18861,2025_018861_24e8653877b187c4,3,73_1171,4,4
18892,2025_018892_fd9d93caba12d653,6,73_1171,4,2
18893,2025_018893_99ffc7bf602c0bc9,6,73_1171,4,18
18894,2025_018894_afa69ea30d665abc,4,73_1171,4,14
18895,2025_018895_bbf9506ccb4e4488,6,73_1171,4,8
18908,2025_018908_db8ac9c4cea9f527,4,73_1171,4,24
18958,2025_018958_3a7259a8cccbb51d,3,73_1173,4,4
18964,2025_018964_d3709d249aef61e7,3,73_1173,4,7
18965,2025_018965_bdb7e390d1322469,3,73_1173,4,7
18970,2025_018970_61024bbe861b4f9b,3,73_1172,0,3
19018,2025_019018_6d7c240f1bd36b70,3,73_1172,0,43
19019,2025_019019_7823c72a6c888d84,3,73_1172,0,65
19020,2025_019020_bc72345a5e0a633b,4,73_1172,0,5
19063,2025_019063_00b963ba437f931f,3,72_1172,2,14
19066,2025_019066_ccf25859e41619a9,7,73_1172,0,16
19071,2025_019071_16c33102d7f01767,0,72_1172,2,15
19073,2025_019073_0da4afc5c6dfbd95,4,73_1172,0,16
19075,2025_019075_9bfcdeec357cce7e,3,73_1172,0,14
19078,2025_019078_dd64a314be21e44b,0,72_1172,2,2
19081,2025_019081_d2f4b97033217f1c,0,73_1172,0,12
19082,2025_019082_112194f15762655c,5,73_1172,0,73
19099,2025_019099_f0b658b727503840,4,73_1172,0,15
19103,2025_019103_7dd524e9adb3eb9f,3,73_1172,0,16
19104,2025_019104_f3277b6fb7180b2e,1,73_1172,0,70
19113,2025_019113_fac46fa89e3159b3,3,72_1172,2,3
19120,2025_019120_3619ed298afea5e0,3,72_1172,2,3
19121,2025_019121_38c977a709302afb,3,72_1172,2,2
19122,2025_019122_bae193ec75136ec4,5,72_1172,2,4
19124,2025_019124_2f8ed82a515557bc,3,73_1172,0,11
19125,2025_019125_182cd32f3087cfbd,7,73_1172,0,6
19131,2025_019131_5cfaa76e9139100a,3,73_1172,0,5
19138,2025_019138_7455b42baab05577,3,72_1172,2,2
19144,2025_019144_ef125e93462e601f,3,72_1172,2,6
19154,2025_019154_2a42ac42cc449f94,7,72_1172,2,35
19156,2025_019156_c392d939e50f1665,1,73_1172,0,36
19157,2025_019157_61488d60b0b274a1,6,72_1172,2,23
19162,2025_019162_6919b7e9153b6c22,2,72_1172,2,11
19163,2025_019163_25bc27e95d9f8a33,1,72_1173,4,44
19166,2025_019166_a2b0f15ec81232cd,3,73_1173,4,3
19168,2025_019168_3df1c9673c2639d4,5,73_1173,4,9
19169,2025_019169_25225e8db6e6fcfb,3,73_1173,4,8
19181,2025_019181_7db178b0a2819a23,3,73_1173,4,4
19184,2025_019184_44e6aeb563346407,3,73_1172,0,14
19185,2025_019185_3d89e9ce43b1db59,2,73_1172,0,13
19191,2025_019191_77218aef9319dea5,3,73_1172,0,13
19197,2025_019197_4afa5d9d8160d762,7,73_1172,0,53
19202,2025_019202_3276b42802c525bf,5,73_1172,0,11
19204,2025_019204_07f530a52694c148,2,73_1172,0,20
19205,2025_019205_4e646d2607229ece,0,73_1172,0,2
19208,2025_019208_dd1dd7a28fcedd63,3,73_1172,0,9
19210,2025_019210_499655fdd20b30f1,3,73_1173,4,47
19212,2025_019212_76a85ffeddfbedea,4,72_1173,4,7
19217,2025_019217_2bdcea156fafd537,1,73_1173,4,12
19248,2025_019248_3f9fe7e714d68364,6,73_1172,0,49
19261,2025_019261_671e24e21fd3896e,3,73_1172,0,17
19267,2025_019267_cabff3698bc3df24,4,73_1172,0,3
19274,2025_019274_74830ae1f4316821,4,73_1172,0,9
19280,2025_019280_bd8f4e9a0d98f58a,2,73_1172,0,24
19282,2025_019282_29e618ea8863efac,2,73_1172,0,17
19285,2025_019285_9300d8a0d8076ea7,4,73_1172,0,86
19293,2025_019293_989bf8780c63d10c,2,73_1172,0,90
19297,2025_019297_465172d0b31d9a4e,5,73_1172,0,3
19299,2025_019299_8986b31bd9df2dfa,4,73_1172,0,18
19301,2025_019301_1c49a327ce54a9de,3,73_1172,0,7
19303,2025_019303_b3c476cafe442ad9,3,73_1172,0,2
19306,2025_019306_70f81162aa931200,4,73_1172,0,2
19310,2025_019310_905dc06dda2bef1d,3,73_1172,0,7
19313,2025_019313_f1e4b4af8a80ac73,3,73_1172,0,8
19328,2025_019328_d55f7c6d4cf7645b,2,73_1172,0,3
19339,2025_019339_7f742ab266c5b1d8,7,73_1172,0,4
19344,2025_019344_4b5e5833eb232597,7,73_1172,0,37
19347,2025_019347_99750462181d595b,6,73_1172,0,12
19353,2025_019353_2bb50d6bdc0fa8b2,3,73_1172,0,2
19358,2025_019358_ce605dffe4cfc882,6,73_1172,0,26
19359,2025_019359_ed8177cb8105d482,3,73_1172,0,43
19368,2025_019368_d5250ce419fbb342,3,73_1172,0,19
19371,2025_019371_1cbebfbccc3b994c,7,73_1172,0,61
19377,2025_019377_83edf4e2f19e9ccf,5,73_1172,0,62
19378,2025_019378_c58fb2c41b9dd2e5,4,73_1172,0,42
19381,2025_019381_f2baa184a594ff93,3,73_1172,0,19
19405,2025_019405_590f5657de572122,2,73_1172,0,3
19408,2025_019408_aaebdeec392ea2d5,5,73_1172,0,32
19423,2025_019423_8cb4f33ffa63136b,3,73_1172,0,27
19439,2025_019439_4ab5be817da0157e,4,73_1172,0,5
19441,2025_019441_0e472718004d985e,0,73_1172,0,3
19442,2025_019442_b59e893560feb7cd,4,73_1172,0,20
19445,2025_019445_b33f7d8057818b2d,4,73_1172,0,38
19451,2025_019451_fabc712cba55d5aa,3,73_1172,0,14
19457,2025_019457_85f57105ec1ac7e8,3,73_1172,0,13
19462,2025_019462_706153b440f80a77,4,73_1172,0,3
19474,2025_019474_7b20183323defd67,6,73_1172,0,3
19482,2025_019482_0f553f47ecd69c2b,4,73_1172,0,22
19491,2025_019491_9bd6cf7696835f3b,3,73_1173,4,13
19493,2025_019493_9f0be78ad5708905,2,73_1173,4,14
19495,2025_019495_3629578baa3fb534,7,73_1173,4,9
19499,2025_019499_9e05106be59c5974,7,73_1173,4,109
19504,2025_019504_f66d491acbfe4cab,3,73_1173,4,7
19505,2025_019505_76decb213defde6e,7,73_1173,4,15
19506,2025_019506_bf39ba88f41aada0,3,73_1173,4,11
19511,2025_019511_8bc1d8fb17285aac,7,73_1172,0,4
19515,2025_019515_f844786070d9efd7,4,73_1173,4,14
19524,2025_019524_0330cb5c22296824,3,73_1173,4,2
19534,2025_019534_061850af78c6a958,3,73_1172,0,11
19536,2025_019536_7ab25dcc016224e9,3,73_1172,0,47
19554,2025_019554_5c9db3d174dcc116,4,73_1172,0,65
19555,2025_019555_ea033a0c9239d745,5,73_1172,0,77
19558,2025_019558_b138b74bca16c529,3,73_1172,0,10
19564,2025_019564_3deba442045a0497,2,73_1172,0,6
19566,2025_019566_77ba3fb80dec4f85,7,73_1172,0,12
19592,2025_019592_a58f4a4a9ef09d44,2,73_1172,0,14
19594,2025_019594_be39baa0f7a2b13e,3,73_1172,0,8
19597,2025_019597_67e83310f9e588e1,3,73_1172,0,17
19602,2025_019602_f3c7c286a5b38757,7,73_1173,4,93
19604,2025_019604_4c6df6e334aa39a8,6,73_1173,4,35
19609,2025_019609_e51bace2a26be15f,7,73_1173,4,55
19627,2025_019627_4ad9601c6e2dc35e,1,73_1173,4,3
19631,2025_019631_232579bee2e438d0,4,73_1173,4,16
19648,2025_019648_c76159d0534225eb,5,73_1173,4,23
19649,2025_019649_15e096adc1e33ba9,5,73_1173,4,6
19658,2025_019658_ee39962d22213672,3,73_1173,4,10
19660,2025_019660_7c15be1077f1b0b4,5,73_1172,0,19
19666,2025_019666_9d4339eba200310d,3,73_1172,0,26
19672,2025_019672_f09b175934128794,4,73_1172,0,26
19675,2025_019675_faf8bfc20ca6bf3c,3,73_1172,0,24
19677,2025_019677_6bb8f635d54ee8fb,3,73_1172,0,9
19683,2025_019683_5edea62839052e55,3,73_1172,0,5
19690,2025_019690_dc465cd21b57da24,3,73_1172,0,4
19693,2025_019693_14990479031ed2b2,7,73_1172,0,3
19700,2025_019700_33e22ef8260ef791,6,73_1172,0,10
19703,2025_019703_ff8169626be83e86,6,73_1172,0,10
19704,2025_019704_7a6cd911d5fe0157,6,73_1172,0,17
19707,2025_019707_cbaa9590fee79886,6,73_1172,0,24
19708,2025_019708_b5752583ee3fdef5,5,73_1172,0,8
19711,2025_019711_0c322b844bdf22de,3,73_1172,0,18
19741,2025_019741_0d6412057503a5ab,3,73_1172,0,62
19748,2025_019748_805625d9751e1c8e,6,73_1172,0,34
19752,2025_019752_a3bae5ed92d3f9a4,3,73_1172,0,28
19754,2025_019754_aad6cc19323b43cb,3,73_1172,0,23
19765,2025_019765_94b543a40b9e4e20,4,73_1172,0,32
19766,2025_019766_16b978686c3a51df,4,73_1172,0,16
19769,2025_019769_09c28ab1237d3458,5,73_1172,0,28
19775,2025_019775_5b0a200a10d3d672,4,73_1172,0,8
19781,2025_019781_a440434a146e6668,4,73_1172,0,20
19784,2025_019784_3a0b93e13012a9d2,6,73_1172,0,2
19792,2025_019792_e0d14eb43a124797,3,73_1172,0,26
19801,2025_019801_a4d7f1d455293507,7,73_1172,0,5
19803,2025_019803_24b7ea801caa6f08,7,73_1172,0,7
19814,2025_019814_3b77f8e97e624139,3,73_1172,0,4
19836,2025_019836_4fb9e161fa210937,3,73_1172,0,12
19843,2025_019843_667f8f823ee27a91,4,73_1173,4,3
19855,2025_019855_bb2a249eb61952d5,3,73_1173,4,21
19867,2025_019867_1cc1e3fbda8e5e0d,3,73_1173,4,2
19871,2025_019871_1aec440f53c50815,3,73_1173,4,4
19873,2025_019873_40d4743525f68c42,7,73_1173,4,5
19874,2025_019874_f31a82e653648f9f,3,73_1173,4,10
19885,2025_019885_646a70a3e8b7b2db,6,73_1173,4,25
19889,2025_019889_1f464669dd35e114,6,73_1173,4,12
19897,2025_019897_e9adeb2790ab2639,3,73_1173,4,8
19899,2025_019899_eaccf47c3030c618,3,73_1173,4,17
19910,2025_019910_c3f46af6785fbe60,3,73_1172,0,5
19912,2025_019912_bd4d6e6898f8a85b,3,73_1172,0,23
19915,2025_019915_fbb29496ef3e458f,3,73_1172,0,20
19919,2025_019919_c7cf9c374a99f6bb,3,73_1172,0,20
19922,2025_019922_c3fa69cf8e9495ac,3,73_1172,0,10
19942,2025_019942_5849139df4bc3fbb,4,73_1172,0,27
19943,2025_019943_733c12692585e377,3,73_1172,0,29
19948,2025_019948_002851f2c456ea02,3,73_1172,0,13
19950,2025_019950_1d41d46dd90627c2,7,73_1172,0,25
19952,2025_019952_63f42e8fbc5c18b3,4,73_1173,4,9
19954,2025_019954_2d0a8c186748cbdf,4,73_1173,4,26
19958,2025_019958_52c2425c52cd1884,4,73_1173,4,28
19977,2025_019977_26b8f6ba05b4ba79,3,73_1173,4,10
19989,2025_019989_5e061726a6d813f9,3,73_1172,0,11
19991,2025_019991_9400a65382996df3,4,73_1172,0,3
20000,2025_020000_6cdcf93307775d50,6,73_1172,0,3
20014,2025_020014_7f7ca4f9d6dd5639,3,73_1172,0,9
20033,2025_020033_8d6c679bc4ceabac,3,73_1172,0,37
20034,2025_020034_e89dae6eb98aa5e6,3,73_1172,0,58
20035,2025_020035_24933eac8255139a,6,73_1172,0,81
20036,2025_020036_11060489ed409685,4,73_1172,0,24
20037,2025_020037_0e590146003b8192,6,73_1172,0,16
20038,2025_020038_d5a47d5f4fca2212,6,73_1172,0,84
20040,2025_020040_11104c8f62a87370,3,73_1172,0,18
20048,2025_020048_9ebc9905febdce1a,3,73_1172,0,10
20052,2025_020052_52cc5463f27766ae,2,73_1172,0,13
20056,2025_020056_57838653735de91b,4,73_1172,0,2
20063,2025_020063_ba668f1c1976dd13,3,73_1172,0,49
20070,2025_020070_5fa1bad74d35c194,2,73_1172,0,52
20074,2025_020074_33468343182099b2,3,73_1172,0,8
20075,2025_020075_92914f0f1d6ea314,3,73_1172,0,36
20085,2025_020085_025db6da796c8890,6,73_1172,0,12
20095,2025_020095_535eb0856fed30bb,3,73_1172,0,3
20098,2025_020098_73d77278419c5f08,2,73_1172,0,38
20102,2025_020102_9da860c752d24aa3,7,72_1172,2,53
20107,2025_020107_e0e2855a5c8e680a,1,73_1173,4,52
20112,2025_020112_2a9c0c264c8cfe90,2,73_1172,0,5
20114,2025_020114_430581c521c1a8f7,2,73_1173,4,55
20117,2025_020117_6521151b8a70e625,7,73_1173,4,28
20120,2025_020120_62ad644129eaa075,1,73_1173,4,51
20124,2025_020124_4175b8c79f979ab3,7,73_1173,4,21
20130,2025_020130_9dba078955639b85,5,73_1173,4,11
20136,2025_020136_f175f38651619157,4,73_1173,4,10
20138,2025_020138_9d77e8f568749394,4,73_1173,4,33
20147,2025_020147_8632ea1e655646d2,3,73_1173,4,17
20160,2025_020160_2b0286c67e92e5f4,3,73_1173,4,39
20166,2025_020166_fa15c47663fcf608,7,73_1173,4,14
20172,2025_020172_91c1facbdd775639,4,72_1173,4,3
20173,2025_020173_d47dce54dbd26709,3,72_1173,4,13
20178,2025_020178_581caa5a518303ed,3,73_1173,4,8
20179,2025_020179_d9d61c85db9e1e06,4,73_1173,4,11
20191,2025_020191_062dc517f2d3cb52,3,73_1173,4,8
20211,2025_020211_215f6d4021633cba,3,73_1173,4,25
20212,2025_020212_f20eb35bb90eee69,4,73_1173,4,24
20214,2025_020214_168fe506855d328c,4,73_1172,0,11
20215,2025_020215_e938498d658f8bcc,3,73_1172,0,2
20220,2025_020220_3e0fdb88de8fb59a,3,73_1172,0,4
20237,2025_020237_7e0bc93bbc5897f0,3,73_1172,0,4
20253,2025_020253_c88856cf14e7e294,4,73_1172,0,15
20259,2025_020259_e72990bab35d483b,6,73_1172,0,12
20261,2025_020261_b836523c39fac00b,5,73_1172,0,27
20267,2025_020267_c19f3695e42450a9,6,73_1172,0,11
20269,2025_020269_ac8e150d2f67add8,4,73_1172,0,4
20278,2025_020278_cd0368c6ab3ecfc7,7,73_1172,0,23
20282,2025_020282_337ba443b5e91e0b,4,73_1172,0,8
20297,2025_020297_4e7ffc243c0e6e07,5,73_1172,0,30
20299,2025_020299_6e1260fee46f3f36,7,73_1172,0,20
20300,2025_020300_f78fe76b00ef2eb7,3,73_1172,0,2
20306,2025_020306_3818e188d97733aa,2,73_1172,0,12
20308,2025_020308_fa4cea43071d8c37,6,73_1172,0,20
20315,2025_020315_4bda40514d8e212b,6,73_1172,0,4
20319,2025_020319_03557b7d678ef6a8,4,73_1172,0,16
20321,2025_020321_f0babe8745a69687,7,73_1172,0,74
20322,2025_020322_a15c846f372531e0,1,73_1172,0,69
20325,2025_020325_0c752bb5bf7ee2f3,4,73_1172,0,30
20332,2025_020332_ca1f359af6b1cb89,4,73_1172,0,23
20335,2025_020335_d28eab5705fe91c2,4,73_1172,0,25
20341,2025_020341_f139ae1d672d500c,0,73_1173,4,5
20343,2025_020343_2143cc41aa625e2f,6,73_1173,4,11
20351,2025_020351_608b9431268f99b9,1,73_1173,4,15
20364,2025_020364_0eeb97c128e03a2f,3,73_1173,4,11
20378,2025_020378_52aca994be21524e,3,73_1173,4,12
20381,2025_020381_a2a98d96cbc0c990,5,73_1173,4,9
20385,2025_020385_365ea4834184ec86,3,73_1173,4,45
20386,2025_020386_cb6f5cb092f5d496,5,73_1173,4,9
20397,2025_020397_ef509e082154fde4,3,73_1173,4,9
20399,2025_020399_28817f519d6803bd,5,73_1173,4,10
20410,2025_020410_2d19d0b0f77a8d28,2,69_1172,5,12
20413,2025_020413_28c156a122d34a8c,1,69_1172,5,4
20417,2025_020417_803aa54875081555,2,69_1172,5,12
20421,2025_020421_e4c77e6ced62dbd7,4,69_1172,5,17
20422,2025_020422_cdaf76caae1cfd38,2,69_1172,5,5
20426,2025_020426_0e743b1552e05193,1,69_1172,5,22
20431,2025_020431_add406640a5821f3,1,70_1172,0,3
20439,2025_020439_7f0a0ea11c7957e8,3,69_1172,5,38
20440,2025_020440_e4adf4997078db91,3,70_1172,0,21
20447,2025_020447_77706aecda18bad4,7,70_1172,0,5
20450,2025_020450_7a20f41ab968a89d,7,70_1172,0,2
20451,2025_020451_58fa19219c803026,3,70_1172,0,11
20464,2025_020464_7f9b7bc60b6eee37,2,70_1172,0,3
20475,2025_020475_ce484b9befb1ef82,3,70_1172,0,18
20477,2025_020477_d459ff24c777b947,1,70_1172,0,37
20480,2025_020480_35145c0fd08eba2c,7,70_1172,0,29
20481,2025_020481_0fad7e7941822b5b,7,70_1172,0,11
20485,2025_020485_2d02f2ca3b28289f,7,70_1172,0,29
20486,2025_020486_779b7e121f9bae07,2,70_1172,0,26
20488,2025_020488_638746001add4629,3,70_1172,0,28
20489,2025_020489_b9b9e1aa21d1e8f2,4,70_1172,0,45
20506,2025_020506_9eb8bc65c74497e6,2,70_1172,0,13
20508,2025_020508_6f403537b1add74c,3,70_1172,0,16
20516,2025_020516_16bb500c38d2d7f8,0,70_1172,0,3
20518,2025_020518_57ad6cd43411af2e,6,70_1172,0,2
20526,2025_020526_944c593103c65b5a,0,70_1172,0,3
20530,2025_020530_2533a6c95ac828ac,6,70_1172,0,3
20531,2025_020531_947ab26634f5e293,6,70_1172,0,2
20536,2025_020536_e66e2c411aafbf28,0,69_1172,5,3
20543,2025_020543_7a0313bc9f7797f7,0,69_1172,5,14
20556,2025_020556_0f49c4a7fcb4db18,1,69_1172,5,27
20563,2025_020563_1c9bf5b6de82ffc4,1,70_1172,0,3
20567,2025_020567_60ff625c27c637b4,0,69_1172,5,3
20598,2025_020598_f18a0d149736ac2f,0,70_1172,0,5
20599,2025_020599_9d9af13ddfcf4d6a,0,70_1172,0,3
20601,2025_020601_9592fc51d5fb3b44,0,70_1172,0,5
20604,2025_020604_c84c81cca53f71d1,0,70_1172,0,3
20622,2025_020622_5b5bae990946b741,3,70_1172,0,36
20625,2025_020625_98f18081447ed3f2,3,70_1172,0,21
20633,2025_020633_d0fd1194044f9e62,0,70_1172,0,2
20638,2025_020638_6610842191033258,1,70_1172,0,14
20640,2025_020640_289098df6ba35e3b,1,70_1172,0,4
20654,2025_020654_86c4a75a4b80d642,0,69_1172,5,6
20657,2025_020657_09f87bd1eab2faec,2,69_1172,5,6
20658,2025_020658_a164027bf02755cc,1,69_1172,5,3
20674,2025_020674_1321e36db08596d6,0,69_1172,5,3
20675,2025_020675_652cfe270660eefe,2,69_1172,5,4
20690,2025_020690_fa0bca963a147b4b,7,69_1172,5,11
20701,2025_020701_21d9afec2ae34d16,3,69_1172,5,11
20703,2025_020703_23394ef7d029205d,6,69_1172,5,10
20724,2025_020724_daa8e22348fd40ec,0,70_1172,0,8
20729,2025_020729_48279400eab315e2,2,70_1172,0,18
20744,2025_020744_7181168f83bed258,4,70_1172,0,14
20752,2025_020752_3313d3c9e1e377a3,4,70_1172,0,2
20753,2025_020753_0542e0764d3c3a35,4,70_1172,0,11
20754,2025_020754_48fdddecf06e8f4a,7,69_1172,5,16
20760,2025_020760_29deed691ce5e3d1,1,69_1172,5,5
20763,2025_020763_5a59e1e1cb47dce5,3,69_1172,5,5
20765,2025_020765_ed86e09f8df12da5,7,69_1172,5,24
20766,2025_020766_a510814b8317fa34,3,69_1172,5,20
20774,2025_020774_c9332f8d7d879d10,6,69_1172,5,15
20801,2025_020801_3fc21a934f10076c,0,70_1172,0,2
20809,2025_020809_769603aefa286332,3,70_1172,0,4
20836,2025_020836_049033b117ad6bc9,0,69_1172,5,3
20846,2025_020846_ea4378589d809a84,0,70_1172,0,7
20850,2025_020850_93dc7ae709523a08,1,70_1172,0,4
20851,2025_020851_9ec13972a77cefc7,1,69_1172,5,4
20853,2025_020853_ae48be7e37df2e2f,1,69_1172,5,2
20855,2025_020855_186749b3bdd12b70,4,70_1172,0,13
20856,2025_020856_5da7b8184b199b0e,0,69_1172,5,10
20861,2025_020861_6237eccc162e3d2b,0,70_1172,0,6
20902,2025_020902_25d0eb77f06266ee,6,70_1172,0,37
20903,2025_020903_edee00a09d99ab15,4,70_1172,0,11
20906,2025_020906_62925406a032659b,4,70_1172,0,11
20908,2025_020908_324ac8c59b9fbf4b,6,70_1172,0,12
20911,2025_020911_7a12a65ffba5146d,6,70_1172,0,8
20925,2025_020925_532de3cc11c16235,0,70_1172,0,3
20935,2025_020935_295352bd00d2e636,3,70_1172,0,39
20941,2025_020941_afe60392b130ddd8,6,70_1172,0,6
20943,2025_020943_f13a601ccf2032c7,6,70_1172,0,13
20945,2025_020945_cec02158fe62c8c8,4,70_1172,0,9
20959,2025_020959_165cfbbd4a042e04,4,70_1172,0,19
20962,2025_020962_993146e75d17445b,7,70_1172,0,2
20974,2025_020974_a95482ea815f8465,4,70_1173,1,9
20977,2025_020977_74a02119632d39f3,4,70_1173,1,3
20978,2025_020978_c247475c35215b2e,4,70_1172,0,33
20979,2025_020979_7709e2afb605725d,4,70_1172,0,19
20981,2025_020981_a4bef71b6209157b,3,69_1172,5,17
20986,2025_020986_3e0913f7d4baa151,4,69_1172,5,13
20995,2025_020995_5c565ec5b08d80e5,3,70_1172,0,12
20996,2025_020996_ecd9662eee91346c,3,70_1172,0,33
21008,2025_021008_5a1784fa39a5bd6b,7,70_1172,0,2
21015,2025_021015_efcb19752bf9e778,6,70_1172,0,10
21017,2025_021017_16ece3027d43b9fb,7,69_1172,5,15
21018,2025_021018_e47bb6de8ba87e0b,3,69_1172,5,26
21019,2025_021019_8c8ad26e678aca42,3,69_1172,5,5
21020,2025_021020_fab646748cef3b54,1,69_1172,5,5
21023,2025_021023_4230bbbf080de4f6,3,69_1172,5,15
21024,2025_021024_ff54131637acc1cf,4,70_1172,0,31
21047,2025_021047_dbdf0f4dc372dc29,3,69_1172,5,2
21052,2025_021052_1a5151005e3cb493,0,70_1172,0,5
21056,2025_021056_5487f8ce5c1f69de,7,69_1172,5,3
21064,2025_021064_be254d946bcecec0,6,69_1172,5,5
21078,2025_021078_4c5b1b614baefd41,6,69_1173,4,16
21079,2025_021079_7a97bf9688a66677,1,69_1173,4,6
21089,2025_021089_0dd532ceea5ef5d7,1,69_1173,4,8
21094,2025_021094_e11cd48b52800e03,3,69_1173,4,17
21097,2025_021097_7e16157704b5384d,1,70_1173,1,9
21099,2025_021099_d41c7ba68fe95267,2,70_1173,1,13
21100,2025_021100_fbe484648a0f7ac2,3,69_1173,4,10
21101,2025_021101_59c46cb107214fbd,1,69_1173,4,12
21132,2025_021132_ecd60b58127c21b6,0,69_1173,4,8
21133,2025_021133_ec06afc5609ae353,1,69_1173,4,16
21149,2025_021149_726d0accc44725ec,3,70_1173,1,39
21151,2025_021151_288855eff9d92445,6,70_1173,1,2
21152,2025_021152_10a7c8e95924ed0a,1,70_1173,1,12
21154,2025_021154_4d1993ab60cc89c3,1,70_1173,1,3
21155,2025_021155_afa017af9c4dea93,3,70_1173,1,5
21156,2025_021156_0de49f65d07d9136,4,70_1173,1,22
21158,2025_021158_cd7937ec164f1d8e,0,70_1173,1,7
21161,2025_021161_3a30f20c1e1065a2,0,70_1173,1,8
21174,2025_021174_f4067564a48c0818,4,70_1173,1,9
21177,2025_021177_77c1819bee2b6096,1,69_1173,4,12
21178,2025_021178_0befdeb36f7dd1e7,0,69_1173,4,10
21179,2025_021179_c8e4734902474d40,0,69_1173,4,16
21180,2025_021180_7e6357431006c0de,0,69_1173,4,16
21181,2025_021181_939fc750f8b7e863,0,69_1173,4,14
21182,2025_021182_7aac061c9252a0aa,0,69_1173,4,12
21188,2025_021188_b50f90f264564c17,7,70_1173,1,38
21191,2025_021191_48e9a2067fb369c5,1,70_1173,1,23
21193,2025_021193_6e12766f9021e0aa,0,70_1173,1,6
21197,2025_021197_fcafb6ee3ff9e38b,0,70_1173,1,8
21207,2025_021207_e89064c4a1589746,1,70_1173,1,5
21213,2025_021213_009b38355d5c3a98,1,70_1173,1,5
21215,2025_021215_75bcbb6dac707588,1,70_1173,1,2
21217,2025_021217_d930c3c841b6a787,0,70_1173,1,5
21219,2025_021219_d62ae88826ee93f7,0,70_1173,1,4
21220,2025_021220_44923f95f0608b58,1,70_1173,1,10
21221,2025_021221_025f1c17e32094f2,0,70_1173,1,4
21223,2025_021223_8f1637a5ba311fa2,7,70_1173,1,13
21228,2025_021228_3bec7f95e4b2e6fb,3,70_1173,1,5
21230,2025_021230_b0d1d7357c112422,3,70_1173,1,25
21233,2025_021233_c86683653834f96c,3,70_1173,1,2
21235,2025_021235_0535fd1a136b10f6,7,70_1173,1,2
21249,2025_021249_2abc1dc6fd567d3e,7,70_1173,1,4
21261,2025_021261_53e10492828c4cb9,0,70_1173,1,7
21265,2025_021265_d5a9d606141097f3,0,70_1173,1,9
21269,2025_021269_6665841cf00f7cc6,7,70_1173,1,13
21272,2025_021272_f770efc5615a6985,0,70_1173,1,19
21273,2025_021273_6a8d1bf83cd11054,0,70_1173,1,17
21275,2025_021275_bb8db732a5ffdb94,0,70_1173,1,4
21279,2025_021279_3a7e6831e00a1608,0,70_1173,1,3
21281,2025_021281_81bfc53afd035050,0,70_1173,1,3
21303,2025_021303_d715b66ed35aea88,0,70_1173,1,5
21304,2025_021304_164b3fb993a346b3,3,70_1173,1,44
21306,2025_021306_146565a77f3bbe05,0,70_1173,1,3
21308,2025_021308_f5689a905c2a0956,7,70_1173,1,8
21314,2025_021314_51282865056fb101,1,70_1173,1,9
21317,2025_021317_e4fdb8abf0572df5,3,70_1173,1,21
21320,2025_021320_6ec5506b224a500a,6,70_1173,1,51
21336,2025_021336_c5e5a0322c169b20,0,70_1172,0,7
21339,2025_021339_4da0b5fff3b657df,3,70_1172,0,5
21344,2025_021344_d7a63fcaa468a090,7,70_1172,0,3
21347,2025_021347_0c63f82bdc67e212,7,70_1172,0,89
21350,2025_021350_b5bd2852a7c66e24,2,70_1172,0,3
21352,2025_021352_d76c30c236938251,3,70_1172,0,2
21354,2025_021354_f94628909eb8ea2e,3,70_1172,0,95
21360,2025_021360_54e6c97d545e27ac,1,70_1172,0,2
21362,2025_021362_cf8b4f7ac6af5617,6,70_1172,0,6
21377,2025_021377_4eb593eccc692e6b,7,70_1172,0,2
21380,2025_021380_4be357dedd4f970c,4,70_1172,0,26
21387,2025_021387_88fe50c1c31ebe4a,7,70_1172,0,20
21392,2025_021392_7f287b9af0eacff2,1,70_1172,0,31
21396,2025_021396_2c344f37dea477d4,1,70_1172,0,66
21398,2025_021398_8c5d66e75930f5f3,3,70_1172,0,10
21401,2025_021401_978550700047981d,5,70_1172,0,38
21407,2025_021407_be608f4a6f6da253,3,70_1172,0,18
21412,2025_021412_0f5841b7400b9e44,0,70_1172,0,4
21413,2025_021413_8b45b6d2dd3e802d,3,70_1172,0,9
21418,2025_021418_fb90f3a1df07dd0e,2,70_1172,0,15
21427,2025_021427_b53987de07850fb8,7,70_1172,0,22
21428,2025_021428_fab6aaaa6daa6a63,4,70_1172,0,33
21429,2025_021429_95d89e398ba8d4e5,2,70_1172,0,35
21438,2025_021438_0c62235cc7c164c9,2,70_1172,0,85
21440,2025_021440_c56c1ef09a959e3c,3,70_1172,0,24
21444,2025_021444_0dc892c471af9991,6,70_1172,0,8
21447,2025_021447_9b367c090693df88,6,70_1172,0,52
21451,2025_021451_98bf4cc937a028ed,3,70_1172,0,5
21467,2025_021467_42a677aa1c233d97,0,70_1172,0,7
21474,2025_021474_21471805b6b272cc,2,70_1172,0,22
21475,2025_021475_0b9bd2edc450c133,6,70_1172,0,6
21476,2025_021476_20e3ff7c8425ffc3,6,70_1172,0,21
21479,2025_021479_b9a5c2c5240fb29f,2,70_1172,0,2
21480,2025_021480_6807214b2b614712,3,70_1172,0,4
21483,2025_021483_9a4d73fc69aaa0bd,1,70_1172,0,7
21485,2025_021485_3c427cf1837966da,1,70_1172,0,9
21486,2025_021486_6e1094028172aca0,2,70_1172,0,12
21487,2025_021487_cc72f063016c69c2,1,70_1172,0,78
21490,2025_021490_5b91b18e77cc0220,1,70_1172,0,21
21493,2025_021493_deb05b82eb113de5,1,70_1172,0,24
21494,2025_021494_393b8e0a0a215aae,1,70_1172,0,15
21496,2025_021496_0e8186b835033ee8,4,70_1172,0,84
21497,2025_021497_f813e2cb809da423,3,70_1172,0,19
21504,2025_021504_2f32428e85c94e3e,4,70_1172,0,23
21512,2025_021512_0491ace0dd88ac8e,6,70_1172,0,2
21515,2025_021515_ff97c0fe221b761e,4,70_1172,0,12
21516,2025_021516_9427b91b452f410c,1,70_1172,0,5
21523,2025_021523_eb6203f66c0a3354,7,70_1173,1,13
21524,2025_021524_e6c6eaeee371f4d1,4,70_1173,1,3
21526,2025_021526_0160be1ff3504754,7,70_1173,1,3
21527,2025_021527_c36dc737ed4ca3e5,4,70_1173,1,3
21537,2025_021537_773d89f962a40825,3,70_1173,1,69
21540,2025_021540_03d175c3762e21cf,3,70_1173,1,6
21544,2025_021544_7192170460916674,4,70_1173,1,11
21552,2025_021552_b032a5a034f820aa,2,70_1173,1,7
21553,2025_021553_c247feb00e95e21f,2,70_1173,1,10
21555,2025_021555_5fcd15161e8ba32f,2,70_1173,1,4
21559,2025_021559_9f3d8bc91d06429e,6,70_1173,1,7
21560,2025_021560_e89c3933860256fd,0,70_1173,1,5
21567,2025_021567_cb9f78f40a07f1de,6,70_1173,1,3
21568,2025_021568_6b83d0859c9cd295,4,70_1173,1,100
21570,2025_021570_688b22a8efe34a6c,3,70_1173,1,33
21573,2025_021573_cc63ee23e6969804,6,70_1173,1,48
21576,2025_021576_dcd111fac48b83c1,6,70_1173,1,10
21578,2025_021578_6da9f55d05ee691b,6,70_1173,1,7
21582,2025_021582_2dacef96c6bbc2c7,4,70_1173,1,21
21591,2025_021591_0ce0a67cec9045a2,4,70_1173,1,8
21593,2025_021593_84746ef865dd8544,6,70_1173,1,2
21596,2025_021596_995adaa53c9a4d4a,7,70_1173,1,86
21597,2025_021597_873c3712628364ce,7,70_1173,1,5
21599,2025_021599_d04993c4e0f08e27,7,70_1173,1,8
21601,2025_021601_389c9c521506e95b,3,70_1173,1,26
21604,2025_021604_6a4df899a51e986d,7,70_1173,1,32
21606,2025_021606_3b50ea53632776ac,7,70_1173,1,63
21609,2025_021609_ec3b72f3a254a276,7,70_1173,1,72
21619,2025_021619_f3d1f128c94bfaec,0,69_1173,4,7
21624,2025_021624_11f9657541f7e247,4,70_1173,1,18
21625,2025_021625_1a5560ccd6e9956a,4,70_1173,1,30
21634,2025_021634_b0a86f545cc0b84f,0,70_1173,1,3
21653,2025_021653_58ba74c6860b8cfd,0,70_1172,0,24
21674,2025_021674_051577c4bf43e079,0,70_1172,0,2
21675,2025_021675_c73a43b12555a9d1,1,70_1173,1,8
21678,2025_021678_b5667a194cfddb0c,1,70_1173,1,9
21683,2025_021683_9643dbec267888d4,4,70_1173,1,21
21686,2025_021686_bc2a7f45067f84f1,4,70_1173,1,39
21693,2025_021693_cf4e0b04143af9a7,1,70_1173,1,7
21708,2025_021708_58afc4ffb238699d,4,70_1173,1,12
21713,2025_021713_babb43cf35dd9733,1,70_1173,1,10
21721,2025_021721_e2d61b3a72a6ffa9,3,70_1173,1,14
21723,2025_021723_aae7ae7a54b5e592,2,70_1173,1,14
21724,2025_021724_aafa567b20c1c36b,3,70_1173,1,3
21728,2025_021728_c83c56480e300a90,3,70_1173,1,15
21742,2025_021742_4a3a528a483943b0,1,70_1173,1,6
21743,2025_021743_f0e07cf483fd7f45,1,70_1173,1,8
21744,2025_021744_4778029b53e66120,0,70_1172,0,66
21745,2025_021745_9758c755499ab123,7,70_1172,0,2
21746,2025_021746_ea565960147aeb7f,0,70_1172,0,3
21749,2025_021749_cb893b3842481c38,0,70_1172,0,6
21776,2025_021776_1af9e97fd9ac68de,4,70_1172,0,8
21799,2025_021799_ab88aaf7d34b1a14,7,70_1172,0,5
21808,2025_021808_b17cd35a7f9d793d,2,70_1172,0,8
21814,2025_021814_c3f05609919bfa61,2,70_1172,0,3
21829,2025_021829_717aefe2b8d4db86,3,70_1172,0,7
21838,2025_021838_73a89869e5efa142,1,69_1172,5,8
21840,2025_021840_c1ba29495d378e14,3,69_1172,5,4
21876,2025_021876_5408931043bd1082,6,70_1173,1,13
21879,2025_021879_1d0f1d2ecefa2949,0,70_1173,1,3
21900,2025_021900_a72846041a87ab61,6,70_1172,0,16
21903,2025_021903_b41add2d7aab2461,0,70_1172,0,4
21905,2025_021905_1eb3c60c4e8a380d,6,70_1172,0,11
21907,2025_021907_8d1d777e7edc7ff5,0,70_1172,0,5
21913,2025_021913_025ae3afc8cd5694,0,70_1173,1,8
21914,2025_021914_97e492067d06c673,0,70_1173,1,10
21923,2025_021923_5c6680152ab394b1,4,70_1173,1,7
21926,2025_021926_abbb5c234eb4fd21,3,69_1172,5,4
21927,2025_021927_5eaa51db686f82f9,0,69_1172,5,5
21931,2025_021931_bfbbfb77db7a71bc,0,69_1172,5,2
21932,2025_021932_77b2d9f9d4117394,0,69_1172,5,3
21953,2025_021953_942762295b3326bb,5,71_1172,0,4
21959,2025_021959_8cca7aa7a0d8b1c0,7,71_1172,0,19
21964,2025_021964_89b4369e0e44d893,4,71_1172,0,10
21966,2025_021966_2ebc7c67bd80edce,6,71_1172,0,10
21982,2025_021982_4b3f92ea11fe8a2f,5,71_1172,0,2
21985,2025_021985_b8349dc42b564b19,3,71_1172,0,11
21986,2025_021986_ad8f42ef904562a5,3,71_1172,0,12
21993,2025_021993_09755084f4d772fd,0,71_1172,0,3
21996,2025_021996_a479df207fbe44b3,4,71_1172,0,8
21999,2025_021999_e5e741fc58a5fb18,0,71_1172,0,5
22003,2025_022003_df19c77e3218c4a5,3,71_1172,0,18
22008,2025_022008_8fb30fc573c9ecb8,1,71_1172,0,2
22012,2025_022012_7b3d958501126889,3,71_1172,0,14
22015,2025_022015_94cf2da544662377,7,71_1172,0,4
22023,2025_022023_d42839b828291a18,3,71_1172,0,4
22040,2025_022040_579f91a7cedaf79c,3,71_1172,0,6
22048,2025_022048_3cbe0f5c2b4f144d,3,71_1172,0,2
22049,2025_022049_da2bb803ce274cdc,3,71_1172,0,2
22056,2025_022056_b9fbfed16d419a22,3,71_1172,0,4
22059,2025_022059_6a3880e030609726,7,71_1172,0,8
22060,2025_022060_cbad6565839dee97,3,71_1172,0,21
22073,2025_022073_4c213738e6922965,3,71_1172,0,4
22080,2025_022080_2937aaac3b0e9272,3,71_1172,0,23
22083,2025_022083_b0dc2b30cb34f5a7,2,71_1172,0,12
22084,2025_022084_a9076030a92e1675,3,71_1172,0,55
22088,2025_022088_eb5330a5630d4c2a,3,71_1172,0,2
22092,2025_022092_e1afb41d02290628,3,71_1172,0,3
22101,2025_022101_e12d1f05b18b1607,2,71_1172,0,10
22114,2025_022114_880bdee30d65f6a4,7,70_1172,0,3
22115,2025_022115_c31d00413984f1d8,7,70_1172,0,6
22127,2025_022127_5ff962ac88c13602,2,71_1172,0,32
22128,2025_022128_9ee996821c3e8269,7,71_1172,0,18
22129,2025_022129_4afb16925ea0f706,2,71_1172,0,7
22130,2025_022130_b76519bdd6314f4a,3,71_1172,0,23
22131,2025_022131_eefb38fd6dbdc7de,4,71_1172,0,16
22133,2025_022133_4fc647c57ba74c8d,3,71_1172,0,7
22134,2025_022134_bfe95e45a48f36e9,0,71_1172,0,18
22135,2025_022135_7541ff3be9282ccc,2,71_1172,0,16
22136,2025_022136_1bb1fe04aceaad60,2,71_1172,0,31
22138,2025_022138_5c299f6a10bc0395,3,71_1172,0,21
22139,2025_022139_f37f2b52578591e1,3,71_1172,0,16
22148,2025_022148_15184c0ed5ae07e1,7,71_1172,0,17
22149,2025_022149_2351347b9cff8bee,3,71_1172,0,7
22152,2025_022152_e845c31a0bdaecb5,3,71_1172,0,10
22153,2025_022153_c1ae0c560aa9162b,3,71_1172,0,10
22155,2025_022155_58053ee6a34ddb0b,3,71_1172,0,29
22168,2025_022168_cadffd519a46569d,3,71_1172,0,8
22175,2025_022175_532a0fed0998fc07,4,71_1172,0,7
22179,2025_022179_51bfdd86c6235bb5,4,71_1172,0,5
22181,2025_022181_ca0c72a8abd7c713,1,71_1172,0,18
22197,2025_022197_7244b9db38bcbdd9,4,71_1172,0,7
22201,2025_022201_753b090bd4f6b045,4,71_1172,0,3
22206,2025_022206_a118f9ad31d52b03,2,71_1172,0,65
22215,2025_022215_05f052601a9b491a,2,71_1172,0,4
22222,2025_022222_0f58897f6f8cfe3c,7,71_1172,0,5
22228,2025_022228_ff5c3536d1947618,2,71_1172,0,23
22247,2025_022247_ed3f3f7fc37c55e4,0,71_1172,0,2
22249,2025_022249_a57162d95951ccbe,3,71_1172,0,11
22268,2025_022268_20fcf60b8f89322a,3,71_1172,0,25
22271,2025_022271_b4cc59a79adab5e8,4,71_1172,0,2
22279,2025_022279_168528fc97785661,4,71_1172,0,3
22283,2025_022283_a42352b6ea0ad0b3,4,71_1172,0,8
22287,2025_022287_31d3af14ecf5f054,6,71_1172,0,8
22290,2025_022290_11da71f98ce00c59,3,71_1172,0,7
22296,2025_022296_1a164ad773fc42c3,4,71_1172,0,38
22315,2025_022315_720193346a270e07,4,71_1172,0,6
22316,2025_022316_50a2d69870040ed8,4,71_1172,0,3
22318,2025_022318_bccc531dd8084cbf,3,71_1172,0,8
22321,2025_022321_47ee8bd47851f550,3,71_1172,0,16
22322,2025_022322_0034775151c70d97,1,71_1172,0,27
22323,2025_022323_384e13f6e5f3a918,3,71_1172,0,22
22327,2025_022327_3b929f85c59345fc,7,71_1172,0,2
22328,2025_022328_95a8ac515f3e6372,7,71_1172,0,11
22330,2025_022330_1acf66bc03e251c5,1,71_1172,0,4
22335,2025_022335_45f71eae3cd1a019,7,71_1172,0,2
22361,2025_022361_d58f9fd44e8ef1c9,0,71_1172,0,7
22368,2025_022368_bb515712f7ad6c53,0,71_1172,0,16
22384,2025_022384_ce4457305d93c261,4,71_1172,0,10
22394,2025_022394_23f052c425d1bf15,4,71_1172,0,5
22397,2025_022397_c847402c0e7a465c,1,71_1172,0,12
22401,2025_022401_f4272e679a10eea9,4,71_1172,0,4
22411,2025_022411_2bd66b875912fa8a,4,71_1172,0,5
22414,2025_022414_9113bf1b6734ac87,4,71_1172,0,5
22420,2025_022420_2ffed28acb0cf396,3,71_1172,0,5
22428,2025_022428_b17f13a61fce3839,5,71_1172,0,12
22439,2025_022439_3fdf92949f540660,4,71_1172,0,10
22440,2025_022440_575fca31bb96f15d,6,71_1172,0,11
22455,2025_022455_8c927f5610d867e7,5,71_1172,0,9
22468,2025_022468_b58c293058688be8,6,71_1172,0,6
22469,2025_022469_4d663045de260ece,4,71_1172,0,6
22479,2025_022479_e895a70213430bbb,0,71_1172,0,9
22485,2025_022485_6e0053be06d81dab,3,71_1172,0,13
22493,2025_022493_4956164fbd065b66,4,71_1172,0,22
22499,2025_022499_92b1b83aab8ab79b,4,71_1172,0,23
22506,2025_022506_b7d2dfe4b3e76f0a,1,71_1172,0,35
22507,2025_022507_c99fd2c0aefad47a,2,71_1172,0,9
22509,2025_022509_95fd004753994457,4,71_1172,0,12
22515,2025_022515_6c0874eb97bc1c9a,3,71_1172,0,20
22518,2025_022518_839565a7369a0655,4,71_1172,0,4
22521,2025_022521_c101a198c51c3a51,2,71_1172,0,18
22525,2025_022525_748f294d6f3afb41,5,71_1172,0,21
22527,2025_022527_20308d291967f615,2,71_1172,0,3
22534,2025_022534_7da1203c3b2abcae,3,71_1172,0,17
22541,2025_022541_a1556eb4b275382c,7,71_1172,0,2
22552,2025_022552_5cfcfab184d9311f,7,71_1172,0,2
22556,2025_022556_1c4e7b946a664851,2,71_1172,0,10
22559,2025_022559_8bf3739f101614c0,0,71_1172,0,2
22563,2025_022563_46d1a53166d1d13a,2,71_1172,0,5
22570,2025_022570_cab32c39e0d7f695,1,71_1172,0,5
22578,2025_022578_b13e56e1de5fadf3,2,71_1172,0,4
22579,2025_022579_9cb5ee31f3ab4cdf,2,71_1172,0,10
22583,2025_022583_bac77f866f285e87,0,71_1172,0,5
22590,2025_022590_b25f5bdffc5aae8c,0,71_1172,0,2
22598,2025_022598_7e682929416ecd55,3,71_1172,0,23
22607,2025_022607_78cca2bab1b502a5,3,71_1172,0,4
22616,2025_022616_a42c203ec486fe80,1,71_1172,0,5
22619,2025_022619_63048a043faae827,3,71_1172,0,11
22625,2025_022625_78a9539f68a0479a,3,71_1172,0,11
22628,2025_022628_694a39df83633a95,4,71_1172,0,5
22641,2025_022641_14fae4311a7db953,3,71_1172,0,5
22644,2025_022644_8f0b89c1baec271b,3,71_1172,0,3
22649,2025_022649_bd9e8358d5d4dad4,0,71_1172,0,2
22652,2025_022652_70b5f6ebda2accbe,0,71_1172,0,3
22655,2025_022655_a5f242fa8fc172b8,3,71_1172,0,8
22659,2025_022659_488b5a484f817d24,3,71_1172,0,34
22668,2025_022668_b3559e08a9b45ede,3,71_1172,0,47
22672,2025_022672_4598429dd4ab01f2,2,71_1172,0,20
22681,2025_022681_f40a13885cc63980,4,71_1172,0,23
22682,2025_022682_b8556d124992b368,7,71_1172,0,18
22688,2025_022688_74f1f8eb3b53deaf,4,71_1172,0,70
22695,2025_022695_557c7d876d835ed3,3,71_1172,0,5
22696,2025_022696_402beac24b2d874a,0,71_1172,0,2
22697,2025_022697_1018181bdbbc2973,4,71_1172,0,5
22700,2025_022700_1c362e06f9f3cc6f,3,71_1172,0,14
22703,2025_022703_d17197bf9c5aee62,3,71_1172,0,3
22706,2025_022706_ac72b8f8087baa46,6,72_1172,2,13
22707,2025_022707_90475adbea2db56e,4,72_1172,2,8
22710,2025_022710_733236be3c53afb9,7,72_1172,2,19
22712,2025_022712_89c4dca9ae12aa72,3,72_1172,2,3
22717,2025_022717_8ad17641c593456f,6,72_1172,2,16
22720,2025_022720_b8b37d060e09a6c7,3,72_1172,2,9
22727,2025_022727_66b29b91eef4d2b9,6,72_1172,2,3
22744,2025_022744_8356708c796a0f25,4,72_1173,4,10
22766,2025_022766_040fd1fbbd4ec253,3,72_1173,4,2
22767,2025_022767_e094650c6b79ec14,3,72_1173,4,28
22785,2025_022785_826f3f1954b9ef2c,3,72_1173,4,31
22790,2025_022790_050c3f3d6fc4e2b0,6,72_1172,2,30
22793,2025_022793_d0809953c59c30d9,3,72_1172,2,48
22797,2025_022797_3dafb47904a09447,3,72_1172,2,3
22799,2025_022799_703cefdf5a851578,3,72_1172,2,10
22806,2025_022806_5e24eb8ef27371da,3,72_1172,2,33
22826,2025_022826_f23181efdaf02e7e,3,72_1172,2,50
22828,2025_022828_375760079960e523,3,72_1172,2,9
22830,2025_022830_3b0ca5a59abea24d,4,72_1172,2,18
22863,2025_022863_fbb805f3404e84d8,4,72_1172,2,15
22874,2025_022874_b427de16404db5dc,4,72_1172,2,2
22884,2025_022884_187c83c53aa13eee,3,72_1172,2,2
22894,2025_022894_0bdb965e812846b5,7,72_1172,2,17
22901,2025_022901_2894891caf7ac565,3,72_1172,2,4
22909,2025_022909_ab21084cc11bfb3c,5,72_1172,2,19
22911,2025_022911_a2cede7683a92536,4,72_1172,2,30
22917,2025_022917_ce74d9b502ad740e,3,72_1172,2,90
22924,2025_022924_be5eee5a19f236bb,6,72_1172,2,70
22929,2025_022929_52bf10cacc63a7ff,3,72_1172,2,62
22930,2025_022930_e297a11e55d65290,7,72_1172,2,11
22932,2025_022932_c6da87810cb23465,5,72_1172,2,21
22935,2025_022935_5afd782cffad451a,4,72_1172,2,13
22938,2025_022938_9f4afc86563c5494,3,72_1172,2,100
22943,2025_022943_da37175836593642,6,72_1172,2,2
22949,2025_022949_2bb063d89aa27785,3,72_1172,2,14
22950,2025_022950_8d2222ee2992193b,3,72_1172,2,22
22955,2025_022955_6b010407474ed606,3,72_1172,2,37
22958,2025_022958_64af50de2522e091,5,72_1172,2,8
22959,2025_022959_6cb2fafc17c37058,3,72_1172,2,9
22965,2025_022965_66b16f14c6e5c5b2,7,72_1172,2,10
22966,2025_022966_ebe6c829449d7fce,3,72_1172,2,11
22975,2025_022975_6c5913c18f7eb84d,7,72_1173,4,4
22977,2025_022977_9a0599b3944cfde7,3,72_1173,4,29
22985,2025_022985_9468d88412af08e4,5,72_1173,4,57
22995,2025_022995_c337c9c437315889,5,72_1173,4,5
23007,2025_023007_4912c2fa5659188e,6,72_1173,4,7
23012,2025_023012_fdde6c6fe3640caa,4,72_1173,4,13
23014,2025_023014_79588bcc1156bfc7,7,72_1173,4,33
23016,2025_023016_fadfdff4254d4a11,4,72_1173,4,3
23017,2025_023017_c9179cfeb9be5b9d,3,72_1173,4,44
23029,2025_023029_c7f1360c342b8eda,5,72_1173,4,14
23042,2025_023042_eddc9d0c79090b65,3,72_1172,2,10
23044,2025_023044_e902cb5ae9ba0de5,5,72_1172,2,10
23048,2025_023048_e377ed2ab1015f87,5,72_1172,2,7
23054,2025_023054_e309d8f1bc2515ca,3,72_1172,2,15
23065,2025_023065_14664467ff4046f5,4,72_1172,2,29
23071,2025_023071_5e2026a5a0da3b2a,7,72_1172,2,6
23073,2025_023073_50a069ee16071a98,4,72_1172,2,47
23082,2025_023082_ecbc49b18cec0295,4,72_1172,2,8
23083,2025_023083_56751336838513a6,3,72_1172,2,5
23094,2025_023094_6457f6bee11738db,3,72_1172,2,9
23095,2025_023095_29b41ba78472f757,3,72_1172,2,42
23099,2025_023099_f11f20d822dd5231,3,72_1172,2,5
23109,2025_023109_97c65f089876443c,3,72_1173,4,31
23115,2025_023115_cb5ea3dda80fb260,4,72_1173,4,51
23131,2025_023131_6ac4ee8a500cc538,5,72_1173,4,48
23143,2025_023143_eb97c9ea0b822bec,7,72_1173,4,16
23144,2025_023144_cbf328d863c8f323,6,72_1173,4,50
23145,2025_023145_f4fb038456670108,6,72_1173,4,50
23153,2025_023153_36ddbb6aa4b33a25,7,72_1173,4,15
23155,2025_023155_9390417626e44592,3,72_1173,4,10
23156,2025_023156_e9f54d5f79029eb8,3,72_1173,4,8
23159,2025_023159_69ada60fdec92841,3,72_1173,4,131
23165,2025_023165_46f8c6509dd936d8,7,72_1173,4,81
23167,2025_023167_c3e3392f402f7749,4,72_1173,4,129
23170,2025_023170_2abe7ab038efd695,7,72_1173,4,35
23174,2025_023174_20af8abfc1edaca0,3,72_1173,4,11
23180,2025_023180_94a148c97e6708b6,0,72_1173,4,4
23182,2025_023182_b2b66c58593bac6c,7,72_1173,4,3
23198,2025_023198_f1ffada86eda2202,5,72_1173,4,12
23199,2025_023199_64813cca328ecfd6,3,72_1173,4,13
23202,2025_023202_6434bb3b1968827f,4,72_1172,2,11
23209,2025_023209_957d1716f42f692e,6,72_1172,2,33
23213,2025_023213_064ccbc4178980c6,3,72_1172,2,21
23223,2025_023223_f9a98df31818105a,4,72_1172,2,66
23227,2025_023227_b24e09389f859d05,4,72_1172,2,13
23236,2025_023236_d2fb797670674c3f,6,72_1172,2,4
23238,2025_023238_88ab21c0562d25e0,3,72_1172,2,50
23240,2025_023240_424539a5dfec7ad2,3,72_1172,2,3
23242,2025_023242_333019e60fb87f1a,7,72_1172,2,10
23243,2025_023243_f583e3fe3fe9b9b6,3,72_1172,2,31
23245,2025_023245_619bd81aa6576f8e,6,72_1172,2,36
23254,2025_023254_5bae80cfdfd0a275,3,72_1172,2,8
23259,2025_023259_71f90460324b465b,4,72_1172,2,71
23264,2025_023264_5b8971a88f50f0ee,4,72_1172,2,13
23270,2025_023270_43ba470674d52f39,6,72_1172,2,4
23274,2025_023274_271db4dc2d7a8f7d,4,72_1172,2,8
23275,2025_023275_56cd9c7c76934b57,3,72_1172,2,6
23283,2025_023283_96a3956cd934e1c9,4,72_1172,2,7
23292,2025_023292_4ab79154efccba42,6,72_1172,2,15
23296,2025_023296_e7f9bccdcea7b396,5,72_1172,2,9
23297,2025_023297_30d23282c7d33483,3,72_1172,2,14
23300,2025_023300_bb44ee53f056da0e,7,72_1172,2,7
23302,2025_023302_066051ddaaaa9c69,4,72_1172,2,6
23335,2025_023335_ecaf0c9716ddf72b,4,72_1173,4,12
23337,2025_023337_1ba70d53ef332719,4,72_1173,4,11
23341,2025_023341_4b4935e50bf972f5,4,72_1173,4,5
23348,2025_023348_9e1a4fde5bbab04c,4,72_1173,4,48
23362,2025_023362_74505e5242bd3ad5,6,72_1173,4,4
23365,2025_023365_03ac4a32d515a4d8,4,72_1173,4,10
23366,2025_023366_7ff3f932e5f8b99f,4,72_1173,4,31
23372,2025_023372_d9fd86359deea00f,3,72_1172,2,2
23374,2025_023374_b54f5f9ff737e95c,7,72_1172,2,18
23377,2025_023377_6ba616f46344b149,3,72_1172,2,17
23378,2025_023378_519207eae9c87a2e,4,72_1172,2,10
23380,2025_023380_507a4e4d6d1d8d52,1,72_1172,2,17
23383,2025_023383_bf76175290548dd9,0,72_1172,2,20
23386,2025_023386_e4a9b7c190493fd2,2,72_1172,2,15
23390,2025_023390_ed1d59f22c695c52,2,72_1172,2,10
23391,2025_023391_638aed726bd45df9,1,72_1172,2,57
23392,2025_023392_2de82f0307815a03,3,72_1172,2,6
23400,2025_023400_1aa8daff07eeadc5,1,72_1172,2,10
23411,2025_023411_523a6c375d7d9e20,7,72_1172,2,46
23412,2025_023412_600ddd34e1c08d92,4,72_1172,2,54
23416,2025_023416_7299ed46038f3b34,7,72_1172,2,49
23423,2025_023423_0d17cde3991f1f78,7,72_1172,2,25
23435,2025_023435_4b6be8402bfe3385,7,72_1172,2,7
23444,2025_023444_8a65e9a50cdd67f3,5,72_1172,2,8
23453,2025_023453_8facb43e082c6472,3,72_1172,2,97
23457,2025_023457_9ea16228e6855317,3,72_1172,2,51
23461,2025_023461_62f4b8652ad7dae3,3,72_1172,2,46
23469,2025_023469_5c7ab36d2269ee42,7,72_1173,4,49
23474,2025_023474_79f5bf498020af83,7,72_1173,4,81
23481,2025_023481_6cb2597a18aa28f9,1,72_1173,4,45
23482,2025_023482_ab2099c244ce5533,0,72_1173,4,35
23483,2025_023483_aa3e27a268b3c8d2,7,72_1172,2,52
23484,2025_023484_5d84a63f84de3c3c,2,72_1172,2,11
23485,2025_023485_2b084c82385cd917,1,72_1172,2,47
23495,2025_023495_0a9794430e00a959,7,72_1173,4,49
23496,2025_023496_d398d713bfeaf2ca,7,72_1173,4,47
23500,2025_023500_197d76ff43e4e19d,3,72_1173,4,71
23518,2025_023518_4f728859c829108e,3,72_1172,2,4
23520,2025_023520_d4691a2816f8eebc,3,72_1172,2,17
23523,2025_023523_b016250a42fae97c,3,72_1172,2,10
23527,2025_023527_89c77d3c235e585e,3,72_1172,2,17
23529,2025_023529_637723b6952fdf9b,3,72_1172,2,15
23534,2025_023534_ddee345372ef424a,3,72_1172,2,120
23541,2025_023541_e9c9b231d76c27bb,3,72_1172,2,98
23544,2025_023544_4b92d6d4f8e53b71,5,72_1172,2,142
23553,2025_023553_7bde4ab173e2f0de,3,72_1172,2,11
23556,2025_023556_04ccd47aa7db65db,6,72_1172,2,2
23557,2025_023557_bcfa4e59b0dcfeb7,5,72_1172,2,3
23558,2025_023558_ed0d41c03c30bc31,4,72_1172,2,11
23559,2025_023559_3d23b62de23dfa89,5,72_1172,2,141
23561,2025_023561_fd99509b8ed25849,5,72_1173,4,48
23565,2025_023565_8094bfbba8ed5c19,7,72_1173,4,39
23570,2025_023570_d1d63680b66b89f1,7,72_1173,4,47
23574,2025_023574_fe6c0a70cd1d446a,3,72_1173,4,48
23578,2025_023578_c47fd0b4cf5654b8,7,72_1173,4,48
23584,2025_023584_aaeec58263938ed1,0,72_1173,4,7
23586,2025_023586_9d0d1e783e6c9775,0,72_1173,4,20
23590,2025_023590_bf91feb9c4096c8e,1,72_1173,4,13
23592,2025_023592_49e8b089af0b6c5a,0,72_1173,4,14
23593,2025_023593_c1f4b9e3f709d355,3,72_1173,4,49
23595,2025_023595_be601e74150557b5,1,72_1173,4,12
23598,2025_023598_1984dee9993aaebf,0,72_1173,4,7
23618,2025_023618_1a17bd1867c2186b,6,72_1173,4,6
23620,2025_023620_e93933d267c4fb67,3,72_1173,4,3
23621,2025_023621_623564f6becf781c,3,72_1173,4,17
23629,2025_023629_41b6f09f4f23a9e6,5,72_1173,4,48
23668,2025_023668_8d519f98022df65c,3,73_1173,4,2
23672,2025_023672_46199eb7da7cfffa,6,72_1173,4,9
23673,2025_023673_1c88fe942164238e,3,72_1173,4,10
23676,2025_023676_321295d3dd580499,4,72_1173,4,6
23683,2025_023683_25cfd2af9d1345ff,5,72_1173,4,36
23689,2025_023689_97e8096e44f5d753,2,72_1173,4,5
23693,2025_023693_52449a5407339801,3,72_1173,4,10
23702,2025_023702_9520dcc09ac088c4,7,72_1173,4,4
23709,2025_023709_b1dbb987149756b6,1,72_1173,4,6
23712,2025_023712_8c8a5ac33994b8b0,3,72_1173,4,76
23714,2025_023714_8d87da554ad0cc7b,2,72_1173,4,36
23715,2025_023715_04e6cfed11fbd130,1,72_1173,4,16
23728,2025_023728_e27a84e96dc6a62f,4,72_1173,4,9
23729,2025_023729_5a625df5e29ef718,1,72_1173,4,14
23735,2025_023735_b9d628526c9cc85c,1,72_1173,4,2
23741,2025_023741_b549f48a91c68d57,1,72_1173,4,8
23745,2025_023745_fb3f6f9fb694db33,3,72_1173,4,7
23748,2025_023748_2627fe39f3453cf8,4,72_1173,4,11
23750,2025_023750_309ad86763f03840,3,72_1172,2,53
23760,2025_023760_e55339013ec6165f,7,72_1172,2,48
23767,2025_023767_2477cbec81399d52,3,72_1172,2,11
23773,2025_023773_3ff987fccec11bf0,2,72_1172,2,14
23776,2025_023776_aeae1ad651f57dc4,0,72_1173,4,6
23778,2025_023778_5ecd9a05aa32a14d,0,72_1173,4,28
23791,2025_023791_ea8d5d8db49e32e7,3,72_1173,4,35
23792,2025_023792_a994d70f723592f0,3,72_1173,4,11
23801,2025_023801_4ea0a5c1e4b0e974,4,72_1173,4,5
23802,2025_023802_db79e884c25bb091,3,72_1173,4,7
23805,2025_023805_d77269d17df115e8,5,72_1173,4,12
23806,2025_023806_67b90567f0003595,5,72_1173,4,8
23807,2025_023807_b3f5b1fa842e3508,6,72_1173,4,5
23824,2025_023824_6948d5919b6b3af9,3,72_1173,4,11
23825,2025_023825_3862af7ded8318da,3,72_1173,4,8
23831,2025_023831_73c35755f8df3e8f,3,72_1173,4,10
23836,2025_023836_ee41e803139fcd38,1,72_1173,4,3
23842,2025_023842_941aa6c00186511a,3,72_1173,4,51
23844,2025_023844_e3a76a5fcf652646,3,72_1173,4,15
23851,2025_023851_3d403cb2420d28e4,4,72_1173,4,115
23866,2025_023866_42175c3d0e23a80c,7,72_1173,4,9
23869,2025_023869_6f69a90a90fc7432,3,72_1173,4,46
23871,2025_023871_8357220063d7c6e0,6,72_1172,2,7
23876,2025_023876_828f98d73ef9ab5c,6,72_1173,4,5
23879,2025_023879_0ee23c6d7bee4fc6,2,72_1173,4,6
23888,2025_023888_98232a43f66dd3d7,4,72_1173,4,5
23891,2025_023891_34804b29e31f67fa,5,72_1173,4,36
23897,2025_023897_a89a1f8d34af92f2,5,72_1173,4,8
23899,2025_023899_bfe5a589680bbf0c,4,72_1173,4,40
23905,2025_023905_34fae808bf05a614,2,72_1173,4,12
23906,2025_023906_3dc8c78f1f2c0a24,0,72_1173,4,4
23907,2025_023907_ed6cc0cb8c73201c,7,72_1173,4,26
23913,2025_023913_d55953c5ad6cfb85,3,72_1173,4,135
23920,2025_023920_a0a450f7acee9ef2,5,72_1173,4,49
23927,2025_023927_e284a1bffc1778b5,1,72_1173,4,5
23934,2025_023934_aa4d80619400526c,3,72_1173,4,9
23938,2025_023938_8bac2add31e3f714,3,72_1173,4,31
23945,2025_023945_8209c9bd717354a4,1,72_1173,4,4
23950,2025_023950_a227e73033825da8,1,72_1173,4,10
23951,2025_023951_2933fe27f4da5184,0,72_1173,4,2
23955,2025_023955_3417e99b896d1cce,0,72_1173,4,8
23990,2025_023990_199f94efb3e4bba4,3,72_1173,4,9
23996,2025_023996_a6c3fd9cd66b9324,7,72_1172,2,52
24001,2025_024001_bdfa1055d0b7a071,6,72_1172,2,49
24011,2025_024011_46363858c84f8b56,1,72_1173,4,26
24014,2025_024014_d87db6d9dcef283a,2,72_1173,4,11
24018,2025_024018_06f71907944c1b1b,7,72_1173,4,11
24020,2025_024020_fdff0ef5e864a0a0,2,72_1173,4,9
24025,2025_024025_173dffea5475217a,7,72_1173,4,2
24029,2025_024029_4bf6370e0287ec31,3,72_1173,4,32
24032,2025_024032_caf385f4f0386501,7,72_1173,4,65
24052,2025_024052_50dec59217b4eaef,5,72_1172,2,17
24058,2025_024058_e2b9e587b78a7f10,7,72_1172,2,6
24060,2025_024060_d710bb501e6279c8,3,72_1172,2,2
24076,2025_024076_084efff2b2a84e73,6,70_1172,0,2
24080,2025_024080_d9a567eb3acca8b7,3,71_1172,0,170
24081,2025_024081_7b8515f5245d3ffc,1,71_1172,0,9
24082,2025_024082_dc017af0a498f023,1,71_1172,0,10
24084,2025_024084_a412e699255cfe91,2,71_1172,0,16
24091,2025_024091_44da07e33196880f,2,71_1172,0,37
24102,2025_024102_19ff020c4eadc8bf,0,71_1172,0,27
24103,2025_024103_e3fe216d936da901,0,71_1172,0,4
24105,2025_024105_528e408d552cbb2e,0,71_1172,0,4
24116,2025_024116_abe4fd4db337c222,3,71_1172,0,13
24123,2025_024123_cb1fe7be1c89ec33,0,71_1172,0,13
24135,2025_024135_f19f03b81e433ac8,0,71_1172,0,2
24137,2025_024137_3b97670a253eedf8,0,71_1172,0,11
24143,2025_024143_98cde144ac12ac96,4,71_1172,0,8
24146,2025_024146_33e2629cf6b7e8b7,0,71_1172,0,23
24154,2025_024154_d5d9c44e2a7c4efc,0,71_1172,0,4
24155,2025_024155_bee5fa87fed33808,0,71_1172,0,4
24163,2025_024163_ed318e9ae060f2a8,0,71_1172,0,3
24164,2025_024164_a868d910df63aa5d,0,71_1172,0,5
24170,2025_024170_8013d1c90335572a,0,71_1172,0,19
24182,2025_024182_d5fa5e43d9b276d1,6,71_1172,0,35
24183,2025_024183_97817636da15878e,6,71_1172,0,17
24189,2025_024189_c054e493c03fb598,0,71_1172,0,10
24208,2025_024208_b3408253ee8d17fa,0,71_1172,0,4
24216,2025_024216_17bc63909d6930c3,0,71_1172,0,34
24218,2025_024218_f0cd8695c9183340,3,71_1172,0,5
24223,2025_024223_bdd9f482f4ea154a,3,71_1172,0,21
24227,2025_024227_a775aa3b9abf7a85,4,71_1172,0,34
24230,2025_024230_7362a844fc058378,4,71_1172,0,36
24248,2025_024248_ebf8e3bdf28bd76f,0,71_1172,0,13
24272,2025_024272_54aa13a93a76286c,0,71_1172,0,26
24281,2025_024281_e9ad61569c8ab8e6,0,71_1172,0,14
24282,2025_024282_a339c3fd04b93b17,0,71_1173,2,5
24286,2025_024286_3f05b41dfd633bbd,0,71_1172,0,19
24293,2025_024293_1f1f9a19b5730d35,0,71_1172,0,6
24294,2025_024294_5740ec33adaa6e20,0,71_1172,0,5
24295,2025_024295_fbf0a48f1907285a,3,71_1172,0,10
24296,2025_024296_27a47aeeaafacf30,3,72_1172,2,30
24300,2025_024300_5d7e6bbbe536f8eb,6,71_1172,0,5
24306,2025_024306_08adb29d0d8d4d74,4,72_1172,2,26
24311,2025_024311_e9504a53d6de7fb4,6,71_1173,2,45
24314,2025_024314_a2bf5e260321598e,6,72_1173,4,47
24324,2025_024324_baff59395a83192b,4,71_1172,0,9
24327,2025_024327_27224783db4d28d0,3,71_1172,0,9
24330,2025_024330_92b3bec41b0e69df,7,71_1172,0,8
24333,2025_024333_cab99e68035e068e,4,71_1172,0,23
24340,2025_024340_0fc667e9a312d391,3,71_1172,0,19
24344,2025_024344_6fbb2814f4afab36,6,71_1172,0,11
24345,2025_024345_cfcb0a931936eef6,6,71_1172,0,13
24351,2025_024351_ea2cd144211a150e,3,70_1173,1,10
24354,2025_024354_db986542c3c8b254,7,70_1172,0,78
24356,2025_024356_e7692205fa8d6c27,5,70_1173,1,45
24357,2025_024357_59846cf93df49ea1,6,70_1172,0,37
24358,2025_024358_89ebb8a6a8c7e596,4,70_1173,1,12
24359,2025_024359_7af053979ec98626,7,71_1173,2,30
24360,2025_024360_a71db2c70b539762,6,70_1172,0,4
24361,2025_024361_ebff2c41c62797a4,6,71_1173,2,5
24363,2025_024363_97c1bc73a1acbe43,6,71_1173,2,3
24375,2025_024375_34092071f5aba966,7,71_1172,0,24
24378,2025_024378_69c9e1e51b8499da,3,71_1173,2,3
24382,2025_024382_0cfb5c3fc5971550,3,71_1172,0,10
24392,2025_024392_bbf6cb5ab9303086,3,71_1172,0,3
24406,2025_024406_f61d4a9901ddff8e,0,71_1173,2,5
24414,2025_024414_8d350254515b938a,0,71_1172,0,4
24415,2025_024415_2daf03c92cc678b9,0,71_1172,0,2
24416,2025_024416_c8c13e1c715138b0,0,71_1172,0,3
24424,2025_024424_8f67f799e2920411,4,71_1172,0,7
24432,2025_024432_206d9b97b8349419,0,71_1172,0,3
24447,2025_024447_d32edbf57739da59,1,71_1173,2,2
24448,2025_024448_597d75a213235332,6,71_1172,0,5
24449,2025_024449_fafd4b8172de0f6e,6,71_1172,0,2
24450,2025_024450_b5950e4e6ff29a8d,0,71_1173,2,7
24453,2025_024453_a8df49370905cc8f,0,71_1173,2,18
24462,2025_024462_49d24a27747ce676,0,71_1173,2,8
24469,2025_024469_513030cfc6515636,0,71_1173,2,7
24472,2025_024472_dba573fa35470f39,0,71_1173,2,23
24473,2025_024473_68aa9ec8c19c8e17,6,71_1173,2,3
24490,2025_024490_e459b0fdd87a7102,0,71_1173,2,19
24506,2025_024506_f80c9320baa05680,0,71_1173,2,5
24514,2025_024514_f8e40bdfd10e1455,0,71_1173,2,27
24515,2025_024515_001564df9692dfcb,0,71_1173,2,10
24537,2025_024537_630e06d19b237c56,6,71_1173,2,10
24544,2025_024544_02c459fc4a83d84a,3,71_1173,2,6
24549,2025_024549_4555251a575c5d51,3,71_1173,2,7
24558,2025_024558_943ea045140d78c1,3,71_1173,2,4
24560,2025_024560_20e16cc57afb07ed,3,70_1173,1,33
24561,2025_024561_b009fc04612f9347,4,70_1173,1,40
24570,2025_024570_726f013bfb1a99e7,4,70_1173,1,2
24571,2025_024571_a98d0e3fa2b059f9,4,70_1173,1,6
24574,2025_024574_ed503f6991cf9ffc,3,71_1173,2,9
24577,2025_024577_a5a58ffa088e9bcf,3,71_1173,2,5
24580,2025_024580_f454980532c45db6,7,70_1173,1,2
24586,2025_024586_f639be8cbc9bbfdc,7,71_1173,2,6
24593,2025_024593_d9801442672a0370,3,70_1173,1,25
24594,2025_024594_c1a735a1d6edc3ad,7,71_1173,2,43
24597,2025_024597_19f0bf1d9329785c,4,70_1173,1,10
24608,2025_024608_c8bee18e532a1aa4,1,71_1173,2,10
24612,2025_024612_ecf9cbf576b1963d,1,71_1173,2,12
24625,2025_024625_0221402cabc5b365,6,71_1173,2,3
24626,2025_024626_9424be44de4ff442,6,71_1173,2,4
24637,2025_024637_b03fa3e85c1efb33,3,71_1173,2,11
24638,2025_024638_87aef47df8c812fa,0,71_1173,2,13
24657,2025_024657_8593fddaf65bc81e,0,71_1173,2,2
24661,2025_024661_50b17be09f708a49,0,71_1173,2,5
24668,2025_024668_f42c486e256d35da,0,71_1173,2,2
24669,2025_024669_d2f714ddb1f8dd9c,0,71_1173,2,3
24670,2025_024670_19b354e15f082628,0,71_1173,2,9
24673,2025_024673_3e63f51d5dbdf277,1,71_1173,2,3
24677,2025_024677_5cc02b2abc59f13b,0,71_1173,2,25
24685,2025_024685_d1ad22f94090f024,2,71_1173,2,9
24686,2025_024686_1d09bf28685906f8,2,71_1173,2,9
24700,2025_024700_879e9c186b5c4fff,6,71_1173,2,4
24709,2025_024709_2f0d8e4168306c0c,1,71_1173,2,8
24720,2025_024720_b3ecd7c028c98132,0,71_1173,2,5
24722,2025_024722_decc08c1bc2a7c1a,7,71_1173,2,3
24750,2025_024750_14906345f946d545,3,71_1173,2,2
24753,2025_024753_8d19179100a4987a,4,71_1173,2,29
24758,2025_024758_d59f8fd9e354a6c7,4,71_1173,2,5
24763,2025_024763_847dafbe02a83fd9,4,71_1173,2,6
24767,2025_024767_c965c2ff115d3851,7,71_1173,2,29
24775,2025_024775_e9f9f1c380a0df36,6,71_1173,2,26
24789,2025_024789_1101005bcab349d9,3,71_1173,2,6
24797,2025_024797_68580fd2dadf8c54,7,71_1173,2,18
24802,2025_024802_6851d6c1fae7f0c8,1,71_1173,2,5
24806,2025_024806_2ced270b002d3ab7,4,71_1173,2,2
24808,2025_024808_69d35bd878fc1c5d,3,71_1173,2,6
24809,2025_024809_fac537c74d61e95a,1,71_1173,2,5
24812,2025_024812_b4482268e8eb8afc,3,71_1173,2,8
24818,2025_024818_6ffada0ca65678df,1,71_1173,2,2
24832,2025_024832_62e66be260297817,4,71_1173,2,6
24838,2025_024838_1e79906efd295f96,0,71_1173,2,6
24841,2025_024841_35345cea1244a3db,0,71_1173,2,2
24850,2025_024850_63a82beac2abf9a8,3,71_1173,2,7
24852,2025_024852_9d907cabb389cf96,3,71_1173,2,8
24856,2025_024856_10bbc52c84253cc5,3,71_1173,2,11
24858,2025_024858_abc84db2ab29d229,7,71_1173,2,6
24859,2025_024859_e3416df7f3789f6d,7,71_1173,2,24
24860,2025_024860_10687c72cd69c10f,6,71_1173,2,13
24876,2025_024876_490b5c19e30a772a,6,71_1173,2,4
24878,2025_024878_b7c89e3625ffd040,6,71_1173,2,3
24881,2025_024881_a0acc9b8643750af,6,71_1173,2,13
24883,2025_024883_036446d8e30a4dec,0,71_1173,2,12
24888,2025_024888_b68ecca91ddd5a30,3,71_1173,2,10
24895,2025_024895_8961174f116c436d,3,71_1173,2,5
24896,2025_024896_3cd9a169deaf2ffa,4,71_1173,2,12
24901,2025_024901_fdea5c4871c032f6,4,71_1173,2,58
24902,2025_024902_4f8e54df0f1f21f9,3,71_1173,2,61
24905,2025_024905_7ddae755da5d95b0,3,71_1173,2,6
24910,2025_024910_cc422d1c981ba1e8,7,71_1173,2,54
24912,2025_024912_4e77ff3111b6d8a1,4,71_1173,2,54
24914,2025_024914_1c641bb5f010a77c,7,71_1173,2,11
24917,2025_024917_0971046b3b2670d7,0,71_1173,2,2
24918,2025_024918_b780ae890707c85d,3,71_1173,2,24
24926,2025_024926_c20ca3e7aa74ff88,7,71_1173,2,27
24934,2025_024934_e1d6a1df8b7b5aef,0,71_1173,2,3
24936,2025_024936_bd4a6ec45d727534,0,71_1173,2,3
24941,2025_024941_98dba22eea23a57a,3,71_1173,2,4
24947,2025_024947_980a85de810321f1,0,71_1173,2,3
24957,2025_024957_5fe4c499055139af,7,71_1173,2,6
24967,2025_024967_8cecc58e95c0fc00,1,71_1173,2,6
24972,2025_024972_393b55d6c7c1c7f8,6,71_1173,2,3
24986,2025_024986_12c9a5e69aaa0f5e,3,71_1173,2,4
24992,2025_024992_014f3bf1efbd1c34,3,71_1173,2,6
24995,2025_024995_aab024d129c78f75,0,71_1173,2,9
25010,2025_025010_22b960377d472b36,2,71_1173,2,3
25019,2025_025019_a81f785202e607ea,1,71_1173,2,19
25032,2025_025032_fcc983f538888a25,6,71_1173,2,10
25036,2025_025036_37a10c359019afdf,0,71_1173,2,7
25041,2025_025041_9c9b675d58024db8,1,71_1173,2,6
25042,2025_025042_3c7dfab0291afbc8,1,71_1173,2,3
25055,2025_025055_6e901c4d287eb549,7,71_1173,2,19
25056,2025_025056_6a5cf5119ad8b06d,3,71_1173,2,3
25059,2025_025059_c5e3c9ed9e64bb1d,3,71_1173,2,2
25063,2025_025063_2f7986a7a7b8c1b4,1,71_1173,2,2
25070,2025_025070_f89fd68afd69024e,1,71_1173,2,23
25074,2025_025074_c254928a53882414,3,71_1173,2,27
25081,2025_025081_1b09af54b8c805cb,7,72_1173,4,27
25086,2025_025086_a02177bc01aaab8b,0,70_1173,1,9
25087,2025_025087_e0a912d9d2c9b961,0,71_1173,2,2
25094,2025_025094_408651bfe4503706,7,70_1173,1,9
25100,2025_025100_95a0a014250f3c66,0,71_1173,2,2
25104,2025_025104_2184e26d7eb4ff87,2,70_1173,1,3
25109,2025_025109_954aa82feb9ae8a8,0,71_1173,2,8
25114,2025_025114_81afd252786df377,1,70_1173,1,4
25115,2025_025115_121524d86b2f824b,5,70_1173,1,17
25118,2025_025118_52d5e610dd22318d,0,71_1173,2,2
25120,2025_025120_cf898698de6cc875,6,72_1173,4,6
25122,2025_025122_3f07c20cd3e37ce2,3,71_1173,2,29
25132,2025_025132_bcdc8719521c8f11,3,71_1173,2,37
25136,2025_025136_8e2b114fc9dd51ec,3,71_1173,2,28
25139,2025_025139_b001d2020d335687,3,72_1173,4,5
25142,2025_025142_86dec51eb5d1aa4d,4,72_1173,4,49
25144,2025_025144_339ea9e339a2cd0a,7,71_1173,2,6
25145,2025_025145_a64cdaa1b5565fc3,4,72_1173,4,60
25151,2025_025151_c0fd93306ae67aa1,1,71_1173,2,27
25156,2025_025156_d9d0675ff44cf06c,3,72_1173,4,24
25159,2025_025159_70e757c21a150dff,4,71_1173,2,29
25164,2025_025164_4222db928d213dc8,3,71_1173,2,6
25168,2025_025168_1b41581155d8c0b2,6,71_1173,2,5
25194,2025_025194_66df85e83de36777,6,71_1173,2,4
25209,2025_025209_fc0ef2604b66ef13,6,71_1173,2,29
25210,2025_025210_d0a65c33fd27a154,3,71_1173,2,3
25219,2025_025219_480a7a6557d7f18f,3,71_1173,2,33
25237,2025_025237_78def95c5a2a1405,6,71_1173,2,12
25242,2025_025242_44aef8fd22600d3a,4,71_1173,2,2
25258,2025_025258_cf6d4638e1bea0dd,4,71_1173,2,27
25267,2025_025267_38f8cc8200730cd9,6,71_1173,2,48
25270,2025_025270_a22fef00fb3d85e2,3,71_1173,2,3
25272,2025_025272_3091e1b661b3a48a,0,71_1173,2,7
25275,2025_025275_d2073efd84671968,0,71_1172,0,2
25279,2025_025279_9a2758af7ce6116e,0,71_1172,0,3
25282,2025_025282_642830a20dea10dd,0,71_1173,2,12
25285,2025_025285_543afce277d29753,6,71_1173,2,4
25293,2025_025293_44523024c134e4a7,6,71_1173,2,24
25307,2025_025307_0713a7c055a25a8b,3,71_1173,2,5
25313,2025_025313_b6fc93054fe2c3e5,7,71_1173,2,2
25332,2025_025332_4d12e035e3d355a7,3,71_1172,0,5
25336,2025_025336_6353b0be1f9f66ab,7,71_1172,0,12
25356,2025_025356_4676437c5f73b227,6,71_1172,0,12
25357,2025_025357_d8fa90ab215f5a97,3,71_1172,0,13
25363,2025_025363_98cd002447cfca6f,6,71_1172,0,19
25365,2025_025365_aa09e95568d52ea3,7,71_1172,0,20
25371,2025_025371_cf54340357dc2933,4,71_1172,0,19
25374,2025_025374_bac416f18be25889,6,71_1173,2,3
25380,2025_025380_99e5c798e45a33b1,4,71_1173,2,4
25387,2025_025387_3343f61b9c6bc636,4,71_1173,2,18
25391,2025_025391_58bed31cc174ac61,4,71_1173,2,10
25395,2025_025395_6bffb6af08eebd5d,4,71_1173,2,10
25397,2025_025397_70e95e1dad9bca73,3,71_1173,2,10
25403,2025_025403_21cc9c052fc24bf7,3,71_1173,2,43
25423,2025_025423_33294e9aef0a1fe6,6,71_1173,2,20
25424,2025_025424_b1013bbaab3b4c62,4,71_1173,2,42
25425,2025_025425_683883b2e360b0ff,3,71_1173,2,9
25441,2025_025441_bfadf3789bd77dae,6,71_1173,2,11
25452,2025_025452_616e10ca2f2dff6f,3,71_1173,2,3
25470,2025_025470_0be43cd75c4cfc7d,3,71_1173,2,9
25471,2025_025471_c84749eb91df4794,3,71_1173,2,47
25483,2025_025483_f3a8963d81101cac,3,71_1173,2,6
25486,2025_025486_60e20b09ec096649,7,71_1172,0,47
25504,2025_025504_2293c4013d87b4d7,3,72_1173,4,42
25509,2025_025509_65a0c14ad0b38eb4,4,72_1173,4,48
25513,2025_025513_7ec050aba4ac5ee6,7,72_1173,4,10
25527,2025_025527_0a649d5f18f16226,1,72_1173,4,34
25529,2025_025529_e4b11ce09a380724,3,72_1173,4,43
25532,2025_025532_2da452d3fa8182f3,3,71_1172,0,11
25537,2025_025537_50628ad2fcb4decf,3,71_1172,0,11
25542,2025_025542_813ccbdae8487ca8,3,71_1172,0,10
25547,2025_025547_ad3598f6bf0cf170,3,71_1172,0,6
25552,2025_025552_011b4d1dc75dba30,7,71_1172,0,49
25566,2025_025566_6e724faa99ec0381,0,71_1172,0,3
25567,2025_025567_f00ffa100c31dadb,6,71_1172,0,4
25568,2025_025568_4ff646ec201eabe1,0,71_1172,0,2
25574,2025_025574_730412df3b1fa1aa,0,71_1172,0,4
25575,2025_025575_63d9c13ae361faca,3,71_1172,0,12
25578,2025_025578_526790efdea47a22,0,71_1172,0,5
25579,2025_025579_66a9e40ac657d11c,0,71_1172,0,3
25585,2025_025585_17e10927c3a87374,2,69_1172,5,3
25591,2025_025591_5306645c49cb0d4b,7,69_1172,5,3
25595,2025_025595_a9b9c3e42f9e5970,7,69_1172,5,2
25597,2025_025597_91959c2990343d30,7,69_1172,5,7
25603,2025_025603_e03fa16ba789b483,3,69_1172,5,32
25604,2025_025604_d6cb12a35e017a04,3,69_1172,5,10
25605,2025_025605_e7f37a08e1813a26,0,68_1173,5,5
25619,2025_025619_aa65e49895656455,7,68_1172,4,17
25620,2025_025620_a96e31016a54a4c9,7,68_1173,5,5
25647,2025_025647_fcb2d28838f064ac,7,68_1173,5,22
25649,2025_025649_1b17f2dcd0b450cc,4,68_1173,5,50
25650,2025_025650_f6851a7278d3dacf,3,68_1173,5,51
25651,2025_025651_4b3b1e44867a483d,2,69_1172,5,24
25656,2025_025656_466fe2c1b39d27ab,7,69_1172,5,19
25657,2025_025657_ceb63cdbd6fb006f,3,69_1172,5,7
25661,2025_025661_7fb3b2c72dc4b5b6,4,69_1172,5,25
25671,2025_025671_98e84cccf5b55aec,5,69_1172,5,6
25673,2025_025673_4c5d1b33d558be75,6,69_1172,5,18
25676,2025_025676_09e137341270b08d,3,69_1172,5,34
25677,2025_025677_a18c3cb1aca58870,3,69_1172,5,19
25680,2025_025680_b31866cdcedde15e,3,69_1172,5,6
25685,2025_025685_7afaef750aa1549c,6,69_1172,5,7
25686,2025_025686_878a81d41392a292,0,69_1172,5,27
25689,2025_025689_220a49d82b7bdc3f,2,69_1173,4,6
25691,2025_025691_ac46a16149d6ac78,7,69_1172,5,6
25692,2025_025692_507a1dd604c5aa4f,6,69_1173,4,19
25693,2025_025693_971017a3f25654d7,4,69_1172,5,20
25695,2025_025695_7b70b6ed3d90adff,1,69_1172,5,6
25696,2025_025696_632c8dbc52475c7f,1,69_1172,5,14
25699,2025_025699_93d81b8a73fff06d,7,69_1172,5,16
25707,2025_025707_8ae840f753a75d9e,1,69_1172,5,3
25709,2025_025709_9e4375c20711ed11,6,69_1172,5,19
25714,2025_025714_ef47a0aeaeef794c,0,69_1172,5,8
25715,2025_025715_d24bc8bcc4cf0f01,6,69_1172,5,17
25716,2025_025716_83d23a8d3487cbe8,1,69_1172,5,21
25718,2025_025718_2b44506986c4e5c2,3,69_1173,4,16
25729,2025_025729_5f753f60b070b655,3,69_1172,5,9
25732,2025_025732_d2a3d365708c7d47,7,68_1172,4,10
25770,2025_025770_208ef92742361767,3,68_1172,4,50
25774,2025_025774_42d85289454b6738,3,69_1173,4,17
25777,2025_025777_750b99a4e52ff735,7,69_1173,4,133
25778,2025_025778_b5732f852ad02930,7,69_1173,4,7
25781,2025_025781_40114910b63fbdd5,3,69_1173,4,78
25783,2025_025783_c7ff9c4701414810,4,69_1172,5,39
25798,2025_025798_3bc570da28b3ce86,7,69_1173,4,3
25800,2025_025800_e4d3b863f707e618,7,69_1173,4,30
25805,2025_025805_d819311b4cc10999,4,69_1173,4,26
25812,2025_025812_77180578057a3151,7,69_1173,4,6
25814,2025_025814_9e2408426c50bee3,4,69_1172,5,15
25817,2025_025817_b2d6b771a9e364ef,3,69_1173,4,10
25819,2025_025819_8f5c1d7bb1f750de,1,69_1173,4,5
25825,2025_025825_002a30674435eae6,1,69_1172,5,4
25829,2025_025829_6c06c67998ad485b,1,69_1172,5,6
25835,2025_025835_b8c87bb2457f2895,2,69_1173,4,2
25837,2025_025837_a1f9e9cd2a6a1052,0,69_1172,5,2
25843,2025_025843_dc116784bcd3c43c,2,69_1173,4,3
25847,2025_025847_376b3f06619984ab,7,69_1172,5,23
25852,2025_025852_18d7b8ccc44e8397,0,69_1173,4,17
25854,2025_025854_42a0b1f4ecedbc1e,0,69_1173,4,6
25859,2025_025859_5c125f880e2ce7f5,0,69_1173,4,5
25870,2025_025870_9c6b92c5bf433c52,0,69_1173,4,6
25872,2025_025872_bbfc0e0f530c0921,3,69_1173,4,2
25875,2025_025875_008b506b7d969109,2,69_1173,4,4
25878,2025_025878_1a433c6e62a0e60a,0,69_1173,4,40
25892,2025_025892_5f6a875506388b86,6,69_1173,4,2
25896,2025_025896_399c2991e36f33e7,3,69_1173,4,3
25898,2025_025898_7bdb6e20c75e9026,3,69_1173,4,3
25900,2025_025900_74c81a7233175832,0,69_1173,4,3
25901,2025_025901_b3a92e37cb52fb03,0,69_1173,4,10
25917,2025_025917_8832c3dda8c4ff60,4,69_1173,4,4
25919,2025_025919_6bb3d4687a27cb28,4,69_1173,4,20
25920,2025_025920_c04f12445513c5ae,4,69_1173,4,10
25921,2025_025921_dfe48d9aeeb25c7e,6,69_1173,4,9
25922,2025_025922_891f215684901deb,3,69_1173,4,32
25932,2025_025932_062b288f9ffdd907,3,69_1173,4,3
25961,2025_025961_cf96a67a3bed143d,4,69_1173,4,5
25962,2025_025962_cb2e315355b631e9,3,69_1173,4,10
25974,2025_025974_ffe6c62e23b35a55,3,69_1173,4,8
26007,2025_026007_3762bee3719970eb,7,69_1173,4,11
26008,2025_026008_2424297507acbc66,0,69_1173,4,15
26014,2025_026014_7af47252faee2a68,3,69_1173,4,9
26021,2025_026021_2e57cf2cfcd0d54e,0,69_1173,4,9
26026,2025_026026_1f735a4a495533cd,1,69_1173,4,6
26032,2025_026032_8b897feec3e2d080,0,69_1173,4,3
26033,2025_026033_594363836d67b9c2,1,69_1173,4,6
26034,2025_026034_8a99024224e5db00,1,69_1173,4,14
26037,2025_026037_04400cbc6d2db384,1,69_1173,4,8
26038,2025_026038_38388cad96bbb09f,6,69_1173,4,10
26040,2025_026040_62ce2819c59ff4fd,1,69_1173,4,2
26045,2025_026045_0c762b73fc13ed55,3,69_1173,4,11
26048,2025_026048_80f781b93adf24e9,6,69_1173,4,6
26063,2025_026063_f1ca59bb7d137991,0,69_1173,4,10
26067,2025_026067_9d7bcb171b4d932f,1,69_1173,4,4
26074,2025_026074_fb4bd8bad8f7486e,1,69_1173,4,5
26075,2025_026075_9bf29f91a571008f,0,69_1173,4,5
26077,2025_026077_f55a038ac618853a,6,69_1173,4,6
26082,2025_026082_02a559c0802e067b,7,69_1173,4,8
26092,2025_026092_c871424c5fd02950,0,69_1173,4,4
26094,2025_026094_fcd0fd526ab5c56e,1,69_1173,4,4
26096,2025_026096_722afb989b0f18a9,3,69_1173,4,14
26100,2025_026100_600aec26e0e65186,6,69_1173,4,26
26101,2025_026101_30f1a14f08a6c9b2,4,69_1173,4,19
26105,2025_026105_1d9eb04e4f4f11a3,7,69_1173,4,6
26114,2025_026114_73808a4581fda914,1,69_1173,4,2
26117,2025_026117_e1266e2c19302c19,7,69_1173,4,15
26124,2025_026124_2a7fdf24e72dad9c,7,69_1173,4,7
26139,2025_026139_7e85aae9767e22a8,3,69_1173,4,3
26174,2025_026174_ef542816ee5803e9,3,68_1173,5,11
26177,2025_026177_70b275357f5f24f0,6,68_1173,5,51
26181,2025_026181_541374880b5b621b,3,68_1173,5,18
26184,2025_026184_b78996b8ef2b4255,3,68_1173,5,21
26185,2025_026185_c8589107afdb7d44,0,68_1173,5,7
26186,2025_026186_1d03d460d1f660e8,4,68_1173,5,32
26193,2025_026193_7dff78ada24e9eac,3,68_1173,5,7
26198,2025_026198_20b9a870bdf212ef,4,68_1173,5,30
26214,2025_026214_50f6675e9bae6b8a,0,68_1173,5,2
26238,2025_026238_31bb78cd50701cdc,1,69_1173,4,9
26245,2025_026245_922348a5f7fa8c7c,0,68_1173,5,2
26255,2025_026255_314acfbe735fbab7,7,68_1173,5,43
26258,2025_026258_44d065135c5effaa,0,69_1173,4,2
26259,2025_026259_33c17590de7e987b,3,69_1173,4,5
26262,2025_026262_398df868f6df6a9b,3,69_1173,4,11
26266,2025_026266_6eea75b581105ae2,7,69_1173,4,36
26267,2025_026267_08215f2ce458c871,2,69_1173,4,10
26269,2025_026269_b574b865c30beea4,6,70_1173,1,18
26270,2025_026270_9bca3a055fc0f88f,6,70_1173,1,33
26272,2025_026272_a745aecc64f5e92d,4,70_1173,1,24
26279,2025_026279_2fbb16f32b432ce0,3,69_1173,4,5
26283,2025_026283_666257dc1e2804e7,3,69_1173,4,48
26284,2025_026284_81ded1e7003c15f6,7,69_1173,4,4
26287,2025_026287_5b26753053510199,3,70_1173,1,17
26288,2025_026288_23f318808d7018dd,7,70_1173,1,30
26290,2025_026290_c5e3f0c5d2c3aee4,5,70_1173,1,88
26294,2025_026294_a5ac4e9ab6de1fc5,1,69_1173,4,3
26314,2025_026314_d5908d12778ac44a,0,69_1173,4,10
26319,2025_026319_32042b4399d774bb,1,69_1173,4,10
26330,2025_026330_b172fd62fad7d7ed,1,69_1173,4,9
26334,2025_026334_ae08aefefb3456c8,1,69_1173,4,11
26342,2025_026342_a6107bcc10281fcb,7,69_1173,4,13
26348,2025_026348_9e54d8af7268b12b,7,69_1173,4,142
26356,2025_026356_ffa74991ba00963c,7,69_1173,4,3
26373,2025_026373_f877a409eedbb786,7,69_1173,4,7
26379,2025_026379_e871c1ebcd18cd00,7,69_1173,4,9
26392,2025_026392_1165d2946a19bfa3,7,68_1173,5,3
26396,2025_026396_6ef5e0f29bab676d,2,68_1173,5,9
26397,2025_026397_57ddd9961fc26141,7,69_1173,4,3
26400,2025_026400_cd0529e4eeccd4a4,3,69_1173,4,26
26406,2025_026406_7808f4d1b7bf45ba,3,69_1173,4,12
26408,2025_026408_3a4721639b5d1b3e,6,69_1173,4,9
26409,2025_026409_63e959375c0234e8,6,69_1173,4,4
26417,2025_026417_0de7a828ec8ad5cc,3,68_1173,5,6
26422,2025_026422_cc2ff478e37f1cc4,4,73_1173,4,2
26430,2025_026430_646a24ce56c5f49a,6,73_1173,4,4
26446,2025_026446_81406ae34cdbb4c6,4,73_1173,4,2
26478,2025_026478_609063e5a3ba928d,7,73_1173,4,3
26479,2025_026479_54b6e74b3d4a0043,2,71_1174,0,22
26483,2025_026483_085010069cc5816a,3,71_1174,0,22
26484,2025_026484_374076f807014b5c,5,71_1174,0,7
26491,2025_026491_e22552c89c72d856,2,71_1174,0,9
26492,2025_026492_3721ae29739206f3,2,71_1174,0,15
26500,2025_026500_c3b17d68cad26812,6,71_1174,0,15
26515,2025_026515_aa9cc3eebf425ddc,5,71_1174,0,4
26519,2025_026519_25cc35620ac19609,3,71_1174,0,15
26523,2025_026523_1a5341bd53c28ea5,3,71_1174,0,57
26527,2025_026527_59a586db1e08de6a,3,71_1174,0,61
26530,2025_026530_91210f095f14fa83,5,71_1174,0,55
26546,2025_026546_293116dd8317b089,3,71_1174,0,14
26548,2025_026548_5f7311910cb238b8,4,71_1174,0,10
26553,2025_026553_f4a84f3016dc09e4,0,71_1174,0,13
26554,2025_026554_5abcc47e3e757b03,4,71_1174,0,47
26558,2025_026558_46e6de7a6cc40a22,7,71_1174,0,10
26563,2025_026563_14a6ddd9fab66506,3,71_1174,0,9
26569,2025_026569_4a1667a5dae19686,3,71_1174,0,9
26572,2025_026572_14859a97308150a8,7,71_1174,0,9
26586,2025_026586_880c8a1da4d7e066,1,71_1174,0,2
26599,2025_026599_fe742ab9c2640d52,3,71_1174,0,8
26611,2025_026611_8c8766e9bf0d119a,3,71_1173,2,4
26619,2025_026619_36c77ac182f2d048,3,71_1174,0,30
26623,2025_026623_d89faf5b1d9d027f,4,71_1174,0,7
26624,2025_026624_44a26d03ec33e9b9,3,71_1174,0,5
26625,2025_026625_ca48175e825ae23d,4,71_1174,0,6
26626,2025_026626_44300d6c53a814aa,3,71_1174,0,6
26628,2025_026628_7ef37f34b3cfa03d,3,71_1174,0,7
26629,2025_026629_918a9969409c7f85,3,71_1174,0,6
26638,2025_026638_2e24796ec6cd2687,7,71_1173,2,6
26643,2025_026643_71143752db2e37d6,2,71_1173,2,8
26646,2025_026646_465e242b0e2c281b,1,71_1173,2,2
26648,2025_026648_876de2f10e88c1f9,3,71_1173,2,65
26649,2025_026649_0859428ab2c90e7e,1,71_1173,2,10
26653,2025_026653_7028139be5825823,1,71_1173,2,2
26664,2025_026664_46eb84ec43df2f22,5,71_1173,2,27
26666,2025_026666_2f30b70250615ad9,4,71_1173,2,40
26668,2025_026668_8d810c200c98849c,7,71_1174,0,47
26677,2025_026677_f8fa79f0a04f16dc,3,71_1174,0,10
26678,2025_026678_7b5174838557c85e,0,71_1174,0,9
26679,2025_026679_7e4fb7b014d7bcb7,2,72_1174,1,20
26712,2025_026712_b6b3800b16223ab7,6,71_1174,0,10
26715,2025_026715_b0f07c8d5c255194,3,72_1174,1,10
26718,2025_026718_40a18b14d481556e,4,72_1174,1,6
26735,2025_026735_2840074156d4d90e,3,72_1174,1,6
26737,2025_026737_d285ab57c7346bf9,3,71_1174,0,7
26741,2025_026741_e89a8bbb3b73d4ce,6,71_1174,0,8
26747,2025_026747_2904dc321e1dc61f,3,71_1174,0,10
26753,2025_026753_7afb1d100490f9b3,6,71_1173,2,12
26756,2025_026756_6420f0e98db25583,7,72_1173,4,59
26759,2025_026759_a1fea4ca62ebbf2d,3,72_1173,4,14
26763,2025_026763_4a0cc0b9da38a187,4,72_1173,4,13
26764,2025_026764_af51dc2ccc9b2543,5,72_1173,4,12
26767,2025_026767_5a1b19eaf707006b,5,72_1173,4,12
26768,2025_026768_a1034a536db0de6b,0,72_1174,1,7
26779,2025_026779_718ce65916d89017,1,72_1174,1,4
26781,2025_026781_8996ea5baf070feb,3,71_1173,2,18
26782,2025_026782_c4eafe5f81553c51,3,71_1173,2,16
26785,2025_026785_0961ebbf5eb96b5e,4,71_1173,2,12
26801,2025_026801_9b1853df2564729a,3,71_1174,0,57
26803,2025_026803_0a53d31d25d60591,4,72_1174,1,58
26812,2025_026812_bd0c8d8b0974d05d,3,71_1174,0,19
26818,2025_026818_d54aec035ef14687,7,71_1174,0,30
26824,2025_026824_25ea7978a5e49583,1,72_1174,1,29
26832,2025_026832_e3ed0e83574ddae5,2,72_1174,1,6
26842,2025_026842_ae042a07cd86f194,0,71_1173,2,30
26844,2025_026844_a53fff46c90696cb,0,71_1173,2,33
26848,2025_026848_aba9478dc05b57c4,1,72_1173,4,5
26857,2025_026857_8ee2103cbf127bf7,1,72_1173,4,18
26864,2025_026864_2fb65be7d2970d38,4,72_1174,1,55
26870,2025_026870_e79f56bc8005351c,1,72_1174,1,52
26874,2025_026874_5787965e1b386626,3,72_1174,1,53
26888,2025_026888_7588c1523db5f3c8,4,72_1174,1,23
26895,2025_026895_9c6833e5ae557982,0,72_1174,1,37
26924,2025_026924_2201d13fd56a0395,4,72_1175,4,4
26925,2025_026925_7b9c7a1867187169,7,72_1175,4,2
26936,2025_026936_37d7b84ec5c9232c,4,72_1174,1,9
26937,2025_026937_4991204b2f2a11ea,4,72_1174,1,8
26940,2025_026940_32c4e5f88d666c96,2,72_1174,1,11
26943,2025_026943_bb9a8f4e11957130,4,72_1174,1,7
26945,2025_026945_64b7df58082027ce,5,72_1174,1,2
26946,2025_026946_99eeb4265f0fd938,2,72_1174,1,39
26949,2025_026949_f46d7c866988c60b,4,72_1174,1,2
26952,2025_026952_492273af254a2f0b,2,72_1174,1,2
26956,2025_026956_54626c6ed1646ff6,6,72_1174,1,21
26959,2025_026959_13cbda9ef3e8fd9d,0,72_1174,1,23
26967,2025_026967_50569c80f82a6a05,1,72_1174,1,5
26968,2025_026968_c556853ef530bb72,1,72_1174,1,7
26972,2025_026972_fae2940e4cc660e3,1,72_1174,1,8
26973,2025_026973_32a736aaf4175a4a,1,72_1173,4,13
26974,2025_026974_ef03f74c06f0fd95,1,72_1174,1,7
26977,2025_026977_664376659472187a,1,72_1174,1,6
26978,2025_026978_64719a749fc821c8,3,72_1174,1,13
26984,2025_026984_d70a5c5118fbafc9,3,72_1174,1,14
26987,2025_026987_261d952fa61edfdb,0,72_1173,4,5
26989,2025_026989_a4a7cf68bd1ab052,1,72_1173,4,7
26998,2025_026998_4569ba06f8b5be25,3,72_1174,1,28
27002,2025_027002_c8236a8520a39da5,2,72_1174,1,32
27007,2025_027007_406af1f428ac0ee9,7,72_1173,4,6
27010,2025_027010_500de49762f3fcdf,7,72_1173,4,56
27011,2025_027011_328d9e16129246db,6,72_1173,4,29
27013,2025_027013_d72083e9a618d216,7,72_1173,4,11
27014,2025_027014_56f8ae3171482372,7,72_1173,4,3
27016,2025_027016_43882590bb0e7e3e,4,72_1173,4,49
27018,2025_027018_e6cdc3a4e211c334,5,72_1173,4,56
27019,2025_027019_0a4d961003602ad7,3,72_1173,4,11
27026,2025_027026_42e6ad5343366c6e,3,72_1173,4,35
27027,2025_027027_411349aa074e9646,5,72_1173,4,59
27033,2025_027033_8cc3874ff00cb21e,0,72_1173,4,4
27035,2025_027035_76aca3d0405a9594,3,72_1173,4,38
27038,2025_027038_f27a5d99cb7164ae,6,72_1173,4,31
27039,2025_027039_7dd9214c96b4095f,7,72_1173,4,6
27040,2025_027040_34c64029d37ad859,7,72_1173,4,49
27041,2025_027041_d4f40926f53d588a,7,72_1173,4,30
27043,2025_027043_af497740d2fc1c8e,3,72_1173,4,9
27044,2025_027044_dc2afd43b99a9762,3,72_1173,4,33
27045,2025_027045_3bb1d1f168bbde1e,4,72_1173,4,6
27049,2025_027049_0c494362f68df78e,4,72_1173,4,50
27053,2025_027053_69450871a7fc23b4,0,72_1173,4,4
27054,2025_027054_86d79e921678e350,3,72_1173,4,13
27055,2025_027055_ffa365a7b61cd4f4,3,72_1174,1,52
27058,2025_027058_e4015075328affe5,3,72_1174,1,48
27064,2025_027064_1c0581ab9bce2881,3,72_1174,1,12
27067,2025_027067_da3b299768ac725a,1,72_1174,1,10
27071,2025_027071_6f5896121a028578,1,72_1174,1,12
27072,2025_027072_a2cecb37ed7089d1,1,72_1174,1,7
27077,2025_027077_f10a145925234230,3,72_1174,1,36
27082,2025_027082_f947a003c79dd153,0,72_1174,1,7
27094,2025_027094_b1d9ff1666d2756d,7,72_1174,1,44
27098,2025_027098_7e098750619aaa0b,1,72_1174,1,16
27105,2025_027105_ca2138a2c9ca611e,1,72_1174,1,12
27142,2025_027142_79dfe8ccf8f7d057,2,72_1174,1,13
27143,2025_027143_cc89a60fcc1a55e0,3,72_1174,1,29
27153,2025_027153_c14cc88be871eabc,5,72_1174,1,29
27158,2025_027158_3a53e547004f4417,3,72_1174,1,31
27159,2025_027159_587b773d60b2f89a,6,72_1174,1,31
27161,2025_027161_90778cbfd7c27940,3,72_1174,1,21
27170,2025_027170_2b32a840cb8efce0,4,72_1174,1,6
27175,2025_027175_4dab0d88089fe8d5,3,72_1174,1,28
27178,2025_027178_9286dbea2030e859,3,72_1174,1,5
27179,2025_027179_db41ef2370d38bf1,4,72_1174,1,6
27182,2025_027182_622a612c79ea1015,4,72_1174,1,28
27185,2025_027185_05bfb959a1cfa3ba,3,72_1174,1,4
27188,2025_027188_13ac79ec7b9e9f00,1,72_1174,1,5
27194,2025_027194_41d1eb20cb718747,1,72_1174,1,11
27195,2025_027195_991198fc2aa40e1f,1,72_1174,1,13
27201,2025_027201_7cbf17205c60fc00,3,72_1174,1,7
27204,2025_027204_a9c9fab75deaa4a8,3,72_1174,1,7
27206,2025_027206_bc8c2c7221e3444e,5,72_1174,1,3
27212,2025_027212_dafa8fb87b0f6a46,6,72_1174,1,34
27213,2025_027213_a28310f3defaaef9,5,72_1174,1,10
27215,2025_027215_4349eabb6c686c40,7,72_1174,1,31
27218,2025_027218_e7db01e9ac4bebc2,5,72_1174,1,7
27220,2025_027220_66df8796220c2a84,3,72_1174,1,5
27223,2025_027223_c22b364e73b91a87,4,72_1174,1,7
27225,2025_027225_a2b0d5d42f4a8813,4,72_1174,1,8
27228,2025_027228_e55d37da025db8b3,4,72_1174,1,6
27229,2025_027229_7d794de0946b080f,4,72_1174,1,7
27230,2025_027230_54e5d64232a90c0e,3,72_1174,1,9
27231,2025_027231_7f01d4dbb662be7e,4,72_1174,1,61
27239,2025_027239_b5827c5d3e759868,3,72_1174,1,8
27241,2025_027241_60d5844fd2e1bda6,3,72_1173,4,12
27247,2025_027247_abee5c9600838a5d,1,72_1173,4,14
27248,2025_027248_3bc8355f42b70f46,1,72_1173,4,11
27251,2025_027251_32bd6ec6a55056f0,6,72_1173,4,64
27252,2025_027252_76dfeceaa5a8dd70,6,72_1173,4,12
27256,2025_027256_c3777cef02221b2e,2,72_1173,4,46
27257,2025_027257_254bf2763330d74b,2,72_1173,4,8
27264,2025_027264_234bdc24004f3e67,6,72_1173,4,4
27271,2025_027271_2b21e1009633afd3,3,72_1173,4,10
27295,2025_027295_68706d2747e9f26d,3,72_1174,1,6
27301,2025_027301_ac99376a1a3c704b,6,72_1174,1,5
27311,2025_027311_c6a90e3bdfc80d49,3,72_1174,1,3
27314,2025_027314_013d5e47a707326a,7,72_1174,1,13
27316,2025_027316_adafa3dcc867e7c4,4,72_1174,1,4
27336,2025_027336_d795e729e028281e,6,72_1174,1,2
27337,2025_027337_8c58df0eba5d6810,3,72_1174,1,3
27338,2025_027338_6fe79e75d7ab0c2f,6,72_1174,1,3
27339,2025_027339_48cea69a73516e91,6,72_1174,1,4
27340,2025_027340_aaf5b660885662de,6,72_1174,1,5
27348,2025_027348_73a8db1ac5cac7ff,5,72_1174,1,42
27355,2025_027355_24c6e319fbb0efb7,4,72_1173,4,48
27358,2025_027358_6a2a1918b97ffbf5,7,72_1173,4,6
27361,2025_027361_48a4138af65aad76,4,72_1173,4,57
27362,2025_027362_bfa3505fcd99d87b,6,72_1173,4,10
27369,2025_027369_998efc56059faf6a,7,72_1173,4,46
27370,2025_027370_b4a429642bab3e7b,2,72_1173,4,24
27376,2025_027376_fb17e25d65510329,1,72_1173,4,8
27389,2025_027389_0def8692c731c677,7,72_1174,1,9
27394,2025_027394_40724e1d8af5c75d,7,72_1174,1,4
27396,2025_027396_008df22f327bbdc9,7,72_1174,1,7
27404,2025_027404_f00c26e1cd2fbe24,2,72_1174,1,7
27407,2025_027407_4d4238fdad5784b9,2,72_1174,1,4
27411,2025_027411_b52803cbe2df1751,2,72_1174,1,11
27412,2025_027412_b3e9af472dd27a78,2,72_1174,1,5
27417,2025_027417_da7a530bc23e0685,7,72_1174,1,4
27439,2025_027439_10f3c8e1d134744c,1,72_1173,4,13
27440,2025_027440_db8ecb54d82059ea,4,72_1173,4,13
27441,2025_027441_daed10912d5fe14e,4,72_1173,4,7
27448,2025_027448_b45d223e09d140d3,4,72_1173,4,13
27449,2025_027449_8431cbecb08ead51,7,72_1173,4,65
27453,2025_027453_aa2ffafea05228f0,3,72_1173,4,58
27454,2025_027454_6597b2b131cac790,6,72_1173,4,7
27458,2025_027458_89083f62be396030,1,72_1173,4,9
27459,2025_027459_cdd1bde232f243ea,0,72_1173,4,32
27460,2025_027460_dc605ac23dd32429,5,72_1173,4,12
27468,2025_027468_5d663f0da5930543,2,72_1174,1,10
27469,2025_027469_a576b03f8ef633ed,1,72_1174,1,10
27472,2025_027472_b52e94981d01112a,7,72_1174,1,4
27476,2025_027476_e2436fe285293b2d,7,72_1174,1,44
27485,2025_027485_9296ef3712a47640,1,72_1174,1,8
27489,2025_027489_89ab5e8d38add823,1,72_1174,1,8
27495,2025_027495_45b1d16afc9286c8,2,72_1174,1,2
27498,2025_027498_8eb1b74d30f55ca2,6,72_1173,4,13
27503,2025_027503_efb83299b1a75b20,7,72_1173,4,30
27506,2025_027506_47e1be262ba63ef7,1,72_1173,4,36
27525,2025_027525_b8f600a535548bc4,3,72_1173,4,28
27526,2025_027526_119bd936cff6f356,5,72_1173,4,28
27530,2025_027530_890e6b4a30268f07,3,72_1173,4,6
27537,2025_027537_eead7043471deb2a,3,72_1174,1,13
27540,2025_027540_7ade191cafef07f5,3,72_1174,1,6
27541,2025_027541_fd1c0754e9cd402e,1,72_1174,1,39
27545,2025_027545_67a2b9e14f29bf3d,0,72_1174,1,33
27549,2025_027549_f73c72fef4deeff3,1,72_1174,1,34
27564,2025_027564_50c52bfcc9f6eeaf,0,70_1173,1,3
27590,2025_027590_d258e417617e1dd7,2,70_1173,1,16
27597,2025_027597_049285598651ff11,3,71_1174,0,7
27598,2025_027598_50119a8269addbde,2,70_1174,5,2
27600,2025_027600_580a20a4734cbc0b,3,71_1174,0,10
27601,2025_027601_f9aa28e44d12956e,6,71_1174,0,22
27602,2025_027602_eca7721d31c886e4,6,71_1174,0,5
27603,2025_027603_abd5e9be5c96ec4b,4,71_1174,0,14
27617,2025_027617_dcbec9899080b575,3,71_1174,0,17
27620,2025_027620_b857fbbfe07ddad9,6,71_1174,0,9
27630,2025_027630_6b3644e87b18fd6d,7,71_1174,0,7
27635,2025_027635_08893d91937eaeb1,6,71_1174,0,2
27637,2025_027637_68159443bcea131e,7,71_1174,0,2
27641,2025_027641_3775baba34c8727d,6,71_1174,0,19
27642,2025_027642_9510d91c93fee73e,3,71_1174,0,3
27651,2025_027651_d5c6f916a607c074,3,71_1174,0,25
27652,2025_027652_77909b95c5245b1c,6,71_1174,0,2
27654,2025_027654_852b1396340a1a6f,6,71_1174,0,5
27656,2025_027656_9b277138037c2158,3,71_1174,0,2
27660,2025_027660_6e0065433b0c1467,0,70_1174,5,50
27661,2025_027661_c40bd0988683bd91,0,70_1174,5,4
27663,2025_027663_70079285dce9c42a,6,71_1173,2,6
27670,2025_027670_51b4658bbdf4cc7d,7,71_1173,2,4
27674,2025_027674_0aca74d8d19c1724,7,71_1173,2,35
27680,2025_027680_479e30554d179900,4,71_1173,2,25
27684,2025_027684_a39366e69f1a1379,3,71_1173,2,25
27686,2025_027686_94709d53f7cc523b,4,71_1173,2,9
27692,2025_027692_831357fd90963822,7,71_1174,0,36
27695,2025_027695_fd5e4d10e8c943bf,4,71_1174,0,9
27699,2025_027699_648817d0c2edddd9,7,71_1174,0,9
27702,2025_027702_391eac41f2d4b1f5,7,71_1174,0,48
27703,2025_027703_23980f6e6e34f6d0,2,71_1174,0,41
27704,2025_027704_3888fc193765e34a,7,71_1174,0,6
27705,2025_027705_8c913bf8ddf2fad2,7,71_1174,0,12
27707,2025_027707_3d405d7851ce35cd,7,71_1174,0,8
27709,2025_027709_a012fff83a5767fc,3,71_1174,0,7
27711,2025_027711_8204f3446bcec420,4,71_1174,0,10
27717,2025_027717_68a44c497d285392,5,71_1174,0,39
27719,2025_027719_0f06256077e551b6,3,71_1174,0,6
27722,2025_027722_6408bb5d205bea9d,6,71_1173,2,9
27724,2025_027724_8733e7256eb73ea8,6,71_1173,2,7
27731,2025_027731_1c8f6e0b23840933,1,71_1173,2,6
27756,2025_027756_e214dedc854498e1,7,71_1174,0,63
27757,2025_027757_a4624244ee435012,7,71_1174,0,3
27758,2025_027758_21ede2ab8e93c9c8,7,71_1174,0,3
27762,2025_027762_eebd3108f1b0c677,7,71_1174,0,10
27769,2025_027769_b52569ec7e807a8a,3,71_1174,0,23
27771,2025_027771_44e2023f32e81812,3,71_1174,0,40
27787,2025_027787_e494607128342d89,2,71_1174,0,29
27788,2025_027788_7680e41601e2c431,2,71_1174,0,31
27792,2025_027792_6ddc64b5b84d7a67,3,71_1174,0,41
27795,2025_027795_8657facaa247f4b3,0,71_1174,0,34
27798,2025_027798_d5c46111521dd95e,0,71_1175,1,3
27799,2025_027799_01ce1097219f3fa1,6,71_1174,0,3
27800,2025_027800_2e6f326568900bd0,3,71_1173,2,26
27804,2025_027804_6605b0007496deca,6,71_1173,2,25
27809,2025_027809_69a1ee89695d6087,3,71_1173,2,10
27832,2025_027832_c48293af770a880d,6,71_1173,2,8
27833,2025_027833_9252e9ca8b4abf7a,6,71_1173,2,3
27834,2025_027834_1f404996a9fa1f3e,6,71_1174,0,2
27835,2025_027835_70f46fe4bd174387,6,71_1174,0,7
27850,2025_027850_d6c62c4f2c6ab22e,1,71_1174,0,8
27854,2025_027854_06fa0fefff31ac32,2,71_1174,0,7
27855,2025_027855_ee959d1989c038ee,1,71_1174,0,3
27871,2025_027871_564bb03cbfd96d38,4,71_1174,0,8
27873,2025_027873_a14093ae680503ec,6,71_1174,0,8
27875,2025_027875_371487616b522a69,3,71_1174,0,10
27882,2025_027882_1b7ed1c92096f456,1,71_1174,0,9
27883,2025_027883_756b540394db0ae5,1,71_1174,0,8
27886,2025_027886_3c8deee6ed8ed642,4,71_1174,0,9
27887,2025_027887_27e2a7b9be36052a,3,71_1174,0,9
27889,2025_027889_395a73f7e26ccd26,3,71_1174,0,10
27890,2025_027890_5ecab3bf4a119f49,6,71_1174,0,5
27892,2025_027892_5cadee8a03068781,7,71_1174,0,21
27895,2025_027895_3a3464a26c66f2b9,5,71_1174,0,8
27897,2025_027897_06b95dae3b447863,6,71_1174,0,7
27901,2025_027901_cdc09aeb5975c684,1,71_1174,0,2
27908,2025_027908_6b412797735b0cd8,5,71_1174,0,7
27909,2025_027909_3e327c9e2e5d405e,4,71_1174,0,19
27915,2025_027915_611eea7cbde0cebe,6,71_1174,0,8
27918,2025_027918_e1f40600e3a5a161,3,71_1174,0,12
27920,2025_027920_dea917c51d3b83f7,3,71_1174,0,15
27923,2025_027923_ccc90866108229e2,3,71_1174,0,12
27927,2025_027927_845730928a3fecd9,3,71_1174,0,5
27944,2025_027944_83bb8f00d5f85abb,2,71_1174,0,10
27946,2025_027946_12f9195d8dadeadf,5,71_1174,0,14
27947,2025_027947_2afcb47ced0c2afa,5,71_1174,0,12
27948,2025_027948_8ba3b13c90826cdd,5,71_1174,0,11
27950,2025_027950_2640b5288b03b895,7,71_1173,2,30
27955,2025_027955_8f676cd482cac32c,7,71_1173,2,7
27967,2025_027967_e29f6abc46b5c57e,6,71_1173,2,6
27981,2025_027981_834f6effe86774a9,3,71_1174,0,3
27988,2025_027988_208e31fa36361385,3,71_1174,0,7
28005,2025_028005_782d85208b4793df,3,71_1174,0,8
28019,2025_028019_1fe8e934617b9c32,7,71_1173,2,66
28020,2025_028020_755699629b848d42,3,71_1173,2,30
28025,2025_028025_ffc2e4e4f80e31fa,3,71_1173,2,15
28030,2025_028030_45c4220dcee29f04,7,71_1173,2,46
28042,2025_028042_ad4d12988c239c32,0,71_1173,2,6
28047,2025_028047_addf0611b28caecc,1,71_1173,2,19
28069,2025_028069_6377b37618feb61f,0,71_1173,2,28
28071,2025_028071_dcf9a94ebd223353,1,71_1173,2,7
28085,2025_028085_5b98b4add7f8dac9,1,71_1174,0,8
28096,2025_028096_e8381d3c0e29392e,0,71_1174,0,6
28127,2025_028127_7a62dc60e25a6b96,4,71_1174,0,10
28128,2025_028128_f00b97ef319c26d6,7,71_1174,0,3
28139,2025_028139_961b07d9a8ddd12b,4,71_1174,0,23
28148,2025_028148_73e3bd620852d87b,7,71_1174,0,41
28152,2025_028152_6ecab0c43f7d73d9,3,71_1174,0,20
28156,2025_028156_d5e6902ba36f91d7,3,71_1174,0,8
28171,2025_028171_ead99955ecdd2254,4,71_1174,0,18
28173,2025_028173_3b00eb302f6e750c,3,71_1174,0,58
28178,2025_028178_3a9920ae1db3823d,3,71_1174,0,11
28179,2025_028179_f1bc04dc78df20d7,6,71_1174,0,12
28180,2025_028180_3ac82471f8eca8ad,6,71_1174,0,17
28181,2025_028181_8f8aa8ee91182a9d,3,71_1174,0,14
28185,2025_028185_d39044159c9736a4,3,71_1174,0,40
28194,2025_028194_66cc77016ca83da8,3,71_1174,0,5
28201,2025_028201_c8afe8dfafad58af,3,71_1174,0,7
28204,2025_028204_8dda1511fd15811c,7,71_1174,0,7
28214,2025_028214_1e59483079d089a6,3,71_1174,0,7
28218,2025_028218_1f0cd487bef51907,4,71_1174,0,32
28219,2025_028219_e5750287f7c07eaa,3,71_1173,2,13
28224,2025_028224_597f7fbdcfdb867a,4,71_1173,2,65
28225,2025_028225_654e173a3561e0dc,5,71_1173,2,6
28228,2025_028228_b453d8cfe3c62e83,3,71_1173,2,37
28239,2025_028239_7e0828336e020304,3,71_1173,2,14
28245,2025_028245_dbdd0575c1b251c6,6,71_1173,2,8
28247,2025_028247_4aff6c9260494685,4,71_1173,2,48
28257,2025_028257_3140326a1307316b,3,71_1173,2,21
28259,2025_028259_7348aa640e2e21f3,3,71_1173,2,65
28282,2025_028282_0526c44f346db499,5,71_1174,0,2
28283,2025_028283_815e9144b02cc1ea,4,72_1173,4,20
28288,2025_028288_b0b7d7c7c19b6163,1,72_1173,4,47
28292,2025_028292_bc14f67694abb5f7,3,72_1173,4,10
28294,2025_028294_6925a3f1009ce5b5,1,72_1173,4,23
28296,2025_028296_68d2348a529cff0a,3,72_1173,4,10
28306,2025_028306_e39b20160e1eabc7,3,72_1173,4,52
28315,2025_028315_37f20322f51d402a,4,72_1173,4,20
28320,2025_028320_81f6e46c4377f80c,6,72_1173,4,23
28347,2025_028347_cb66e77666acf0ff,6,73_1173,4,8
28352,2025_028352_f1b9100b1609a5fb,7,73_1173,4,15
28353,2025_028353_85c43cbdb40e85b8,7,73_1173,4,3
28361,2025_028361_3717ca4430eeec66,6,73_1173,4,16
28387,2025_028387_dc8ae01b140f49bc,3,73_1173,4,7
28405,2025_028405_1fda2e14e895cb6f,6,73_1173,4,10
28451,2025_028451_d6930c00bbf73381,4,73_1173,4,10
28452,2025_028452_68cb7c208ed1b5bd,6,73_1173,4,12
28454,2025_028454_783f5f63f7a9537b,1,73_1173,4,18
28455,2025_028455_2b11dbfc8fbe1fb5,6,73_1173,4,10
28462,2025_028462_c0be3cbef32c36fc,4,73_1173,4,14
28465,2025_028465_7bc8d4ae5a108e0a,7,73_1173,4,3
28469,2025_028469_332985f069849a57,3,73_1173,4,6
28476,2025_028476_318aa5de8a1fdf93,6,73_1173,4,3
28482,2025_028482_aeb3dcb559e71b92,5,73_1173,4,29
28483,2025_028483_507db2847a75a5cc,4,73_1173,4,43
28486,2025_028486_23413ecca8db044f,7,73_1173,4,9
28489,2025_028489_33e2d011d4728a01,4,73_1173,4,22
28492,2025_028492_cf84593dad17f27a,3,73_1173,4,7
28496,2025_028496_cebc3f455c46b626,4,73_1173,4,9
28502,2025_028502_68cb21d9403fcba8,5,73_1173,4,19
28505,2025_028505_541589a2343e7fd2,6,73_1173,4,21
28506,2025_028506_0229335ebc8e0109,5,73_1173,4,6
28541,2025_028541_356e677b02be7f30,3,73_1173,4,35
28543,2025_028543_09e463a4d3fb24be,0,73_1173,4,8
28545,2025_028545_e3af8c0295fa5b1d,7,73_1173,4,6
28550,2025_028550_3d7aa366835a73cb,7,73_1173,4,11
28551,2025_028551_6c4dd5d85bebb5d6,4,73_1173,4,77
28554,2025_028554_7f648125495e8f54,6,73_1173,4,11
28555,2025_028555_b3a86ae9f6e20f03,1,73_1173,4,39
28559,2025_028559_6d27131476d62473,6,73_1173,4,2
28572,2025_028572_2250ce506e9520e8,3,73_1173,4,12
28579,2025_028579_f2ae77104407788b,1,73_1173,4,8
28580,2025_028580_3c57c3efccc42bb3,5,72_1173,4,22
28584,2025_028584_9282a45d63bab8f8,4,73_1173,4,4
28596,2025_028596_f39849b34a9cf894,1,73_1173,4,2
28606,2025_028606_5501aa35d0aad77c,4,73_1173,4,25
28615,2025_028615_d733c9a15fb9df24,2,73_1173,4,6
28616,2025_028616_4e2d81b95ad562ee,1,73_1173,4,12
28620,2025_028620_a9c611f348a56d68,3,73_1173,4,5
28622,2025_028622_ac69f9a8f53b458a,3,73_1173,4,25
28628,2025_028628_1be0cf5ba4f1fdf2,5,73_1173,4,7
28635,2025_028635_2b0408136fa696b7,1,73_1173,4,6
28636,2025_028636_1c5e3d2a53794f0b,1,73_1173,4,6
28643,2025_028643_9c6338ef977ceadf,4,73_1173,4,5
28653,2025_028653_6f4de25684b507e9,1,73_1173,4,2
28654,2025_028654_f54d1573fe10be50,4,73_1173,4,6
28663,2025_028663_e98a1cf73544a4db,3,73_1173,4,6
28664,2025_028664_b9048dc3543cb7e6,3,73_1173,4,16
28666,2025_028666_333586263dacdf3f,4,73_1173,4,15
28670,2025_028670_116c0422f5fb4f80,1,73_1173,4,3
28699,2025_028699_b8360340ddc2afc5,1,72_1173,4,2
28720,2025_028720_e5d393b73a5706b5,3,72_1173,4,11
28723,2025_028723_916677407bca3019,4,72_1173,4,60
28725,2025_028725_d2d74479c205c46a,5,72_1173,4,15
28742,2025_028742_cd4694447a2747ef,3,72_1173,4,70
28761,2025_028761_e123b575cbcd4996,3,73_1173,4,5
28771,2025_028771_764d64fcf1b7d8ed,7,73_1173,4,44
28776,2025_028776_0f3e61b008551c42,7,73_1173,4,6
28796,2025_028796_74e37b00f71ac336,3,72_1173,4,11
28798,2025_028798_86635787e187e732,1,72_1173,4,6
28800,2025_028800_ae85a38fafd0e41a,4,72_1173,4,11
28804,2025_028804_19982e4b0697e253,6,72_1173,4,7
28811,2025_028811_4ddf8a426c392506,4,72_1173,4,11
28815,2025_028815_3d02fca849783488,7,72_1173,4,3
28819,2025_028819_1dd50f1fe6a26d9b,1,73_1173,4,2
28833,2025_028833_46754d9625eeb198,1,72_1173,4,3
28842,2025_028842_b1b951cd3581f024,3,72_1174,1,3
28851,2025_028851_dce3feca8b78cfd7,3,72_1173,4,12
28863,2025_028863_18db36f4456c9e99,1,72_1173,4,2
28869,2025_028869_1887952026dd6aa4,4,73_1173,4,18
28870,2025_028870_3b262514611e1064,4,73_1174,3,31
28872,2025_028872_0c50189b6a4c7f1c,4,73_1174,3,40
28874,2025_028874_24dc3665511d5295,6,73_1174,3,29
28881,2025_028881_488ef731013f059f,4,73_1174,3,8
28886,2025_028886_bbe23be0a4e19048,4,73_1174,3,23
28889,2025_028889_8871bacb06a7cb1b,1,73_1174,3,21
28890,2025_028890_c8746578a3176880,3,73_1174,3,27
28916,2025_028916_1dadcacab2f627b9,1,73_1174,3,6
28917,2025_028917_e5c8fa5abbc6c3b5,3,73_1174,3,98
28923,2025_028923_b2acea673056ff02,6,72_1174,1,16
28925,2025_028925_706a9b45e327c4ea,1,72_1174,1,6
28927,2025_028927_c754d5577938d35f,3,72_1174,1,5
28928,2025_028928_d5d89b126e7f4114,3,72_1174,1,6
28934,2025_028934_8d61a862ba791aaf,6,72_1174,1,4
28938,2025_028938_3c4fe585fa519164,2,72_1174,1,4
28939,2025_028939_c108bca93ca3173d,6,72_1174,1,6
28947,2025_028947_390e8b849522c6b1,3,72_1174,1,3
28965,2025_028965_8abee8f5088ef700,3,73_1174,3,14
28966,2025_028966_0fe72856f526cea7,3,73_1174,3,13
28976,2025_028976_bcbbe53f4983deb1,1,73_1174,3,4
28999,2025_028999_c62ea557c5e416cb,3,73_1174,3,9
29002,2025_029002_6d22c1246021f5d0,3,73_1174,3,10
29006,2025_029006_c34ea89740c37a10,7,73_1174,3,13
29010,2025_029010_544373dc05b47e10,3,73_1174,3,64
29019,2025_029019_dd066d512c564d59,7,73_1174,3,34
29020,2025_029020_95c4f5c5b837bc65,3,73_1174,3,10
29031,2025_029031_825c429d16315fc8,1,73_1174,3,84
29032,2025_029032_13c410c56f7e7f31,7,72_1174,1,5
29038,2025_029038_481e9a6ccd17ca93,7,72_1174,1,2
29040,2025_029040_68c51a6d996c81b4,6,73_1174,3,7
29043,2025_029043_dbf601e073e74c70,7,73_1174,3,22
29046,2025_029046_028959d40aa3e181,3,73_1174,3,3
29047,2025_029047_02ec2fd046d6f7db,7,73_1174,3,17
29048,2025_029048_36770f8ba9a1fe42,6,73_1174,3,2
29049,2025_029049_0796bfb92e9662a6,7,73_1174,3,3
29055,2025_029055_ca4ff289e00227d6,6,73_1174,3,7
29060,2025_029060_3c877144e57fbc44,2,73_1174,3,16
29066,2025_029066_d8eba50ef9439bab,4,73_1174,3,4
29070,2025_029070_7bd038b3534ac707,2,73_1174,3,10
29072,2025_029072_dcf207a72df009f4,7,73_1174,3,6
29079,2025_029079_4315b411c3b76540,7,73_1174,3,37
29083,2025_029083_96f8d343f007ae65,1,73_1174,3,2
29088,2025_029088_351c4ea503b1477b,6,73_1174,3,3
29090,2025_029090_9a5934d2ac16c56b,3,73_1174,3,17
29091,2025_029091_3f810f9033340dbb,1,73_1174,3,4
29092,2025_029092_4e8665b2379b9897,7,73_1174,3,6
29093,2025_029093_eafcc6366735080e,6,73_1174,3,25
29101,2025_029101_7329ab4f784d1d89,6,73_1174,3,7
29110,2025_029110_b025956019d7a957,7,73_1174,3,13
29114,2025_029114_09391b04f9bc2825,3,73_1174,3,2
29133,2025_029133_e766bf48f0dd6763,6,73_1174,3,2
29134,2025_029134_225796ed39afe17b,6,73_1174,3,2
29142,2025_029142_0451e3290f9173f6,3,73_1174,3,14
29144,2025_029144_f48c89d6288c3b68,4,73_1174,3,15
29148,2025_029148_30bf88e970bb8626,6,73_1174,3,10
29154,2025_029154_233cda629c6c2b6b,4,73_1174,3,14
29159,2025_029159_b44429107c4f1a0d,3,73_1174,3,17
29160,2025_029160_6c7dc110c91c7e94,7,73_1174,3,34
29163,2025_029163_e5500f607b867a91,3,73_1174,3,4
29164,2025_029164_09e06902955abf07,3,73_1174,3,7
29168,2025_029168_e248112480bfb317,3,73_1174,3,4
29177,2025_029177_763f1206dd128587,6,73_1174,3,15
29180,2025_029180_2b90326bb36c40a4,3,73_1174,3,4
29184,2025_029184_7f7e9c6991b444aa,2,73_1174,3,17
29190,2025_029190_b2e82d32b754fa73,3,73_1174,3,6
29196,2025_029196_eecc48a46e589fbf,5,73_1174,3,6
29215,2025_029215_d2ef4e5436179081,3,73_1174,3,8
29222,2025_029222_f0b240f89f313096,3,73_1174,3,10
29225,2025_029225_e9e9ce11b7a2527e,3,73_1174,3,35
29232,2025_029232_94fce7e15471ff84,6,73_1174,3,8
29235,2025_029235_681220d4fe9f0e39,3,73_1174,3,3
29236,2025_029236_c1483a7896355d3e,3,73_1174,3,7
29244,2025_029244_18bbd9d626ad7c36,3,73_1174,3,39
29247,2025_029247_72415e32e70fa080,4,73_1174,3,28
29250,2025_029250_3ecc383e18f99c8d,3,73_1174,3,8
29256,2025_029256_bc15889d6bf67484,3,73_1174,3,30
29259,2025_029259_0b957789ba98ff3d,3,73_1174,3,29
29261,2025_029261_25fd40e4a404166e,4,73_1174,3,36
29266,2025_029266_bc6abd56a795eae1,3,73_1174,3,9
29271,2025_029271_96840fa9ff6a2334,7,73_1174,3,2
29295,2025_029295_ca3cb022b65d6255,3,73_1174,3,30
29308,2025_029308_dfd1bc50d00eed4f,7,73_1174,3,53
29313,2025_029313_7d79ae4e29d83ca4,7,73_1174,3,36
29318,2025_029318_a41f01a2d4dd762f,1,73_1174,3,22
29321,2025_029321_7a40e508f94c4287,6,73_1174,3,25
29327,2025_029327_33051b82d3bdbcae,3,73_1174,3,19
29328,2025_029328_ecc13e01b540a4d4,6,73_1174,3,77
29332,2025_029332_de3297f3bc871fca,3,73_1174,3,13
29338,2025_029338_d8ad3407041323b2,3,73_1174,3,7
29339,2025_029339_bbd1ccd030cfa910,3,73_1174,3,43
29353,2025_029353_96a648bdece3ab25,6,73_1174,3,7
29354,2025_029354_fc13f6cc417a463e,4,73_1174,3,4
29380,2025_029380_4406c162aea66e59,6,73_1174,3,11
29381,2025_029381_a1c3164feaeb1863,3,73_1174,3,4
29382,2025_029382_91e3030fbc163006,6,73_1174,3,4
29384,2025_029384_0ee035d48057e5ef,3,73_1174,3,9
29386,2025_029386_ad3c5ac982aec416,3,73_1174,3,5
29392,2025_029392_5242570bc2b5566c,3,73_1174,3,7
29403,2025_029403_9d02cd4ccab88982,4,73_1174,3,3
29422,2025_029422_d56cfc10318ea1dd,2,73_1174,3,9
29450,2025_029450_d6dfe52c2e096e96,7,73_1174,3,20
29459,2025_029459_53ef1d06b74ecd33,3,73_1174,3,4
29467,2025_029467_1b317b00928c71ff,6,73_1174,3,3
29480,2025_029480_1a895b90f5859227,6,73_1174,3,3
29481,2025_029481_73c01aad458a6558,3,73_1174,3,5
29482,2025_029482_4b8d8f70f28e8b38,3,73_1174,3,9
29490,2025_029490_18460d448af6de5e,4,73_1174,3,8
29500,2025_029500_a3dacf58c0f68c6a,4,73_1174,3,24
29502,2025_029502_4c1d50daefaaea91,4,73_1174,3,30
29511,2025_029511_aa69af3f1330b12d,6,73_1174,3,57
29517,2025_029517_83439778c1e709a5,3,73_1174,3,8
29525,2025_029525_76f282ca2ef35add,3,73_1174,3,8
29529,2025_029529_cab317217acc5cda,7,73_1174,3,7
29535,2025_029535_ffb27cbe69cf794a,2,72_1174,1,47
29536,2025_029536_27aa196802b5654d,3,73_1174,3,14
29538,2025_029538_51a2f54a06769e75,6,72_1174,1,6
29543,2025_029543_c0f7a16985e93824,3,73_1174,3,8
29549,2025_029549_c9aae9f045e4dd07,7,73_1174,3,13
29550,2025_029550_ea44ac16eaefcd3c,3,73_1174,3,3
29557,2025_029557_d01a73bf0e12d7ba,7,73_1174,3,2
29560,2025_029560_53d71b22a64b1b4d,6,73_1174,3,3
29561,2025_029561_b37d09eb775f0cb9,6,73_1174,3,3
29565,2025_029565_207cfbd82ff4fa28,6,72_1174,1,8
29566,2025_029566_24536665d0dfb343,6,72_1174,1,4
29571,2025_029571_383012fb85bc0d7f,4,73_1174,3,11
29579,2025_029579_079d888218ebd771,5,73_1174,3,10
29580,2025_029580_580658b1ff861da1,4,73_1174,3,17
29581,2025_029581_fa1f806dd979d29e,4,73_1174,3,38
29583,2025_029583_c25b09a0da79821c,4,73_1173,4,23
29584,2025_029584_d0a0127c10fb1bd1,3,73_1173,4,29
29597,2025_029597_7401bae07cc61451,3,73_1174,3,41
29602,2025_029602_d7c851f7c0c05835,3,73_1174,3,9
29604,2025_029604_ee3998d25016ab04,3,73_1173,4,9
29608,2025_029608_bae7df2bdd59279b,3,73_1173,4,9
29612,2025_029612_fddba145ea72023c,3,73_1173,4,9
29613,2025_029613_a51d873af1a14ba2,3,73_1173,4,9
29624,2025_029624_f4db19e696a4a24f,4,73_1174,3,18
29625,2025_029625_a437798f9a589e6a,4,73_1174,3,19
29635,2025_029635_4cdd61cc435c8d21,4,73_1174,3,13
29647,2025_029647_65d9c93b3d4475e4,1,73_1174,3,24
29650,2025_029650_9aa31bc871ecaa89,3,73_1174,3,7
29658,2025_029658_dbcf3f85135febce,3,73_1174,3,3
29662,2025_029662_9ab9d0f60c90caf0,0,73_1174,3,5
29665,2025_029665_f96321fbd56c04f7,3,73_1174,3,40
29666,2025_029666_b9049c9c668964e8,3,73_1174,3,5
29678,2025_029678_9178ed7578e6c8e8,1,73_1174,3,3
29685,2025_029685_b25dbede459549ff,1,73_1174,3,2
29686,2025_029686_ae79bdaba8759673,3,73_1174,3,9
29715,2025_029715_f25561d6f1b31ae9,5,73_1173,4,39
29720,2025_029720_b4069d4a335ee548,5,73_1173,4,38
29725,2025_029725_83cc830b9b313d10,3,73_1173,4,3
29733,2025_029733_5cd6cf687a0b824e,7,73_1173,4,7
29739,2025_029739_08b6e7292e0d20c3,5,73_1173,4,12
29741,2025_029741_83224f6f3f3af8a3,3,73_1173,4,16
29745,2025_029745_0bd249d3136ea242,7,73_1173,4,27
29746,2025_029746_6392faa1bcf8622a,5,73_1173,4,9
29748,2025_029748_70edb456b4a11579,1,73_1173,4,11
29752,2025_029752_5d2648cd59f5eba9,3,73_1173,4,30
29761,2025_029761_a6adb837e5daef23,1,73_1173,4,2
29763,2025_029763_fb66b48579d72614,5,73_1173,4,5
29773,2025_029773_7f7acf8f4b897cb1,7,73_1173,4,15
29787,2025_029787_e7b19abe4867579a,1,73_1173,4,17
29792,2025_029792_bccb74b4d55572f7,7,73_1173,4,6
29796,2025_029796_ee93d62df39128d9,7,73_1173,4,2
29797,2025_029797_110d79f543b36f45,4,73_1173,4,47
29798,2025_029798_301bbab22552ac24,3,73_1173,4,7
29800,2025_029800_c68260d35763d0e7,3,73_1173,4,4
29827,2025_029827_5db5bc7c8f5e5da1,3,72_1174,1,2
29836,2025_029836_f21af5192ca2e6fe,3,72_1173,4,8
29844,2025_029844_e495a98380ab79dc,4,73_1173,4,18
29845,2025_029845_5fe2479b6d9a6fc0,6,73_1173,4,12
29846,2025_029846_c490b2692da4beb4,6,73_1173,4,2
29850,2025_029850_0b4562516aaf6f5f,3,73_1173,4,6
29853,2025_029853_cdea21dc4842574d,3,73_1173,4,37
29857,2025_029857_a854197e2a26489d,5,73_1173,4,22
29860,2025_029860_e749335c7e096d58,6,73_1173,4,12
29872,2025_029872_5cafd7f5a0d16b72,1,73_1173,4,43
29873,2025_029873_8cd499752931d774,1,73_1174,3,8
29882,2025_029882_49b129dcad3005f8,4,73_1173,4,7
29891,2025_029891_f0e70b9a90a67af1,5,73_1173,4,3
29919,2025_029919_ba24f6a46a84ab28,3,73_1174,3,75
29927,2025_029927_a61cdf75832a4727,3,73_1174,3,48
29934,2025_029934_2a65d869c6d4701c,4,73_1173,4,7
29964,2025_029964_9cd0a4168c61d9e9,1,73_1174,3,5
29966,2025_029966_0b763d69dd848b88,3,73_1174,3,25
29968,2025_029968_f0c1a6610e9c6bf3,3,73_1174,3,4
29970,2025_029970_b29bdc4a4bee43e4,2,73_1174,3,2
29986,2025_029986_7e844f63f2a74594,0,73_1174,3,6
30009,2025_030009_e46cf9e8e4de78df,1,73_1174,3,9
30010,2025_030010_b050f84447bf8de0,2,73_1174,3,6
30013,2025_030013_229b669712ee7661,0,73_1174,3,20
30014,2025_030014_06734109739fc7be,2,73_1174,3,6
30016,2025_030016_c23c4fa8ccfe7b1f,1,73_1174,3,12
30026,2025_030026_14adc59bcea778cb,3,73_1173,4,11
30030,2025_030030_122be568fab23910,3,73_1173,4,18
30032,2025_030032_44dced2587599219,3,73_1173,4,27
30041,2025_030041_92811f2d4a9e74a3,4,73_1173,4,18
30049,2025_030049_fc4b9c6e8af20e30,7,69_1173,4,33
30050,2025_030050_fb6b29d0ac1b9cde,7,69_1173,4,84
30073,2025_030073_016c8d5badc28f33,7,69_1173,4,3
30082,2025_030082_2b7e24e25cd599f0,3,69_1174,2,10
30083,2025_030083_1dba6ff7f7fda3ae,6,69_1174,2,7
30084,2025_030084_acbbad8bf459d646,7,69_1173,4,5
30091,2025_030091_fe93c8d20f8b4d5b,2,69_1173,4,3
30098,2025_030098_7ed9b490db126104,1,69_1173,4,6
30124,2025_030124_f9f4c4b0c1dd4c60,7,69_1173,4,9
30125,2025_030125_0d1766d203a6af75,4,70_1173,1,6
30127,2025_030127_385771d72397e37f,2,70_1173,1,32
30130,2025_030130_97d7028bef88eae0,4,70_1173,1,55
30131,2025_030131_125231bc7dd49ba4,3,70_1173,1,54
30132,2025_030132_c7936607e88bc4cc,3,70_1173,1,4
30133,2025_030133_ab671e544447825a,7,70_1173,1,43
30154,2025_030154_969101eb01bc244b,3,70_1173,1,54
30155,2025_030155_c8a037b4e84b58cf,3,70_1173,1,12
30158,2025_030158_9fe089823680dae1,3,70_1173,1,5
30164,2025_030164_9a60af8bc6f9565f,3,70_1173,1,84
30166,2025_030166_8759aebb2c587406,2,70_1173,1,11
30170,2025_030170_5b5ddcd940d9cb09,2,70_1173,1,29
30172,2025_030172_1319d1eb1c7d0510,4,70_1173,1,64
30185,2025_030185_4e538d57e4ee0551,3,67_1173,3,4
30200,2025_030200_8e88e3ee8368377b,3,68_1173,5,12
30203,2025_030203_9475eac8963b6077,7,69_1173,4,3
30205,2025_030205_1d68279a2e5a9a61,1,69_1173,4,2
30208,2025_030208_f0e7c91268b453cd,0,69_1173,4,13
30210,2025_030210_78da7c1f3a47194b,3,69_1173,4,3
30211,2025_030211_2e9e2f9609a6764d,3,69_1173,4,24
30215,2025_030215_cbf61d44842e27ed,0,69_1173,4,3
30226,2025_030226_b6d9a8e09086cbe3,0,69_1173,4,7
30231,2025_030231_64f97a229812fb58,3,68_1173,5,9
30232,2025_030232_6a0e2f30054dcbe8,3,68_1173,5,15
30240,2025_030240_146a7eb6f96fc7b4,3,68_1173,5,46
30247,2025_030247_d1a94c5b456dfd80,7,68_1173,5,55
30253,2025_030253_1a19607e9fb96a2e,1,68_1173,5,2
30283,2025_030283_311f45298c3d14be,1,68_1173,5,4
30285,2025_030285_c738afaa6be504d5,3,68_1173,5,13
30286,2025_030286_873498c641173b25,2,68_1173,5,3
30291,2025_030291_79a744d9c7213eb5,7,68_1173,5,31
30305,2025_030305_10f6c4a980f32180,1,68_1174,4,10
30309,2025_030309_9c2cd57698fbf056,1,68_1174,4,4
30313,2025_030313_b952295fc67da247,1,68_1173,5,11
30316,2025_030316_54793fd848ba05f9,4,68_1173,5,32
30318,2025_030318_6c6de345225f1a6b,1,68_1173,5,14
30319,2025_030319_5002d2845e6e14a9,3,68_1173,5,23
30321,2025_030321_0c16cc13f8230b7d,1,68_1173,5,5
30327,2025_030327_a2ebcd3e1f26c7c5,3,68_1173,5,5
30330,2025_030330_ec936b026e3b2ba5,0,68_1173,5,4
30336,2025_030336_8560147cc1041902,4,68_1173,5,29
30338,2025_030338_5bc3e093824304ad,2,68_1173,5,19
30342,2025_030342_acd977da33ae98a4,0,67_1173,3,7
30349,2025_030349_36e0585fc2120aa5,0,67_1173,3,5
30350,2025_030350_2dc6a30fdda2ba87,0,67_1173,3,6
30358,2025_030358_3fe4b4aecc8fd4da,0,67_1173,3,10
30371,2025_030371_034d3be0b6d63345,0,68_1173,5,8
30384,2025_030384_a923058f8232794f,0,67_1173,3,6
30385,2025_030385_b01b111e1e0f4844,0,67_1173,3,23
30390,2025_030390_0b4750c6b8d3bf48,1,68_1173,5,21
30395,2025_030395_dd58cf582b9f4074,1,68_1173,5,9
30402,2025_030402_44ef383cc417d8fb,1,68_1173,5,10
30413,2025_030413_c9cbf0ee664a3cde,3,68_1174,4,16
30417,2025_030417_9aae77fecbbb03d3,4,68_1174,4,99
30432,2025_030432_95040ce8ceb40528,3,68_1173,5,31
30434,2025_030434_fb5684211d02249c,4,68_1173,5,18
30435,2025_030435_4961a47e0cd75bb8,1,68_1174,4,15
30436,2025_030436_9d6129572116c562,3,68_1173,5,7
30440,2025_030440_c189e66e68811df1,0,68_1173,5,13
30457,2025_030457_4c4e034ed7b95aff,3,68_1174,4,3
30462,2025_030462_bdbf1b5759c55bc3,3,68_1174,4,2
30466,2025_030466_a7bbf9f80f008286,3,68_1174,4,54
30474,2025_030474_5962132c995db77e,0,67_1174,3,18
30499,2025_030499_0462db3eabe262f1,3,67_1174,3,7
30508,2025_030508_a7bf941932eae78d,7,69_1174,2,5
30512,2025_030512_3c9ee0fab5a05189,7,69_1174,2,49
30527,2025_030527_b07931518d6ffd47,1,69_1173,4,8
30528,2025_030528_de20b4f0d88890b2,1,69_1173,4,7
30529,2025_030529_f724530a14cd0174,3,69_1174,2,27
30531,2025_030531_a01bcb0917b9febf,1,69_1174,2,23
30532,2025_030532_723fe75304d59422,2,69_1174,2,18
30534,2025_030534_16db2ffbc2d52f7b,3,68_1174,4,42
30535,2025_030535_cf4a1474a307264a,2,68_1174,4,19
30536,2025_030536_47236dfe1bbf6009,2,69_1174,2,9
30538,2025_030538_c7c26fc898e11ef2,2,69_1174,2,19
30541,2025_030541_0ef5871eed27dbbe,1,69_1174,2,8
30545,2025_030545_1db9b317a7b52b0c,1,69_1174,2,6
30554,2025_030554_f413a2b46772ecf8,4,69_1174,2,9
30560,2025_030560_c94de0d4f0e99e31,2,70_1174,5,53
30562,2025_030562_fecbe6cee49e73e5,0,69_1174,2,2
30565,2025_030565_5a926b0966412b2d,3,70_1174,5,31
30568,2025_030568_5c5836840cb4ad3c,7,70_1174,5,42
30573,2025_030573_e06a53daefae8dac,3,70_1174,5,4
30577,2025_030577_2763c9f69ae853e9,3,70_1174,5,3
30578,2025_030578_266c9078a7685388,7,70_1174,5,6
30582,2025_030582_8e1761c0e77c4bfa,3,70_1174,5,9
30583,2025_030583_ddd25156141a1167,0,69_1174,2,7
30585,2025_030585_a37f8d67acabcfbb,3,70_1174,5,2
30588,2025_030588_0482e64eee09055d,2,69_1174,2,17
30589,2025_030589_e81a8842b1c5c3c2,0,69_1174,2,4
30592,2025_030592_cc5a294895c8ebe5,7,69_1174,2,12
30598,2025_030598_2473db40b68101e3,0,70_1174,5,8
30599,2025_030599_443062597a13faae,7,70_1174,5,4
30602,2025_030602_043288e00f910a7d,3,70_1174,5,4
30605,2025_030605_b1a1efcbd664a72a,6,70_1174,5,6
30607,2025_030607_d2899d437ac94c58,1,70_1174,5,6
30609,2025_030609_13da22511d9bad17,0,70_1174,5,2
30612,2025_030612_94b6f21b1a37eae7,3,70_1174,5,17
30621,2025_030621_3f07bba9312824c3,0,70_1174,5,2
30623,2025_030623_7006ab8081870e97,4,70_1174,5,16
30624,2025_030624_cdd10caee28613b4,3,70_1174,5,7
30627,2025_030627_dbf19aa44bc6f0f4,2,70_1174,5,6
30629,2025_030629_a47b47b9f00f468d,7,70_1174,5,2
30631,2025_030631_b969faca30b7fffb,7,70_1174,5,2
30632,2025_030632_8295b3d7f2149cee,7,70_1174,5,10
30636,2025_030636_da6aa8e3e082276d,7,70_1174,5,5
30637,2025_030637_95b694068dae28b5,7,70_1174,5,31
30656,2025_030656_b26f70f2c24c10f0,1,69_1174,2,26
30664,2025_030664_e2fa229b7c9c4bac,1,69_1174,2,27
30729,2025_030729_30be5596d04e7d02,4,68_1174,4,5
30745,2025_030745_863cf058271e81c4,7,68_1174,4,5
30751,2025_030751_a53a8df494fb7db7,0,68_1174,4,12
30757,2025_030757_a5155896edac3ebd,6,69_1174,2,31
30759,2025_030759_2881b87e8c4047c6,6,70_1174,5,14
30760,2025_030760_5803206f27e630f4,1,69_1174,2,39
30762,2025_030762_c80b464bc472531c,1,69_1174,2,20
30769,2025_030769_7e8847f0d16bd84b,4,70_1174,5,12
30778,2025_030778_f2db192531aa45af,4,70_1174,5,12
30788,2025_030788_9fd7f9b22b3edee4,6,69_1174,2,39
30789,2025_030789_67429f9209adc7d4,3,69_1174,2,87
30793,2025_030793_0edb12fdafdd7708,6,69_1174,2,32
30798,2025_030798_7957baa76ea28a0c,4,69_1174,2,10
30801,2025_030801_995bde399b357e91,3,69_1174,2,42
30807,2025_030807_79beaf2326291fd5,4,69_1174,2,13
30808,2025_030808_50f6ef6e46739694,4,69_1174,2,21
30810,2025_030810_e33ad14686122b7b,3,69_1174,2,7
30818,2025_030818_bf2df00fdea9b3d1,0,69_1174,2,6
30819,2025_030819_0e77db18991228eb,0,69_1174,2,5
30825,2025_030825_a0db12aa4789d31a,2,69_1174,2,9
30829,2025_030829_daa4dcce3310b0c1,4,70_1174,5,8
30837,2025_030837_82b19f448222edc3,3,70_1174,5,8
30840,2025_030840_aa4e28742ab00ed5,6,70_1174,5,16
30841,2025_030841_274a39048cb88f31,3,70_1174,5,10
30846,2025_030846_7989629296325d3d,6,70_1174,5,9
30851,2025_030851_66b85a6161699bc6,3,70_1174,5,12
30855,2025_030855_1c8c30350f12b2de,3,70_1174,5,3
30859,2025_030859_4c845db316caacbd,3,70_1174,5,2
30860,2025_030860_13979c62214a97c5,3,69_1174,2,5
30874,2025_030874_7b913279c2c0e045,6,68_1174,4,5
30903,2025_030903_126726bd8531463c,6,68_1174,4,2
30906,2025_030906_9af656103b83139f,0,68_1174,4,4
30917,2025_030917_7d446cf7a98826fd,3,70_1174,5,8
30919,2025_030919_88321427efbd2bb5,3,70_1174,5,3
30923,2025_030923_5bbb04f37fc4b459,3,70_1174,5,4
30924,2025_030924_0b88079fd6119f78,3,70_1174,5,18
30925,2025_030925_c19f57cd49e62285,3,70_1174,5,4
30927,2025_030927_d2a064a21d36c774,3,70_1174,5,13
30928,2025_030928_4f62f6c5c5a5926b,1,70_1174,5,13
30929,2025_030929_4f31391e0779314a,6,70_1174,5,4
30930,2025_030930_94301cebbc968981,6,70_1174,5,3
30943,2025_030943_8d9768203005716e,3,70_1174,5,43
30944,2025_030944_d36f70dafd518731,3,70_1174,5,4
30960,2025_030960_f9d58a8e2442884e,0,70_1174,5,3
30975,2025_030975_83df087f3047b094,3,70_1174,5,7
30976,2025_030976_988b0f313fd390d3,3,70_1174,5,10
30985,2025_030985_2ed005c2b90c508a,1,68_1174,4,30
30987,2025_030987_0851478e353b85c0,1,68_1174,4,9
30990,2025_030990_399bb1f29808fb51,0,68_1174,4,4
30992,2025_030992_753d94d576b3e068,1,68_1174,4,17
30997,2025_030997_8333ab897132dcd7,1,68_1174,4,10
30998,2025_030998_7e73b9a0c166711c,1,68_1174,4,15
31001,2025_031001_309c3a8814d9ebac,1,68_1174,4,3
31015,2025_031015_c19dbd6c2ee3fd73,0,68_1174,4,5
31017,2025_031017_8f20410ef09ee388,0,68_1174,4,2
31021,2025_031021_b6d923de24a21008,2,68_1174,4,9
31025,2025_031025_26df2ba7b942267e,0,68_1174,4,13
31046,2025_031046_95da29df4e007060,1,68_1174,4,8
31047,2025_031047_b3ffd960670f99d0,1,68_1174,4,6
31050,2025_031050_96d60aa9d70d9604,0,68_1174,4,6
31057,2025_031057_f36fb15a0008545c,0,68_1174,4,45
31058,2025_031058_9e814dc032a1bce1,1,68_1174,4,21
31064,2025_031064_697646604a5a384b,1,68_1174,4,18
31067,2025_031067_6665a4006bfccc84,7,68_1174,4,48
31069,2025_031069_2381ad99321d667c,1,69_1174,2,19
31070,2025_031070_fea977045f31dd79,1,69_1174,2,13
31072,2025_031072_91ff63a18351bfc4,5,68_1174,4,45
31073,2025_031073_664d1d4525edffed,1,69_1174,2,16
31075,2025_031075_32043c3d600e43dd,4,68_1174,4,32
31076,2025_031076_3ec942988189f6ad,1,69_1174,2,27
31077,2025_031077_39274fea2c8ca67d,1,69_1174,2,58
31078,2025_031078_fad8011cccd885f6,1,68_1174,4,26
31080,2025_031080_94cb5d1a37f95854,7,68_1174,4,26
31083,2025_031083_0b4641cb3c1a63e0,1,69_1174,2,20
31085,2025_031085_1392132b24a9fb4d,7,69_1174,2,5
31094,2025_031094_db2f695da1032ea1,2,69_1174,2,28
31099,2025_031099_dd4282f30d90ab1d,1,69_1174,2,10
31100,2025_031100_e8a73d7cde75af0d,0,69_1174,2,9
31103,2025_031103_2be066d5a077226e,0,68_1174,4,19
31107,2025_031107_6931bcdab99fc8bc,0,68_1174,4,7
31113,2025_031113_d266d1f2e36b1769,0,68_1174,4,2
31120,2025_031120_1e379eb82056ceec,0,68_1174,4,5
31130,2025_031130_d337f57eb669d491,7,68_1174,4,3
31148,2025_031148_0d3c7cffddafa43f,0,68_1174,4,9
31151,2025_031151_626e4a4f29c98797,3,68_1173,5,17
31156,2025_031156_1058a856bcf32c2d,3,68_1173,5,31
31163,2025_031163_2f19bc357fbb2240,3,68_1173,5,10
31166,2025_031166_94168f52911cb1fb,6,68_1173,5,4
31167,2025_031167_4e6c53f319e59d6e,3,68_1173,5,12
31168,2025_031168_e26c9a4b3b76272c,3,68_1173,5,3
31171,2025_031171_b88382208783ce3f,3,68_1173,5,4
31173,2025_031173_5eb92851698474d1,3,68_1173,5,3
31174,2025_031174_f0408413b642c595,6,68_1173,5,4
31175,2025_031175_a05fb3aae20fd6ac,3,68_1173,5,6
31179,2025_031179_8e0be6cf96984978,3,68_1173,5,17
31197,2025_031197_dce13b7873c934e4,0,68_1174,4,2
31216,2025_031216_1cd9ebb90807e871,3,68_1173,5,13
31222,2025_031222_d8ec0bdad23a592d,7,68_1173,5,13
31230,2025_031230_75da13f53487e543,7,70_1173,1,62
31232,2025_031232_bcf97040ebd75845,3,70_1173,1,70
31240,2025_031240_78e22cc8895b60fc,1,70_1173,1,3
31249,2025_031249_fd8661eced4a6486,0,70_1173,1,2
31263,2025_031263_37420b6794a812c6,7,70_1173,1,14
31266,2025_031266_643e323fe6f1df89,2,70_1173,1,3
31268,2025_031268_1d0ea803a89487f6,3,70_1174,5,7
31276,2025_031276_78ed16444d0aa65e,6,70_1174,5,44
31282,2025_031282_4d4def48cd736ee7,3,70_1174,5,10
31285,2025_031285_98709aea91038a0a,7,70_1174,5,32
31286,2025_031286_73fd81da99aaba8e,3,70_1174,5,26
31288,2025_031288_45b9645bd4566614,0,70_1174,5,3
31290,2025_031290_ec8ae2411a3e1f83,0,70_1174,5,4
31291,2025_031291_617c42b39a8f7c91,3,70_1174,5,19
31297,2025_031297_ce1d2a318bec794e,4,70_1174,5,5
31298,2025_031298_61e211c14e1d7023,6,70_1174,5,18
31303,2025_031303_07bea24baad5aa20,3,70_1174,5,7
31305,2025_031305_7ba13ff3ad557096,0,70_1174,5,6
31306,2025_031306_0bc8145de555411f,6,70_1174,5,11
31308,2025_031308_1702b322aae336a9,4,70_1174,5,8
31309,2025_031309_8d5ddaaf7799fc23,3,70_1174,5,84
31315,2025_031315_4e38e05b3174a163,7,70_1174,5,30
31316,2025_031316_b95544b1c45e73df,3,70_1174,5,21
31318,2025_031318_478801178b15ff03,1,70_1174,5,11
31322,2025_031322_98d06fe67efee2f9,0,70_1174,5,25
31323,2025_031323_2ca30d68e659705c,0,70_1174,5,6
31325,2025_031325_c2554c529aad4341,1,70_1174,5,14
31327,2025_031327_d5cd3e52ffc1063a,3,70_1174,5,8
31330,2025_031330_4e61e963948d1627,3,70_1174,5,22
31339,2025_031339_e1ea04c0774757b8,4,70_1174,5,32
31343,2025_031343_e5122227de8a01b9,3,70_1174,5,14
31346,2025_031346_02e834dc33d70de8,3,70_1174,5,10
31358,2025_031358_b676cf799365d3b3,4,70_1174,5,4
31367,2025_031367_fc92329d9b98285e,3,70_1174,5,18
31371,2025_031371_5b014910fef09797,3,70_1174,5,6
31379,2025_031379_8042c4a0cb01cfee,1,69_1173,4,39
31380,2025_031380_f1c7bb27d97ea522,7,69_1173,4,28
31381,2025_031381_627475a5094329e5,6,69_1173,4,25
31382,2025_031382_957d0c6aadcb106e,3,69_1173,4,30
31383,2025_031383_4a554f1cabfcdc84,1,69_1173,4,3
31386,2025_031386_eaf1b7fd332aac67,3,69_1173,4,7
31387,2025_031387_0d5bfd52f39c013e,3,69_1173,4,17
31389,2025_031389_b034ba171d5538f4,6,69_1173,4,15
31392,2025_031392_f665312e527a5eaf,2,69_1173,4,12
31408,2025_031408_624f81d8b4633370,2,69_1173,4,2
31412,2025_031412_4a35182b097d1372,0,69_1174,2,11
31418,2025_031418_d0197fa465dfcee0,7,69_1173,4,173
31423,2025_031423_2ce49f613a1ab707,5,70_1173,1,85
31443,2025_031443_8dd3bd3b8ea02f51,7,69_1173,4,10
31445,2025_031445_69086ede9c0ccfbf,4,70_1173,1,11
31446,2025_031446_dc587c08b81da71a,4,70_1173,1,6
31451,2025_031451_2631ec88d32f6044,2,70_1173,1,8
31454,2025_031454_2109069d9d5a7466,3,70_1173,1,2
31457,2025_031457_4a4c165dac8734d5,6,70_1173,1,16
31460,2025_031460_c7d026eb5f0241ee,6,70_1173,1,2
31473,2025_031473_1b3d08dafae02884,3,70_1173,1,2
31476,2025_031476_34582cf4517574d6,5,70_1173,1,10
31477,2025_031477_3c92e4d31d043942,1,70_1173,1,3
31483,2025_031483_79a1e29361dd7225,6,70_1173,1,89
31490,2025_031490_1ce724c1cfac1e3b,6,70_1173,1,15
31497,2025_031497_f84ed23b126255e0,6,70_1173,1,6
31499,2025_031499_8329f0c0c69c3c87,2,70_1174,5,27
31500,2025_031500_0472bea16f49bd67,6,70_1174,5,3
31501,2025_031501_2be13ce6186ccdc9,4,70_1174,5,27
31503,2025_031503_75ef3097e3b9618e,0,70_1174,5,20
31506,2025_031506_9d6b1d0456d4893d,0,70_1174,5,15
31509,2025_031509_6a696fd05aea40d8,1,70_1174,5,24
31511,2025_031511_87540387f8ba696f,0,70_1174,5,14
31512,2025_031512_784cca856fa03340,3,70_1174,5,15
31518,2025_031518_4b7691fe0bb12589,0,70_1174,5,28
31521,2025_031521_5bc6f335c4b676d5,7,70_1174,5,19
31522,2025_031522_f6ad84a566689548,1,70_1174,5,22
31527,2025_031527_4958642ce631d47b,1,70_1174,5,13
31528,2025_031528_8b830d097be132e1,0,70_1174,5,5
31530,2025_031530_9dab672feb4b5f76,6,70_1174,5,9
31531,2025_031531_b7a7c9c5e987c1f2,3,70_1174,5,21
31539,2025_031539_2a4a20f5123a0336,6,70_1174,5,5
31541,2025_031541_491d5f2a174a8682,0,70_1174,5,4
31550,2025_031550_88aebb7886c24a6a,6,70_1174,5,18
31552,2025_031552_2dd7b3be4228e71a,6,70_1174,5,2
31557,2025_031557_4b00d15006cf4057,3,70_1174,5,19
31572,2025_031572_c3289bdd8d257081,1,70_1174,5,8
31573,2025_031573_9a7abd16dbffdd5d,5,70_1174,5,4
31577,2025_031577_24dcf671056c29de,1,70_1174,5,10
31581,2025_031581_3d8ba9b9852c917e,3,69_1174,2,4
31585,2025_031585_7ade1a7d81045216,5,69_1174,2,13
31590,2025_031590_910b9f1011c3ace8,4,69_1174,2,32
31591,2025_031591_a58c09bdb2ff5be4,1,69_1174,2,9
31598,2025_031598_426ca65eb78fe815,3,69_1174,2,103
31611,2025_031611_33e248e41da88de6,6,70_1173,1,10
31613,2025_031613_8a9ebefada4f3177,3,70_1173,1,8
31616,2025_031616_9d38391c11050bae,7,70_1173,1,48
31617,2025_031617_878dfd64fa73d71b,2,70_1173,1,7
31618,2025_031618_a8a7867e888affd1,3,70_1173,1,22
31619,2025_031619_b7b80c36a9b2587c,7,70_1173,1,4
31620,2025_031620_7f89d24f89f420b5,0,70_1173,1,2
31625,2025_031625_06daea7eed7fa517,6,70_1174,5,8
31634,2025_031634_86a26abfd693ae11,4,70_1174,5,5
31637,2025_031637_ac9719bec4280e72,6,70_1174,5,11
31640,2025_031640_10c3aab55dbf60bb,6,70_1174,5,13
31646,2025_031646_66f4ae25268850c2,2,70_1174,5,11
31648,2025_031648_9f33536eb8a19778,3,70_1174,5,5
31651,2025_031651_de8755c562078094,0,70_1174,5,45
31655,2025_031655_417ad8f2ceea1a1e,0,70_1174,5,2
31661,2025_031661_d63b07a7be4bd8b0,6,70_1174,5,2
31669,2025_031669_d2cd5c913bc607d5,3,70_1174,5,2
31672,2025_031672_1d8bd86f6b13c197,7,69_1174,2,4
31685,2025_031685_dbee082d0949fde6,7,69_1174,2,4
31691,2025_031691_5561d3b271bf9f05,6,69_1174,2,6
31695,2025_031695_8218cee610a3d53b,7,69_1174,2,2
31698,2025_031698_13e3e979d198e6df,5,69_1174,2,31
31702,2025_031702_4671b9ff48c6ff3d,3,70_1173,1,10
31703,2025_031703_dd1b202072cec40c,3,70_1173,1,21
31704,2025_031704_543e972eadc1246f,1,70_1173,1,14
31705,2025_031705_a3e6dc95b6dd69c1,6,70_1173,1,8
31709,2025_031709_520708dd3a8bfcad,6,70_1173,1,2
31721,2025_031721_be063f10ae2d88e7,3,70_1173,1,116
31724,2025_031724_2e7071548ccef152,3,70_1173,1,47
31727,2025_031727_43a0233c76d5fd4e,3,70_1173,1,2
31733,2025_031733_eaac2a01f937a0bb,3,70_1173,1,7
31737,2025_031737_ee9569faa16687b3,6,70_1173,1,9
31754,2025_031754_d281cbd800b04ac1,2,70_1173,1,14
31760,2025_031760_4e50f8052ab2cc60,3,70_1173,1,17
31768,2025_031768_9ad2b51ddd4ac4d7,6,70_1173,1,19
31787,2025_031787_471583a7f350c32e,2,70_1173,1,17
31795,2025_031795_24f7151d265a6138,0,70_1173,1,6
31801,2025_031801_1ade30838b376a15,1,70_1173,1,4
31804,2025_031804_d1edaf41fbf98700,3,70_1173,1,14
31806,2025_031806_14549c004698f958,1,70_1173,1,13
31808,2025_031808_39d84c2c1ec483ff,3,70_1173,1,74
31813,2025_031813_5253b0c0a11470d6,6,70_1173,1,5
31818,2025_031818_b94a1dd87f863b87,1,71_1173,2,16
31822,2025_031822_7ccb72306654975d,3,71_1173,2,4
31834,2025_031834_0c30f3e6983f7c96,6,71_1173,2,6
31835,2025_031835_dbcb19b36d5d8e7e,7,71_1173,2,3
31839,2025_031839_146b695265e2e738,0,71_1173,2,10
31840,2025_031840_5d7dc4cd1021f37b,0,71_1173,2,7
31844,2025_031844_536dd70a26250882,0,71_1173,2,13
31851,2025_031851_7302e9894cee7b5b,7,71_1173,2,6
31854,2025_031854_80651295aee37166,3,71_1173,2,7
31858,2025_031858_edf9d3e67d6deb3b,7,71_1173,2,6
31859,2025_031859_a187d1eb5a25196a,7,71_1173,2,6
31881,2025_031881_90b10d8b453ac802,0,70_1173,1,4
31884,2025_031884_2f1d75cd26684553,0,70_1173,1,9
31899,2025_031899_ab40c7fe4a59072c,5,70_1173,1,24
31936,2025_031936_038d3559d3ef2032,3,71_1173,2,5
31947,2025_031947_c22be7d90e49bdaa,7,71_1173,2,4
31948,2025_031948_86196b9d5448cb7c,6,71_1173,2,7
31950,2025_031950_cee52ce5094c835c,6,71_1173,2,7
31964,2025_031964_4a2828362aa22f04,7,70_1173,1,5
31986,2025_031986_feb8b91c79edecd3,3,70_1173,1,5
31987,2025_031987_f791d5e3fe259e2d,4,70_1173,1,3
32004,2025_032004_cb5442ab25e0cd73,7,71_1173,2,3
32020,2025_032020_ed37e6313217042c,6,71_1173,2,3
32035,2025_032035_be5aedc40c16b6ab,1,71_1173,2,21
32037,2025_032037_ca9987c22076efaf,1,71_1173,2,2
32042,2025_032042_365559c7d1e21ec8,0,71_1173,2,3
32054,2025_032054_4c369460750063e2,3,71_1173,2,6
32062,2025_032062_129334c0cae8d4dd,6,71_1173,2,2
32076,2025_032076_7fb57aa9c891c142,7,71_1173,2,9
32081,2025_032081_75a650bc1de61e63,0,71_1173,2,4
32087,2025_032087_444fc90b1db1747f,7,71_1173,2,9
32091,2025_032091_10db17dc5a3ee4f2,0,71_1173,2,4
32094,2025_032094_17a3a42b57e2b9c3,0,71_1173,2,3
32097,2025_032097_49b3686a49c9f05c,0,71_1173,2,4
32104,2025_032104_e264f25bf5d19d0a,7,70_1173,1,117
32106,2025_032106_d4006d8f3d78bc77,6,70_1173,1,2
32107,2025_032107_11027bb26e794745,7,70_1173,1,4
32110,2025_032110_19d24e2580a53a14,0,70_1173,1,5
32114,2025_032114_2101504a011f522c,0,70_1173,1,3
32128,2025_032128_a1174f85cc7c8a42,0,70_1173,1,10
32133,2025_032133_ae83393a9f655ed7,6,70_1173,1,2
32147,2025_032147_26efb1bf08f99b52,7,70_1173,1,39
32150,2025_032150_0065fe638cd93683,4,70_1173,1,86
32152,2025_032152_88cc2684977b7000,6,71_1173,2,2
32157,2025_032157_df2d8a758fa77332,3,71_1173,2,10
32169,2025_032169_958492e40214b25a,4,71_1173,2,4
32179,2025_032179_656f66a235605184,3,71_1173,2,21
32182,2025_032182_e5fe12951c3e673d,7,71_1173,2,10
32187,2025_032187_5c6ab6d6822be238,6,71_1173,2,14
32190,2025_032190_16e6816e247dbfee,3,71_1173,2,11
32192,2025_032192_02ca1902c08cf9bd,6,71_1173,2,50
32199,2025_032199_f24d9d52c304ca45,3,71_1173,2,4
32209,2025_032209_41893443057b0276,4,71_1173,2,6
32220,2025_032220_f03976a656e47575,6,71_1173,2,3
32221,2025_032221_f0f6dcc120a4e4ea,3,70_1173,1,8
32222,2025_032222_e4d54c7050c07a4c,4,71_1173,2,87
32229,2025_032229_41316fecb22996ab,7,70_1173,1,34
32232,2025_032232_35903be69cfdd085,3,71_1173,2,5
32252,2025_032252_94cb5c69a006d142,3,71_1173,2,5
32255,2025_032255_faf6b2820f6cd752,7,71_1173,2,2
32263,2025_032263_928dabe58abe7d40,6,71_1173,2,8
32271,2025_032271_6ff13d6f0383c6c4,6,71_1173,2,8
32282,2025_032282_da0ace76e9f7ebef,2,71_1173,2,14
32283,2025_032283_cace59518eacc4f7,3,70_1173,1,17
32293,2025_032293_37d8fc61b72e6a29,4,70_1173,1,60
32297,2025_032297_cd1b18bc67449214,0,70_1173,1,2
32309,2025_032309_2958fc89b586e933,2,70_1173,1,21
32318,2025_032318_fe8502f17eebf9a3,1,70_1173,1,4
32321,2025_032321_ddf89271cc5fd18e,3,70_1173,1,26
32326,2025_032326_87fd093d506f7e0e,6,71_1173,2,7
32329,2025_032329_0c53eb5c29cdc233,6,71_1173,2,13
32332,2025_032332_2a068dc35509857d,6,71_1173,2,8
32342,2025_032342_edb7a32d17b406e5,6,71_1173,2,14
32344,2025_032344_cb1e5c149a9256fd,3,70_1173,1,8
32365,2025_032365_6fb81530dd49690b,4,70_1173,1,16
32367,2025_032367_55971afdbe11f622,4,70_1173,1,3
32368,2025_032368_95d6edafdf6c7e66,3,70_1173,1,9
32370,2025_032370_febd5f5feeee42e8,4,70_1173,1,3
32372,2025_032372_cec1003067be0ed2,4,71_1173,2,15
32383,2025_032383_510de1a625638b39,4,71_1173,2,11
32387,2025_032387_8f096f2be14be64c,4,71_1173,2,14
32399,2025_032399_91f40fe701f7a8a5,7,71_1173,2,10
32400,2025_032400_739be00884ec332d,7,71_1173,2,7
32404,2025_032404_d0ae46a603c80703,7,71_1173,2,6
32410,2025_032410_b5febf7a2348fb65,6,71_1173,2,11
32413,2025_032413_0f9b01d63942685f,6,71_1173,2,7
32423,2025_032423_6e7332ba60a03226,4,70_1173,1,12
32426,2025_032426_0dc47a816dcd6faa,0,70_1173,1,15
32432,2025_032432_05393cf3e1e24a64,2,70_1173,1,3
32439,2025_032439_44193a2f0ff5cf9c,2,70_1173,1,3
32458,2025_032458_32f2cd5b8d62c3b9,4,70_1173,1,9
32459,2025_032459_9a4e5022a6927689,3,70_1173,1,7
32461,2025_032461_28fde65d7fcb38f7,3,70_1173,1,4
32463,2025_032463_170e87a1d57857b5,3,70_1173,1,2
32475,2025_032475_c2f0b15fb286b4ae,0,70_1173,1,8
32481,2025_032481_533862f8d8bccb06,6,70_1173,1,6
32488,2025_032488_4662c6fa236501f0,0,70_1173,1,5
32489,2025_032489_2c13b88c1d0de6ff,3,70_1173,1,17
32506,2025_032506_cb0193b933f174ca,0,70_1173,1,19
32507,2025_032507_914117ad3fc25184,5,70_1173,1,26
32516,2025_032516_f44149ed681da8d8,0,70_1173,1,2
32528,2025_032528_aba364ca91bb379f,0,70_1173,1,6
32530,2025_032530_58b3839007500182,7,70_1173,1,12
32548,2025_032548_aa11df0202d709c8,3,71_1173,2,12
32557,2025_032557_0940cc94df28f25c,2,71_1173,2,5
32560,2025_032560_8d4f524de4fdccac,3,71_1173,2,6
32563,2025_032563_6b8c41dcf1bc425a,3,71_1173,2,36
32569,2025_032569_6eb7d105c2e2ae22,3,71_1173,2,20
32577,2025_032577_9646220942d1c261,3,71_1173,2,3
32624,2025_032624_9d4fdb358a92bb7a,3,71_1173,2,10
32628,2025_032628_c72cffd504b0d1ee,1,71_1173,2,3
32633,2025_032633_4b8cd550701791e9,3,71_1173,2,10
32645,2025_032645_255b1fa3214e3d0d,7,71_1173,2,7
32649,2025_032649_c65be878902b7012,7,71_1173,2,7
32654,2025_032654_36ee101a90120f40,7,71_1173,2,15
32661,2025_032661_a912214e4fc9083e,7,70_1173,1,3
32663,2025_032663_8a579353ef2473dc,5,70_1173,1,10
32679,2025_032679_1b56f3768b83964a,7,73_1173,4,6
32691,2025_032691_90d34cb272e195c6,4,73_1174,3,2
32721,2025_032721_eff185c4c109991f,7,70_1173,1,4
32722,2025_032722_dabe1b862d2e5e7d,3,70_1173,1,2
32723,2025_032723_4bc93a77835ef986,4,70_1173,1,15
32724,2025_032724_15cd8e32b36a339c,7,70_1173,1,51
32726,2025_032726_3ecc067d73fc2bf4,0,70_1173,1,10
32727,2025_032727_f5292c38e0d5bdb3,4,70_1173,1,5
32730,2025_032730_90d8363e84c90a15,4,70_1173,1,4
32735,2025_032735_d153aaaacf8bc0bb,4,70_1173,1,9
32744,2025_032744_f9125f8a3561f8b3,3,70_1173,1,3
32750,2025_032750_f13fc11ffc5ad0e5,4,70_1173,1,35
32753,2025_032753_081b6ebc50d92044,4,70_1173,1,30
32754,2025_032754_fc9cfa06abc35eef,7,70_1174,5,611
32755,2025_032755_993b77789a773347,7,70_1174,5,2
32763,2025_032763_d5e4935ce5724104,4,71_1173,2,16
32770,2025_032770_060e4d84b918b95c,6,71_1173,2,24
32772,2025_032772_79098e038e4277f1,6,71_1173,2,15
32786,2025_032786_76545005e7546ebb,0,71_1173,2,3
32803,2025_032803_0d2916a5da7b0d67,0,70_1174,5,11
32818,2025_032818_834cd935f59a20cb,4,70_1173,1,4
32822,2025_032822_206ff399a2e0d15f,0,70_1174,5,6
32827,2025_032827_6ad13d7eb42bdfa4,0,70_1174,5,2
32831,2025_032831_e3c50625da97eb62,6,70_1173,1,18
32834,2025_032834_bee89d732e5d3f1d,6,70_1173,1,39
32843,2025_032843_43efb097ce59b310,6,70_1173,1,10
32847,2025_032847_cc258a9cd8e7db27,1,70_1173,1,11
32856,2025_032856_6b94ecb05a67ab0f,3,71_1174,0,20
32859,2025_032859_4f2ad4d387bfad30,3,71_1173,2,18
32861,2025_032861_fb5939c927b3b34f,4,71_1173,2,15
32864,2025_032864_b6897f8a3c89116d,4,71_1173,2,13
32865,2025_032865_46a2ba4a1fbdcc15,3,71_1173,2,50
32868,2025_032868_eb6cf53701899ea3,3,71_1173,2,14
32878,2025_032878_ac8c05cc52039823,3,71_1174,0,74
32879,2025_032879_ac6c5004df75181a,3,71_1173,2,2
32885,2025_032885_b94bb74a4a31c6d9,6,71_1173,2,7
32900,2025_032900_a18b9c69308dd984,7,71_1173,2,2
32912,2025_032912_6fac92b8f302e411,0,70_1174,5,22
32915,2025_032915_6a929cd6cf656b38,0,70_1174,5,2
32917,2025_032917_8269be73bbf71268,0,70_1174,5,53
32924,2025_032924_39d924f5867acd4b,0,70_1174,5,2
32926,2025_032926_0994d34da57736ef,0,70_1174,5,3
32935,2025_032935_e8980ba3dc91216c,0,70_1174,5,4
32937,2025_032937_fdf5a8bdc1e335e0,1,70_1174,5,34
32942,2025_032942_54460c973d8e6afc,4,70_1174,5,10
32943,2025_032943_426c7d33446e35c0,2,70_1174,5,3
32944,2025_032944_fe34e0b15e1d8dd8,2,70_1174,5,33
32945,2025_032945_5f181fde18ea9249,0,70_1174,5,60
32946,2025_032946_2afde0b37260af43,1,70_1174,5,4
32948,2025_032948_d813a7863945b0a8,7,71_1174,0,8
32950,2025_032950_f15ecac4d469e271,3,71_1174,0,15
32953,2025_032953_f6af7bfbd28dc870,2,71_1174,0,63
32956,2025_032956_90f2c4803ccc4b70,0,71_1174,0,2
32958,2025_032958_5ec5839dee52cfe0,1,71_1174,0,5
32959,2025_032959_bc40dbb4532d8d64,1,71_1174,0,9
32961,2025_032961_d68feff00df41054,3,71_1174,0,14
32968,2025_032968_8915b95c3d1a3647,3,71_1174,0,2
32970,2025_032970_f667d19daf58b1e1,6,71_1174,0,9
32974,2025_032974_abc15f2ee2b47735,7,71_1174,0,10
32984,2025_032984_62b36a57eee344bd,4,71_1174,0,3
32985,2025_032985_85c5b0ade9d19ffe,3,71_1174,0,10
32990,2025_032990_8857bdedb0a39cb9,0,71_1174,0,53
32993,2025_032993_1efa1cc0d707bb84,6,71_1174,0,11
32997,2025_032997_c91268f26f41c1b5,0,71_1174,0,23
33009,2025_033009_39ed3e7ac42d7e08,6,71_1174,0,9
33014,2025_033014_7c56d877308b5890,0,71_1174,0,2
33018,2025_033018_8e063ffc0907a7cd,0,71_1174,0,8
33019,2025_033019_55fc1db01385c59a,0,71_1174,0,19
33025,2025_033025_be34fc47e7f0a519,4,71_1174,0,12
33031,2025_033031_805098fc65349b5b,3,71_1174,0,6
33034,2025_033034_eb76317b4b267935,3,71_1174,0,12
33038,2025_033038_03f2a76ebb67c9b6,3,71_1174,0,48
33055,2025_033055_344cc4199741a229,7,71_1174,0,6
33058,2025_033058_0c87ef76523a0ee5,3,70_1174,5,21
33061,2025_033061_52df295b14826fb5,4,70_1174,5,35
33068,2025_033068_218758c2a7397b91,7,70_1174,5,14
33069,2025_033069_02883aa67f42051e,7,70_1174,5,5
33073,2025_033073_9fac84164446d6fb,3,70_1174,5,23
33074,2025_033074_9b40d82d7298f724,3,70_1174,5,23
33079,2025_033079_0d0df54d9e1fa6f3,4,70_1174,5,2
33080,2025_033080_167ffde45efe303b,0,70_1174,5,2
33082,2025_033082_cc41e87dc4a79e04,1,70_1174,5,5
33094,2025_033094_6655b6e052c25291,7,70_1174,5,9
33095,2025_033095_d1348818dce6ac4e,0,70_1174,5,13
33096,2025_033096_0ada77991241d0af,0,70_1174,5,26
33099,2025_033099_01d84ef6714c6958,7,70_1174,5,7
33108,2025_033108_9bc72945abd575cd,3,70_1174,5,4
33113,2025_033113_26986005ce6409f9,2,70_1174,5,11
33121,2025_033121_bedc9d0bd8518f55,6,71_1174,0,20
33123,2025_033123_ad8c0fb5ad5e7bc8,4,71_1174,0,49
33124,2025_033124_92eef23925aea3ef,4,71_1174,0,18
33127,2025_033127_5be75a452c7e0df9,3,71_1174,0,6
33129,2025_033129_67101a43126dcb62,6,71_1174,0,6
33146,2025_033146_410c21f00ffa8a7b,4,71_1174,0,3
33152,2025_033152_2e40a088e7d7c860,7,71_1174,0,7
33157,2025_033157_15b958241912d40d,3,71_1174,0,18
33162,2025_033162_49d0c40eaa61fa32,4,71_1174,0,6
33168,2025_033168_288d75e8ca4f1cf8,3,71_1174,0,36
33177,2025_033177_628ccbfc3da93f95,6,71_1174,0,76
33178,2025_033178_108c8faabdd1a639,7,71_1174,0,47
33187,2025_033187_71b4749951121a77,0,71_1174,0,37
33191,2025_033191_02134dead5c6350c,1,71_1174,0,3
33194,2025_033194_41b793e94fef9e82,7,71_1174,0,42
33196,2025_033196_9b81d052e28ba142,3,71_1174,0,2
33214,2025_033214_252775a64e2d36dd,4,71_1174,0,10
33220,2025_033220_03ec13e8e95e7b56,3,71_1174,0,2
33221,2025_033221_bda5a12941daea63,0,71_1174,0,5
33223,2025_033223_faaf6ab6fb964d39,3,71_1174,0,2
33246,2025_033246_3c1cdb72c1768876,6,71_1174,0,4
33247,2025_033247_a94af9311f2f479d,4,71_1174,0,10
33262,2025_033262_c394d2995177b353,3,71_1174,0,13
33295,2025_033295_eb04953eb4d4ffed,1,71_1174,0,5
33299,2025_033299_46c35643c4ae7e6f,4,70_1174,5,9
33303,2025_033303_2e1020223e01331c,6,70_1174,5,35
33322,2025_033322_26aa5a7c75f0860e,1,70_1174,5,2
33323,2025_033323_67896d96f4518369,3,70_1174,5,5
33325,2025_033325_c549fc509db50fcb,3,70_1174,5,14
33326,2025_033326_5b4d05077a6de0c0,1,70_1174,5,43
33333,2025_033333_8c0fee4d56dabee5,3,70_1174,5,18
33335,2025_033335_9526728d9ea518ae,7,70_1174,5,7
33339,2025_033339_eebf8044636a7cff,1,70_1174,5,16
33347,2025_033347_3bda2997759c9012,4,70_1174,5,2
33363,2025_033363_457b2eeccdc840c8,5,70_1174,5,28
33364,2025_033364_a1bef75e82e190ea,0,70_1174,5,2
33366,2025_033366_a5a552b66a4f0470,7,70_1174,5,42
33370,2025_033370_ded904ae0a8b413a,7,70_1174,5,10
33372,2025_033372_e44df835af739224,0,70_1174,5,2
33373,2025_033373_0ae366a194abff78,0,70_1174,5,4
33375,2025_033375_9b3c2f885b2aab9a,0,71_1174,0,6
33376,2025_033376_e2864d936ee52e0e,0,71_1174,0,4
33377,2025_033377_729b1ad09cd2f93a,0,71_1174,0,5
33380,2025_033380_93db3a2fed57674d,0,71_1174,0,15
33387,2025_033387_79061d04729fd1a1,0,71_1174,0,2
33402,2025_033402_797ab794d88cbbc8,0,71_1174,0,4
33417,2025_033417_98c0b4f3d497987a,6,71_1174,0,6
33450,2025_033450_45890361304487b5,6,70_1174,5,15
33456,2025_033456_0920444532432249,3,70_1174,5,5
33465,2025_033465_a124f66780c02903,4,70_1174,5,27
33474,2025_033474_a0eccf112b4b40db,7,70_1174,5,10
33483,2025_033483_c2c81f4a1282fb0b,6,71_1174,0,2
33487,2025_033487_065dd2648434d25e,3,71_1174,0,2
33499,2025_033499_6bf40dba7bca95a3,3,71_1174,0,3
33502,2025_033502_0ee07eda336a828b,6,71_1174,0,3
33503,2025_033503_a8ef1f791dc8fc36,7,71_1174,0,15
33510,2025_033510_83c360467ad86b7b,0,71_1174,0,8
33516,2025_033516_3a16c9037bfc1a07,3,71_1174,0,6
33541,2025_033541_675affec2461b844,6,71_1174,0,40
33543,2025_033543_fe65185528a5cd1a,6,71_1174,0,8
33544,2025_033544_3dd200864a3d18ff,4,71_1174,0,6
33571,2025_033571_316b1d0bd611a929,4,71_1174,0,9
33573,2025_033573_4db59a47b54d40bc,3,71_1174,0,10
33575,2025_033575_5ab558fddd7d5fbb,1,70_1174,5,21
33584,2025_033584_3103e632a453f198,7,70_1174,5,27
33604,2025_033604_4585e203ff16d4d4,3,70_1174,5,49
33608,2025_033608_e0d663b2a43f82f6,1,70_1174,5,10
33615,2025_033615_e4f5fc77c40c43c5,1,70_1174,5,10
33628,2025_033628_5eb281f987405812,1,70_1174,5,4
33650,2025_033650_f976b0f49c860099,0,70_1174,5,33
33653,2025_033653_ac209bb6929d6668,0,70_1174,5,6
33658,2025_033658_543d0a583f4b33c2,1,70_1174,5,52
33669,2025_033669_52a359c1597000da,0,70_1174,5,13
33690,2025_033690_5cb399bbc320d976,0,70_1174,5,3
33696,2025_033696_13d485ecd76225ef,4,70_1174,5,10
33699,2025_033699_b223693a71d10e07,3,70_1174,5,20
33704,2025_033704_44f78a7b56d21fb1,4,70_1174,5,24
33711,2025_033711_330ce9f6178de7b1,1,70_1174,5,37
33722,2025_033722_17464171b3c394ca,3,70_1174,5,6
33725,2025_033725_1ed9f44fc05d2089,6,70_1174,5,8
33731,2025_033731_9322e8525a9c3514,7,71_1174,0,66
33733,2025_033733_a3855608e21c8d8e,7,71_1174,0,2
33736,2025_033736_83018c929f239999,7,71_1174,0,3
33739,2025_033739_fb59939518d94bc3,7,71_1174,0,59
33740,2025_033740_e1dd06c53b76f691,7,71_1174,0,2
33749,2025_033749_33ddb96427e9c6a6,7,71_1174,0,14
33752,2025_033752_4f096da62eaef485,7,71_1174,0,6
33757,2025_033757_95f89cdc570d1c81,3,71_1174,0,3
33762,2025_033762_78757455cdf328e8,3,71_1174,0,4
33763,2025_033763_0750785e12877375,3,71_1174,0,3
33776,2025_033776_0107ed6d41afca4c,5,71_1174,0,8
33789,2025_033789_cdaf9d28cc27aec7,2,70_1174,5,14
33798,2025_033798_e30e6308091d9a5e,3,70_1174,5,18
33819,2025_033819_1f9d900610d6924b,0,70_1174,5,2
33830,2025_033830_deeb1e3612497e17,4,71_1174,0,16
33848,2025_033848_69d573a69c8e632b,3,71_1174,0,5
33852,2025_033852_b42cb1c9d2c29da6,6,71_1174,0,5
33858,2025_033858_d7d1c1270c43c43b,5,71_1174,0,2
33861,2025_033861_4e51d4e57a905127,6,71_1174,0,22
33866,2025_033866_5462ef73439a8f3e,6,71_1174,0,8
33867,2025_033867_fd388b762995cd04,0,71_1174,0,2
33868,2025_033868_6cf0c1abab1fc619,7,71_1174,0,10
33873,2025_033873_e11efad76ac26ae5,3,71_1174,0,10
33877,2025_033877_64dbb6f1608279d6,7,71_1174,0,2
33878,2025_033878_354391cb888ba826,3,71_1174,0,11
33898,2025_033898_a6f22ce4160efb5f,7,71_1174,0,2
33912,2025_033912_7208056c9f2ccf0f,6,71_1174,0,3
33914,2025_033914_9d9091b4c6204122,3,71_1174,0,2
33918,2025_033918_95b53c587559337d,4,71_1174,0,7
33923,2025_033923_9f1af8ab6b68754c,5,71_1174,0,14
33942,2025_033942_515387ffe3c9c945,3,71_1174,0,2
33945,2025_033945_7b10370445bfca9d,3,71_1174,0,9
33950,2025_033950_f0c7654aaad2c955,7,70_1173,1,44
33977,2025_033977_261bd4ab60036efe,3,70_1174,5,8
33978,2025_033978_525f32f6d003cf11,4,70_1173,1,24
33979,2025_033979_34af85fdcd139a97,4,70_1174,5,47
33980,2025_033980_fb102b948707ead9,4,71_1174,0,6
33984,2025_033984_c300be4ecf9cf970,3,71_1174,0,41
33989,2025_033989_6f824f5baf433275,4,71_1174,0,3
33993,2025_033993_9ae7297150dac919,6,71_1174,0,7
34004,2025_034004_6621ffd37654b9d9,4,71_1174,0,5
34014,2025_034014_ccad32ee8efad4d4,4,71_1174,0,76
34019,2025_034019_57ae648ed96ced37,3,71_1174,0,49
34024,2025_034024_4e5eef725ef72ef9,3,71_1173,2,3
34028,2025_034028_d14d465d20d43894,3,71_1173,2,61
34033,2025_034033_f22696360507ab8f,7,71_1174,0,17
34045,2025_034045_6bbcfa7a3746a630,6,71_1173,2,2
34051,2025_034051_368fed998abae50e,7,71_1174,0,4
34053,2025_034053_ab24f886ade60422,3,71_1173,2,5
34055,2025_034055_efefa4fcb2002925,4,71_1173,2,12
34056,2025_034056_806d23aab29d83b5,4,71_1173,2,14
34058,2025_034058_c91abf534100a7b9,3,71_1173,2,27
34086,2025_034086_141913121a9b5e64,2,70_1174,5,23
34105,2025_034105_5354bc583c1c8566,0,70_1174,5,2
34148,2025_034148_0b61928cebb16d77,5,71_1173,2,4
34158,2025_034158_c88418022ca5db8b,7,71_1174,0,7
34159,2025_034159_41f6cd4e5bf1ee52,7,71_1173,2,7
34168,2025_034168_1e94691cdc03e0ac,5,71_1173,2,7
34169,2025_034169_6c7355b3977d87e3,6,71_1173,2,3
34180,2025_034180_47f362012f5057b6,4,71_1173,2,6
34181,2025_034181_d78efbc37bc3807e,0,71_1173,2,3
34188,2025_034188_2c1623c439fcc3fa,2,67_1169,0,18
34203,2025_034203_c63a448fe2d9bae1,4,67_1169,0,7
34209,2025_034209_475cf64303cf363f,4,67_1169,0,3
34216,2025_034216_80c5317ae4e4105a,2,67_1169,0,3
34217,2025_034217_28a873bcd6e6f44a,7,67_1169,0,17
34218,2025_034218_75872157a086f879,2,67_1169,0,19
34229,2025_034229_33143ee69e430fda,2,67_1169,0,6
34232,2025_034232_0a46bf8657a957af,3,67_1169,0,11
34234,2025_034234_ae09163b89c4401c,4,67_1169,0,6
34241,2025_034241_ccfbc34a461fe661,3,67_1169,0,10
34251,2025_034251_b14965a0b7dc6f8d,5,67_1169,0,6
34266,2025_034266_24e59a789ec35cf9,3,67_1169,0,7
34283,2025_034283_6a25e7000d98de6e,0,67_1169,0,16
34296,2025_034296_704a899ccc4652f6,0,67_1170,0,27
34298,2025_034298_91e7fbe4cff734a0,0,67_1170,0,5
34313,2025_034313_3b0bb43125b23f29,0,67_1169,0,34
34320,2025_034320_126e91bc60850f7b,0,67_1170,0,4
34325,2025_034325_69076339e8b1c42c,0,67_1170,0,2
34329,2025_034329_6962eec0cf509ce8,0,67_1169,0,26
34331,2025_034331_4c8b1dc36745fd6f,0,67_1170,0,6
34339,2025_034339_eb18ef23ae5c7624,0,67_1170,0,30
34345,2025_034345_e7947e63b63344ed,0,67_1169,0,28
34346,2025_034346_30171b5feefed8c7,3,66_1169,0,5
34349,2025_034349_ce3f46c31368f9b5,4,66_1170,3,2
34354,2025_034354_9b329e482bfac88d,1,66_1169,0,5
34359,2025_034359_2748ed8d978099c9,3,66_1169,0,10
34365,2025_034365_b3caf6d24bb3c2a8,3,67_1169,0,13
34374,2025_034374_17817e245e603389,7,67_1169,0,11
34383,2025_034383_e6ad0e1c8260f8f6,3,67_1169,0,82
34388,2025_034388_f995bf1ec7411d6a,1,67_1169,0,6
34392,2025_034392_3605d1adfeaf600b,1,67_1169,0,10
34402,2025_034402_9a70276d612abcfc,0,67_1169,0,71
34407,2025_034407_0cb2fcd6b5a19145,2,67_1169,0,3
34412,2025_034412_7392fe174a479ad4,2,67_1169,0,7
34429,2025_034429_cfe8a2d76eb10e1b,0,67_1169,0,2
34430,2025_034430_85afc6dabf40d7a3,0,67_1169,0,73
34431,2025_034431_c99cff290f805578,0,67_1169,0,23
34437,2025_034437_d8114aa7c2fbf321,0,67_1169,0,33
34462,2025_034462_062218e9f3cfc9da,1,67_1169,0,2
34463,2025_034463_b85dae0df8cce97e,2,67_1169,0,9
34466,2025_034466_e4e025eb116d3859,1,67_1169,0,40
34471,2025_034471_8fd66b735a388784,3,67_1169,0,12
34476,2025_034476_45e5bca0d8a47a0f,7,67_1169,0,4
34478,2025_034478_0cc81ec06e2f1a78,4,67_1169,0,23
34479,2025_034479_785daf01f0c2ddc3,3,67_1169,0,24
34480,2025_034480_e5483d338ee13bb2,4,67_1169,0,25
34481,2025_034481_589785af555ae533,1,67_1169,0,16
34482,2025_034482_c123b42cd2961b14,3,67_1169,0,2
34484,2025_034484_523521e7b06ab026,3,68_1169,0,5
34493,2025_034493_c69ac209ebb4212e,1,67_1170,0,24
34496,2025_034496_8e8351e28f102092,0,68_1169,0,88
34497,2025_034497_6477c761a39a639a,0,68_1169,0,24
34499,2025_034499_e2a8ddaa07adc240,0,68_1169,0,193
34503,2025_034503_9e49d66de6ff4fb4,0,68_1169,0,196
34506,2025_034506_b8ed640edebd78ed,6,68_1170,2,9
34508,2025_034508_399588cfb36ba8fb,3,68_1169,0,6
34510,2025_034510_cd20c7d0238a2261,3,68_1169,0,30
34520,2025_034520_229f07a2e8b2c1c0,0,66_1169,0,14
34524,2025_034524_8507550c53fe19ea,0,67_1170,0,28
34526,2025_034526_6676b1392683b8ab,7,67_1170,0,10
34530,2025_034530_adbbf952d4dc19ec,0,67_1169,0,4
34532,2025_034532_6955bb3930a291a6,0,67_1169,0,13
34534,2025_034534_7819a595938a35a5,0,67_1170,0,14
34539,2025_034539_1eeea5ee7afeb507,7,67_1170,0,8
34542,2025_034542_cf7493738c286bfe,0,67_1170,0,14
34544,2025_034544_7e9e084dbb9d162f,3,67_1170,0,52
34546,2025_034546_572766b49e5f9b93,3,67_1170,0,37
34547,2025_034547_63fde935d182a7c1,0,67_1169,0,351
34548,2025_034548_5cc67c665ba5f9fb,7,67_1170,0,64
34551,2025_034551_ff4cd1ecec62aaea,0,67_1169,0,48
34556,2025_034556_18f481d71acc0846,0,67_1169,0,4
34569,2025_034569_37932a699df0c6aa,2,67_1169,0,2
34573,2025_034573_7540d766355e0d23,0,67_1169,0,11
34575,2025_034575_cfb7e323d0ddeb65,7,68_1169,0,31
34576,2025_034576_14b8da910c86416c,0,67_1169,0,10
34581,2025_034581_57e552124d504cf2,2,68_1169,0,13
34584,2025_034584_baf24e5d4c35cf35,0,67_1170,0,296
34585,2025_034585_4739e8bdd77b146d,7,67_1169,0,5
34587,2025_034587_27428eebd1104829,0,67_1169,0,2
34589,2025_034589_b20963b6485de0c2,0,67_1169,0,2
34591,2025_034591_813afc8b6ffea398,0,67_1169,0,2
34595,2025_034595_cec9085bd71ffdcc,5,67_1170,0,8
34599,2025_034599_c9c94b454d4464d8,7,67_1169,0,4
34604,2025_034604_c0854d230a050843,2,67_1169,0,3
34606,2025_034606_b2f76a6d5170cb74,5,67_1169,0,2
34608,2025_034608_ef33d40bf22b2653,0,67_1170,0,3
34610,2025_034610_6a9d5a7c52463c6d,7,67_1170,0,4
34612,2025_034612_1b1a5059d03bc753,5,67_1169,0,7
34613,2025_034613_e4a44d6763acc607,0,67_1170,0,37
34614,2025_034614_295eff3c4e87b688,0,67_1170,0,46
34619,2025_034619_d09591a5d968039c,0,67_1170,0,10
34622,2025_034622_c7a0e7b23a73b335,7,67_1170,0,322
34624,2025_034624_33dc28afba956259,0,67_1169,0,12
34626,2025_034626_13e354ce508d8b31,3,67_1170,0,9
34628,2025_034628_cb1ddea82c46b865,3,67_1170,0,33
34630,2025_034630_9b55d0c91f17373d,0,67_1170,0,152
34631,2025_034631_22cb3ec228ea7f12,1,67_1170,0,14
34633,2025_034633_efd1ae79d666b6b2,0,67_1170,0,10
34655,2025_034655_6eff396654dacb9b,7,68_1170,2,31
34659,2025_034659_2db174b3fe5d0f03,2,68_1170,2,5
34665,2025_034665_0cb4cfef519b1c2a,2,68_1169,0,16
34666,2025_034666_5609c4e3949da74a,2,68_1169,0,10
34676,2025_034676_d9f551c25c61569d,2,68_1169,0,12
34677,2025_034677_a765d8ee087a8648,2,68_1170,2,20
34679,2025_034679_6b50cba0b08307d8,4,68_1170,2,10
34683,2025_034683_230750dbe1d698dd,1,66_1170,3,20
34702,2025_034702_d6fcfcbe3a8ee664,2,66_1170,3,42
34705,2025_034705_301176ddc793464c,3,67_1169,0,2
34711,2025_034711_2731c90f7c38f3bf,0,67_1170,0,2
34712,2025_034712_01d457d3a004ddf1,3,67_1169,0,11
34713,2025_034713_3a8f515f6f10f305,4,68_1170,2,19
34723,2025_034723_f21fd6a79d6ff687,4,68_1170,2,21
34724,2025_034724_8ced1751db250a04,7,68_1170,2,12
34729,2025_034729_052e0778fe85b016,3,68_1170,2,40
34738,2025_034738_385f53520d2d85bf,7,68_1170,2,41
34750,2025_034750_dfd7a5f2c0be3741,3,68_1170,2,24
34752,2025_034752_392eed2028f960c0,4,68_1170,2,24
34753,2025_034753_35a067b2ae60a49c,7,68_1170,2,50
34756,2025_034756_487317d1b2971deb,7,68_1170,2,5
34758,2025_034758_d439136c5bd84043,3,68_1170,2,45
34767,2025_034767_1e22cd9d13a3ee33,6,68_1170,2,62
34768,2025_034768_387682b3f871b2f1,7,68_1170,2,11
34769,2025_034769_4294b070ffdd4bf3,2,68_1170,2,14
34774,2025_034774_20f51511f07da7cc,6,68_1170,2,5
34776,2025_034776_63b7c6f3c2913e5d,4,68_1170,2,53
34788,2025_034788_98baad5018417515,6,68_1170,2,2
34797,2025_034797_077ec67a981a06e3,7,68_1170,2,9
34801,2025_034801_2e7e006350daf5a9,4,68_1170,2,11
34802,2025_034802_5b4bcb45eedac7d6,2,68_1170,2,14
34809,2025_034809_1819f7c18192a218,3,68_1170,2,9
34810,2025_034810_ae92d56756fe9bf9,3,68_1170,2,17
34811,2025_034811_cebacc24fdd034c5,1,68_1170,2,25
34812,2025_034812_101ce584eac5cdec,1,68_1170,2,12
34813,2025_034813_71d176965d2c2616,7,68_1170,2,13
34814,2025_034814_691bbca6a6667596,2,68_1170,2,85
34815,2025_034815_363539217c398514,2,68_1170,2,10
34816,2025_034816_9edb0c2e481931d0,0,68_1170,2,14
34818,2025_034818_7b4c11a6204741ea,6,68_1170,2,8
34824,2025_034824_b1190d5a7c317f87,6,68_1170,2,3
34834,2025_034834_f3304870d3c7542c,0,68_1170,2,3
34844,2025_034844_6cd3d2509e74d260,7,68_1170,2,15
34849,2025_034849_448f2111af0ee100,7,68_1170,2,10
34855,2025_034855_f7dc9673515e9255,0,68_1170,2,2
34856,2025_034856_0141da1207c87fac,0,68_1170,2,5
34865,2025_034865_f09760035804e6e8,3,68_1170,2,44
34867,2025_034867_cb1e4950bd43d613,0,68_1170,2,4
34868,2025_034868_897ebdec4a7825c2,5,68_1170,2,14
34870,2025_034870_098e0212e40257db,0,68_1170,2,3
34871,2025_034871_fd2c43a482b00d9e,5,68_1170,2,33
34873,2025_034873_ab74f6082b780d39,3,68_1170,2,40
34878,2025_034878_8eef4692b2241bb9,3,68_1170,2,34
34881,2025_034881_4a6ebfe672e77d63,2,68_1170,2,41
34888,2025_034888_8504159b8e14dd32,3,68_1170,2,54
34900,2025_034900_6133541f5296ff60,6,68_1170,2,5
34904,2025_034904_fefb7dfb20fb3ac4,1,68_1170,2,58
34916,2025_034916_f4fdeb4304a05238,7,68_1170,2,23
34919,2025_034919_c969d71483429fa1,7,68_1170,2,22
34923,2025_034923_8c0d823ea526001c,2,68_1170,2,45
34927,2025_034927_8eeb1535583abb95,1,67_1170,0,4
34931,2025_034931_f59f596c66b963d8,1,67_1170,0,2
34957,2025_034957_9be8e39255e347dc,1,68_1170,2,15
34958,2025_034958_2b243d23a2cf9337,1,68_1170,2,4
34963,2025_034963_ac3abe8e17d75d29,2,68_1170,2,4
34972,2025_034972_362c59bf1b23f859,0,67_1170,0,3
34987,2025_034987_62f231a7d37d0a0a,5,67_1170,0,8
34988,2025_034988_230c245709e8f1d9,7,67_1170,0,22
35012,2025_035012_c2f211e3f2c43f3b,2,68_1170,2,60
35018,2025_035018_a80fd870f5c1cbe2,1,68_1170,2,11
35031,2025_035031_91bbf7fbd1139bf1,1,68_1170,2,5
35035,2025_035035_9f6584e98c42e57a,6,68_1170,2,3
35040,2025_035040_f17e5778f2b488a6,7,68_1170,2,6
35054,2025_035054_d3cda965ef0b691f,4,68_1170,2,9
35060,2025_035060_cb630f9cf82cb1c7,0,67_1170,0,5
35067,2025_035067_21e5e7d05a36490c,1,68_1170,2,8
35088,2025_035088_b0bf48403a0d2213,6,68_1170,2,8
35089,2025_035089_c776795b945d108c,6,68_1170,2,8
35096,2025_035096_678b2ea81409c4ad,7,68_1170,2,13
35108,2025_035108_983b1d0e61dc4390,1,68_1170,2,3
35110,2025_035110_e9c78729f73ac234,4,68_1170,2,3
35111,2025_035111_daa6ec128a6c0028,3,68_1170,2,13
35113,2025_035113_866719f646121e39,2,68_1170,2,46
35115,2025_035115_53b11e4b82a862bf,2,68_1170,2,31
35118,2025_035118_53ef164fa1dc2c02,2,68_1170,2,4
35122,2025_035122_d80e658d20765576,4,68_1170,2,26
35124,2025_035124_a5d45f09e9a964c9,2,68_1170,2,4
35125,2025_035125_01ea6329b914d2ce,2,68_1170,2,18
35132,2025_035132_cca459127f88398e,3,68_1170,2,7
35141,2025_035141_7a6e969d4be2e805,2,68_1170,2,34
35148,2025_035148_5789714117fd50f9,7,68_1170,2,13
35149,2025_035149_0bb4cd21a22c1596,5,68_1170,2,4
35152,2025_035152_dcf9b7ba9ed6bf7c,0,67_1170,0,2
35154,2025_035154_a60dff7ad7ffb9bf,0,67_1170,0,3
35165,2025_035165_7e3b6cb2997775d0,1,67_1170,0,7
35176,2025_035176_d01059ea98926819,0,67_1170,0,6
35178,2025_035178_5597fce86b5157a8,0,67_1170,0,2
35182,2025_035182_41e38b3b454ab5aa,0,67_1170,0,7
35185,2025_035185_533d26ca7e5ef697,2,67_1170,0,3
35186,2025_035186_7f5a4b21b9c05f33,2,67_1170,0,5
35187,2025_035187_d0775eaeec8ccaad,2,67_1170,0,3
35189,2025_035189_851125ec466983f0,3,68_1170,2,5
35192,2025_035192_5adf32a31a8b943b,1,68_1170,2,17
35193,2025_035193_0f0a72eed7e96fd7,1,68_1170,2,4
35195,2025_035195_bde01a90ec3315f7,1,68_1170,2,19
35196,2025_035196_900df08b084c8141,3,68_1170,2,12
35197,2025_035197_918b315125af3d73,2,68_1170,2,31
35205,2025_035205_c986ab5a995a49b1,4,68_1170,2,29
35208,2025_035208_3265dcd554cd2292,7,68_1170,2,19
35211,2025_035211_a169f0966f5b52e6,1,68_1170,2,13
35218,2025_035218_0d6fe10890bf8607,5,68_1170,2,4
35235,2025_035235_910a4b3c4ab9e0c0,3,68_1170,2,15
35247,2025_035247_efa24d771811314c,2,68_1170,2,17
35251,2025_035251_f1deb0e808952982,1,68_1170,2,17
35252,2025_035252_17bc055c2213af3a,1,68_1170,2,18
35277,2025_035277_5c38ea8dc3dd1ea8,3,68_1170,2,25
35284,2025_035284_6769363dd0b1fe1c,0,67_1170,0,19
35291,2025_035291_0cdd61cd3496bd0e,7,67_1170,0,10
35327,2025_035327_98d188624e58305a,7,67_1170,0,3
35336,2025_035336_93746950f9f3e17b,0,67_1170,0,4
35343,2025_035343_63e0766d850908e0,2,67_1170,0,4
35346,2025_035346_f96b5049661dccbe,1,67_1170,0,3
35352,2025_035352_7ca987305a95bb44,0,67_1170,0,3
35353,2025_035353_e28dfa5c62c13866,1,67_1170,0,2
35354,2025_035354_e3e79f37c1106e71,1,67_1171,5,11
35355,2025_035355_389b5e545ffccfae,1,67_1170,0,2
35358,2025_035358_671f9c85e09f8cd1,0,67_1170,0,7
35369,2025_035369_d509d2932f399bff,6,67_1171,5,6
35371,2025_035371_4b9f7dd8cbf3553a,6,67_1171,5,5
35376,2025_035376_4ac70d46755e06e9,6,67_1171,5,2
35395,2025_035395_20bc1a885c971a3f,3,67_1170,0,12
35405,2025_035405_59e7438f29f31adc,0,67_1170,0,9
35406,2025_035406_40bfd43aa88e7022,0,67_1170,0,2
35413,2025_035413_52c45e1e33ae722e,0,67_1170,0,5
35415,2025_035415_a067cf654e324e43,1,68_1170,2,11
35417,2025_035417_d1f41841a6da9ce5,4,68_1170,2,13
35422,2025_035422_26c09edaecb1be39,7,68_1170,2,7
35426,2025_035426_6814ed8b733fd23c,7,68_1170,2,2
35440,2025_035440_eade75759e4f836d,7,68_1170,2,9
35445,2025_035445_0f03c84fa278b265,3,68_1170,2,22
35452,2025_035452_b78a893a6ac0387b,7,68_1170,2,13
35459,2025_035459_ea126368690fc935,7,68_1170,2,14
35461,2025_035461_2dfeaa2ba1568383,7,68_1170,2,3
35474,2025_035474_21ca03d01bbf66b7,2,68_1170,2,20
35496,2025_035496_12a5debfe531dfcb,6,68_1170,2,15
35510,2025_035510_ebc560db975d9865,4,68_1170,2,20
35516,2025_035516_3e7a7938d1557d95,3,68_1170,2,7
35560,2025_035560_11367d2680365393,6,68_1170,2,4
35571,2025_035571_014a1f5b9f5284cf,1,68_1170,2,18
35578,2025_035578_bf205a7db13893b1,1,68_1170,2,2
35583,2025_035583_8022f93fd489367b,1,68_1171,3,6
35595,2025_035595_c9863c5e1c79c73b,7,68_1171,3,12
35610,2025_035610_4cac6a18d2f1e791,4,68_1171,3,20
35612,2025_035612_cff6ce87fabf9036,0,68_1171,3,2
35613,2025_035613_4b9ce436134a3dbb,1,68_1171,3,4
35614,2025_035614_1e9eb41294aab295,4,68_1170,2,11
35615,2025_035615_7976d26b59980923,1,68_1171,3,29
35639,2025_035639_f354f104e81fb4de,0,68_1171,3,10
35642,2025_035642_007e0d1c5176df06,4,68_1171,3,18
35653,2025_035653_bb0e5b10abc141d0,0,68_1171,3,13
35655,2025_035655_4eae4e9abe8e6b83,0,68_1171,3,19
35657,2025_035657_578ad86304b6c831,2,68_1171,3,3
35659,2025_035659_1ef3f86079790cae,0,68_1171,3,2
35664,2025_035664_1509029adce52ee7,0,68_1171,3,12
35668,2025_035668_ab57f94a6f5a54f5,0,68_1171,3,11
35681,2025_035681_03a5faafef3bdd8e,0,68_1171,3,4
35683,2025_035683_613dd384f22536bd,4,68_1171,3,20
35692,2025_035692_7caee32172cc49e2,0,68_1170,2,7
35730,2025_035730_5d4c6157fce9b5cc,2,68_1170,2,16
35732,2025_035732_17e39f0dafaa5dec,2,68_1170,2,8
35735,2025_035735_6ea41941f07cb892,3,68_1170,2,16
35741,2025_035741_bac850f931228b2b,4,68_1170,2,58
35746,2025_035746_8cc57471d0d01210,6,68_1170,2,26
35759,2025_035759_a7751e5d90ef7d46,3,68_1170,2,27
35760,2025_035760_91122137c17cceec,2,68_1170,2,2
35765,2025_035765_027ddcd6dd485aaf,4,68_1170,2,7
35773,2025_035773_51551ebcc760b485,6,68_1171,3,25
35779,2025_035779_1c9c5be7ea97793a,6,68_1171,3,3
35798,2025_035798_72e8510d441c4484,4,68_1171,3,36
35802,2025_035802_93ab2c69e6c94894,5,68_1171,3,59
35803,2025_035803_284abc519b8d8be6,5,68_1171,3,3
35806,2025_035806_28d22f3b22fec2ba,7,68_1171,3,9
35808,2025_035808_3821fe0abb349f60,3,68_1171,3,46
35816,2025_035816_a02b962f028cf0f4,3,68_1171,3,32
35820,2025_035820_c8c53a835047db5b,6,68_1170,2,9
35840,2025_035840_1a421218f2c05a10,4,68_1169,0,112
35848,2025_035848_5cc10e6a81d30fdc,7,68_1169,0,54
35920,2025_035920_4fe58012e06252f6,0,68_1170,2,3
35929,2025_035929_1d773eda7e6fcf1c,0,68_1169,0,4
35930,2025_035930_d23f8fd5e022cfe8,2,68_1169,0,28
35960,2025_035960_dd7e4ee9fb55c47b,4,69_1171,3,39
35962,2025_035962_1fa80ed2a06c0b0e,4,69_1171,3,48
35971,2025_035971_526c7234dac0c969,4,69_1171,3,2
35978,2025_035978_de6b7f74c6588c28,0,69_1171,3,3
35994,2025_035994_c54a13392e3c082e,3,69_1170,1,36
35997,2025_035997_6fe418f6f9fcb77e,1,69_1170,1,5
36002,2025_036002_8e94e43609fa864b,2,69_1170,1,32
36009,2025_036009_50f54d0194f212e7,7,68_1170,2,8
36011,2025_036011_62d37b18e2f0e6e3,4,69_1170,1,68
36012,2025_036012_e0854cacecd66056,7,68_1170,2,2
36014,2025_036014_b7981c00d0e8a664,7,68_1170,2,2
36015,2025_036015_f8832b45c8d6d45a,3,68_1170,2,4
36021,2025_036021_39469f05db273a21,3,68_1170,2,74
36053,2025_036053_2d3696e0d342e3fd,0,69_1170,1,14
36054,2025_036054_53b71d61ef9fb2e2,1,69_1170,1,6
36055,2025_036055_3bf0488dbc252f94,2,68_1169,0,22
36064,2025_036064_8e280e78066291fe,0,69_1169,1,40
36084,2025_036084_f30f57ba842c30e1,0,69_1169,1,3
36086,2025_036086_401914cea63e118f,0,69_1169,1,9
36087,2025_036087_99f02917dc61e15c,2,68_1169,0,38
36097,2025_036097_d47611e1f4e1819e,7,68_1169,0,3
36114,2025_036114_d19510377924b08c,2,69_1170,1,32
36122,2025_036122_4cdb418d44bfbb07,3,69_1170,1,5
36127,2025_036127_43ec5764526aecaa,0,69_1170,1,5
36138,2025_036138_c4b712b6a8d921b3,0,69_1170,1,2
36143,2025_036143_e737405a9728f402,1,69_1170,1,5
36144,2025_036144_d587f4ccae00e5d2,0,69_1170,1,2
36145,2025_036145_6b4f54fe89be01b7,0,69_1170,1,4
36152,2025_036152_6b5d0c81d5b77503,2,69_1170,1,2
36157,2025_036157_aeb47e28532578d9,3,68_1170,2,24
36164,2025_036164_bc49c1439a0c7a4b,6,68_1170,2,17
36192,2025_036192_fa2f525752e3ff7f,7,68_1170,2,25
36193,2025_036193_ab6004fd1635c459,7,68_1170,2,17
36194,2025_036194_7028cd3ccdcd41af,7,68_1170,2,94
36198,2025_036198_9913c47a2b0796af,4,68_1170,2,32
36214,2025_036214_4dd51c623098ab8e,6,68_1170,2,17
36219,2025_036219_042bbd704de6782b,2,68_1170,2,10
36220,2025_036220_99fdb3c116a75240,7,68_1170,2,114
36221,2025_036221_dbe311d00b0738a3,1,68_1170,2,66
36222,2025_036222_1e14003965f2e25e,1,68_1170,2,19
36224,2025_036224_543dd5caf9768986,2,68_1170,2,8
36225,2025_036225_7a39f95216618960,6,68_1170,2,10
36226,2025_036226_0472bdffae8b99a9,6,68_1170,2,3
36227,2025_036227_d4898c158a39616d,7,68_1170,2,2
36228,2025_036228_f77853fb12313a7a,0,68_1170,2,2
36232,2025_036232_114bac3fd85d850f,4,68_1171,3,8
36245,2025_036245_b2e4c02f5fcd26d6,0,69_1171,3,7
36247,2025_036247_c39f2d63b340dfce,0,69_1171,3,3
36270,2025_036270_b539b5352cf6c200,0,69_1171,3,5
36271,2025_036271_ae9b3e843ba794e8,0,69_1171,3,5
36272,2025_036272_4b5dffedc3546245,6,68_1171,3,12
36277,2025_036277_669e9703ecc3f720,0,68_1170,2,17
36285,2025_036285_d586a95946ec5ef9,0,68_1171,3,11
36291,2025_036291_a3855bb781cf43cb,0,68_1170,2,20
36292,2025_036292_c91fb8879e433c49,0,68_1170,2,32
36301,2025_036301_a8e4f2ccc9671f10,1,68_1171,3,5
36303,2025_036303_570cb11f99ca9cfe,0,68_1171,3,34
36309,2025_036309_57a756570974b95c,3,68_1170,2,12
36310,2025_036310_40e068c3fafb3f7b,0,68_1170,2,6
36311,2025_036311_61e18840d6a3e00c,0,68_1170,2,11
36315,2025_036315_65c9592767af0d25,1,68_1170,2,13
36321,2025_036321_5f114a053b123979,0,68_1170,2,6
36341,2025_036341_02e4933174af0b41,1,69_1170,1,4
36344,2025_036344_ec2dd9cfa7160888,0,69_1170,1,4
36358,2025_036358_fdfbe0d051c4e6e3,1,69_1170,1,32
36364,2025_036364_1e4157b8b4eabcdf,0,69_1170,1,2
36378,2025_036378_78172e5ea3e3a3bb,0,69_1170,1,2
36381,2025_036381_c34ec5a182728886,0,69_1170,1,2
36384,2025_036384_71edc06b292051c7,0,69_1169,1,2
36389,2025_036389_ddf96bb795a1c90d,0,69_1169,1,4
36399,2025_036399_95726d38069655ad,0,69_1169,1,5
36402,2025_036402_81fead4d0153aeff,0,69_1170,1,10
36403,2025_036403_9be8cf46aca43a0e,4,69_1170,1,25
36440,2025_036440_b335e534ae3ce0e0,0,68_1170,2,18
36447,2025_036447_2901326840eeee70,3,69_1171,3,8
36449,2025_036449_1e3f847ac46905f3,2,69_1171,3,13
36455,2025_036455_4269dc388f2756b4,2,69_1171,3,6
36466,2025_036466_57d1b53a13ff107f,6,68_1170,2,9
36471,2025_036471_263a899bbaf9f312,1,68_1170,2,9
36473,2025_036473_1f865088f77e8bd6,7,68_1170,2,5
36481,2025_036481_09d7e12ab09485ed,1,68_1170,2,5
36486,2025_036486_27b478756e6f8ba4,0,68_1170,2,13
36496,2025_036496_2b4a4b1605f37f97,1,68_1170,2,3
36499,2025_036499_815a8482daf7e4c2,1,68_1170,2,10
36508,2025_036508_dfe480302f62c00b,3,68_1170,2,11
36511,2025_036511_f9b1997bc3f54cc6,0,68_1170,2,2
36514,2025_036514_35eb5c209759752c,0,68_1170,2,2
36529,2025_036529_a68ddcb8d393e544,0,69_1170,1,4
36542,2025_036542_eed1b52f5bf2f404,0,69_1170,1,14
36559,2025_036559_c49081654e7a91c9,1,69_1170,1,15
36571,2025_036571_ff1f487a7cce18e8,0,69_1170,1,13
36572,2025_036572_df270a3e2ab358fb,0,69_1170,1,12
36578,2025_036578_cd9f40753bbd2c44,0,69_1170,1,14
36579,2025_036579_1de17cd8152a8f06,0,69_1170,1,21
36589,2025_036589_72a8237ca3d796be,0,69_1170,1,2
36595,2025_036595_51be913fc221f8d8,0,69_1170,1,2
36609,2025_036609_ed368c15de426b0c,4,69_1171,3,5
36610,2025_036610_76ec4babcbb3c28c,4,69_1171,3,3
36615,2025_036615_842c11358f9dcae3,6,69_1171,3,2
36630,2025_036630_c4a6b7e1f417f266,2,69_1171,3,15
36631,2025_036631_a78f4f2e2a984351,2,69_1171,3,6
36634,2025_036634_c3bb5167d54d21ad,7,69_1170,1,9
36641,2025_036641_b783fb07576ea3cd,1,69_1170,1,12
36671,2025_036671_b61e7f79e28d7831,3,69_1170,1,7
36673,2025_036673_ff1e2ffb7989cae7,0,69_1170,1,3
36679,2025_036679_d6440d15318bc469,0,69_1170,1,4
36683,2025_036683_7cf3262834f26b53,4,69_1170,1,25
36692,2025_036692_b29f666b69347150,0,69_1170,1,12
36698,2025_036698_bf45964e110386ae,0,69_1170,1,2
36703,2025_036703_083da19e6c4e3376,0,69_1170,1,10
36714,2025_036714_7f2deeac34fa7625,1,69_1170,1,8
36715,2025_036715_15f147339c8256b8,3,68_1169,0,58
36717,2025_036717_90d70d37f3b6bb34,5,69_1169,1,34
36720,2025_036720_169b90c7c33be315,0,69_1169,1,10
36721,2025_036721_0673049f2e7c901f,2,69_1170,1,81
36722,2025_036722_8ac38b56b1772af1,4,68_1170,2,33
36726,2025_036726_9dd2b9ed89457e45,0,69_1170,1,17
36736,2025_036736_b7973446f21cc8a0,7,69_1170,1,2
36742,2025_036742_1e2bce87349f78f4,0,68_1171,3,15
36756,2025_036756_0f12af6a5e16ba15,0,69_1171,3,10
36757,2025_036757_351fdd0dbf4b9ae4,3,69_1171,3,22
36760,2025_036760_97a5fc2b76562aa5,6,69_1171,3,27
36768,2025_036768_6974322509f0b845,1,69_1171,3,22
36777,2025_036777_b2e12374f24ff50c,1,69_1171,3,4
36781,2025_036781_4c3a0f86cba57413,0,69_1171,3,2
36820,2025_036820_a107d6294dc9bf6d,4,68_1169,0,5
36823,2025_036823_6a2cf8c4834abe55,0,68_1169,0,3
36824,2025_036824_512056f37d809a07,7,68_1169,0,48
36826,2025_036826_2a910a1770db2cda,7,68_1169,0,4
36835,2025_036835_6f49d812eba3c3b1,7,68_1169,0,7
36845,2025_036845_cb79ee6c2d1d69a6,4,68_1169,0,48
36875,2025_036875_1076868c52fd4142,3,68_1169,0,37
36880,2025_036880_3a90d196ddc04960,3,68_1169,0,9
36888,2025_036888_4f0702796e2935e3,3,68_1169,0,5
36889,2025_036889_47899a2df782b386,7,69_1171,3,2
36890,2025_036890_7273c6f28e70f103,2,69_1171,3,7
36895,2025_036895_ed303e97971cd49c,5,69_1171,3,45
36901,2025_036901_062d6dab129b7f8e,7,69_1171,3,6
36905,2025_036905_82f5a21ff30713cb,3,69_1171,3,5
36909,2025_036909_a0b0ce763546cc2e,7,69_1171,3,9
36910,2025_036910_0c5c93df1b06e3da,6,69_1171,3,9
36918,2025_036918_fec2fad9743fe319,6,69_1171,3,8
36921,2025_036921_d92f36764c9ffd7a,3,69_1171,3,4
36936,2025_036936_ba7bff4c8281e549,7,69_1171,3,33
36937,2025_036937_b2f52895bba367e8,7,69_1171,3,5
36938,2025_036938_e7862692bfca2710,4,69_1171,3,11
36941,2025_036941_3b5af8ab68b0ff9c,1,69_1171,3,2
36952,2025_036952_ccafba35216db676,0,69_1171,3,3
36953,2025_036953_331660ccd509ca6b,0,69_1171,3,4
36960,2025_036960_ba81df8f4c3fa2f8,6,69_1171,3,13
36966,2025_036966_890940bf9f294be9,0,69_1171,3,5
36968,2025_036968_2abd9a9e7d7e6dc3,2,68_1169,0,16
36977,2025_036977_14e08c83258c58a8,2,68_1169,0,45
36991,2025_036991_e6b0b440a1d1e2ec,0,68_1169,0,3
37006,2025_037006_3c6bae4fc82e8895,3,68_1169,0,2
37007,2025_037007_ca4f7ff4a29daa94,3,68_1169,0,10
37030,2025_037030_6d5207a3fc4cda46,0,69_1170,1,13
37032,2025_037032_1c74cb8acf46f5a6,4,69_1170,1,13
37042,2025_037042_8b24af9fc0c06e9b,1,69_1170,1,2
37043,2025_037043_5b89b760b1906acd,0,69_1170,1,7
37046,2025_037046_4c8eacb16ba33f8b,3,68_1171,3,26
37048,2025_037048_0abaebf959dcf984,7,68_1171,3,14
37051,2025_037051_0fc55d077761eb47,7,68_1171,3,100
37064,2025_037064_6972e6748c281b87,3,68_1171,3,44
37079,2025_037079_7ec3a8d45341240c,4,68_1171,3,47
37081,2025_037081_23b890764778c341,4,68_1171,3,39
37085,2025_037085_5122eb814fe91558,3,68_1171,3,64
37093,2025_037093_f313be0c26b61b20,7,68_1171,3,20
37101,2025_037101_dd72fb54aa8d1677,6,68_1170,2,31
37104,2025_037104_73096261dcbcdf96,0,69_1170,1,7
37111,2025_037111_446e142c2213cecb,2,68_1170,2,41
37120,2025_037120_03abc1218b3ec313,0,69_1169,1,5
37121,2025_037121_a5f6596f9c738e58,0,69_1169,1,16
37129,2025_037129_c138ebbef8b31ffd,0,69_1169,1,9
37139,2025_037139_63b1bd754dbeb312,0,69_1169,1,3
37152,2025_037152_b4c59d9f41c322fa,7,69_1169,1,22
37159,2025_037159_68f53a8120cae251,0,69_1169,1,6
37162,2025_037162_4ac7a802806f32aa,7,68_1169,0,18
37168,2025_037168_a1657a12376fbfbb,0,66_1170,3,6
37180,2025_037180_c9819c88146a85d3,0,67_1170,0,2
37183,2025_037183_dac76786f2dca586,0,67_1170,0,6
37203,2025_037203_b25b63d6a36db3d6,0,67_1170,0,34
37208,2025_037208_c53449af6c2b4e01,1,67_1170,0,4
37209,2025_037209_3c105883161c1a37,0,67_1170,0,13
37219,2025_037219_7eb92ca56523f173,7,67_1170,0,13
37221,2025_037221_5bc9b40ca5c13570,6,67_1170,0,5
37222,2025_037222_e0c6f8b9a34cee04,6,67_1170,0,14
37223,2025_037223_724cd0dae51f27dd,6,67_1170,0,10
37232,2025_037232_35ae7f2415abd103,1,67_1170,0,17
37234,2025_037234_268dd07dd8aa0944,1,67_1170,0,2
37238,2025_037238_c57593b15f2f1586,1,67_1170,0,9
37247,2025_037247_185f10477e5561d7,1,67_1170,0,4
37263,2025_037263_dcde0804a6d54e83,1,67_1170,0,16
37270,2025_037270_9513aadf7cd938dc,0,67_1170,0,9
37274,2025_037274_370eda847a2f0cff,1,67_1170,0,9
37276,2025_037276_ab51484416e9c430,0,67_1170,0,26
37289,2025_037289_925d65c916fddfd7,4,67_1170,0,33
37294,2025_037294_b468c12c59856b42,1,67_1170,0,12
37298,2025_037298_752ed1e531ce33d0,0,67_1170,0,10
37300,2025_037300_f1474b7a2498030e,4,66_1170,3,7
37305,2025_037305_8f93a351b4b3c34c,2,66_1170,3,11
37309,2025_037309_65e463047745f87d,0,67_1170,0,3
37313,2025_037313_743b05d43793f134,1,67_1170,0,10
37314,2025_037314_897350a03dd7467a,0,67_1170,0,7
37316,2025_037316_383669042d7e4b40,0,67_1170,0,18
37318,2025_037318_3dea3df5eafd9230,6,67_1170,0,22
37320,2025_037320_0380340e2a92f31f,4,67_1170,0,12
37321,2025_037321_18e33b4b1fcb79e3,4,67_1170,0,5
37352,2025_037352_bfa21e346489e3ed,4,67_1170,0,8
37353,2025_037353_48a12077e62989b1,1,67_1170,0,21
37357,2025_037357_c18e0b0c56b1c56b,3,67_1170,0,16
37359,2025_037359_d508fec9a9a9b311,4,67_1170,0,2
37379,2025_037379_5e794bcacd8044ec,0,67_1170,0,18
37395,2025_037395_f6a1dadf354e0693,1,67_1170,0,20
37396,2025_037396_27baa5c07efaac57,0,67_1170,0,7
37398,2025_037398_b79bc22c0e4bc397,0,67_1170,0,33
37401,2025_037401_3553b1f05127e3ac,1,67_1170,0,28
37407,2025_037407_fbe66a87ac30bbbe,0,66_1170,3,14
37409,2025_037409_8ec69ef8de77c3b9,0,67_1170,0,26
37438,2025_037438_8b53da597834b0d9,0,67_1170,0,14
37446,2025_037446_3f6149157245e360,1,67_1170,0,5
37448,2025_037448_a554735395788c4c,1,67_1170,0,3
37464,2025_037464_9355bbef6d852765,7,67_1170,0,27
37471,2025_037471_c2f3958926877feb,3,67_1170,0,32
37472,2025_037472_c7ddeecb542cf1b2,7,67_1170,0,29
37478,2025_037478_e782cc0ba8c7415c,1,66_1170,3,25
37486,2025_037486_b859468e5b756168,1,67_1170,0,13
37499,2025_037499_5cfacf8cd487f70e,3,67_1170,0,3
37503,2025_037503_7e514168abede1d8,3,67_1170,0,3
37515,2025_037515_f04387156cfa5995,0,67_1170,0,19
37531,2025_037531_f639b1a6fdc688eb,0,67_1170,0,4
37543,2025_037543_3f77d6c182b39fcb,1,67_1170,0,38
37549,2025_037549_c5e989fe09e502dd,0,67_1170,0,4
37551,2025_037551_5b9903c4238fce1a,0,67_1170,0,3
37552,2025_037552_6b5433e416b28800,0,67_1170,0,3
37580,2025_037580_770b4167473b372f,4,67_1170,0,4
37584,2025_037584_54789df925ab99eb,0,67_1170,0,8
37585,2025_037585_d1eb24aadf966b5d,1,67_1170,0,10
37590,2025_037590_db802545c138be9f,4,67_1170,0,9
37599,2025_037599_b12144e3c41daad0,0,67_1170,0,21
37600,2025_037600_3eed830310b53993,2,66_1170,3,10
37603,2025_037603_2cec7f38cca836e7,1,67_1170,0,28
37610,2025_037610_dd794f23f8bcb1ad,1,67_1170,0,37
37629,2025_037629_19798603cc443c7c,0,67_1170,0,3
37633,2025_037633_58764897630f2d02,0,67_1170,0,5
37637,2025_037637_36399edf4de7e080,0,67_1170,0,5
37648,2025_037648_5adc46c4d65c6b13,1,67_1170,0,16
37651,2025_037651_ef3e3d5789c5ee0b,0,67_1170,0,5
37657,2025_037657_a95371da5f34e2e2,1,67_1170,0,7
37663,2025_037663_1def5b81c30bb812,3,67_1170,0,9
37664,2025_037664_538aeb87fbda3c6d,3,67_1170,0,9
37667,2025_037667_9c10a54c9611710f,7,67_1170,0,94
37684,2025_037684_c8206f557894bb31,0,67_1170,0,5
37685,2025_037685_467407931d61c166,0,67_1170,0,5
37687,2025_037687_62ef375e8bbc0d31,0,67_1170,0,3
37693,2025_037693_62f3e29410590c39,0,67_1170,0,11
37694,2025_037694_ea0fd00e0a749d95,0,67_1170,0,9
37700,2025_037700_2bc6749278d929ea,3,67_1170,0,9
37703,2025_037703_3050aeb0416b4582,0,67_1170,0,7
37716,2025_037716_e4c8faf601d25142,1,67_1170,0,9
37717,2025_037717_74846e6bfd2dbd0a,2,67_1170,0,7
37720,2025_037720_13c9d0b492d22a50,3,67_1170,0,16
37721,2025_037721_f59a3b1b244d6051,0,67_1170,0,8
37722,2025_037722_f918ad0522a2d18d,2,67_1170,0,7
37726,2025_037726_f3cc732df1388c32,4,67_1170,0,5
37734,2025_037734_fa7830a8c7e7b5a8,0,67_1170,0,8
37738,2025_037738_68b905628b47496c,4,67_1170,0,4
37763,2025_037763_eb54bcc192e78f0a,1,67_1170,0,27
37765,2025_037765_2c8affa1fdb84886,1,67_1170,0,5
37772,2025_037772_f3239ea2296dda89,0,66_1170,3,3
37776,2025_037776_b9341563aa39473e,0,67_1170,0,3
37777,2025_037777_ed2661b59f29c26a,0,67_1170,0,3
37778,2025_037778_28e65c3c2d832a8d,1,67_1170,0,14
37786,2025_037786_89341e89d5c090d1,0,67_1170,0,10
37795,2025_037795_a42170994df6184b,1,67_1170,0,41
37797,2025_037797_01598ef96c0303e2,0,67_1170,0,15
37803,2025_037803_24b7752b28dcaca4,0,67_1170,0,6
37817,2025_037817_b16a90bd3e04f4f8,7,67_1170,0,2
37827,2025_037827_23d0ef39d5e22827,1,67_1170,0,18
37828,2025_037828_0fd1a7d56c4062cc,0,67_1170,0,5
37831,2025_037831_f81fe92fdddf3b6f,5,67_1170,0,9
37841,2025_037841_fd2f927fa69d0c84,0,67_1170,0,17
37846,2025_037846_c8edfb95c14aedb3,3,67_1170,0,16
37847,2025_037847_6e20d8f6562e6d97,6,67_1170,0,13
37848,2025_037848_9ff4a308e5ff0f66,1,67_1170,0,6
37863,2025_037863_638e424874333e3f,2,67_1170,0,3
37866,2025_037866_853597578f6591ca,7,67_1170,0,18
37871,2025_037871_ac8392f634fdf970,7,67_1170,0,4
37877,2025_037877_0a86ad19903b65db,7,67_1170,0,4
37880,2025_037880_16eade3e95329177,7,67_1170,0,2
37888,2025_037888_62b2dafefd627e78,0,67_1170,0,8
37891,2025_037891_740a0e0bc5c5fcc3,1,67_1170,0,5
37893,2025_037893_9de68935a7a6b8f3,1,67_1170,0,5
37903,2025_037903_e1dfe012a469b8be,3,67_1170,0,7
37905,2025_037905_99fd791c1409d61d,3,67_1170,0,14
37914,2025_037914_425c834f4d83efa0,0,67_1170,0,6
37916,2025_037916_f906ef68a10440be,1,67_1170,0,5
37921,2025_037921_0b3cb81d7f0b9a35,3,67_1170,0,18
37926,2025_037926_dd3988da564ac12e,1,67_1170,0,36
37929,2025_037929_485f863ee1c22f18,3,67_1170,0,8
37941,2025_037941_c968d451a2b00ebb,3,67_1170,0,6
37951,2025_037951_fad4e76053682034,1,67_1170,0,14
37957,2025_037957_f1b108ab9cf75950,1,67_1170,0,5
37959,2025_037959_34bdf9f056e8e63f,1,67_1170,0,5
37961,2025_037961_0b3635f6fa0fc78f,1,67_1170,0,4
37966,2025_037966_2fd4fbbee778244f,1,67_1170,0,3
37995,2025_037995_f5170f09ea5f3eec,6,67_1171,5,11
37996,2025_037996_c29190b61a9f4b5e,7,66_1171,1,3
38001,2025_038001_35147e55dea8227b,1,67_1170,0,20
38004,2025_038004_684b0dd8027a6d95,1,67_1170,0,32
38014,2025_038014_34f364f996fdb500,2,67_1170,0,16
38025,2025_038025_ed4caf9a6a2231f3,2,67_1170,0,30
38027,2025_038027_414efc1526f57d84,3,67_1170,0,16
38028,2025_038028_e12ec8dce377c548,0,67_1170,0,5
38029,2025_038029_58936fef4e384311,0,67_1170,0,4
38030,2025_038030_7f97557e7c56849b,1,67_1170,0,12
38032,2025_038032_65ae280f08a11e5a,3,67_1170,0,32
38043,2025_038043_5af278f3b574f66a,0,67_1170,0,9
38045,2025_038045_ba53defb18e472c4,0,67_1170,0,6
38050,2025_038050_8491367200175b59,0,67_1170,0,3
38054,2025_038054_d76e9aa840227d75,0,67_1170,0,7
38061,2025_038061_f4ead0f38900e206,0,67_1170,0,2
38063,2025_038063_9da9d53922e67ae3,0,67_1170,0,5
38068,2025_038068_4d1b0ebe7ce50fec,0,67_1170,0,5
38078,2025_038078_b1b171f65b4bc526,6,67_1170,0,6
38083,2025_038083_27ec1572149786ff,2,67_1170,0,48
38085,2025_038085_56fe19a87b35b9be,1,67_1170,0,4
38092,2025_038092_0b8ba7fee62b36dc,3,67_1170,0,2
38095,2025_038095_662340c173441c0f,3,67_1170,0,10
38097,2025_038097_6b62a4b7934da823,3,67_1170,0,5
38106,2025_038106_0cc5750abe5a9042,7,67_1170,0,32
38115,2025_038115_46cd86e36b52b3d7,0,67_1170,0,2
38120,2025_038120_636620f87dee4945,0,67_1170,0,16
38122,2025_038122_ad7d2adf1bc3277d,1,67_1170,0,4
38123,2025_038123_6f0498785647c216,1,67_1170,0,11
38124,2025_038124_194165fafddbe67c,3,67_1170,0,4
38128,2025_038128_f35405ee86ea2d57,0,67_1170,0,2
38130,2025_038130_6d3555705d9509a8,0,67_1170,0,2
38134,2025_038134_cf27abfdbb579ff5,7,67_1170,0,53
38148,2025_038148_51a7e00d52e271fb,0,67_1170,0,17
38149,2025_038149_b7f533ade804f6f0,0,67_1170,0,3
38155,2025_038155_469186f0a4fd9164,5,67_1170,0,13
38156,2025_038156_940b9c7a2e6ca37b,7,66_1170,3,14
38158,2025_038158_d61c7f06050e0b0e,2,67_1170,0,32
38160,2025_038160_efdca0d66d7794ab,1,67_1170,0,4
38161,2025_038161_05eafe429d4fabc6,1,67_1170,0,4
38165,2025_038165_cad23d540cc0908d,2,67_1170,0,21
38175,2025_038175_efb747675c9af587,3,67_1170,0,13
38178,2025_038178_2ef2e7eb8a136f44,0,67_1170,0,16
38180,2025_038180_ea2e29b3c6f6bda2,1,67_1170,0,14
38181,2025_038181_52331fb4d6203f56,1,67_1170,0,3
38184,2025_038184_91b6b7c90bb0fc05,1,67_1170,0,11
38186,2025_038186_9a305a66e52c8177,5,67_1170,0,65
38188,2025_038188_652325b36adb8b1c,3,67_1170,0,59
38189,2025_038189_4cccba6102cc856e,2,67_1171,5,13
38190,2025_038190_98742aceaea39c74,1,67_1170,0,24
38192,2025_038192_2b964d16cd749f64,3,67_1171,5,4
38200,2025_038200_e990e594057708f8,2,67_1170,0,7
38205,2025_038205_12271f2c754f0332,0,67_1171,5,5
38210,2025_038210_a7ff0d3641ae05c9,1,67_1170,0,3
38214,2025_038214_91108a2a798f2f9a,2,67_1170,0,13
38222,2025_038222_9f693099f7deb1d2,1,67_1170,0,4
38228,2025_038228_c6ebe0ed1791b8d4,1,67_1170,0,27
38229,2025_038229_02f46a40cabd94ea,0,67_1170,0,2
38234,2025_038234_2d5782fcab1b4fa4,3,67_1170,0,12
38235,2025_038235_d65ca5c7a4658ca1,2,67_1170,0,12
38239,2025_038239_97ba6a6e98cf3e8e,0,67_1171,5,18
38251,2025_038251_23182bb472c92e56,1,67_1170,0,5
38265,2025_038265_cc1ea4835aff2979,7,67_1171,5,16
38268,2025_038268_b194ccdae8551f31,3,67_1170,0,41
38271,2025_038271_19cf954c47e49cea,1,67_1171,5,21
38275,2025_038275_068935a61093659f,1,67_1171,5,10
38278,2025_038278_3d42c3161f473bc6,1,67_1170,0,7
38286,2025_038286_1c00f18ddc28b857,4,67_1171,5,25
38288,2025_038288_8b085545625e4193,2,67_1171,5,18
38290,2025_038290_a9f7a0dda37777ea,1,67_1170,0,2
38293,2025_038293_b1214142a3880afe,1,67_1170,0,11
38300,2025_038300_7dbb1282b5f01131,7,67_1171,5,38
38307,2025_038307_b56d43b2bc8f6f31,1,67_1170,0,15
38309,2025_038309_79193e1bdd8670bb,1,67_1170,0,18
38310,2025_038310_06d7e68ffeb76b5b,1,67_1170,0,12
38311,2025_038311_2c41625f40f99524,1,67_1170,0,12
38314,2025_038314_2efb53c1c27916d1,1,67_1170,0,22
38321,2025_038321_e0cc32da7e0516ce,1,67_1171,5,21
38324,2025_038324_c5b7aefde81f6ad5,1,67_1171,5,37
38350,2025_038350_99668361b95f92ea,1,67_1171,5,13
38355,2025_038355_c8fc63689f320ac6,7,67_1171,5,2
38359,2025_038359_3183c8ef7ec90e00,1,67_1170,0,7
38362,2025_038362_e9cbc9e2a4ce1cc9,0,67_1170,0,11
38363,2025_038363_574314af29cad186,3,67_1170,0,8
38384,2025_038384_1042a2e9cd9d6977,0,67_1171,5,2
38386,2025_038386_954eda609013ef24,2,67_1171,5,8
38389,2025_038389_6b5c23424909dc19,0,67_1171,5,7
38395,2025_038395_25f6a617bd646076,0,67_1171,5,5
38409,2025_038409_0237fa995466ebf8,1,67_1171,5,4
38413,2025_038413_6210574e3d22c881,1,67_1171,5,2
38419,2025_038419_a2df44b7f575f7e2,7,67_1171,5,14
38421,2025_038421_6dc93a2136a33313,0,67_1171,5,2
38424,2025_038424_85823697ceaba66f,1,67_1171,5,6
38430,2025_038430_13073162cf88af33,1,67_1171,5,12
38432,2025_038432_53c69f283b1e919f,0,67_1171,5,7
38434,2025_038434_56683172a195999a,0,67_1171,5,9
38438,2025_038438_9207ab268a59a764,1,67_1171,5,11
38439,2025_038439_ca046ad11631139c,0,66_1171,1,6
38444,2025_038444_6ea7cfe09fe480b5,3,67_1171,5,15
38446,2025_038446_ee39af84c2ac959e,2,67_1171,5,14
38447,2025_038447_4be8ea2f368958ed,2,67_1171,5,14
38448,2025_038448_3f4c5a2aefe6a1f3,2,67_1171,5,42
38452,2025_038452_a9cc46e845ec0d40,0,67_1171,5,3
38457,2025_038457_fb38110903a3cf49,6,67_1171,5,9
38464,2025_038464_3a799405a47751e0,3,67_1171,5,24
38465,2025_038465_c240ce5a93b8cd8f,1,67_1171,5,21
38467,2025_038467_9ae77d401a7bf4d7,1,67_1171,5,9
38471,2025_038471_9ae6f038fe698cde,3,67_1171,5,6
38474,2025_038474_800a1fbf74c7c16c,1,67_1171,5,5
38482,2025_038482_9dfa0c8c2a7bb9d6,1,67_1171,5,3
38485,2025_038485_b52b1cb0cf71b711,0,67_1171,5,3
38487,2025_038487_2b46b85e23368f44,0,67_1171,5,2
38491,2025_038491_c1a8d14dedd58321,0,67_1171,5,3
38493,2025_038493_9811b5acbe762ea3,1,67_1171,5,4
38494,2025_038494_e76937c9adc6b5f6,1,67_1171,5,7
38511,2025_038511_cdc953d1774e86a7,0,67_1171,5,34
38516,2025_038516_2e880635b84c5bb5,1,67_1171,5,71
38520,2025_038520_3cf2e99f1c4c8968,0,67_1171,5,14
38521,2025_038521_cac2b3af0949d556,0,67_1171,5,33
38533,2025_038533_fcd7c50e21653611,1,67_1171,5,12
38536,2025_038536_a9ecdfec29b20d10,0,67_1171,5,2
38538,2025_038538_7b6e4ac7d1158af3,0,67_1171,5,11
38542,2025_038542_73d61f3fd522ac42,1,67_1171,5,4
38544,2025_038544_a1af77a07149a725,1,67_1171,5,33
38548,2025_038548_d25f7a6a12e2d2c4,3,67_1171,5,11
38550,2025_038550_bbd93858b60f6a01,3,67_1171,5,12
38554,2025_038554_63eb9ff0d35efcdb,4,67_1171,5,4
38556,2025_038556_b84a8ae2d682c6a3,1,67_1171,5,4
38564,2025_038564_91930959dd31eed5,1,67_1171,5,3
38567,2025_038567_79c88158c3182546,0,67_1171,5,2
38569,2025_038569_4f2625caad0e4da7,0,67_1171,5,4
38572,2025_038572_76bda85339be4f36,0,67_1171,5,15
38574,2025_038574_dd9c1a5aada0ce74,0,67_1171,5,6
38578,2025_038578_22b3603c1e9bc22f,0,67_1171,5,14
38588,2025_038588_22766eebc910c8cc,0,67_1171,5,8
38590,2025_038590_8ece33df3c7d6a61,0,67_1171,5,7
38592,2025_038592_a0a1be8dc26cb033,7,67_1171,5,77
38593,2025_038593_5daaf116d2b7ea77,7,67_1171,5,49
38595,2025_038595_1d995ba0c550bb56,0,67_1171,5,7
38602,2025_038602_8040a618e943c3bb,0,67_1171,5,3
38620,2025_038620_6a7e7011fecb7f49,3,67_1171,5,32
38621,2025_038621_5a0050ddb15f7512,7,67_1171,5,9
38624,2025_038624_3f0ea742d64535fe,1,67_1171,5,2
38640,2025_038640_cf69cd7f9308e19c,3,67_1171,5,36
38641,2025_038641_c81673d7a5dc4715,2,67_1171,5,22
38650,2025_038650_fec72f015d375d6e,3,67_1171,5,7
38652,2025_038652_3f98485269a0a658,4,67_1171,5,2
38655,2025_038655_7d0952518c6bf1b1,6,67_1171,5,2
38664,2025_038664_4c3e416f1119b13d,0,67_1171,5,3
38673,2025_038673_e32e6d07d945242f,2,67_1171,5,29
38677,2025_038677_bf784246533456b3,2,67_1171,5,4
38678,2025_038678_8ab107f4d49e76f9,7,67_1171,5,2
38680,2025_038680_32c793d7baefa35f,3,67_1171,5,24
38683,2025_038683_c740c0bf00821656,7,67_1171,5,106
38686,2025_038686_91f225c2ed03b836,1,67_1171,5,3
38704,2025_038704_61e0fdf2676b5ebd,1,67_1171,5,3
38710,2025_038710_7716499aa396475c,7,67_1171,5,19
38711,2025_038711_32980a4d0056cef3,3,67_1171,5,3
38712,2025_038712_1b829137dfbbd8a8,7,67_1171,5,11
38714,2025_038714_d7ec1be53f3ca0c6,0,67_1171,5,2
38715,2025_038715_51b5ef58366d7708,0,67_1171,5,2
38718,2025_038718_f486ac9fb4f0478c,6,67_1171,5,7
38722,2025_038722_19af134cc5f04688,0,67_1171,5,3
38725,2025_038725_2523ce5117b155c9,6,67_1171,5,13
38736,2025_038736_0ae53c00d96326af,2,67_1171,5,6
38737,2025_038737_d7a66b7196372341,7,67_1171,5,11
38742,2025_038742_98a231f4476a9052,0,67_1171,5,6
38756,2025_038756_741926d94a59e406,7,67_1171,5,7
38757,2025_038757_04e736a60d221d41,3,67_1171,5,9
38758,2025_038758_764a81ee914e5771,7,67_1171,5,5
38759,2025_038759_2680ee2d737c45f0,7,67_1171,5,2
38760,2025_038760_8ee5e04839abebf2,7,67_1171,5,7
38761,2025_038761_d02a2faefe3f767e,4,67_1171,5,6
38763,2025_038763_acd087f98a18bc20,2,67_1171,5,3
38764,2025_038764_70326e892fe887a8,1,67_1171,5,4
38776,2025_038776_2f6e3f19a74b6355,0,67_1171,5,2
38782,2025_038782_f29554b38721878d,2,66_1171,1,3
38784,2025_038784_ad861eedf39f7140,1,67_1171,5,6
38798,2025_038798_906deabe388314f6,6,67_1171,5,13
38799,2025_038799_5cbe7a3ada68a899,3,67_1171,5,29
38804,2025_038804_f6782215b39bffa8,0,67_1171,5,2
38805,2025_038805_3066fd05e5bd5f54,0,67_1171,5,5
38810,2025_038810_0f449c3f315cbdf6,2,66_1171,1,10
38815,2025_038815_f818a5b7ac0e4d67,3,67_1171,5,20
38817,2025_038817_a05af6096784afda,6,67_1171,5,18
38818,2025_038818_ebed906ea109a1c9,3,67_1171,5,4
38822,2025_038822_c03aa618db51f8ab,2,67_1171,5,3
38826,2025_038826_a6883f0cf7573d10,7,67_1171,5,32
38840,2025_038840_104dbf7ea6a74833,1,67_1171,5,3
38847,2025_038847_87df886f88ac20cd,1,67_1171,5,2
38856,2025_038856_13f8252bae84a98b,3,67_1171,5,7
38858,2025_038858_132ca429c1d7bd5b,0,67_1171,5,6
38859,2025_038859_d87ce5799453c8ad,0,67_1171,5,2
38862,2025_038862_0990951069b2388f,0,67_1171,5,15
38863,2025_038863_65f4d93da02ca66d,7,67_1171,5,10
38864,2025_038864_616f333cf29eb736,7,67_1171,5,199
38865,2025_038865_02ba1d0edd0487a5,0,67_1171,5,6
38869,2025_038869_e5fee916d8e4839b,7,67_1171,5,11
38871,2025_038871_23b4821ff37ba510,0,67_1171,5,4
38872,2025_038872_e2f5ccd43c8fba5c,0,67_1171,5,4
38873,2025_038873_3aa41c352745072a,2,67_1171,5,22
38875,2025_038875_f59d57fe3037c48a,1,67_1171,5,4
38877,2025_038877_6a499e13ea46b653,4,67_1171,5,12
38878,2025_038878_faee3d487ff27d9c,2,67_1171,5,7
38880,2025_038880_faca3088b0a7891d,2,67_1171,5,6
38884,2025_038884_e61c671f750f34b8,2,67_1171,5,16
38887,2025_038887_4064a80432063dbc,3,67_1171,5,4
38888,2025_038888_13cf919faf1b2e21,0,67_1171,5,3
38925,2025_038925_b3015bbccc344e30,0,68_1171,3,16
38926,2025_038926_0bcb32495f655dfc,0,68_1171,3,16
38940,2025_038940_eb61fbd5d85bb4b5,0,68_1171,3,6
38977,2025_038977_b3099b0838aaea7f,2,67_1171,5,13
38979,2025_038979_669e2fd6f4becb30,1,67_1171,5,6
38986,2025_038986_c76b11bedf7c16d7,0,67_1171,5,8
38990,2025_038990_e91d8ade06c277b2,2,67_1171,5,24
38992,2025_038992_3150e912635bfe52,1,67_1171,5,13
38993,2025_038993_f92c2d1c68552f06,0,68_1171,3,7
39005,2025_039005_5ff42c50d10d67b3,1,67_1171,5,40
39008,2025_039008_6cab21a065132f57,0,68_1171,3,7
39011,2025_039011_6aa3411c93afd36a,0,68_1171,3,10
39016,2025_039016_016e0b59e5ef67f4,6,68_1171,3,37
39019,2025_039019_c4cf30893a3b7fc1,0,68_1171,3,5
39026,2025_039026_043b2b3b22794af4,3,68_1171,3,30
39032,2025_039032_50de4e6123d7d7e3,4,68_1171,3,36
39042,2025_039042_dce57d9e0fd32417,4,68_1171,3,46
39047,2025_039047_028c42725078df6c,3,68_1171,3,20
39048,2025_039048_3ab36fdead4c1b70,0,68_1171,3,5
39054,2025_039054_2922bc4a39406ca8,6,68_1171,3,3
39057,2025_039057_504cf02d819760e2,3,68_1171,3,6
39066,2025_039066_8a31ef1de8688f66,1,68_1171,3,6
39073,2025_039073_fea5ad5d89023a37,5,68_1171,3,15
39078,2025_039078_491f8d1cebb3b558,3,68_1171,3,14
39089,2025_039089_162747f9bbb5ee60,7,68_1171,3,3
39090,2025_039090_646af0aa2813787f,0,68_1171,3,7
39099,2025_039099_2f384e884b4b57fd,2,68_1171,3,4
39100,2025_039100_4bb7f0a8a2fd3fa3,2,68_1171,3,18
39101,2025_039101_834a9f1a84615943,1,68_1171,3,9
39106,2025_039106_b6e96b9905a11085,1,68_1171,3,13
39113,2025_039113_e58b10defed69410,0,68_1171,3,4
39115,2025_039115_7dca568bff1c7ea5,1,68_1171,3,18
39119,2025_039119_7f2558a451b708c1,0,68_1171,3,2
39125,2025_039125_d05cbdebf3b13e18,1,68_1171,3,4
39149,2025_039149_ac0d8f53ddffb3e2,4,67_1171,5,12
39151,2025_039151_3e652fda2a2a6218,1,68_1171,3,22
39153,2025_039153_0ddb292c5aef351a,3,67_1171,5,3
39160,2025_039160_7d19021845c2a188,3,67_1171,5,12
39165,2025_039165_6141461b2d48987a,4,67_1171,5,10
39169,2025_039169_d877293b65c820aa,1,68_1171,3,24
39171,2025_039171_0719d47589638507,1,67_1171,5,13
39178,2025_039178_36d8c0a51ae924fc,7,67_1171,5,7
39179,2025_039179_4e8cd4db7ba0dece,2,67_1171,5,19
39180,2025_039180_195e86d83ae73e99,2,68_1171,3,21
39181,2025_039181_53c3832ff51d00d2,2,67_1171,5,6
39182,2025_039182_8208dd024427ecdd,2,67_1171,5,2
39183,2025_039183_b1a52d3bd5dae94b,7,68_1171,3,24
39184,2025_039184_2dabb60d84687851,1,68_1171,3,31
39185,2025_039185_f116397fe5956ee6,2,68_1171,3,19
39207,2025_039207_313c47f5bbc2fbc9,0,68_1171,3,2
39208,2025_039208_cf4317d9ddf7daa3,0,68_1171,3,25
39210,2025_039210_faeef1f24fbd1d29,2,68_1171,3,12
39211,2025_039211_fd729e2465083a30,0,68_1171,3,8
39218,2025_039218_40c887a19b580352,0,68_1171,3,12
39226,2025_039226_e4bb6cc4fabb9a42,3,68_1171,3,28
39230,2025_039230_f6b635f823348e64,3,68_1171,3,51
39231,2025_039231_a1db88192705f53e,6,68_1171,3,4
39237,2025_039237_d65b5305a5cfa9fd,2,68_1171,3,4
39251,2025_039251_a22beb4e8b5cba68,0,68_1171,3,14
39252,2025_039252_9892c48097f723d1,1,68_1171,3,10
39254,2025_039254_1b68ee14b5718739,3,67_1171,5,23
39255,2025_039255_858b630639917286,2,67_1171,5,6
39256,2025_039256_f1387149bd4ef9d4,3,67_1171,5,2
39258,2025_039258_a63b9cb2173b4a05,2,67_1171,5,18
39260,2025_039260_9ff5db2a2bbdc2e8,3,68_1171,3,13
39262,2025_039262_44ac74114fa5cec9,2,68_1171,3,12
39264,2025_039264_d2759b6c450d1c2d,2,68_1171,3,15
39268,2025_039268_16fb86ae8a228973,0,68_1171,3,5
39275,2025_039275_e1a97645f33c0280,4,68_1171,3,5
39276,2025_039276_e2378bd049eb23c3,2,67_1171,5,19
39277,2025_039277_daa4a60b43f039a5,7,67_1171,5,7
39278,2025_039278_73a04dba1e48f76d,6,68_1171,3,15
39279,2025_039279_b4554394af712652,0,68_1171,3,2
39280,2025_039280_cd2bb14358252cca,3,68_1171,3,16
39282,2025_039282_282c4dece1de91bf,7,67_1171,5,2
39284,2025_039284_c497f0f14f503275,3,67_1171,5,8
39287,2025_039287_54d97068df4c0a41,7,68_1171,3,3
39289,2025_039289_625cea72e8430a4a,0,68_1171,3,10
39291,2025_039291_e83ef175aa556d5a,0,68_1171,3,3
39299,2025_039299_901d581ad3af68d7,2,68_1171,3,22
39312,2025_039312_4bb1aab55886e14e,2,68_1171,3,8
39315,2025_039315_e8857ee5db24164b,3,68_1171,3,20
39325,2025_039325_2652d9f3a71d2780,0,68_1171,3,5
39328,2025_039328_964b970c762e5f4f,0,68_1171,3,2
39334,2025_039334_1f5ba408bcc676f8,4,68_1171,3,3
39368,2025_039368_9266da3d3a536812,1,68_1171,3,14
39375,2025_039375_23302bd8d3884d44,2,67_1171,5,9
39376,2025_039376_ccb0e7b864b8a616,3,68_1171,3,11
39381,2025_039381_5ba85d2acd1a4082,0,68_1171,3,5
39390,2025_039390_d3b8057504f314c6,7,68_1171,3,2
39391,2025_039391_2acb45b37b9620cc,7,68_1171,3,4
39392,2025_039392_f9581d25c04f3a08,7,68_1171,3,2
39394,2025_039394_7da4df416667fe68,1,68_1171,3,3
39396,2025_039396_92544582694211e7,5,68_1171,3,34
39401,2025_039401_1d77a545c4295b9b,1,68_1171,3,3
39402,2025_039402_ff1cab388a0001bb,0,68_1171,3,18
39403,2025_039403_dfc6daffff19e3da,7,68_1171,3,2
39409,2025_039409_a9a6670741024e7d,7,68_1171,3,4
39410,2025_039410_ae84a5f5c27d1b10,7,68_1171,3,4
39411,2025_039411_749fdcf4c829722e,0,68_1171,3,19
39414,2025_039414_dcff3c2efff43741,7,68_1171,3,5
39415,2025_039415_e8fcec92c2dbc54b,7,68_1171,3,7
39417,2025_039417_de4c9fe46e8e1c66,7,68_1171,3,4
39418,2025_039418_db7b0349c668dca1,0,68_1171,3,4
39419,2025_039419_a10786892185ebbe,0,68_1171,3,10
39429,2025_039429_e7e72e62e0259d74,0,68_1171,3,2
39444,2025_039444_8c69d820fb10c67d,0,68_1171,3,3
39450,2025_039450_fc71ee514249d987,0,68_1171,3,2
39459,2025_039459_4f949c55d9dea90f,0,68_1171,3,17
39465,2025_039465_611863da9f16d1ce,7,68_1171,3,2
39498,2025_039498_481b8e5f3394add0,3,68_1171,3,40
39499,2025_039499_cc8c6846b4179aa3,0,68_1171,3,7
39506,2025_039506_eac504f783a8b535,4,68_1171,3,8
39509,2025_039509_20552ead6e2763f8,4,68_1171,3,15
39513,2025_039513_d8bf942e9fa84370,4,68_1171,3,9
39514,2025_039514_bbc7b257383380d9,6,68_1171,3,7
39523,2025_039523_662acb219ac83d5c,2,68_1171,3,40
39525,2025_039525_c9d33c9fc2c81e13,0,67_1171,5,8
39526,2025_039526_9083146c0d221c8c,1,67_1171,5,9
39544,2025_039544_c662268e63b3406f,0,67_1172,2,49
39548,2025_039548_ef83c3bc57cd99f3,3,67_1171,5,6
39550,2025_039550_92a579a649b38016,2,67_1171,5,8
39554,2025_039554_5b4b11265aeaf09d,4,67_1171,5,13
39559,2025_039559_b183c82423f84b1f,7,67_1171,5,7
39562,2025_039562_ec2ff27933f42131,6,66_1171,1,4
39567,2025_039567_4d45ce6136f0b138,3,67_1171,5,7
39572,2025_039572_83920373bdae3f01,7,67_1171,5,21
39614,2025_039614_0c01c45fefbff635,2,67_1171,5,4
39617,2025_039617_ad38b714ec3e7ab1,2,67_1171,5,13
39618,2025_039618_473b6d550412d723,1,67_1171,5,10
39622,2025_039622_ffcb5025d737bb1f,0,67_1171,5,5
39659,2025_039659_cf36e8baeb3d88e8,0,67_1172,2,33
39660,2025_039660_9bf8fc37f2e2e4a3,2,67_1171,5,4
39661,2025_039661_124aecf66f630983,7,67_1171,5,3
39667,2025_039667_b5eba112bac89f32,7,67_1171,5,2
39668,2025_039668_2d2029b7cbda43b3,2,67_1171,5,2
39670,2025_039670_f480ce860fd2b364,2,67_1171,5,23
39682,2025_039682_0dbbf4b24e47d39d,0,67_1171,5,2
39689,2025_039689_74437453dd4b6e7b,2,67_1171,5,2
39690,2025_039690_747a2274e6f23072,0,67_1171,5,4
39691,2025_039691_edd871675e2c1395,6,67_1171,5,5
39692,2025_039692_7f09ac75cc67c883,5,67_1171,5,29
39693,2025_039693_67bb74c0ae05e3e5,3,67_1171,5,6
39712,2025_039712_fba6d5491e5cc32b,6,67_1171,5,3
39713,2025_039713_599dce93c38146a3,3,67_1171,5,5
39715,2025_039715_703f26fcf87bdc04,0,67_1171,5,2
39722,2025_039722_875c7a442b1df82d,0,67_1171,5,30
39724,2025_039724_ec0bdd8bce70e165,1,67_1171,5,19
39730,2025_039730_11652149f502c762,0,67_1171,5,35
39734,2025_039734_0452f05b225d8136,0,67_1171,5,8
39739,2025_039739_23d328d0a06faea2,4,67_1171,5,3
39744,2025_039744_fa87110e31e745bb,0,67_1171,5,3
39745,2025_039745_34a0c751f8194d43,1,67_1171,5,23
39750,2025_039750_3ff583925d50f7b9,4,67_1172,2,28
39752,2025_039752_86bbbb10bee7b34d,2,67_1172,2,26
39768,2025_039768_9e107f20dd76aa32,1,67_1171,5,17
39769,2025_039769_54851b1180e7baa1,1,67_1172,2,11
39776,2025_039776_96a8f506705b0b53,3,67_1172,2,17
39781,2025_039781_47f880873c1c020d,6,67_1171,5,21
39782,2025_039782_af57e06f7362380c,4,67_1171,5,9
39786,2025_039786_0e3aefd365ecaf90,2,67_1171,5,2
39789,2025_039789_84f5abf2b9d74b0a,3,67_1171,5,8
39792,2025_039792_ce0ddaf2b7760b2c,3,67_1171,5,16
39796,2025_039796_57f30bb42f666d94,2,67_1171,5,14
39806,2025_039806_e83908e88a604f37,1,67_1171,5,35
39807,2025_039807_3e44e0554f50ed21,1,67_1171,5,23
39811,2025_039811_7f193e71ed4ccf8c,4,67_1171,5,6
39825,2025_039825_918f99cf77c8d3d0,7,67_1171,5,3
39828,2025_039828_36c6fe39ec40dae5,4,67_1171,5,11
39835,2025_039835_9f91a79c930ae692,2,67_1171,5,6
39839,2025_039839_079e87b06b73883a,2,67_1171,5,2
39840,2025_039840_bca0e69a7b724025,2,67_1171,5,3
39841,2025_039841_9b5f08a8d231bf1e,1,67_1171,5,4
39845,2025_039845_937b9803354bf06e,2,67_1171,5,20
39846,2025_039846_ceaabd5cf0f870c8,2,67_1171,5,2
39848,2025_039848_cd6475e961731c3e,6,67_1171,5,4
39849,2025_039849_f7d1d10d8e5bd971,2,67_1171,5,5
39853,2025_039853_e6e2a393892ae2d5,2,67_1171,5,4
39857,2025_039857_335ade52b114ca6b,7,67_1171,5,20
39860,2025_039860_48441bdc403bb38a,2,67_1171,5,2
39866,2025_039866_a66b7cca47499e41,2,67_1171,5,2
39881,2025_039881_cc72671c0d633c9a,4,67_1171,5,19
39883,2025_039883_50ee9d05c6a8028d,4,67_1171,5,4
39888,2025_039888_928bd32d6b2ea310,1,67_1171,5,5
39895,2025_039895_a775689300588fab,1,67_1171,5,6
39903,2025_039903_eb2a694b283327e1,0,67_1171,5,2
39905,2025_039905_a89640b7cc4a2845,0,67_1172,2,8
39913,2025_039913_fd78e321a0d51520,0,67_1171,5,3
39919,2025_039919_6bd577a902cd5695,0,67_1172,2,10
39926,2025_039926_44fa54bf1591a3bb,2,67_1171,5,9
39931,2025_039931_a572b306189e8e1b,1,67_1171,5,11
39935,2025_039935_86231a6ea4904874,1,67_1171,5,5
39940,2025_039940_01c3835598307baf,2,67_1171,5,3
39941,2025_039941_30ce5c331ed09a0e,3,67_1171,5,9
39942,2025_039942_9a583a0cc13f4138,2,67_1171,5,15
39944,2025_039944_056a0675b4161394,2,67_1171,5,4
39948,2025_039948_e4bae58f4894725e,2,67_1171,5,8
39950,2025_039950_edcc32e9d9679447,7,67_1171,5,43
39953,2025_039953_0713fabdc2c1cf6c,0,67_1171,5,4
39957,2025_039957_ee60136d149cd4f6,3,67_1171,5,10
39960,2025_039960_fa37c92debd9067a,3,67_1171,5,72
39961,2025_039961_d51bf8fc0b976eec,3,67_1171,5,5
39962,2025_039962_47973bc0b779f891,3,67_1171,5,5
39964,2025_039964_2788212f0a19b88e,1,67_1171,5,18
39968,2025_039968_70a2256bac120506,1,67_1171,5,5
39971,2025_039971_286ba7bd7d4b8dd9,0,67_1171,5,18
39973,2025_039973_f73ebd9c16a870a2,0,67_1171,5,9
39976,2025_039976_2dee79212d4d034f,0,67_1171,5,16
39978,2025_039978_8fecda85aec02379,0,67_1171,5,10
39982,2025_039982_cb0e8c7e0f44a7c3,0,67_1171,5,12
39987,2025_039987_541584d400fb9e7d,0,67_1171,5,12
39989,2025_039989_0bf809447f12ecc3,0,67_1171,5,11
39996,2025_039996_85be5714e8050a7d,3,67_1171,5,22
39997,2025_039997_b65b722969ef0377,1,67_1171,5,25
40002,2025_040002_2c309a14d4927031,0,67_1172,2,13
40004,2025_040004_66ceafa5497dcdad,1,67_1171,5,7
40006,2025_040006_340c673c0b1881bd,0,67_1171,5,10
40009,2025_040009_02f2816634541a7c,0,67_1171,5,4
40010,2025_040010_509029d543176fa2,0,67_1172,2,4
40021,2025_040021_3570165da0c8de7e,1,67_1171,5,12
40024,2025_040024_72102039383a74c4,0,67_1171,5,5
40030,2025_040030_67a3b08bd10d0eea,0,67_1171,5,3
40038,2025_040038_5ad4f39da554d32b,4,67_1171,5,7
40044,2025_040044_aa359a4a2f5862b9,3,67_1172,2,10
40048,2025_040048_832002dc5bfefe3c,0,67_1171,5,2
40051,2025_040051_ea568f394be4d6f0,1,67_1171,5,7
40052,2025_040052_f14a53837813db40,1,67_1171,5,2
40056,2025_040056_80a411ab0b73c5fb,3,67_1171,5,7
40061,2025_040061_cbf7eb1e4f78b114,7,67_1171,5,14
40076,2025_040076_6fa9e24a238435d6,2,67_1171,5,12
40088,2025_040088_0d77709d59ac5872,7,67_1171,5,42
40090,2025_040090_ae60e4c75c99988b,2,67_1171,5,7
40094,2025_040094_18a6d5845164e394,0,67_1171,5,2
40100,2025_040100_6ca13a45e31bbf19,1,67_1171,5,15
40101,2025_040101_ccc2aff2437d8961,1,67_1171,5,21
40106,2025_040106_a37d631514634b6d,1,67_1171,5,16
40113,2025_040113_963853a6ddc89f0f,1,67_1171,5,30
40114,2025_040114_a856dde9ba7c8cad,7,67_1171,5,2
40116,2025_040116_9efd1b200aade474,0,67_1171,5,7
40122,2025_040122_2115179802253c8f,1,67_1171,5,6
40125,2025_040125_d322a2c4f28703ca,2,67_1171,5,29
40131,2025_040131_121988e2da789d75,2,67_1171,5,3
40133,2025_040133_0d291a2dc16b0773,7,67_1171,5,30
40134,2025_040134_3afe09590196e36c,7,67_1171,5,41
40136,2025_040136_4a1999997b105e92,7,67_1171,5,6
40145,2025_040145_40ca2c2231508d80,3,67_1171,5,10
40166,2025_040166_88af70b74b6e6d6c,0,67_1171,5,6
40170,2025_040170_292157485ad0670f,0,67_1171,5,25
40173,2025_040173_1eb1b9b512818350,0,67_1171,5,2
40179,2025_040179_fcc9d536f204e561,1,67_1171,5,3
40184,2025_040184_c0fcdabe0a95e0e6,0,67_1171,5,2
40190,2025_040190_6107644e23b1e3a5,0,67_1171,5,6
40219,2025_040219_6263b2c6bf562fb5,0,67_1171,5,3
40222,2025_040222_1d08353d6ab3eb81,0,67_1171,5,4
40224,2025_040224_32955efb2f2afedc,0,67_1171,5,12
40226,2025_040226_5a11512b9c43bf67,0,67_1172,2,5
40230,2025_040230_ec2318c2f19e2a8e,1,67_1171,5,21
40232,2025_040232_3051e484399d4065,1,67_1172,2,14
40235,2025_040235_f3b446a1cce69191,2,67_1172,2,6
40247,2025_040247_c0187241650e4825,2,67_1172,2,35
40251,2025_040251_109d850fcc1c77da,3,67_1171,5,16
40264,2025_040264_46704abd4c83a981,0,67_1171,5,3
40273,2025_040273_8af7963ba283d3da,7,67_1171,5,21
40275,2025_040275_2e1a55c9808e91d8,0,67_1171,5,6
40279,2025_040279_561c062ba27dab12,1,67_1171,5,22
40288,2025_040288_f40a2cf1d769063c,1,67_1171,5,5
40302,2025_040302_7ade73328b530439,5,68_1171,3,12
40310,2025_040310_929b991215b87f6d,0,68_1171,3,10
40318,2025_040318_708b475f43764d0c,0,68_1171,3,2
40330,2025_040330_481d1d2140b6cc3d,0,68_1171,3,21
40335,2025_040335_399ced19dbb17d42,0,68_1171,3,50
40339,2025_040339_d02e2113e4ce0bfc,7,68_1171,3,14
40340,2025_040340_f8e02bdc23cfd318,4,68_1171,3,23
40348,2025_040348_d0fc0029d944fc6d,2,68_1171,3,54
40349,2025_040349_26cc85a5c409ad1a,6,68_1171,3,4
40350,2025_040350_2c2db5a19735acb8,3,68_1171,3,19
40352,2025_040352_a4e28268b097aee1,2,67_1171,5,4
40353,2025_040353_01720d09ac2ab998,2,67_1171,5,6
40360,2025_040360_7541c4a305addb85,3,67_1171,5,2
40366,2025_040366_2cb141c60fad331a,4,67_1171,5,11
40375,2025_040375_77bcb65c8025857f,0,67_1171,5,36
40380,2025_040380_35669ab913a88123,0,68_1171,3,5
40381,2025_040381_159504d7b2321901,4,68_1171,3,9
40382,2025_040382_6a890946745b992e,4,68_1171,3,2
40386,2025_040386_a1c18aaa8ea21e74,7,67_1171,5,22
40388,2025_040388_176e79b3ae51764f,7,68_1171,3,3
40389,2025_040389_f6caed76e3b6606a,7,67_1171,5,8
40395,2025_040395_39a0816269757887,2,68_1171,3,19
40396,2025_040396_a6257cadd4fd1b13,3,68_1171,3,42
40398,2025_040398_65638325a2dcef08,7,68_1172,4,26
40401,2025_040401_344d303d983fd306,3,68_1171,3,32
40410,2025_040410_d6e9826b631093fa,7,68_1171,3,39
40418,2025_040418_1c951db8943eb7e7,3,68_1171,3,28
40426,2025_040426_e1cd6e7215cee34b,4,68_1171,3,6
40442,2025_040442_9b76d4d3a97e7ac8,1,69_1171,3,12
40445,2025_040445_d0d548c2f6b94e1e,1,69_1171,3,13
40448,2025_040448_fd25a44ba387770f,7,69_1171,3,21
40470,2025_040470_6cb65fda5c01f011,3,69_1171,3,6
40474,2025_040474_63fa09bbcd3577c9,0,68_1171,3,18
40476,2025_040476_d1a95c5d41229693,2,68_1171,3,36
40484,2025_040484_8a132967ebb8526c,0,68_1171,3,15
40499,2025_040499_d4983d7a7d7b07a2,0,68_1171,3,6
40504,2025_040504_54b20aa9ba172554,0,68_1171,3,2
40506,2025_040506_6b8a5a116e548ca3,0,68_1171,3,14
40507,2025_040507_5f1049a8d6c9dc1b,4,68_1171,3,22
40508,2025_040508_1bd9e15414a199d7,6,68_1171,3,15
40509,2025_040509_2d35c336d987bf0e,2,68_1171,3,2
40513,2025_040513_28e623998cb85ffb,0,68_1171,3,15
40514,2025_040514_8380e65cd5ccd4af,0,68_1171,3,2
40516,2025_040516_8f0ace422ecb01e2,0,68_1171,3,18
40523,2025_040523_1a476c460ed0038a,1,68_1171,3,12
40529,2025_040529_35037a838faa1abc,0,68_1171,3,8
40539,2025_040539_32ad1091e9c765f7,4,69_1171,3,41
40546,2025_040546_5f2c5321e32ee2a8,4,69_1171,3,15
40572,2025_040572_7ac94f821d14beb3,0,68_1171,3,2
40573,2025_040573_2b74c1768971f9e9,0,68_1171,3,3
40576,2025_040576_e75409be6e7f7dec,0,68_1171,3,2
40578,2025_040578_a651cffa2a375a59,0,68_1171,3,5
40579,2025_040579_47121390b03b7d99,1,68_1171,3,12
40584,2025_040584_6a02b381b459ce92,3,67_1171,5,61
40593,2025_040593_c3b73a3c426d9bf9,0,68_1172,4,21
40594,2025_040594_b60e90746c94bb9f,0,68_1171,3,6
40598,2025_040598_381e521a1fb1a5d4,2,68_1172,4,7
40599,2025_040599_d87d6a8165c7a3b6,2,68_1172,4,9
40605,2025_040605_41d7dd067a31fe8f,4,69_1171,3,21
40607,2025_040607_d51c76754607061c,6,69_1171,3,6
40610,2025_040610_f88dfe294ae996b4,7,69_1171,3,5
40618,2025_040618_db126f6d74aab779,3,69_1172,5,46
40631,2025_040631_a5faf955748e66f9,3,69_1172,5,3
40635,2025_040635_832a9820b6be0bd2,7,69_1171,3,7
40638,2025_040638_add20475d102d5e0,3,67_1172,2,6
40641,2025_040641_c0f8e3c8645654e0,1,67_1172,2,16
40649,2025_040649_66c457c495727564,4,67_1172,2,21
40651,2025_040651_a63f470fa840a405,3,67_1172,2,27
40657,2025_040657_c5f3dbae231049ad,3,67_1171,5,47
40660,2025_040660_43cb88c04e04800f,7,67_1172,2,33
40668,2025_040668_82d9eedcf6045b1e,0,67_1172,2,32
40681,2025_040681_27ff8dcdd54916c1,2,67_1172,2,36
40692,2025_040692_fded8de34f97fa0e,2,67_1172,2,4
40695,2025_040695_2e0b5afbc77c2c3a,3,67_1172,2,6
40696,2025_040696_f7614bdcaa93e93f,3,67_1172,2,24
40697,2025_040697_3453204453fafd87,3,67_1172,2,10
40698,2025_040698_2b7a887bbe79a0c7,3,67_1172,2,27
40700,2025_040700_16706a7b0d3acfbe,0,67_1172,2,6
40705,2025_040705_8c52e4ab2251565b,0,67_1172,2,3
40706,2025_040706_d844bc99a9b9075d,3,68_1172,4,20
40709,2025_040709_728fe06de76a09c8,0,68_1172,4,20
40711,2025_040711_7a9f9420cc196dc3,0,68_1172,4,2
40713,2025_040713_c85b13538b10e413,0,68_1172,4,21
40717,2025_040717_4accd5313388f249,3,68_1172,4,13
40720,2025_040720_574493060efa2d7b,6,68_1172,4,12
40721,2025_040721_56e9cadab1d06e01,2,68_1172,4,27
40723,2025_040723_82050a0a5721daef,3,68_1172,4,3
40726,2025_040726_fb145cb74301b278,2,68_1172,4,12
40729,2025_040729_7b6cb502ce72a420,7,68_1172,4,3
40730,2025_040730_f1be6f2bf7b540c8,2,68_1172,4,4
40734,2025_040734_d1dd9e6a7586927b,3,68_1172,4,22
40735,2025_040735_411d6404cc4dea2f,0,68_1172,4,17
40736,2025_040736_9b3b5f7e9677bf7f,7,68_1172,4,76
40741,2025_040741_3707a38294fdfcbf,7,68_1172,4,10
40742,2025_040742_037cad47692bc03d,7,68_1172,4,3
40744,2025_040744_9896cd4406d61f47,7,68_1172,4,22
40747,2025_040747_fac0c6c0cd8176bf,7,68_1172,4,17
40750,2025_040750_52a499f7cbea764d,3,69_1172,5,6
40751,2025_040751_90ba4274a98886e4,7,68_1172,4,4
40753,2025_040753_d5958c7a93f6b8a1,4,69_1172,5,39
40755,2025_040755_56e57d1cb7597c48,2,69_1172,5,185
40757,2025_040757_6ea701ce715f0f22,6,69_1172,5,41
40759,2025_040759_364a55058437e0b6,3,69_1172,5,39
40780,2025_040780_8a4fcd1ebe833369,7,69_1172,5,32
40787,2025_040787_c8270754b4374493,3,69_1172,5,29
40790,2025_040790_5bec2a3d6e9e511f,1,67_1172,2,11
40796,2025_040796_8e783aa6b2b27856,1,68_1172,4,21
40810,2025_040810_ea896a0d36c98c3d,1,68_1172,4,23
40812,2025_040812_eda6a297e4468fbf,0,67_1172,2,9
40814,2025_040814_16ca9d8a01ded178,0,67_1172,2,15
40817,2025_040817_a8f4d431bc052703,0,67_1172,2,17
40822,2025_040822_5eff5d3174f8b3b4,0,67_1172,2,6
40824,2025_040824_92ce5b29eb7d73b6,3,67_1172,2,4
40831,2025_040831_cd833e0657289b68,6,67_1172,2,10
40832,2025_040832_aaab7c035ec32834,6,67_1172,2,11
40834,2025_040834_56611cfdf131049f,6,67_1172,2,4
40837,2025_040837_33f18699f1962c6a,2,67_1172,2,15
40840,2025_040840_e1d4488f1ce299ba,7,67_1172,2,64
40844,2025_040844_fbb344ec9bd61c6b,4,67_1172,2,94
40848,2025_040848_20ae126e20b06751,3,67_1172,2,25
40855,2025_040855_1d7d24a8bd850abd,3,67_1172,2,13
40865,2025_040865_bf253b111d5b4062,7,67_1172,2,17
40867,2025_040867_e1738f6f5efd1a6c,7,67_1172,2,8
40868,2025_040868_b83c37d33c44b89a,1,68_1172,4,14
40873,2025_040873_daa6ae81f803cc7d,1,68_1172,4,37
40878,2025_040878_665546776b0c9791,3,68_1172,4,28
40885,2025_040885_f805492ecb1181e8,2,68_1172,4,9
40892,2025_040892_b4a6e831f09e4eab,1,68_1172,4,8
40897,2025_040897_89fb35df678ce844,7,68_1172,4,33
40898,2025_040898_73744c37c86a7164,3,68_1172,4,7
40900,2025_040900_3e26b11f195e8fb7,4,68_1172,4,31
40903,2025_040903_e740d51e14469590,6,67_1172,2,13
40907,2025_040907_4df65ebb960c9960,7,67_1172,2,8
40915,2025_040915_7c591d7d7f880fad,7,67_1172,2,5
40928,2025_040928_f29f2c122f0b58ac,0,67_1172,2,6
40932,2025_040932_d3b8b57f5c304926,2,67_1172,2,4
40938,2025_040938_8bdea3c010b477e3,1,68_1172,4,10
40939,2025_040939_c2354afd77b7e5e0,0,68_1172,4,12
40943,2025_040943_8d8ad7a987c0e6e3,1,68_1172,4,25
40945,2025_040945_2c67fa92e9209358,0,68_1172,4,7
40946,2025_040946_f5c0cf0e2d5a8a4d,0,68_1172,4,6
40958,2025_040958_0420d927b91592cb,3,67_1172,2,27
40959,2025_040959_430f7d783ff3cbee,0,67_1172,2,2
40962,2025_040962_ff6922b2e91eccaf,3,67_1172,2,31
40964,2025_040964_355b419b725a861e,3,67_1172,2,28
40968,2025_040968_5af0cc0347dab6ad,3,67_1172,2,23
40984,2025_040984_c425a91db050fb04,2,67_1172,2,5
40994,2025_040994_58f12b55b8b3048c,6,67_1172,2,10
40995,2025_040995_f960a8dc3ef1af2b,2,67_1172,2,19
41003,2025_041003_891f6b43e59aa5b6,2,68_1172,4,7
41009,2025_041009_fb8abb2cbeb8bbe4,2,68_1172,4,10
41010,2025_041010_54d712028f19e4e9,2,68_1172,4,4
41019,2025_041019_2c531345cbaaad07,3,67_1172,2,37
41029,2025_041029_f3e7a138ba30cae2,3,67_1172,2,24
41031,2025_041031_8cd9a194971ba3f7,0,67_1172,2,2
41032,2025_041032_285b1c13b0930725,0,67_1172,2,2
41040,2025_041040_5954f3bdd2b52de3,1,68_1172,4,15
41044,2025_041044_9c441eb3da6d27e4,2,67_1172,2,26
41048,2025_041048_478a9080eba6e2c0,3,67_1172,2,4
41055,2025_041055_c15c9b9b851ae797,5,68_1172,4,15
41058,2025_041058_00f5b296b7342775,6,67_1172,2,12
41098,2025_041098_96a3fd2049e1d902,0,68_1172,4,67
41099,2025_041099_fc42dd8cb58073a5,7,68_1172,4,107
41102,2025_041102_9a7a61503379efb3,2,67_1172,2,11
41103,2025_041103_fc68eca2fca107b1,0,67_1172,2,19
41108,2025_041108_d5f582e53855e7be,0,67_1172,2,4
41130,2025_041130_85f2a7f28f0da170,4,67_1172,2,9
41139,2025_041139_6e3578e79376f674,3,67_1172,2,12
41140,2025_041140_af0b07427acb5e19,3,67_1172,2,11
41144,2025_041144_190f908fc945ff4c,1,68_1172,4,21
41145,2025_041145_4257c57e5bd30d81,2,68_1172,4,3
41149,2025_041149_ddddb274cbce9a69,4,68_1172,4,28
41150,2025_041150_db331bfb205b77ab,3,68_1172,4,17
41151,2025_041151_5f3f66d4e151d193,0,68_1172,4,15
41155,2025_041155_b251768759119b3c,7,68_1172,4,2
41160,2025_041160_df3c15a9cd5e4628,2,68_1172,4,2
41162,2025_041162_78f309f9d0367913,2,68_1172,4,14
41163,2025_041163_f2c474381fd558cd,0,68_1172,4,3
41168,2025_041168_92d4c2fcbec7a2be,2,68_1172,4,12
41182,2025_041182_310a2f9009139235,0,68_1172,4,22
41190,2025_041190_21b65fee34479b38,0,67_1172,2,8
41202,2025_041202_10d38d0f342684c5,1,67_1172,2,3
41225,2025_041225_b95abfc7ce6553a4,7,69_1171,3,9
41228,2025_041228_3e3be475af95227e,3,69_1171,3,32
41229,2025_041229_a047c4d68eafe9cf,3,69_1171,3,18
41232,2025_041232_48dce203c287d038,6,69_1171,3,6
41233,2025_041233_6c6941c232d44078,6,69_1171,3,35
41236,2025_041236_2b1baba901a6b28f,7,69_1171,3,4
41239,2025_041239_ee1f0ec8f184ab34,4,67_1173,3,67
41242,2025_041242_17967a5e1c43ccf4,4,67_1173,3,10
41246,2025_041246_a6f48d99108ff31f,0,67_1173,3,2
41247,2025_041247_68fb898412ae4dc9,0,67_1173,3,18
41249,2025_041249_7aac2dd6be5793f8,0,67_1173,3,18
41251,2025_041251_95e6b92dc1ae7cb0,6,67_1173,3,17
41252,2025_041252_d86aa31e711daa0e,1,67_1173,3,12
41254,2025_041254_9a3bf84d8873f7a2,7,67_1173,3,3
41259,2025_041259_3667fedf11c0855e,1,67_1173,3,20
41260,2025_041260_d60338c5b86343a0,7,67_1173,3,5
41264,2025_041264_ef8620d84d13385c,3,67_1173,3,4
41270,2025_041270_4837ab11e8112a51,4,67_1172,2,10
41284,2025_041284_c3dbe65eaafb73c0,1,67_1172,2,22
41288,2025_041288_ca814df82d8051f0,0,67_1172,2,10
41308,2025_041308_af22cd4328ae2f92,0,67_1172,2,12
41309,2025_041309_456b658d6a5673bd,0,67_1172,2,11
41312,2025_041312_57d2b9549170011b,2,67_1172,2,14
41313,2025_041313_9b5bfcbd2831c60f,1,67_1172,2,6
41318,2025_041318_492e09ef4cf209c6,7,67_1172,2,3
41322,2025_041322_1da52b2e4094a4ca,2,67_1172,2,4
41345,2025_041345_dea927dcfa076f06,1,67_1172,2,18
41349,2025_041349_5fd67a19f94e7834,1,67_1172,2,11
41353,2025_041353_63f28cc7aa0db9a7,0,67_1172,2,19
41355,2025_041355_2ed869f67311863c,4,67_1172,2,8
41357,2025_041357_3d8e57b4319cc770,7,67_1172,2,7
41368,2025_041368_d58c3cb248e4d3d7,0,67_1172,2,20
41379,2025_041379_09060d3a24dbc4c9,0,67_1172,2,4
41382,2025_041382_7c7a660270dd3521,0,67_1172,2,24
41383,2025_041383_e560c167d68481b8,0,67_1172,2,7
41386,2025_041386_320a9487d7a66e0a,4,67_1172,2,3
41387,2025_041387_98c55cd2bc2a5d11,2,67_1172,2,6
41393,2025_041393_70305638659a8a18,4,67_1172,2,29
41402,2025_041402_03df424c8f95173d,1,67_1172,2,16
41404,2025_041404_cd1df0272c56e988,0,67_1172,2,22
41406,2025_041406_3a1e3b817ed89d5d,0,67_1172,2,23
41408,2025_041408_f81fe0097d7373d4,0,67_1172,2,4
41409,2025_041409_c6f43ccd1d840203,0,67_1172,2,6
41415,2025_041415_95e805bb523375d2,2,67_1172,2,3
41418,2025_041418_a405272cca293a2d,4,67_1172,2,41
41420,2025_041420_ae73c2cd01e01c49,3,67_1172,2,20
41427,2025_041427_13d024649364a1bc,3,67_1172,2,8
41428,2025_041428_f3ee3d1134972330,3,67_1172,2,5
41429,2025_041429_de146fd1902edbd5,0,67_1172,2,71
41430,2025_041430_1d374ebfef3ba625,0,67_1172,2,6
41436,2025_041436_3f7d3ea9a626cd47,2,67_1172,2,10
41440,2025_041440_c49ee7fb4265e279,2,67_1172,2,14
41443,2025_041443_28ef2acb28218d8c,1,67_1172,2,6
41446,2025_041446_f98a50ed254faa47,0,67_1172,2,10
41450,2025_041450_d7925dc3a49ca011,3,67_1172,2,16
41462,2025_041462_5e062d16d1b6a16b,7,67_1172,2,21
41466,2025_041466_d01a9d3c7ba8beab,7,67_1172,2,62
41468,2025_041468_10508ebe601df90a,3,67_1172,2,18
41472,2025_041472_fd306dc93c845785,3,67_1173,3,51
41477,2025_041477_4e4ff98dcad00a2a,6,67_1173,3,11
41480,2025_041480_73b580166892870d,4,67_1172,2,18
41488,2025_041488_4ec846a5a92e58f2,4,67_1172,2,36
41494,2025_041494_6bc4caf608b9e791,7,67_1172,2,10
41495,2025_041495_0d33501826f5d274,7,67_1173,3,7
41497,2025_041497_94cac9459c28b153,7,67_1173,3,40
41507,2025_041507_0f90f2a2c99d6d3e,1,67_1172,2,14
41512,2025_041512_671d3f32bc6dda02,0,67_1172,2,5
41516,2025_041516_ca298fc461021bc0,0,67_1172,2,77
41536,2025_041536_7849aed279a3a8d7,2,67_1172,2,2
41537,2025_041537_cf163d8c5307115d,2,67_1172,2,16
41538,2025_041538_2458dc749f6eeed6,2,67_1172,2,10
41540,2025_041540_93f19cefe6582e15,3,67_1172,2,25
41546,2025_041546_b73f4d0536bbbed7,7,67_1172,2,17
41556,2025_041556_7b245b5153ea3995,5,67_1172,2,32
41566,2025_041566_ad748f430e13de1a,0,67_1172,2,29
41580,2025_041580_93b5d42d50067cbf,4,67_1172,2,9
41586,2025_041586_ee65b44643ae0a06,0,67_1172,2,6
41591,2025_041591_e55757398c270aed,0,67_1172,2,9
41599,2025_041599_e16f4c9480e792f2,3,67_1172,2,12
41603,2025_041603_d98759ce616da41e,1,67_1172,2,3
41608,2025_041608_c8d9e6ae28b6f407,5,67_1172,2,30
41612,2025_041612_873150c5c8bdc92c,0,67_1172,2,4
41618,2025_041618_4c8c8434d9cc3687,1,67_1172,2,53
41623,2025_041623_cf9f4ce6087e89cc,1,67_1172,2,12
41626,2025_041626_c0b3c757adf1ba5d,1,67_1172,2,9
41631,2025_041631_cbceaa4e736cde9e,7,67_1172,2,28
41639,2025_041639_c9ae6090fbc89a1a,3,67_1172,2,2
41641,2025_041641_144dfb109c42f96c,3,67_1172,2,6
41643,2025_041643_18817643b73ff0fc,3,67_1172,2,13
41647,2025_041647_a4150ba2b95a831e,3,67_1172,2,5
41650,2025_041650_cb681e140894e10d,3,67_1172,2,4
41651,2025_041651_97a4731e27cb66e7,2,67_1172,2,24
41658,2025_041658_506d38d0b5133168,4,67_1172,2,32
41659,2025_041659_07948c46cc38ff3a,2,67_1172,2,23
41661,2025_041661_c12c94007c0eb4d7,0,67_1172,2,2
41662,2025_041662_64d4e5c59db15231,1,67_1172,2,28
41666,2025_041666_0a11a81c7758ee92,6,67_1172,2,46
41667,2025_041667_5355dbc408991304,0,67_1172,2,2
41669,2025_041669_5b35b6539e3897b9,2,67_1172,2,4
41672,2025_041672_7a85270162b8c273,1,67_1172,2,2
41674,2025_041674_e88ffcbf4332ea21,0,67_1172,2,2
41677,2025_041677_2b6ae261571fa31a,0,67_1172,2,3
41686,2025_041686_7a755af3a60b8901,7,67_1172,2,22
41687,2025_041687_d03a33367267308f,0,67_1172,2,2
41690,2025_041690_beffb4b6caa529b8,5,67_1172,2,13
41696,2025_041696_a3ea9d497d7678f5,0,67_1172,2,7
41697,2025_041697_30adcf2a8592b3a2,1,67_1172,2,2
41703,2025_041703_85884e6c01d87b9e,3,67_1172,2,4
41706,2025_041706_c9629dca7af97a36,1,67_1172,2,26
41709,2025_041709_31f9184ee63680f5,0,67_1172,2,6
41732,2025_041732_fe125d2f3c897295,3,67_1172,2,29
41738,2025_041738_f11db62509bc944c,2,67_1172,2,6
41750,2025_041750_c370c0eb3d3d14c6,0,67_1172,2,9
41753,2025_041753_b237739389518f2a,4,67_1172,2,10
41758,2025_041758_5162733ab11b50e1,1,67_1172,2,9
41770,2025_041770_115d89f99653d349,1,67_1172,2,10
41771,2025_041771_0a3fbb755748caa9,7,67_1173,3,14
41778,2025_041778_bfe356575da9f0f8,0,67_1172,2,27
41780,2025_041780_60fb1260cfce1260,7,67_1172,2,12
41782,2025_041782_a18a38f1e7be0e7d,0,67_1172,2,14
41783,2025_041783_9095b216df99be45,7,67_1172,2,3
41787,2025_041787_5fd53d38d71a76f3,6,67_1172,2,24
41789,2025_041789_2d03c593e081db01,7,67_1172,2,3
41794,2025_041794_5aaed48fd6862488,0,67_1172,2,5
41807,2025_041807_26275871cd2a10e0,5,67_1172,2,40
41815,2025_041815_e59295c214bbd0ab,4,67_1172,2,9
41817,2025_041817_58327aed4ef8734f,4,67_1172,2,7
41820,2025_041820_c8ad803acc0e94fc,3,67_1172,2,8
41821,2025_041821_2232f7d67f3950f1,7,67_1172,2,21
41828,2025_041828_2de275022af226ed,7,67_1173,3,33
41840,2025_041840_0a2c69758f7b2728,6,67_1173,3,8
41849,2025_041849_149e8071c6d204db,2,67_1172,2,2
41850,2025_041850_2ef6732b930a85e3,2,67_1172,2,30
41851,2025_041851_a0e1b4b64826b765,1,67_1172,2,22
41852,2025_041852_a328c7e219d2a3a5,3,67_1172,2,2
41853,2025_041853_7f06973473c2be7e,3,67_1172,2,33
41854,2025_041854_0a390d78f8d0137e,3,67_1172,2,3
41856,2025_041856_ab26eec882792a65,0,67_1172,2,2
41858,2025_041858_9e6086a18202e015,1,67_1172,2,11
41862,2025_041862_a065ca2bd6db3735,2,67_1172,2,4
41866,2025_041866_804def4e1aad8282,0,67_1172,2,3
41871,2025_041871_d67dc4704bcc0594,2,67_1172,2,3
41875,2025_041875_c15a56788c9f64a9,7,67_1172,2,6
41876,2025_041876_ccd0cbdbb91f10c1,0,67_1172,2,32
41878,2025_041878_eebf5609dc634941,1,67_1172,2,31
41886,2025_041886_8e859d0963cc7395,0,67_1172,2,11
41893,2025_041893_6407fe309285104c,3,67_1172,2,11
41896,2025_041896_7bef923df54223c2,2,67_1172,2,5
41936,2025_041936_3e5040f4d9827f6c,0,67_1172,2,7
41937,2025_041937_6d12b41d6f39b38a,0,67_1172,2,13
41938,2025_041938_dd7c5d1232a5dd8d,1,67_1172,2,16
41940,2025_041940_abbc81a023d70c60,1,67_1172,2,11
41941,2025_041941_d72be18eb7ef7388,2,67_1172,2,6
41942,2025_041942_a6b03b5a0bcde110,1,67_1172,2,5
41966,2025_041966_81067ff873e8944d,3,67_1172,2,2
41972,2025_041972_fab7fb7e9fef0465,0,67_1172,2,7
41975,2025_041975_3c9ddb2f87640ded,3,67_1172,2,3
41980,2025_041980_3a4895cf5fb20933,0,67_1172,2,9
41985,2025_041985_7ea89c27a22a8a62,4,67_1172,2,7
41987,2025_041987_636b87c54b92f830,0,67_1172,2,4
41994,2025_041994_00d152aba919fcae,0,67_1172,2,11
42012,2025_042012_f861d324698e946f,0,67_1172,2,11
42016,2025_042016_2e99f461cabde409,7,67_1172,2,22
42020,2025_042020_1d0a1d5b84f377b9,0,67_1172,2,4
42041,2025_042041_e5c479673cc6c9dc,7,68_1174,4,2
42043,2025_042043_0e6a6be65b44d549,7,67_1174,3,11
42045,2025_042045_7c8866e60b69b6db,2,68_1174,4,8
42051,2025_042051_29d8aae6636b59b5,5,68_1174,4,19
42052,2025_042052_b51d58b9b553d064,3,68_1174,4,2
42053,2025_042053_2d5a937a04076244,7,68_1174,4,12
42054,2025_042054_153f7ca3ee369bcc,4,69_1174,2,34
42055,2025_042055_cceb693e46fdce23,0,69_1174,2,30
42056,2025_042056_c7dc44c76cc55a55,0,69_1174,2,11
42060,2025_042060_818b89435cbb2908,7,67_1173,3,40
42061,2025_042061_2aca3ee8a3ace7ca,7,67_1173,3,85
42062,2025_042062_ef7bd86d311b76a2,7,67_1173,3,12
42063,2025_042063_333fd85e073d7307,7,67_1173,3,43
42064,2025_042064_63a12ba6a194e076,0,67_1173,3,2
42071,2025_042071_1ee8e47e4bf79f91,7,67_1172,2,2
42072,2025_042072_c776af0262e8f05b,3,67_1172,2,22
42077,2025_042077_8b9895821db2c127,3,67_1172,2,21
42080,2025_042080_06f3e9b0e82cd5db,3,67_1172,2,7
42081,2025_042081_83abe1852e861c06,4,67_1172,2,4
42082,2025_042082_ef58590163442524,7,67_1172,2,8
42083,2025_042083_8cf86208e324afa1,5,67_1172,2,37
42084,2025_042084_3f61f49e194c46cb,7,67_1172,2,74
42087,2025_042087_b4880097c66452ee,2,67_1172,2,10
42088,2025_042088_10aa5f6e819f22eb,3,67_1172,2,3
42090,2025_042090_c1091464284416b6,4,67_1172,2,70
42099,2025_042099_dbd1b7db43b9d857,0,67_1172,2,5
42101,2025_042101_8e231ef30c5f9104,2,67_1172,2,17
42110,2025_042110_76fe7c5a101367fe,1,68_1172,4,8
42112,2025_042112_3d0976027c26c1cf,1,67_1172,2,8
42113,2025_042113_b026357085e104d8,2,68_1172,4,8
42117,2025_042117_9b4ae8094f21d519,2,68_1172,4,3
42120,2025_042120_c3931199b89ffe82,0,67_1172,2,5
42135,2025_042135_ba43beadc5f5d14f,5,67_1172,2,29
42137,2025_042137_308c8dbd4d5e0a66,0,67_1172,2,6
42139,2025_042139_e94e1942a216e925,0,67_1172,2,21
42141,2025_042141_bbe82cfd86e91a0f,1,67_1172,2,3
42144,2025_042144_78bed98cf8982da2,1,67_1172,2,17
42145,2025_042145_2752d375eaa6caf3,1,67_1172,2,15
42152,2025_042152_5d2f1f8c316061c7,1,67_1172,2,14
42155,2025_042155_ffc4cf83f8659c95,1,67_1172,2,19
42159,2025_042159_79bb4e6531094529,7,67_1172,2,6
42163,2025_042163_f982ae3c67ad3125,7,68_1172,4,22
42171,2025_042171_34205d988067ab2c,1,68_1172,4,7
42179,2025_042179_de689d9f0816cd97,1,68_1172,4,9
42188,2025_042188_7b249644f58133de,4,68_1172,4,40
42189,2025_042189_7c0d0bb408c7e593,7,68_1172,4,4
42194,2025_042194_faf3c1e41f6301da,6,68_1172,4,3
42196,2025_042196_500f9d1e6a019e4f,2,68_1172,4,9
42197,2025_042197_d5e8c5a890e6dd8a,4,68_1172,4,6
42200,2025_042200_5b88222f72c98505,7,69_1172,5,2
42201,2025_042201_25640f6a7f8237d0,7,68_1172,4,11
42204,2025_042204_00537f1b3c2f7b7a,7,68_1172,4,3
42208,2025_042208_ab6b587b5c8e86b8,7,68_1172,4,6
42217,2025_042217_1ddd165a9689f784,5,68_1172,4,3
42238,2025_042238_f986dd3e19aeb1ec,7,68_1172,4,5
42241,2025_042241_91a378188853aca3,1,68_1172,4,9
42245,2025_042245_7ac6ed5e31220fda,1,68_1172,4,3
42250,2025_042250_bf589eade3ce1087,0,68_1172,4,3
42253,2025_042253_f2827434b3c29075,1,68_1172,4,3
42261,2025_042261_8e7f485ebce7d705,6,68_1172,4,4
42264,2025_042264_1895fa3179f97f39,7,68_1172,4,22
42269,2025_042269_039ba9976711fa83,7,68_1172,4,3
42277,2025_042277_2cabe8cac5dd7e62,0,68_1172,4,3
42278,2025_042278_ccdc88220e5d0b97,2,68_1172,4,4
42280,2025_042280_f58df2d084b4a89c,2,68_1172,4,29
42281,2025_042281_27fd1efce0ebd79e,2,68_1172,4,15
42283,2025_042283_67f6a77e3828017a,2,68_1172,4,9
42284,2025_042284_8eb09befca298237,1,68_1172,4,15
42288,2025_042288_e061400906a9c1ed,4,68_1172,4,4
42290,2025_042290_affc78f278a7e013,2,67_1172,2,10
42291,2025_042291_e1f16a355f6fcbd8,2,67_1172,2,13
42295,2025_042295_9caecb09142380e3,4,67_1172,2,11
42296,2025_042296_cea51f48f41ee45c,1,67_1172,2,4
42298,2025_042298_df669920eb2bac85,0,67_1172,2,5
42300,2025_042300_a667a15aa134eb40,7,67_1172,2,6
42306,2025_042306_c2fcb52f8786d762,7,68_1172,4,5
42313,2025_042313_a3bb987af2e5e488,1,68_1172,4,11
42314,2025_042314_84225eff72c08992,1,68_1172,4,10
42315,2025_042315_9294a47ee18b54f7,1,68_1172,4,15
42318,2025_042318_b1c9bf82e94e9ad0,0,68_1172,4,7
42322,2025_042322_eef4b034f92d9453,1,68_1172,4,7
42332,2025_042332_bd4233d897e2272d,7,68_1172,4,4
42341,2025_042341_8ab82a1fccb986ab,7,68_1172,4,2
42342,2025_042342_c8a9487a723caa6b,7,68_1172,4,7
42343,2025_042343_a5133c4884526cfd,3,68_1172,4,15
42344,2025_042344_6786a0f271a7f9b6,4,68_1172,4,28
42346,2025_042346_51554e140cb6144d,7,67_1172,2,50
42347,2025_042347_08a2a02a8baf97c1,7,67_1172,2,25
42349,2025_042349_23a45a40f4b0ae82,7,68_1172,4,29
42357,2025_042357_9e017b0b9bdf6f98,1,68_1172,4,35
42362,2025_042362_1dc3b9cda8b0b919,0,68_1172,4,14
42368,2025_042368_8a9b465feb571c51,3,68_1172,4,4
42369,2025_042369_cc91b1b92880176c,7,68_1172,4,2
42370,2025_042370_ba3b2dc2e8ef4dd1,7,68_1172,4,16
42384,2025_042384_9c6e172e582584b6,7,68_1172,4,10
42391,2025_042391_b42900d9b623ff73,7,68_1172,4,9
42396,2025_042396_9857dbaf724ea662,7,68_1172,4,13
42397,2025_042397_9e5369bf2ad3427c,0,68_1172,4,5
42402,2025_042402_e00fddd1a763a48c,7,69_1172,5,36
42403,2025_042403_336377e35c08ac83,7,69_1172,5,2
42404,2025_042404_a51f45049efd8058,3,68_1172,4,12
42410,2025_042410_ccc3102e1f8f3b3c,0,68_1172,4,3
42417,2025_042417_88d752c33cd20c5e,6,68_1172,4,9
42422,2025_042422_c2d46f03c8eca994,6,68_1172,4,3
42436,2025_042436_210e245ab263a636,6,68_1172,4,7
42446,2025_042446_c261d17f9883f04c,7,68_1172,4,13
42469,2025_042469_807bed745fd6bfa2,4,67_1172,2,26
42471,2025_042471_58dadf6b98237499,2,67_1172,2,37
42472,2025_042472_56f04b7303b09ef6,2,67_1172,2,10
42482,2025_042482_d0e7a5b32ecd7230,7,67_1173,3,3
42490,2025_042490_86d053e66347f388,2,67_1172,2,6
42496,2025_042496_df84531be2c1ac56,7,67_1173,3,38
42498,2025_042498_fcece011e12f9140,7,67_1172,2,3
42499,2025_042499_54670a52759c45a8,7,68_1172,4,6
42501,2025_042501_54b7ab5e9b0aa20b,7,68_1172,4,6
42508,2025_042508_dacfd73cee7dd4f9,7,68_1172,4,35
42515,2025_042515_3686653dd0382fbe,7,68_1173,5,96
42517,2025_042517_f08a855be1e8e864,0,68_1172,4,6
42520,2025_042520_d91700315d4bd35d,0,68_1172,4,8
42522,2025_042522_dac906ac9341d72e,7,68_1173,5,7
42523,2025_042523_78529ed9c3d49de5,7,68_1172,4,9
42524,2025_042524_90cb788fe60cecf2,7,68_1173,5,4
42525,2025_042525_b5b4fb5e90df3333,7,68_1173,5,115
42534,2025_042534_a80d7a796a6306ff,7,68_1172,4,2
42535,2025_042535_a20b10f9242e8247,6,69_1172,5,30
42537,2025_042537_ad06a6f17cf28182,7,69_1172,5,6
42549,2025_042549_4411fe670d6909d2,1,69_1172,5,3
42552,2025_042552_fdbc0b885ac501ef,2,69_1172,5,10
42553,2025_042553_da795493624720a4,2,69_1172,5,5
42556,2025_042556_75a9cec2ccb3a0dd,6,68_1172,4,3
42591,2025_042591_0919ff9c00bc3224,3,68_1172,4,15
42594,2025_042594_5e018deda94681a2,3,68_1172,4,8
42598,2025_042598_f7c3ba9659e16726,3,68_1172,4,8
42603,2025_042603_23ff08068221304e,0,68_1172,4,11
42606,2025_042606_212d31d943c8795e,7,68_1172,4,8
42607,2025_042607_63d880ab7423c4e3,7,68_1172,4,21
42619,2025_042619_9bd5cf1a87613e91,4,68_1172,4,2
42620,2025_042620_25d586e0fec4b881,4,68_1172,4,21
42621,2025_042621_803c6adbb1680a09,7,68_1172,4,32
42622,2025_042622_d63a76968f6df0c0,0,68_1172,4,9
42624,2025_042624_ea53c0000e4f4d13,1,68_1172,4,15
42631,2025_042631_7519e87059d3e60f,0,68_1172,4,8
42635,2025_042635_996571af2f60f107,0,68_1172,4,4
42637,2025_042637_4657938197c6c6f8,0,68_1172,4,2
42652,2025_042652_1aad34964bf38023,0,68_1172,4,12
42659,2025_042659_8300fef1db2c854e,3,69_1173,4,8
42660,2025_042660_7565e19b918c6b2e,7,69_1173,4,4
42661,2025_042661_9c47c2cf127e32f6,7,69_1173,4,22
42666,2025_042666_ac6ec71b3436966f,3,69_1173,4,11
42670,2025_042670_96fc2aae1964aa41,7,69_1173,4,4
42681,2025_042681_abd242904c612821,7,69_1173,4,20
42688,2025_042688_8822c9c4134be6aa,3,69_1173,4,63
42690,2025_042690_41e7e80d5c39e9cc,1,69_1172,5,4
42696,2025_042696_8e32cc2e37c303d7,3,69_1173,4,15
42700,2025_042700_9351022dd119e937,2,69_1172,5,7
42707,2025_042707_82276685e9507fcf,1,69_1173,4,13
42715,2025_042715_c7d3c6af91407cca,1,69_1173,4,12
42744,2025_042744_7c36708fb44ff8a6,0,69_1173,4,6
42748,2025_042748_c662e9d396778172,7,68_1173,5,4
42753,2025_042753_5efaf37a0984b319,7,68_1173,5,3
42756,2025_042756_484dcce224d2c201,1,68_1173,5,9
42759,2025_042759_15a625cbfc1927b4,1,68_1173,5,11
42762,2025_042762_41ef9160e0925db5,1,68_1173,5,9
42766,2025_042766_3629bd77c873a4d5,2,68_1173,5,11
42789,2025_042789_66567034937790e5,2,67_1173,3,6
42790,2025_042790_0f915bcc1f158acf,7,67_1173,3,88
42791,2025_042791_38547fbec73127d3,7,67_1173,3,18
42792,2025_042792_aca6497c9aae89c2,7,67_1173,3,178
42805,2025_042805_a64b3e960cd9e309,3,68_1173,5,9
42806,2025_042806_d8f03e59c42ed25b,3,68_1173,5,4
42818,2025_042818_e37f746f94fdff87,0,68_1173,5,14
42819,2025_042819_91505040d55a663c,7,67_1173,3,68
42836,2025_042836_c670f3f2bf8fdd73,0,68_1173,5,11
42838,2025_042838_f6c0b31b0b3a4ed9,7,68_1173,5,23
42841,2025_042841_8d4a76e96b154091,2,68_1173,5,11
42844,2025_042844_99631300f3728ae0,3,68_1173,5,20
42848,2025_042848_14aea6e2b4ec5e21,7,68_1173,5,4
42849,2025_042849_6710ccd7de05ce75,0,67_1173,3,6
42852,2025_042852_41e76ae0ad421091,1,68_1173,5,6
42857,2025_042857_26340a6f11dc45f7,0,68_1173,5,6
42858,2025_042858_e2b3f720a7a9eb07,0,68_1173,5,5
42864,2025_042864_69dd2b7ef8a12986,0,68_1173,5,8
42866,2025_042866_fef717390ddd9030,7,68_1173,5,4
42867,2025_042867_21b4842591e1d6ba,7,69_1173,4,6
42868,2025_042868_50f815993d46dfe1,4,69_1173,4,12
42871,2025_042871_89bf3b8e1aac3eaa,4,69_1173,4,7
42888,2025_042888_30d8f8105061f5cf,7,69_1173,4,18
42891,2025_042891_d1f0bb6459794811,0,69_1173,4,3
42903,2025_042903_38b0b34488e02787,3,68_1173,5,10
42910,2025_042910_a1a8878d38a46a55,3,68_1173,5,10
42912,2025_042912_ccd0037a11469048,3,68_1173,5,8
42915,2025_042915_b8a7b11b0de334ea,2,68_1173,5,60
42916,2025_042916_1102335648f7583f,2,68_1173,5,27
42922,2025_042922_db2bd29d62836ba9,3,68_1173,5,17
42940,2025_042940_79f4704dba3095c4,2,68_1173,5,10
42949,2025_042949_f4fe25db00cc5e46,3,69_1173,4,9
42950,2025_042950_7576bc08a1607901,0,69_1173,4,4
42955,2025_042955_93f7f6e87eed4b82,0,69_1173,4,2
42959,2025_042959_3c84c13af4289b7e,3,69_1173,4,5
42960,2025_042960_9c6a4e76a5eda1ef,1,69_1173,4,11
42961,2025_042961_b8b1e1eb9135d8b2,2,68_1173,5,63
42962,2025_042962_474802505eecc7b3,0,69_1173,4,21
42965,2025_042965_039067a0c2f826d2,3,69_1173,4,3
42969,2025_042969_9673b158d1e52293,3,69_1173,4,2
42970,2025_042970_f57b4e14ac3fdec6,1,69_1173,4,7
42980,2025_042980_42c8f6975aa87274,0,69_1173,4,6
42984,2025_042984_8f5c056f55e54d8b,0,69_1173,4,7
42985,2025_042985_34f537e4e2df87f4,1,69_1173,4,4
42986,2025_042986_a76ada71886a5cad,3,69_1173,4,24
42987,2025_042987_2a1aeba146a2368d,0,69_1173,4,5
42988,2025_042988_002ed72858186434,0,69_1173,4,4
42994,2025_042994_fc0c0cbfbd58fcc7,7,68_1173,5,3
42996,2025_042996_47a5fa41a370e59b,1,68_1173,5,9
43012,2025_043012_79c8c3de1a83fe38,1,68_1173,5,2
43014,2025_043014_8aee7be117a0938b,1,68_1173,5,9
43022,2025_043022_6081b29ffdd894d1,1,69_1173,4,3
43024,2025_043024_6843530e673a900e,1,69_1173,4,2
43025,2025_043025_1d58d38a41a57630,1,69_1173,4,8
43026,2025_043026_b95b215061fcd666,1,69_1173,4,6
43032,2025_043032_cf4e4da62a121d9a,0,69_1173,4,8
43039,2025_043039_9694ba80d18d2654,0,69_1173,4,2
43041,2025_043041_fbaa14323e78db49,0,69_1173,4,13
43042,2025_043042_38b5d7fe9bddc228,2,69_1173,4,11
43043,2025_043043_80ed6a78243ed470,0,68_1173,5,3
43049,2025_043049_7a590ac19bc3abcb,1,68_1173,5,3
43054,2025_043054_da80dde0de08d825,7,68_1173,5,51
43082,2025_043082_67aa418d00d4eee7,4,69_1172,5,20
43083,2025_043083_a44a121d5f443ccc,4,69_1172,5,29
43086,2025_043086_38e541515b340995,1,69_1173,4,44
43092,2025_043092_7bfb2aafe0525901,2,69_1173,4,30
43096,2025_043096_83e3e0ce377583ee,0,69_1173,4,3
43098,2025_043098_6c3bcb9f4604a0bf,1,69_1173,4,14
43113,2025_043113_0b028b842a4984ff,1,68_1172,4,23
43116,2025_043116_1413742ca9c2d93b,1,68_1172,4,5
43135,2025_043135_4b38eeb3466a6930,0,68_1172,4,19
43145,2025_043145_7aa85fb5377ab92a,3,68_1172,4,22
43146,2025_043146_b8dbb5ca7d2a263d,1,67_1172,2,17
43149,2025_043149_95d8c978ebd6e5ee,1,67_1172,2,29
43152,2025_043152_0b90a1af31c9b807,3,67_1172,2,35
43156,2025_043156_3fd7b7880367c8bb,0,67_1172,2,4
43160,2025_043160_456e2c948be3e26b,0,67_1172,2,5
43167,2025_043167_218cc8bbf4d2edf9,2,67_1172,2,10
43170,2025_043170_8b117ae00a75a627,4,67_1172,2,77
43200,2025_043200_5da2e8a75be07cab,0,67_1173,3,2
43201,2025_043201_97c7c3a95cb4d7b8,1,67_1173,3,3
43212,2025_043212_ccf9ff6c8108875c,3,67_1174,3,8
43218,2025_043218_b21d68f5e8b6c6ad,3,67_1174,3,3
43221,2025_043221_cf273f4787dc1997,4,67_1174,3,27
43227,2025_043227_2e114cd941ef76c4,3,67_1174,3,5
43230,2025_043230_1da660b73ae1d1c1,2,67_1174,3,6
43236,2025_043236_0b093075c5cb2746,3,67_1174,3,3
43243,2025_043243_1940c7d99205edf8,6,67_1174,3,15
43247,2025_043247_3d27274aef92ef0c,2,67_1174,3,2
43267,2025_043267_a63fd06f2c638cec,3,67_1174,3,4
43268,2025_043268_56af4db868a212b2,3,67_1174,3,10
43269,2025_043269_174b128f000f9f42,6,67_1174,3,16
43270,2025_043270_8f852868ce4bd855,6,67_1174,3,10
43272,2025_043272_ba2685a26f53a7a5,3,67_1174,3,7
43275,2025_043275_cd28428d74e2f861,1,67_1174,3,2
43278,2025_043278_e46255424fde2a09,7,67_1174,3,3
43285,2025_043285_ac3968ba1b7989a6,0,67_1173,3,3
43286,2025_043286_1dbfae14302e50a9,0,67_1173,3,2
43295,2025_043295_4781d0e11245de6e,1,67_1173,3,4
43298,2025_043298_6bb0827535794b2d,1,68_1173,5,8
43300,2025_043300_1845cb05f0f272a7,0,68_1173,5,3
43302,2025_043302_a8100bdafb215fcc,0,68_1173,5,6
43305,2025_043305_094e04a35adca782,0,68_1173,5,2
43306,2025_043306_da5c952771bd8460,0,68_1173,5,7
43307,2025_043307_e06c68af0e86b84e,7,67_1173,3,3
43311,2025_043311_a92af76415ffc355,0,67_1173,3,2
43318,2025_043318_0407e75116b17ca5,1,67_1173,3,6
43319,2025_043319_c32b2e7b14316b2a,0,68_1173,5,3
43323,2025_043323_215fa5ac0a598b0c,0,67_1173,3,2
43326,2025_043326_69a7b879527ac5f9,0,67_1173,3,3
43328,2025_043328_7f7206496e453da6,1,68_1173,5,8
43339,2025_043339_efc4a438469cf19f,1,68_1173,5,2
43341,2025_043341_82b0f5dadc105076,0,67_1173,3,4
43349,2025_043349_573978c4acd7637f,0,67_1173,3,4
43350,2025_043350_0db344ecdb91f7ff,7,67_1173,3,7
43359,2025_043359_ab33cb46c89facd7,1,67_1173,3,3
43369,2025_043369_4229cea6e0bd6b90,0,68_1173,5,6
43373,2025_043373_e1129f8661b209b8,0,67_1173,3,2
43378,2025_043378_6a2a4751cf685405,0,67_1173,3,4
43388,2025_043388_534a49cb70bc6f9f,0,67_1173,3,2
43393,2025_043393_9349b2566ba02f01,0,68_1173,5,5
43398,2025_043398_e4844c8354fe05c7,7,67_1173,3,6
43423,2025_043423_39c08c0f7a9b0040,0,67_1173,3,6
43426,2025_043426_b78ef15c0c3aa9cf,0,67_1173,3,6
43430,2025_043430_37ce70227e0cd775,0,67_1173,3,7
43436,2025_043436_6b279e707aeb02eb,0,67_1173,3,5
43440,2025_043440_6459340f224e367e,2,67_1173,3,7
43454,2025_043454_d5b101c89c0eae93,0,68_1174,4,10
43459,2025_043459_61f7f7011d64a5fd,1,68_1174,4,5
43480,2025_043480_7cb06a170ae78289,0,67_1174,3,2
43489,2025_043489_f9b810f6ea553977,0,68_1173,5,6
43494,2025_043494_fdffc89c62a37988,0,68_1173,5,5
43505,2025_043505_1b303a018231a05e,7,68_1173,5,4
43513,2025_043513_83c6781fd3a04b50,0,68_1173,5,4
43522,2025_043522_f82107beeaf7f3fc,3,68_1173,5,4
43525,2025_043525_1929a14c61d1fc86,3,68_1173,5,25
43527,2025_043527_607282b1a4513a97,0,67_1173,3,7
43528,2025_043528_afe29ba76ac4c6bd,0,68_1173,5,7
43529,2025_043529_f85e9d9ed2fa3104,0,68_1173,5,15
43530,2025_043530_6ca572c7914b680b,7,67_1173,3,6
43534,2025_043534_3007bca432acdf57,0,67_1173,3,4
43535,2025_043535_254af7d4fd65e6be,0,68_1173,5,11
43538,2025_043538_f363c2d90f1b515f,3,68_1174,4,36
43541,2025_043541_e801ac69c0343f51,6,68_1174,4,39
43543,2025_043543_d2240a76ce6e86bb,7,68_1174,4,19
43545,2025_043545_046758bfa22c0657,3,68_1174,4,58
43552,2025_043552_81705b251db00929,6,68_1174,4,3
43556,2025_043556_00e7c630d36b58d1,3,68_1174,4,37
43563,2025_043563_d96d1a0799a8e0bf,2,68_1174,4,44
43573,2025_043573_23df45ce35a56de5,1,68_1174,4,4
43580,2025_043580_1586b4c7691206d7,1,68_1174,4,8
43596,2025_043596_f24ccb3bf8192a40,7,68_1174,4,5
43608,2025_043608_137313cb4f91de7a,1,68_1174,4,8
43609,2025_043609_544e1e02dd94d2e0,1,68_1174,4,4
43615,2025_043615_032862bc7ca71ab8,0,67_1173,3,4
43625,2025_043625_13b87c1f42690607,1,68_1173,5,15
43629,2025_043629_f3ede4f9fedaa9e7,1,68_1173,5,14
43630,2025_043630_48c0a538e0f03ac8,0,68_1173,5,24
43632,2025_043632_4213d6f93f88ca8f,1,68_1173,5,7
43636,2025_043636_d5908c305a7638ea,0,68_1173,5,17
43644,2025_043644_c83131b36a4d3379,1,68_1173,5,6
43653,2025_043653_1364ef0d8f411960,0,67_1173,3,10
43654,2025_043654_a86b516c357e9ea3,7,68_1173,5,15
43660,2025_043660_ae1365cec3edbebe,0,68_1173,5,9
43662,2025_043662_1c5e9c2c7d7b7e4a,2,68_1173,5,30
43664,2025_043664_b91d454f3332d245,0,68_1173,5,17
43666,2025_043666_ac0afd9c3b9e29e5,6,68_1173,5,32
43670,2025_043670_aa610ef9f08cea77,3,68_1173,5,4
43677,2025_043677_39b7c1756fa2ada3,1,68_1173,5,86
43683,2025_043683_b888008b7b6c187e,3,68_1173,5,15
43688,2025_043688_d7d5d492d02dbf8c,6,68_1173,5,21
43692,2025_043692_bdb8397d06d7524d,2,68_1173,5,17
43701,2025_043701_709b499fe93567f2,4,68_1174,4,30
43713,2025_043713_15bc4b637ee9a410,3,68_1174,4,29
43714,2025_043714_a05775054c2687bd,6,68_1174,4,39
43718,2025_043718_c58afdc4f81d1024,6,68_1174,4,58
43721,2025_043721_4abee914c90ca668,4,68_1174,4,19
43739,2025_043739_3547f46473a946fc,6,68_1174,4,2
43740,2025_043740_4933a613212f7bda,2,68_1174,4,18
43741,2025_043741_eda75215265bf03e,1,68_1174,4,5
43742,2025_043742_6478758076a4df68,2,68_1173,5,23
43759,2025_043759_80c5128cc92d6782,1,68_1174,4,9
43770,2025_043770_1b7ba60e519057b8,3,68_1174,4,37
43780,2025_043780_8f65aada7ac18f44,7,68_1173,5,12
43781,2025_043781_eb222286efa676b7,2,68_1173,5,11
43782,2025_043782_b0bb1927506b5f0f,3,68_1173,5,18
43787,2025_043787_48139c1e947a3aa5,0,68_1173,5,8
43789,2025_043789_994b599eed79f123,3,68_1173,5,11
43797,2025_043797_e27d29722d2f3b1a,3,68_1173,5,2
43806,2025_043806_45e5638babd65023,2,68_1173,5,14
43809,2025_043809_420dccc6a1c266bb,7,68_1173,5,3
43818,2025_043818_f2236d1a540c17ba,7,68_1173,5,11
43825,2025_043825_f91d7c5d2f4f8718,7,68_1173,5,8
43830,2025_043830_da9e96723f6f50df,0,68_1173,5,3
43836,2025_043836_1feb2a51a56a5770,0,68_1173,5,2
43851,2025_043851_fb6901c82a6911e2,0,68_1173,5,2
43872,2025_043872_ce29a9c47c8e22ce,0,68_1173,5,4
43877,2025_043877_97e182bab279d02c,2,68_1173,5,9
43882,2025_043882_ec3c46a75504826c,1,68_1173,5,36
43884,2025_043884_d256e1605a6d4508,2,68_1173,5,27
43903,2025_043903_14d1c80a80a7d6ec,0,68_1173,5,11
43912,2025_043912_9a4819a9d746464c,0,68_1173,5,11
43915,2025_043915_e07d55fd9c216454,0,68_1173,5,11
43921,2025_043921_345af9ebb3dbfe22,4,68_1173,5,20
43940,2025_043940_45b855832c0f4d35,3,68_1173,5,12
43942,2025_043942_aef0a2fc6ab3ecc0,0,68_1173,5,37
43953,2025_043953_8b9762ef6a9fb7f0,4,68_1173,5,7
43954,2025_043954_d286991b839275c1,7,68_1173,5,17
43955,2025_043955_1393e0336b9bc13d,5,68_1173,5,28
43968,2025_043968_e3b532d59638c5a9,6,68_1173,5,6
43980,2025_043980_bf1ca4bd6ecb6e9e,3,68_1173,5,46
43982,2025_043982_a250e8f10f27c128,7,68_1173,5,31
43983,2025_043983_b61d7a33c8f07528,2,68_1173,5,13
43985,2025_043985_3db06f358f4b5599,2,68_1173,5,7
43986,2025_043986_493fd404eb3d19a7,0,68_1173,5,26
43989,2025_043989_b92a06cc4e5f1690,3,68_1173,5,13
43995,2025_043995_50eafde98086849f,3,68_1173,5,8
44014,2025_044014_1d8c25471bcc2009,7,68_1173,5,30
44022,2025_044022_5366e9b522a634bc,2,68_1173,5,33
44023,2025_044023_2d271a1c80a70b7d,1,68_1173,5,26
44030,2025_044030_919573818b3e73dd,2,68_1173,5,9
44035,2025_044035_54648cd3564497fa,2,68_1173,5,2
44040,2025_044040_6b20867e941fcf1e,3,68_1173,5,21
44045,2025_044045_8887ca287ed87f9a,3,68_1174,4,26
44053,2025_044053_23b9cb755e354cf5,3,68_1174,4,10
44054,2025_044054_b350ed9bf5ffaa2a,4,68_1174,4,9
44055,2025_044055_5c162c801c45ddd1,6,68_1174,4,14
44056,2025_044056_800eed8c2cee4d47,2,68_1174,4,8
44058,2025_044058_5fb2849f7626fd74,3,68_1173,5,9
44067,2025_044067_9985e68827001788,3,68_1173,5,2
44070,2025_044070_9e798712a70d6bf2,4,68_1174,4,22
44073,2025_044073_ea1c99d4d1faf636,3,68_1174,4,9
44075,2025_044075_a1261871d307ce08,1,68_1174,4,4
44082,2025_044082_8904814e35bc57cf,6,68_1174,4,21
44085,2025_044085_c9a795aae0962031,4,68_1174,4,12
44088,2025_044088_b3d6f944bb05790e,4,68_1174,4,11
44093,2025_044093_c511d6982560cf05,1,68_1174,4,6
44118,2025_044118_37ef18cce02a7243,2,68_1173,5,8
44126,2025_044126_4e9aa9e01c823f80,7,68_1173,5,21
44132,2025_044132_9581ceed710ca9b8,1,68_1173,5,16
44137,2025_044137_d5b8b49990de22fc,0,68_1173,5,17
44147,2025_044147_b0a45f81e8f37d22,0,68_1173,5,6
44154,2025_044154_31bb7b075075486b,1,68_1173,5,22
44170,2025_044170_a113555f2a0b75c3,1,68_1173,5,17
44175,2025_044175_74aa87ae254f81ed,2,68_1173,5,2
44176,2025_044176_812e7af0c6ba0e29,2,68_1173,5,16
44181,2025_044181_224ba389f5b5530e,4,68_1173,5,7
44188,2025_044188_df9c577da779ec40,0,68_1173,5,3
44191,2025_044191_c295c5a09a244c20,0,68_1173,5,6
44199,2025_044199_6b662962ed77dfaf,3,68_1173,5,22
44200,2025_044200_985b2f3ceb168b32,2,68_1173,5,8
44205,2025_044205_881b6f7a77c8c626,1,68_1173,5,10
44212,2025_044212_e2d6ecb6518f210e,0,68_1173,5,3
44214,2025_044214_bf225da126d4bb48,6,68_1174,4,8
44217,2025_044217_9b432a847f52350f,3,68_1174,4,3
44220,2025_044220_acb52e8e7b2de8f4,3,68_1174,4,2
44222,2025_044222_79cf92592f604521,3,68_1174,4,7
44227,2025_044227_f59aa69783011b25,3,68_1174,4,7
44247,2025_044247_f29f0f5f6e194207,0,68_1173,5,8
44252,2025_044252_05dd67e8775379ce,0,68_1173,5,4
44255,2025_044255_ca0880d6e8eeea3b,2,68_1173,5,10
44264,2025_044264_d460419608c21eef,2,68_1173,5,39
44267,2025_044267_c1dea92636527b79,3,68_1173,5,6
44272,2025_044272_663246c01b71c1a9,6,68_1174,4,13
44284,2025_044284_c3948b5e2cd409ba,7,68_1174,4,7
44296,2025_044296_5c5d0e2d19830d9c,2,68_1173,5,7
44299,2025_044299_42a4bb21aaa9a240,0,68_1173,5,4
44311,2025_044311_b71e0dd1421440aa,7,68_1173,5,8
44317,2025_044317_77501c4c8b5f9c48,6,68_1173,5,5
44320,2025_044320_4875de2c5535ca60,3,68_1174,4,6
44321,2025_044321_e2bfe1df5aec6166,1,68_1174,4,24
44323,2025_044323_bcca83a0faf45df6,3,68_1174,4,11
44326,2025_044326_53ee01953ec8efd5,0,68_1174,4,34
44328,2025_044328_69e3e62bcee8cc8c,1,68_1174,4,4
44334,2025_044334_751ff4d716122d83,1,68_1174,4,11
44336,2025_044336_aea6eaaf5fc9ba8a,3,68_1173,5,38
44339,2025_044339_9cb395e2587b077b,3,68_1174,4,6
44340,2025_044340_b4f78990936258d7,2,68_1174,4,16
44341,2025_044341_dc359d546b56f99a,1,68_1174,4,12
44342,2025_044342_29593d302d7f07c6,3,68_1174,4,10
44344,2025_044344_68762dfca3f3114e,1,68_1174,4,17
44347,2025_044347_de0af4c641d58582,1,68_1174,4,18
44363,2025_044363_a9c41f1b4a6a44c4,3,68_1173,5,3
44390,2025_044390_3deb1f4c1d15928c,3,68_1173,5,13
44391,2025_044391_7d0930a74fedafbb,0,68_1173,5,3
44419,2025_044419_52145d918813b323,0,68_1173,5,9
44425,2025_044425_b728fd6850ecf753,1,68_1173,5,4
44432,2025_044432_b227da0673a6a145,1,68_1173,5,5
44442,2025_044442_c687b0f3c381bdee,0,68_1173,5,3
44445,2025_044445_e5c17765602a8bba,0,68_1173,5,2
44451,2025_044451_7311acd8940dede2,2,68_1173,5,16
44452,2025_044452_2a39a252e85ee5e7,7,68_1173,5,48
44469,2025_044469_43929b76fce1053c,2,68_1173,5,9
44489,2025_044489_74e4793db9e3237b,2,68_1173,5,7
44490,2025_044490_f581792a3740541c,6,68_1173,5,4
44492,2025_044492_70ca04131f6a3890,7,68_1173,5,11
44515,2025_044515_c2020042efe0d115,4,68_1174,4,17
44516,2025_044516_1f17d0258a22bb93,4,68_1174,4,46
44517,2025_044517_7cc47621bcaf0327,3,68_1174,4,9
44518,2025_044518_f14bd7f20cd6d522,3,68_1174,4,18
44526,2025_044526_a806bcda5fdae115,7,67_1173,3,8
44538,2025_044538_017143bee11a5309,3,67_1174,3,12
44541,2025_044541_8313e74d40dbc0ba,3,67_1174,3,8
44546,2025_044546_60ebdda299d6d0e8,3,67_1174,3,17
44552,2025_044552_a5c15ea5046e78dc,0,67_1174,3,25
44560,2025_044560_71b23cd0631d1d5b,6,68_1174,4,10
44567,2025_044567_71d39cb2dc371684,7,68_1175,4,29
44572,2025_044572_d236a3f7a170daf0,7,68_1175,4,57
44577,2025_044577_fa79b62aae897a68,7,67_1174,3,28
44592,2025_044592_6cd1fa0b872dc350,3,68_1174,4,8
44596,2025_044596_2c838ba404895719,0,67_1174,3,7
44606,2025_044606_0029c6bb78473a81,0,67_1174,3,12
44614,2025_044614_05001379d88f1995,0,67_1174,3,3
44620,2025_044620_354b6a15de9e6bd6,1,67_1174,3,7
44625,2025_044625_7fafcc8499095439,1,67_1174,3,3
44633,2025_044633_9a7c94c7b42cd4eb,0,67_1174,3,42
44640,2025_044640_041aa91bd6c82a06,0,67_1174,3,3
44651,2025_044651_4addd31c51a33a1a,2,67_1174,3,4
44661,2025_044661_60bca04ab6286151,0,67_1174,3,4
44664,2025_044664_dbcae670eb764aea,0,67_1174,3,3
44675,2025_044675_bfd9b05599ddf820,3,67_1174,3,12
44677,2025_044677_2ff001b0f35b1df5,0,67_1174,3,8
44680,2025_044680_ae5d7a2cc748c984,3,67_1174,3,13
44692,2025_044692_f33e7f76e0e27e91,0,67_1174,3,7
44693,2025_044693_a22bf721fb1a1d43,0,67_1174,3,8
44694,2025_044694_88d04cd07beffa2f,0,67_1174,3,10
44695,2025_044695_785c4979fff39a77,0,67_1174,3,10
44696,2025_044696_7d8a78f37d105866,0,67_1174,3,4
44703,2025_044703_92415b6d6e6409fe,2,67_1174,3,9
44720,2025_044720_d8b287b072830fb2,0,67_1174,3,3
44730,2025_044730_b5b6bb0bca6f0d8b,3,67_1174,3,8
44737,2025_044737_e817773e4fbcc5e3,1,67_1174,3,4
44741,2025_044741_5d0aeaf263600815,0,67_1174,3,8
44756,2025_044756_c7da84c9dd91fde3,0,67_1174,3,9
44769,2025_044769_c9abcd627a233222,0,67_1174,3,8
44782,2025_044782_e99d6628b7f47e55,0,67_1174,3,3
44813,2025_044813_df1c7bba00128017,7,67_1174,3,2
44815,2025_044815_6dd3bf891f317591,1,67_1174,3,7
44830,2025_044830_ac1cb6064d4fedc6,0,67_1174,3,22
44832,2025_044832_3a572e161d13d340,0,67_1174,3,2
44844,2025_044844_14401d734c0e5bad,0,67_1174,3,12
44846,2025_044846_3d2f04b1d176b851,0,67_1174,3,10
44861,2025_044861_c862c884c010d3c7,0,67_1174,3,16
44872,2025_044872_e7e841165bb52f6f,0,67_1174,3,8
44875,2025_044875_f958eac395ae7911,3,67_1174,3,30
44877,2025_044877_567e067ea29903e3,2,67_1174,3,20
44891,2025_044891_adb4fee198c0c95c,0,67_1174,3,18
44892,2025_044892_43f12d6db4493559,0,67_1174,3,18
44893,2025_044893_0d91a903ffa5b9e4,0,67_1174,3,3
44897,2025_044897_3c01ffbbe999e60f,0,67_1174,3,15
44900,2025_044900_d394d187774a216a,0,67_1174,3,14
44901,2025_044901_5d3258172128d75e,0,67_1174,3,2
44905,2025_044905_d05ece7ffd0955af,0,67_1174,3,5
44907,2025_044907_b53a642d8ffcfbc8,7,67_1174,3,9
44912,2025_044912_b9b5e32f63020497,0,67_1174,3,4
44928,2025_044928_997f6c3e23fa2c70,0,67_1174,3,7
44938,2025_044938_61d767b8e7d00673,2,67_1174,3,3
44951,2025_044951_13cfd46ef514a90f,0,67_1174,3,4
44956,2025_044956_256b3491f63cffe9,0,67_1174,3,6
44974,2025_044974_744e9461cfda7ab3,0,67_1174,3,12
44980,2025_044980_75be177671e45dc9,0,67_1174,3,2
44985,2025_044985_8736a7df4329409c,0,67_1174,3,10
44986,2025_044986_69501dc0ef58ecad,2,67_1174,3,34
44990,2025_044990_7f4f050213953723,7,67_1174,3,4
45013,2025_045013_0df68c655f7a3f12,0,67_1174,3,2
45016,2025_045016_59d591cb3e8047b0,3,67_1174,3,4
45021,2025_045021_0f7c861417da4128,7,67_1174,3,2
45022,2025_045022_6483c9ce396273c7,7,67_1174,3,2
45028,2025_045028_27070a6fb20ce52b,7,67_1174,3,4
45030,2025_045030_9fabdac85d800704,0,67_1174,3,3
45036,2025_045036_09507ff69d0d4e91,7,67_1174,3,15
45037,2025_045037_71fa8efb57683e6a,7,67_1174,3,3
45049,2025_045049_52a10c1f2ce07760,0,67_1174,3,5
45061,2025_045061_0ea2ab840df97e35,7,67_1174,3,2
45065,2025_045065_39b807b881bd9de1,7,67_1174,3,2
45074,2025_045074_0b83afa3fd1960b5,7,67_1175,2,8
45075,2025_045075_b3c994b4cfa29e77,7,67_1175,2,2
45078,2025_045078_48d6e12aeb828a52,6,68_1175,4,3
45083,2025_045083_101c0617bee5c7d9,0,67_1175,2,2
45087,2025_045087_8b3469a16bbdf7e6,3,67_1175,2,19
45089,2025_045089_a3961cbda9d47665,7,68_1175,4,2
45094,2025_045094_8b2366c6f3634e09,0,67_1175,2,2
45117,2025_045117_ff81b98d87acb460,0,67_1175,2,2
45122,2025_045122_9f3a82ad50061cff,0,67_1175,2,15
45126,2025_045126_ff019fb35694cda4,3,67_1175,2,9
45127,2025_045127_086fbcab1006e8e1,3,67_1175,2,7
45130,2025_045130_9734fbdc29743075,2,67_1175,2,3
45134,2025_045134_3eb8828f2227b96a,0,67_1175,2,11
45138,2025_045138_12768b6cbad91939,2,67_1175,2,2
45139,2025_045139_8d4b7d8f49ad6747,1,67_1175,2,3
45142,2025_045142_51fb90fe0da608ab,2,67_1175,2,15
45145,2025_045145_20a87e9a8335ffbd,4,67_1175,2,7
45146,2025_045146_b6e4f6fd2d61aa82,7,67_1175,2,31
45147,2025_045147_57b3d31195ffd85c,3,68_1175,4,3
45149,2025_045149_d69f7fdb681d138a,1,67_1175,2,12
45153,2025_045153_afa10449435ee0e2,3,68_1175,4,11
45154,2025_045154_923cfa53122c55b8,3,68_1175,4,20
45177,2025_045177_f910e789626d27a8,2,67_1175,2,2
45178,2025_045178_357fb2b10cf716fa,0,67_1175,2,8
45183,2025_045183_1d691a16c0f5a0aa,4,67_1175,2,19
45187,2025_045187_2197bab2f43c0d4e,6,67_1175,2,18
45192,2025_045192_45934c4f21918fdd,4,67_1175,2,2
45196,2025_045196_dbc18de30f6e67dc,0,67_1175,2,3
45198,2025_045198_92ede3fcbb3af17e,6,67_1175,2,14
45206,2025_045206_2bc813351721e1e9,0,67_1175,2,8
45207,2025_045207_d796066a01c1eca0,0,67_1175,2,8
45215,2025_045215_6921da882e6e00d7,0,67_1175,2,8
45216,2025_045216_7ca411f13f235915,3,67_1175,2,4
45224,2025_045224_afd89cacb5ce3a11,3,67_1175,2,41
45226,2025_045226_df6170de721a4b41,6,67_1175,2,9
45251,2025_045251_acba4e8766afb00b,3,67_1175,2,15
45259,2025_045259_9d732c341c443512,4,67_1175,2,12
45260,2025_045260_3561d05ca5f82140,3,67_1175,2,30
45264,2025_045264_b5db3dcb8576ce0d,4,67_1175,2,16
45269,2025_045269_261e05f7a2c70dbb,0,67_1175,2,10
45284,2025_045284_df48700e5f51fe12,3,67_1175,2,13
45298,2025_045298_e43231a1936c079a,3,67_1175,2,9
45310,2025_045310_6fe2a9ec12cf01ad,0,67_1174,3,7
45313,2025_045313_4c570ad61090dd86,0,67_1174,3,9
45314,2025_045314_7b188f0c6ccc4ef6,0,67_1174,3,3
45315,2025_045315_df418f84be7d95df,0,67_1174,3,9
45374,2025_045374_fb453e2760248fa4,0,67_1174,3,2
45393,2025_045393_548c22c1a0fee593,0,67_1174,3,9
45394,2025_045394_8b781da0759d2534,7,67_1174,3,2
45425,2025_045425_901c17d35721ef89,7,67_1175,2,2
45439,2025_045439_19d422356f24a51e,1,67_1175,2,4
45450,2025_045450_e6d9648bb0b5cf9e,1,67_1175,2,31
45451,2025_045451_48bba31ba7b5aa03,1,67_1175,2,15
45478,2025_045478_02ffe1b733708ce5,2,67_1174,3,30
45490,2025_045490_87f1f64a0f8c10ee,3,67_1174,3,7
45496,2025_045496_bbf218e611948f8d,0,67_1174,3,15
45501,2025_045501_e1477405699b1008,2,67_1174,3,2
45508,2025_045508_ce41ca594a461e6e,0,67_1174,3,4
45519,2025_045519_4f1f4bc5af8288da,0,67_1174,3,8
45529,2025_045529_86eab77bee3693e4,3,68_1174,4,23
45533,2025_045533_c6b3b469ec993eaa,0,68_1174,4,3
45545,2025_045545_931a7df8aa02a2d2,0,68_1174,4,22
45546,2025_045546_eb79e9ca24dbf184,4,68_1174,4,5
45547,2025_045547_8d21214e77997fa1,1,68_1174,4,2
45551,2025_045551_8fcf28096dab946a,4,68_1174,4,25
45554,2025_045554_fde7d05548d328dd,7,68_1174,4,26
45560,2025_045560_4fd205103b1744f9,4,68_1174,4,19
45567,2025_045567_a7d64d8587b952d2,3,68_1174,4,48
45568,2025_045568_d25c6e6842ed9c07,3,68_1174,4,29
45570,2025_045570_67611d45fe565275,7,68_1174,4,34
45575,2025_045575_6b9e7382f20dd246,0,68_1174,4,10
45581,2025_045581_087798227431a100,0,68_1174,4,16
45592,2025_045592_d1115395ce9f7548,0,68_1174,4,3
45603,2025_045603_30ac1c039a0ea5b3,3,68_1174,4,8
45615,2025_045615_ea520d28c2a044bb,7,68_1175,4,2
45627,2025_045627_d7cbc909cb476e52,0,68_1174,4,9
45628,2025_045628_437e611b34e97965,0,68_1174,4,5
45630,2025_045630_c56523c33f18940f,0,68_1174,4,9
45632,2025_045632_6ce450a14fe024a6,0,68_1174,4,3
45633,2025_045633_90e0c1e07610d241,0,68_1174,4,11
45640,2025_045640_2f508e33ede67220,2,68_1174,4,7
45649,2025_045649_5513e131ab57a43d,0,68_1174,4,10
45653,2025_045653_afcc630a205f21ee,1,68_1175,4,11
45654,2025_045654_49b7cf2445643792,1,68_1175,4,16
45655,2025_045655_ffbcd5a85125beaf,1,68_1175,4,13
45658,2025_045658_4b9766b059438cda,1,68_1175,4,11
45663,2025_045663_9ad55016270d0a72,1,68_1175,4,35
45675,2025_045675_5302ecc9fb811d44,7,68_1175,4,10
45684,2025_045684_53fa9813387349b5,6,68_1175,4,60
45687,2025_045687_3d778d8927ab8a0c,3,68_1175,4,11
45692,2025_045692_66aa00c34a0db440,0,69_1175,4,2
45706,2025_045706_57d9590a36f7c1d7,7,68_1175,4,8
45710,2025_045710_bf6d5b58a733832b,0,68_1175,4,14
45712,2025_045712_e8057bf5e25671c8,0,68_1175,4,3
45714,2025_045714_63d8595a931ee445,7,68_1175,4,3
45715,2025_045715_74f11a07d88c9ac1,7,68_1175,4,3
45727,2025_045727_23d816816c2a7dec,0,68_1175,4,6
45736,2025_045736_35b25be897e18e6f,0,68_1175,4,4
45739,2025_045739_abff5e6bd02f55cd,0,68_1174,4,18
45750,2025_045750_f7673fd1c9c683a6,0,68_1174,4,9
45754,2025_045754_132bac4c06a57d45,2,68_1174,4,6
45762,2025_045762_e6756bf222e8e2da,0,68_1174,4,9
45773,2025_045773_7788910d4e3c3bc2,0,68_1174,4,6
45785,2025_045785_3b62fefa2e86bc54,0,68_1174,4,2
45792,2025_045792_ad0118324e61a658,0,68_1174,4,4
45809,2025_045809_a1ff2eef1d53371c,0,68_1174,4,8
45812,2025_045812_fe21eba7f9ed48db,0,68_1174,4,24
45820,2025_045820_ad0d546bf4d2e8ba,2,68_1174,4,15
45843,2025_045843_55bfe6165f8a6b57,3,68_1174,4,32
45845,2025_045845_9f319127fcb1d8f1,0,68_1174,4,5
45847,2025_045847_f48d545f45b1b2a7,2,68_1174,4,5
45849,2025_045849_f74b114569692c02,1,68_1175,4,8
45857,2025_045857_64274f24af5462e0,4,68_1175,4,6
45866,2025_045866_10be1f4cd864e69b,0,68_1175,4,8
45869,2025_045869_0ae9f03032e40f52,3,68_1175,4,21
45871,2025_045871_b885d3de5662c0a0,1,68_1175,4,3
45881,2025_045881_5430db5bd906dcb0,4,69_1174,2,16
45883,2025_045883_a3664decfd721879,6,68_1174,4,20
45892,2025_045892_84cebe4379ea9916,3,68_1174,4,11
45893,2025_045893_f992580deeaab775,7,69_1174,2,9
45894,2025_045894_67c83bffb63ae502,1,69_1174,2,16
45917,2025_045917_6a9b8a66799a76a0,0,69_1174,2,37
45937,2025_045937_cdad2313839cefab,2,69_1174,2,14
45939,2025_045939_07f0208c0ea37a7e,0,69_1174,2,6
45941,2025_045941_a6a01857b71fd989,3,69_1174,2,62
45955,2025_045955_972065a380698e6b,4,69_1174,2,26
45956,2025_045956_93ab69874ce768c8,6,69_1174,2,26
45959,2025_045959_4f6504ff842a58ad,2,68_1174,4,19
45960,2025_045960_a86d860a1c5fd6b9,7,69_1174,2,6
45970,2025_045970_d4dce4c538c1bb46,6,68_1174,4,6
45972,2025_045972_4dfaa8c9ea6ecea7,4,68_1174,4,32
45973,2025_045973_49f236bf382afa66,0,69_1174,2,4
45974,2025_045974_b20d085c6620baf8,2,68_1174,4,17
45975,2025_045975_884b5d82a771a035,2,69_1174,2,8
45980,2025_045980_68eba33d41ea4558,2,68_1174,4,6
45988,2025_045988_19300d09753f46b8,1,69_1174,2,3
45990,2025_045990_e39fdd3adcedacc2,1,69_1174,2,2
45994,2025_045994_e13f47ac9b62266a,0,69_1175,4,2
46001,2025_046001_ac4a37a6e055d147,5,69_1175,4,5
46003,2025_046003_061e2df6ac1d0579,4,69_1175,4,35
46010,2025_046010_5c36af6719091107,4,69_1175,4,36
46018,2025_046018_34d13ed193defabb,5,69_1175,4,4
46022,2025_046022_bf191b83eb20bbd1,2,69_1175,4,8
46024,2025_046024_06be19d0d4e6ddd6,1,69_1175,4,10
46027,2025_046027_72695eb58b3c6411,1,69_1175,4,9
46041,2025_046041_05bd6e88f051eabb,7,69_1175,4,5
46048,2025_046048_db536a72b42c7569,7,69_1175,4,8
46054,2025_046054_793e30daf662f1fa,0,69_1175,4,3
46058,2025_046058_2f75cc3d4efac11d,7,69_1175,4,3
46060,2025_046060_a834bffc2a25c84d,0,69_1175,4,3
46067,2025_046067_3142ad945f104b35,0,69_1175,4,2
46075,2025_046075_e5644e6d95307da5,0,69_1175,4,9
46076,2025_046076_3fb182f7e91c2ac5,0,69_1175,4,4
46083,2025_046083_89f69132942d1d2f,7,69_1175,4,2
46084,2025_046084_550255e5682eccad,0,69_1175,4,66
46085,2025_046085_096e4707723551a9,0,69_1175,4,11
46087,2025_046087_c0f34eb5e61ac1fc,0,69_1175,4,2
46089,2025_046089_32b9db1c91ba40d2,3,69_1175,4,6
46094,2025_046094_ae3dff8f327e0e9e,1,69_1175,4,9
46097,2025_046097_7cc36e16ff4d1437,1,69_1175,4,3
46102,2025_046102_bbe0833eff3f7c90,1,69_1175,4,18
46114,2025_046114_b159efc45d4a4e42,3,69_1175,4,18
46116,2025_046116_029a131e8e3abb3b,2,69_1175,4,12
46124,2025_046124_26cf2ea3a1809d12,0,69_1175,4,37
46127,2025_046127_7cfbcff4350cbfbc,0,69_1175,4,7
46129,2025_046129_81fb1ab92970af12,4,69_1175,4,10
46133,2025_046133_dba4056e0296f5d0,7,69_1175,4,11
46136,2025_046136_fc25501e6c35f5e4,4,69_1175,4,6
46142,2025_046142_0d2a007fd3096fa5,0,69_1174,2,73
46143,2025_046143_968bba3706e36190,0,69_1174,2,11
46145,2025_046145_34778678f133e59a,7,69_1174,2,37
46149,2025_046149_f6d89f1310412e86,0,69_1174,2,67
46154,2025_046154_69e86ab38581b1be,0,69_1174,2,2
46166,2025_046166_c158a062e84417f3,7,69_1174,2,6
46167,2025_046167_d232b425414f7570,7,69_1174,2,73
46169,2025_046169_c24b68a872ce80b3,6,69_1174,2,18
46179,2025_046179_40be2de2f027ff22,0,69_1175,4,25
46180,2025_046180_cb0f9b1b1dcd37d6,0,69_1175,4,10
46181,2025_046181_f4bddb889d8bada6,0,69_1175,4,16
46186,2025_046186_b6161f831922f254,3,69_1175,4,15
46193,2025_046193_7d8f3b10bc29c8c3,3,69_1175,4,7
46194,2025_046194_7952cabdd127bb15,3,69_1175,4,9
46198,2025_046198_f800f3ce868ef3b1,7,69_1175,4,17
46199,2025_046199_0121b18bcf0e4a98,7,69_1175,4,4
46214,2025_046214_0a3af18ca6b43c17,0,69_1174,2,4
46216,2025_046216_fd9d0f1dc60e3cbf,0,69_1174,2,6
46236,2025_046236_81e70d2369594b54,0,69_1174,2,94
46237,2025_046237_b6dcd5020f2a0999,0,69_1174,2,4
46268,2025_046268_5f504106d790b165,0,69_1174,2,6
46273,2025_046273_2bb2d14ba47635c1,0,69_1175,4,4
46279,2025_046279_f5e6a52a141eb54d,2,69_1175,4,35
46281,2025_046281_ad2c72a30674ab88,2,69_1175,4,18
46285,2025_046285_781f148b6e53186a,1,69_1175,4,17
46293,2025_046293_a18d21751ed63b4f,0,69_1175,4,6
46297,2025_046297_205e5d95e226e72e,0,69_1175,4,20
46303,2025_046303_7eef012e0d4a1476,0,69_1175,4,18
46307,2025_046307_e9086035662beb91,7,69_1175,4,3
46309,2025_046309_ee12752be766fc2a,7,69_1175,4,5
46312,2025_046312_1dc7fe634dfd8878,3,69_1175,4,63
46329,2025_046329_316d2f5e194e1cf0,6,69_1175,4,15
46340,2025_046340_a9f2f6ad3070dbd9,0,69_1174,2,3
46341,2025_046341_365c4857c4d9b0b0,0,69_1174,2,8
46343,2025_046343_1a65af918ac5c114,7,69_1174,2,4
46358,2025_046358_2e0a96c0630221b9,3,69_1174,2,5
46364,2025_046364_11ee06fd86d7c2b6,0,69_1174,2,75
46377,2025_046377_732a461a579b51ba,0,69_1174,2,7
46392,2025_046392_3d0b9e66b309306b,5,69_1175,4,4
46393,2025_046393_3ee0705b867839b5,4,69_1175,4,13
46397,2025_046397_f33d957e66458715,0,69_1175,4,3
46410,2025_046410_568ab52cd7fcf315,7,69_1175,4,7
46420,2025_046420_d7965551f70ee4e5,6,69_1175,4,14
46425,2025_046425_5c373edcb5f07765,3,69_1175,4,24
46429,2025_046429_4102ba9142761b6c,7,69_1175,4,13
46430,2025_046430_b11116df0336b071,2,69_1175,4,4
46432,2025_046432_28e71bbafaa96afb,3,69_1175,4,19
46439,2025_046439_13a6c7ae2cce75fb,5,69_1175,4,30
46442,2025_046442_1eb0f227ce177f46,0,69_1175,4,7
46446,2025_046446_a33f998f2caf4ba2,2,69_1175,4,4
46464,2025_046464_ecc1d0fdf8ec1a85,0,68_1175,4,2
46466,2025_046466_4e7ccb9c3e8f374b,3,68_1175,4,9
46467,2025_046467_681b9dffdc834478,1,68_1175,4,2
46468,2025_046468_0d8100ed4401473d,1,68_1175,4,3
46471,2025_046471_2d77dfd1eae8b742,3,69_1175,4,50
46472,2025_046472_3ca0b3e6d937b203,7,69_1175,4,18
46499,2025_046499_89b2e638743301d4,3,69_1175,4,36
46502,2025_046502_3270c59848e7001b,4,69_1175,4,24
46518,2025_046518_8c5b501329aaca97,3,69_1175,4,4
46521,2025_046521_3a518d475ab485e2,3,69_1175,4,70
46526,2025_046526_cc0edc9c9604fe43,3,69_1175,4,4
46536,2025_046536_e1e9757e2384d317,0,68_1175,4,59
46540,2025_046540_4bc9bd053b797a26,5,68_1175,4,3
46550,2025_046550_5721333bcec770b9,3,69_1175,4,25
46552,2025_046552_2447178ae72c89a9,3,69_1175,4,73
46564,2025_046564_cdf6d29047d9deff,7,68_1175,4,3
46574,2025_046574_53e0aee758d8e2f6,0,68_1175,4,35
46576,2025_046576_43ecaaf7602bc643,2,68_1175,4,3
46582,2025_046582_8f668c5dbc461c32,0,69_1175,4,6
46583,2025_046583_a62382ce4371c495,0,69_1175,4,4
46584,2025_046584_f2fdc029af3c2cc8,0,69_1175,4,3
46604,2025_046604_f618c006fb47c0c6,2,68_1175,4,2
46610,2025_046610_b337ab86917716f3,3,68_1174,4,5
46617,2025_046617_228a2cd85256efb4,2,68_1174,4,6
46627,2025_046627_dfcefae2507d5af2,2,68_1174,4,7
46631,2025_046631_e48ba6cc7ee544c8,2,68_1174,4,6
46634,2025_046634_cd1910dddfe1ed0b,2,68_1174,4,8
46635,2025_046635_c6e4ebe8bafb79a7,3,68_1174,4,39
46636,2025_046636_0cf008d84c717e8f,0,68_1174,4,10
46637,2025_046637_31da9bf0084bb2a2,7,69_1175,4,5
46639,2025_046639_fcefa3743a7ce867,5,69_1175,4,8
46641,2025_046641_2aa0a49ef6203b6f,3,69_1175,4,14
46642,2025_046642_c13b3604260fe8a9,5,69_1175,4,7
46646,2025_046646_2f28c4775a90f8e7,5,69_1175,4,7
46658,2025_046658_4201d4d27ace3d0e,3,69_1175,4,4
46659,2025_046659_1f4f2931d57afe76,7,69_1174,2,25
46662,2025_046662_773b7ba183fd3f5f,6,69_1174,2,13
46666,2025_046666_3c06498224ac226e,3,69_1174,2,17
46687,2025_046687_d7766e6b513a3ff8,6,67_1175,2,14
46703,2025_046703_a3e6304efebeb795,6,68_1175,4,23
46712,2025_046712_afbc3de399f1d0b2,0,68_1175,4,6
46713,2025_046713_5f8dc9402a56f211,0,68_1175,4,10
46720,2025_046720_b24e38ffc4a273e1,1,67_1175,2,5
46774,2025_046774_3793c9ebab6a079e,6,68_1175,4,13
46777,2025_046777_e40d5bc8a1daf4ba,6,67_1175,2,19
46778,2025_046778_d89b570885826b98,1,67_1175,2,25
46789,2025_046789_593ae4835ae0e09c,0,67_1174,3,5
46793,2025_046793_d0f17efdfa7bc8ed,7,67_1174,3,17
46801,2025_046801_4fe001458d499efe,4,68_1174,4,54
46814,2025_046814_dedc916c3f53061f,3,68_1174,4,16
46817,2025_046817_f0aa888eab009c9b,1,67_1174,3,6
46822,2025_046822_8614d7a526abd06c,0,68_1174,4,2
46823,2025_046823_6cf6d95baf87275e,7,68_1174,4,17
46824,2025_046824_a8539ce643db6bf8,3,68_1174,4,27
46827,2025_046827_bfe4491894d11c43,2,67_1174,3,20
46830,2025_046830_3f87c097e5719238,0,68_1174,4,2
46834,2025_046834_5b967a6c71b477e8,0,68_1174,4,2
46844,2025_046844_bb75548907337885,0,68_1174,4,4
46847,2025_046847_30858ea9598a5ba1,3,67_1174,3,56
46858,2025_046858_9dd77c93099c8841,3,68_1174,4,25
46859,2025_046859_044773a61a6f138d,6,67_1174,3,19
46874,2025_046874_4c51e263e7da1a8b,7,68_1175,4,2
46891,2025_046891_297c7890042f5fd3,0,68_1175,4,2
46892,2025_046892_7ec29ad9d19bb6fe,3,67_1175,2,8
46922,2025_046922_fbe151f889d87c94,0,68_1175,4,4
46927,2025_046927_e1de1a02ac5dd401,1,68_1175,4,13
46937,2025_046937_aec07fb5594d3f44,0,68_1175,4,6
46941,2025_046941_00ee0ae6a6ec7987,0,68_1175,4,11
46958,2025_046958_ab989f25402b0878,3,68_1175,4,4
46963,2025_046963_e87a1a9399537584,7,68_1175,4,3
46967,2025_046967_5adf006669615a63,4,68_1174,4,11
46973,2025_046973_3797be2e8c4aa461,0,68_1174,4,6
46991,2025_046991_3f37589bf146b8da,2,68_1175,4,32
46992,2025_046992_d85d8c1da7ac8bf5,6,68_1175,4,6
46993,2025_046993_e51473ddcbcfb1d1,0,68_1174,4,2
47025,2025_047025_0e4978c8565e2bb6,7,68_1174,4,6
47027,2025_047027_68dffee24c59d0d7,6,68_1174,4,5
47032,2025_047032_d89de1be247cbfa4,4,68_1174,4,21
47033,2025_047033_7c76460d7d453f81,6,68_1174,4,2
47038,2025_047038_acb16fc2183aa838,7,68_1174,4,2
47040,2025_047040_d508cc1ba82b3d9f,3,68_1174,4,23
47044,2025_047044_6cafe35e438325d4,0,68_1174,4,3
47062,2025_047062_148f9f85e6f727d1,4,68_1174,4,58
47066,2025_047066_2ed3eeb3abd85a12,2,68_1174,4,19
47073,2025_047073_f6343c980fd65a02,7,68_1175,4,6
47086,2025_047086_ddd75bc4106f77f0,7,68_1175,4,3
47089,2025_047089_6f898aa650c8cbb7,7,68_1175,4,3
47092,2025_047092_f99e5b79a680151e,7,68_1175,4,14
47095,2025_047095_9059ed94b42ff04b,7,68_1175,4,11
47101,2025_047101_b15632b9f2c5bc22,7,68_1175,4,4
47105,2025_047105_834d54a757562542,7,68_1175,4,6
47109,2025_047109_260c0fc2fab06c96,7,68_1175,4,27
47113,2025_047113_c3e369e52b9b4af4,7,68_1175,4,2
47117,2025_047117_21c307b5446a3f87,7,68_1175,4,7
47119,2025_047119_bd379829202e150f,4,68_1175,4,16
47125,2025_047125_90a6f879b6539458,7,68_1175,4,3
47129,2025_047129_5adaf6a93093c22f,7,68_1175,4,3
47130,2025_047130_05b7efecab41e91d,7,68_1175,4,3
47133,2025_047133_457fc54e70ab1fa0,6,68_1175,4,15
47134,2025_047134_2dd55a18745a19af,7,68_1175,4,14
47143,2025_047143_a1375c8dfa64efec,6,68_1175,4,13
47146,2025_047146_62d995bb7f8e29af,0,68_1175,4,2
47149,2025_047149_03ce589f4a0fd04f,7,68_1175,4,205
47151,2025_047151_d11c16ae81130fa8,7,68_1175,4,119
47154,2025_047154_aa783dd7748d3752,7,68_1175,4,64
47158,2025_047158_71b5e8acb1f71e55,7,68_1175,4,45
47159,2025_047159_6c7cc284852c11d4,7,68_1175,4,69
47160,2025_047160_d8b2ec7acaffd32b,7,68_1175,4,38
47161,2025_047161_c7f6eebbb6efb7d3,7,68_1175,4,44
47167,2025_047167_2a458ffadb597012,7,68_1175,4,49
47175,2025_047175_390320ded95710b0,7,68_1175,4,93
47178,2025_047178_fc5c964180e3574b,7,68_1175,4,67
47180,2025_047180_f9d32f75005b9a97,7,68_1175,4,104
47181,2025_047181_1c7c1533d02bbede,7,68_1175,4,35
47182,2025_047182_0c5ab47819a8c87c,7,68_1175,4,34
47185,2025_047185_9d05eb0bc01e4c55,7,68_1175,4,64
47193,2025_047193_0753eec63b7819d4,7,68_1175,4,25
47200,2025_047200_4cc17e056380a3ad,6,68_1175,4,20
47204,2025_047204_4315bb9700a10dd9,7,68_1175,4,4
47205,2025_047205_491ef9590dfb4685,7,68_1175,4,2
47214,2025_047214_dc794ec5ef41095e,0,68_1175,4,6
47215,2025_047215_a826183e93173eef,0,68_1175,4,4
47216,2025_047216_7d238aa403e1d806,0,68_1175,4,3
47220,2025_047220_ef9766b9c3b99758,0,68_1175,4,61
47229,2025_047229_d7cfede53843a60e,0,68_1175,4,9
47240,2025_047240_045501138590327d,0,68_1175,4,2
47245,2025_047245_b4afaf0cb990e855,0,68_1175,4,2
47253,2025_047253_f528dc5d71d8ba14,7,68_1174,4,6
47268,2025_047268_cbfa709f90fd22ee,7,68_1175,4,41
47269,2025_047269_958723cf65221c65,7,68_1175,4,22
47271,2025_047271_030cbe8bc514ba22,7,68_1175,4,4
47277,2025_047277_a5587bd73a9000b1,0,68_1174,4,9
47282,2025_047282_238471a830b4eecb,0,68_1174,4,12
47283,2025_047283_94a473af658daeb8,1,68_1174,4,5
47292,2025_047292_4a4fe5dd9d0d684b,2,68_1174,4,14
47299,2025_047299_837fa253e2b58577,2,68_1174,4,2
47300,2025_047300_8255e706f8bb3d54,1,68_1174,4,3
47303,2025_047303_b66fe8e1ce186b93,1,68_1174,4,4
47304,2025_047304_44520d6e977cbacc,2,68_1174,4,2
47309,2025_047309_dd1e172a03be7575,7,68_1174,4,25
47315,2025_047315_75d549983c7ab99c,0,68_1174,4,5
47316,2025_047316_bcd59dbfffcf3f21,0,68_1174,4,13
47320,2025_047320_ca33d687fb7792c9,0,68_1174,4,5
47325,2025_047325_258230ad89a889ce,0,68_1174,4,3
47328,2025_047328_d7969f9b29431e6b,3,68_1174,4,12
47331,2025_047331_cabffc2ac5fc5988,0,68_1174,4,5
47332,2025_047332_3f63e3faa54fadf7,0,68_1174,4,2
47340,2025_047340_4e2f8abdb3fcb1e5,2,68_1174,4,5
47341,2025_047341_f0551a72a7f4ce96,4,68_1174,4,14
47345,2025_047345_9478eb3ca34e6d0e,3,68_1174,4,19
47357,2025_047357_76d8b5d26f301978,5,68_1174,4,3
47360,2025_047360_281350ea86ce19c7,6,68_1174,4,5
47368,2025_047368_f4460118ea0409a9,0,68_1174,4,2
47377,2025_047377_46d4f6a55e161cb0,1,68_1174,4,5
47381,2025_047381_1a16a8463a86ebdf,0,68_1174,4,8
47388,2025_047388_5008d9b244f26ffe,1,68_1174,4,7
47396,2025_047396_75a41d167943126c,0,68_1174,4,3
47403,2025_047403_02bb161a8acdb7ac,0,68_1174,4,13
47405,2025_047405_09e75d7112a909bf,1,68_1174,4,11
47406,2025_047406_39c3bcae24b8293b,0,68_1174,4,8
47408,2025_047408_6d1232d48bc6b497,7,68_1175,4,8
47415,2025_047415_aac820bbf63d87f8,7,68_1175,4,20
47421,2025_047421_188efeac1ec1da0c,7,68_1175,4,18
47423,2025_047423_3cec03676e69bfe5,7,68_1175,4,4
47425,2025_047425_b27cf8e28a192fb4,6,68_1175,4,11
47426,2025_047426_5bf3a8d4a041bd68,7,68_1175,4,18
47433,2025_047433_e56a4b7452eaef24,2,68_1175,4,26
47435,2025_047435_c8105a59d2bf5f9c,0,68_1175,4,7
47437,2025_047437_695aa3f2cf292ed3,0,68_1175,4,7
47438,2025_047438_9d70f08001a38a0b,4,68_1175,4,33
47442,2025_047442_d6e98b1b36091f24,5,68_1175,4,20
47446,2025_047446_1af56422b7d878e7,5,68_1175,4,16
47447,2025_047447_eb04ed46d01c4e09,7,68_1175,4,5
47448,2025_047448_ba948d9609c2c780,3,68_1175,4,64
47451,2025_047451_6d4706538f7d26bc,7,68_1175,4,5
47453,2025_047453_9bdc22f410d4ee1e,7,68_1175,4,2
47455,2025_047455_ad21cccf317df2b4,7,68_1175,4,7
47456,2025_047456_41a7dddd50efdda4,7,68_1175,4,30
47465,2025_047465_91a067574c4b9ed6,7,68_1175,4,12
47472,2025_047472_90e83c99a2e0e97f,0,68_1175,4,12
47479,2025_047479_57ca9f173e83996b,7,68_1175,4,5
47492,2025_047492_c5a71bcbe161f59e,0,68_1175,4,33
47513,2025_047513_195419ce91c4c91a,0,68_1175,4,8
47514,2025_047514_a3f094cb3d7a2cc6,2,68_1175,4,36
47521,2025_047521_43b77dfa6a07bd66,0,68_1174,4,48
47522,2025_047522_0d232cc133f261ac,7,68_1174,4,12
47526,2025_047526_bc1fcf37ada3b892,0,68_1174,4,2
47530,2025_047530_3feeedf28e7318be,6,68_1174,4,4
47534,2025_047534_3c0f7e8c5026d72b,1,68_1174,4,6
47537,2025_047537_cabfdf426ee033c8,2,68_1174,4,5
47544,2025_047544_003c0a2a3d4617c3,0,68_1174,4,5
47553,2025_047553_ce6a3260469956a1,6,68_1174,4,7
47556,2025_047556_ce7b5d11a3809982,4,68_1174,4,6
47565,2025_047565_4b61d9fa33e79f29,3,68_1174,4,30
47568,2025_047568_04f3f51443e9619d,2,68_1174,4,18
47571,2025_047571_a475fd9d22464ad7,7,68_1174,4,94
47573,2025_047573_7ab47fa6a6e31476,7,68_1174,4,19
47582,2025_047582_6741f9ff2ffcd241,3,67_1172,2,7
47584,2025_047584_e2481bb1a9c6b591,0,67_1172,2,10
47589,2025_047589_04ade7f146fd9964,0,67_1172,2,2
47603,2025_047603_4126d959b74045ce,0,67_1172,2,2
47606,2025_047606_edb4fae843ebf2e1,0,67_1172,2,8
47608,2025_047608_f95a6afae6cc22a4,0,67_1172,2,8
47610,2025_047610_715cf12e5454a825,7,67_1172,2,3
47618,2025_047618_cc95ec7d6e55df4a,7,67_1172,2,31
47623,2025_047623_fb18150e06adcc10,2,67_1172,2,17
47624,2025_047624_00c0d33ddfe8c8a5,3,67_1172,2,5
47627,2025_047627_8c96d2e786943da4,7,67_1172,2,4
47633,2025_047633_06056b5d28a99dc2,0,67_1172,2,8
47635,2025_047635_5574f595ada4d165,7,67_1172,2,13
47637,2025_047637_36b74d12df567d63,5,67_1172,2,5
47639,2025_047639_01c73934b5be5fda,7,67_1172,2,5
47641,2025_047641_1f3bb78b8a7915df,4,67_1173,3,11
47643,2025_047643_a54a1b21b4c1df7b,6,67_1173,3,5
47649,2025_047649_08b3754b68f65172,6,67_1173,3,5
47650,2025_047650_9374d731ab45ee67,2,67_1173,3,15
47660,2025_047660_32b25da1bfdc44f5,4,67_1173,3,28
47667,2025_047667_825cf5d7fd1a3db0,7,67_1173,3,3
47669,2025_047669_343956b52c4ca532,7,67_1173,3,12
47683,2025_047683_a2cbcdaec15f0156,0,67_1173,3,16
47689,2025_047689_41eec3663e5e9c1c,0,67_1173,3,3
47690,2025_047690_773eab8e6df82bf6,0,67_1173,3,2
47710,2025_047710_e79540560ad27ac9,7,67_1173,3,2
47729,2025_047729_d3b43178ca5ed481,3,67_1173,3,9
47748,2025_047748_f074617250363893,0,67_1173,3,3
47754,2025_047754_c156cc63cc15fa28,7,67_1173,3,10
47755,2025_047755_8fb212ef725f2c23,0,67_1173,3,3
47771,2025_047771_66006f3ba93dff5b,2,67_1173,3,2
47774,2025_047774_d6244212c7b01830,2,67_1173,3,3
47776,2025_047776_6c4422fdd3e2b18b,2,67_1173,3,6
47780,2025_047780_02a44503b09cfad2,0,67_1173,3,2
47788,2025_047788_ac3c2d8c4f6cb629,4,67_1173,3,8
47797,2025_047797_34da0fed1526a4eb,3,67_1173,3,18
47798,2025_047798_cd78bde8afc6f4a3,7,67_1173,3,4
47799,2025_047799_16f8b8a3b2a30f5c,7,67_1173,3,9
47803,2025_047803_b4501b11c2dda2f6,6,67_1173,3,10
47804,2025_047804_efa2984babd0217d,0,67_1174,3,9
47807,2025_047807_438f37420b957776,0,67_1174,3,7
47811,2025_047811_ccb932083c1a8eab,0,67_1174,3,4
47821,2025_047821_3a4f6220fd72c9c1,1,67_1174,3,10
47829,2025_047829_913c617ad405fabd,7,67_1173,3,47
47833,2025_047833_8ae78c82bc48246e,7,67_1173,3,5
47834,2025_047834_31359fd097fcfcfe,0,67_1174,3,7
47850,2025_047850_e901470f10ba2c23,0,67_1173,3,9
47851,2025_047851_390ae3f7caca96a3,7,67_1173,3,152
47853,2025_047853_334eb6fe4b8d87e5,7,67_1173,3,6
47854,2025_047854_83356002f690fc77,7,67_1173,3,4
47856,2025_047856_3970c4d9aa8b740a,7,67_1173,3,20
47858,2025_047858_0283f759551934c7,7,67_1173,3,2
47860,2025_047860_3ba256522287f526,7,67_1173,3,2
47862,2025_047862_342e87e46f4db421,0,67_1173,3,9
47863,2025_047863_7c22ee701eee265e,0,67_1173,3,8
47865,2025_047865_1eb7bcb6d657f01e,0,67_1173,3,23
47870,2025_047870_1ea4ed5cb97264a6,1,67_1173,3,4
47878,2025_047878_b994f91e7c07b9dc,0,67_1173,3,22
47881,2025_047881_644ca32c6df4bb4d,1,67_1174,3,14
47883,2025_047883_879b083aacb5603a,0,67_1174,3,32
47888,2025_047888_79f4135006c1fdb4,2,67_1174,3,5
47891,2025_047891_980fb54247182ccf,0,67_1174,3,2
47902,2025_047902_70e5331793995e6e,0,67_1174,3,11
47906,2025_047906_3bb1bfc5bd412a1f,7,67_1174,3,2
47920,2025_047920_731b993f3aeda742,7,67_1173,3,7
47921,2025_047921_c8a670c9effaa824,0,67_1173,3,9
47926,2025_047926_7ec09ae73cb1d089,0,67_1173,3,3
47927,2025_047927_e5e13bc591b4b724,0,67_1173,3,5
47930,2025_047930_a738246130760094,7,67_1173,3,3
47933,2025_047933_0a56fb2cae4863d7,7,67_1173,3,9
47946,2025_047946_3e2407ede2900a82,0,67_1173,3,21
47951,2025_047951_3ce75243a3ce29ec,1,67_1173,3,23
47954,2025_047954_8c6aaf5d91f23a17,0,67_1174,3,6
47972,2025_047972_aa810822d5fc291b,0,67_1174,3,7
47993,2025_047993_a9a3ba648eefb28f,0,67_1173,3,8
47997,2025_047997_abb7ddb465dd0b35,1,67_1174,3,9
48008,2025_048008_71af52e088ba8afc,0,67_1174,3,6
48018,2025_048018_9ab41d2581dfc487,3,67_1173,3,21
48019,2025_048019_d69385df76faae72,0,67_1173,3,12
48020,2025_048020_d61d369b3f32d61c,0,67_1173,3,3
48024,2025_048024_01d1682910d3bc9f,0,67_1174,3,18
48036,2025_048036_125ce65d2250ef59,0,67_1174,3,4
48056,2025_048056_c17089c86170f041,0,67_1174,3,3
48057,2025_048057_834e3d84bdcf6d6e,0,67_1174,3,3
48067,2025_048067_cf06436ebaf5bb6a,3,67_1173,3,31
48068,2025_048068_4968c8530068d82e,1,67_1173,3,37
48069,2025_048069_1d8c594df76995fa,0,67_1173,3,15
48082,2025_048082_d949623b37e624f1,0,67_1173,3,7
48086,2025_048086_b779fcc4226eae09,3,67_1173,3,11
48087,2025_048087_8fa5e208965aa7ec,3,67_1173,3,28
48090,2025_048090_573f3b6d55bb3497,0,67_1173,3,25
48091,2025_048091_63235d1b3ef5dc60,2,67_1173,3,25
48095,2025_048095_31ba6c40fb0ebd55,0,67_1173,3,13
48114,2025_048114_d5c7d52e4e5d7f16,3,67_1173,3,55
48124,2025_048124_6c29322337bf0320,2,67_1173,3,25
48126,2025_048126_83170cf003b1f3a5,7,67_1173,3,9
48137,2025_048137_377010c16160efcc,2,67_1173,3,10
48149,2025_048149_9bad8bbc6ed43585,2,67_1173,3,6
48152,2025_048152_ab350d18b5f0416c,0,67_1173,3,5
48159,2025_048159_75201f42cf59ee31,7,67_1173,3,2
48160,2025_048160_932ef5cb9f5f5754,7,67_1173,3,8
48161,2025_048161_8a74681f6a1acbe9,7,67_1173,3,6
48162,2025_048162_fb455f0be953a665,7,67_1173,3,3
48171,2025_048171_20506a42973acb46,0,67_1174,3,2
48194,2025_048194_f0ca69bf99f54537,1,67_1174,3,3
48198,2025_048198_163fde33717c0bb2,0,67_1174,3,5
48199,2025_048199_50f1fa34c722fb93,0,67_1174,3,8
48202,2025_048202_e461bbc3ec878f2f,3,67_1174,3,6
48204,2025_048204_7d40a8f0a601fc51,3,67_1173,3,15
48205,2025_048205_8730d1cb1be48ba6,3,67_1173,3,22
48210,2025_048210_043fc8101b51d42e,1,67_1173,3,6
48215,2025_048215_32919a72e7e3d6e5,0,67_1173,3,5
48225,2025_048225_3b4a785ca0e4cd98,1,67_1173,3,3
48229,2025_048229_fc472e7132d62735,0,67_1173,3,11
48233,2025_048233_ec914f70938a530c,2,67_1173,3,9
48242,2025_048242_64f0aea88ac4ed6f,0,67_1173,3,59
48245,2025_048245_d48bcf91985a8d61,7,67_1173,3,2
48251,2025_048251_e78e99de9c787347,2,67_1173,3,9
48254,2025_048254_4fcf1ac7b6257e46,3,67_1173,3,51
48257,2025_048257_bf0b0269c4da600b,2,67_1173,3,7
48259,2025_048259_4ba54a23b669fa22,2,67_1173,3,9
48260,2025_048260_9f34f945889c2cd9,1,67_1174,3,10
48264,2025_048264_8f7927d07ea41619,6,67_1174,3,14
48266,2025_048266_81c59d02e0fdb422,0,67_1174,3,29
48275,2025_048275_ee3d6550416c986b,2,67_1174,3,4
48286,2025_048286_54f3ff619337815e,2,67_1174,3,9
48293,2025_048293_7502b8a65a0e6ef5,0,67_1174,3,6
48296,2025_048296_0eaaf7a7ec6ad331,7,67_1174,3,33
48297,2025_048297_edb64f2166c07845,2,67_1174,3,3
48300,2025_048300_eae2c76ba8db4571,0,67_1173,3,20
48302,2025_048302_90ee38b701473c49,0,67_1173,3,25
48303,2025_048303_b292da26ea8fbb12,2,67_1173,3,6
48312,2025_048312_d636b450d65b484d,2,67_1173,3,7
48320,2025_048320_83a1b7986e090d9c,2,67_1173,3,3
48325,2025_048325_6f2ed8e6060696f8,1,67_1173,3,12
48327,2025_048327_7c3c80d16541d99f,2,67_1173,3,11
48341,2025_048341_052b0ccbe9014fb6,0,67_1174,3,2
48349,2025_048349_254b64d53885deb3,3,67_1174,3,31
48355,2025_048355_064503f936b28263,2,67_1174,3,14
48359,2025_048359_d7c99e3250d2a175,1,67_1173,3,12
48368,2025_048368_c23f80df39885e68,1,67_1173,3,16
48378,2025_048378_80adcf190d7165a1,3,67_1173,3,20
48388,2025_048388_5c9ee9ebcc47ca05,0,67_1173,3,93
48395,2025_048395_98aaf51f0c2f2179,1,67_1173,3,35
48401,2025_048401_656979bf1590332d,0,67_1173,3,11
48411,2025_048411_aa319ee8dbf96e81,0,67_1173,3,13
48428,2025_048428_460f93ad9d9a1413,0,67_1173,3,9
48429,2025_048429_d44ad7fd12d9c2ff,3,67_1173,3,45
48431,2025_048431_326344ebc8222872,7,67_1173,3,39
48439,2025_048439_fdf72271d030a899,3,67_1173,3,20
48452,2025_048452_e5ff431bf1f16723,0,67_1173,3,5
48454,2025_048454_e1f3606d5b38f03a,7,67_1173,3,4
48500,2025_048500_b11e8b4b2989b8ed,0,67_1173,3,24
48502,2025_048502_333754d695e36cc8,2,67_1173,3,16
48511,2025_048511_301ed97d7af21280,2,67_1173,3,5
48519,2025_048519_05da5f8067016e70,0,67_1173,3,5
48547,2025_048547_65f5510b198495e2,0,67_1173,3,3
48560,2025_048560_b23cb436628f9a3f,1,67_1174,3,2
48572,2025_048572_eddfaffd237e0d39,4,67_1174,3,2
48575,2025_048575_f8e561a67b4ac904,0,67_1174,3,3
48589,2025_048589_313d2ab036c89eb3,7,67_1174,3,17
48592,2025_048592_fc218b374d0824fc,1,67_1174,3,9
48597,2025_048597_5b3ef7b3b763ec02,0,67_1173,3,7
48600,2025_048600_b4125aa6dc30ff96,3,67_1173,3,13
48604,2025_048604_0abab28e2b32f8ad,2,67_1173,3,6
48620,2025_048620_6cb1348dbee812f9,1,67_1173,3,9
48627,2025_048627_f0e3bcddc09d359c,7,67_1173,3,4
48651,2025_048651_823a1db062197a72,0,67_1173,3,5
48652,2025_048652_a5665c0e4f0874ed,1,67_1173,3,10
48653,2025_048653_ac7083edf85f3180,0,67_1173,3,5
48654,2025_048654_84a3ea66c090e2a4,2,67_1173,3,15
48655,2025_048655_c071729cdcad2c84,2,67_1173,3,9
48682,2025_048682_3f8875bbdf36f89e,0,67_1174,3,17
48705,2025_048705_5c8988081088ef27,4,67_1174,3,7
48707,2025_048707_38e35d82293558b9,0,67_1174,3,17
48710,2025_048710_6f8f61283a9985cd,2,67_1174,3,14
48718,2025_048718_61d5ee00393feac9,3,67_1174,3,11
48721,2025_048721_afa49d35a167c464,2,67_1174,3,11
48727,2025_048727_187348d642056ce2,2,67_1174,3,20
48739,2025_048739_a53af602f4271bb9,7,67_1173,3,20
48744,2025_048744_6ccca638c48ff3bc,0,67_1173,3,13
48766,2025_048766_2dd2bac042e879d3,0,67_1173,3,2
48767,2025_048767_e305effc76f915fd,0,67_1174,3,13
48770,2025_048770_56cafec5581abb13,7,67_1173,3,17
48772,2025_048772_0e10a1eb788acd5f,7,67_1173,3,9
48776,2025_048776_61356d05526115a1,4,67_1173,3,8
48782,2025_048782_d069aa5bc7c51cb4,7,67_1173,3,2
48783,2025_048783_998ed0028df07beb,7,67_1173,3,4
48790,2025_048790_630ec4465d36ba1c,7,67_1173,3,7
48795,2025_048795_560711d7d21b3de7,7,67_1173,3,28
48799,2025_048799_98023b5e8249d99d,2,67_1173,3,5
48800,2025_048800_bc7630e9ee279c87,2,67_1173,3,5
48812,2025_048812_6804b9a17d8af7ec,7,67_1173,3,38
48814,2025_048814_1c7fca669552d68d,1,67_1173,3,6
48817,2025_048817_3f137ad986c83a7e,0,67_1173,3,3
48818,2025_048818_e535e8779f10004b,1,67_1173,3,37
48827,2025_048827_e0b157a41b81290e,2,67_1173,3,2
48836,2025_048836_befad14d25ac8624,7,67_1173,3,2
48842,2025_048842_ef12899671c5a168,7,67_1173,3,4
48845,2025_048845_6a547a040a2d7445,0,67_1173,3,12
48850,2025_048850_9ad3f99e4d8d9313,7,67_1173,3,15
48852,2025_048852_42b32bb22a482351,1,67_1173,3,10
48859,2025_048859_4448bb63e4443081,2,67_1173,3,34
48872,2025_048872_102a20a0faff8311,1,67_1173,3,2
48879,2025_048879_a4c96b4e6abc0d54,1,67_1173,3,2
48890,2025_048890_68b5789ee247c415,0,67_1174,3,18
48898,2025_048898_c8340df5d87d1f02,3,67_1174,3,9
48899,2025_048899_2bb8c3226404e623,0,67_1174,3,2
48900,2025_048900_4ec4d4bc0dffd84f,0,67_1174,3,20
48910,2025_048910_f79ba33a41d2828e,7,67_1174,3,21
48913,2025_048913_11f59752284b9584,0,67_1174,3,8
48949,2025_048949_9c8f0660bcfca512,0,67_1174,3,49
48974,2025_048974_b2771dbd732eb13a,0,67_1174,3,35
48987,2025_048987_b24f9feeb371c975,0,67_1173,3,7
48989,2025_048989_000ef0032d6f22e1,7,67_1173,3,16
49013,2025_049013_99fa73cf8a880d81,2,67_1173,3,9
49017,2025_049017_70f4f64261855ee1,1,67_1173,3,20
49024,2025_049024_e4389a466bc2c760,0,67_1173,3,5
49042,2025_049042_58805ae0b0b8b96a,1,67_1173,3,3
49067,2025_049067_4e08ee9e7ca8e587,4,68_1173,5,11
49095,2025_049095_6fd4ed5de23bde55,6,68_1173,5,17
49110,2025_049110_62b8243a766ecbad,1,68_1174,4,16
49111,2025_049111_d630360d70cffbf9,1,68_1173,5,36
49112,2025_049112_34e0182b394a1857,7,68_1174,4,19
49119,2025_049119_5e8fb8cb0843f611,7,68_1174,4,10
49128,2025_049128_7bbf755f9531dc95,7,68_1173,5,54
49130,2025_049130_7a41293a5fdc0534,7,68_1174,4,7
49131,2025_049131_c03cb9679774cbd5,7,68_1173,5,89
49132,2025_049132_cfa6fdb2ec2bf310,6,68_1173,5,11
49138,2025_049138_cb5c90797459a274,0,68_1173,5,3
49139,2025_049139_6347046b8eebaaae,0,68_1173,5,12
49144,2025_049144_0fa0f7c87e4b153d,3,68_1173,5,32
49153,2025_049153_44d0360d094744ce,2,69_1173,4,9
49157,2025_049157_7a3d07baee0e5cef,0,68_1173,5,3
49158,2025_049158_037583daa96848cc,2,69_1173,4,6
49162,2025_049162_50fd0b54d493d850,0,69_1173,4,8
49169,2025_049169_0a565096850afb88,3,68_1173,5,27
49171,2025_049171_f26c281cdb82c2d3,4,68_1173,5,16
49177,2025_049177_806785fc605aed19,0,69_1173,4,2
49181,2025_049181_1f3daa2a76bc8a19,0,69_1173,4,13
49184,2025_049184_512481d438213865,0,69_1173,4,10
49188,2025_049188_941d8cecef15ec64,0,69_1173,4,10
49192,2025_049192_9b696a81112d0ea6,3,68_1173,5,9
49201,2025_049201_0421934d0a82686d,4,69_1174,2,29
49212,2025_049212_48fd454c3c6f672c,1,68_1174,4,11
49230,2025_049230_642bf9cc90b7ff43,7,68_1173,5,23
49234,2025_049234_f60f2603bfd2579d,7,69_1173,4,43
49240,2025_049240_14789f26848768fa,0,69_1173,4,2
49247,2025_049247_227794a088575ca6,1,69_1173,4,2
49251,2025_049251_1921bf0d6cb94fa9,3,69_1173,4,4
49253,2025_049253_dcef1d9a1bfef5ec,0,69_1173,4,4
49272,2025_049272_dde0d29d566066a2,0,69_1173,4,2
49288,2025_049288_636aad0486195615,3,69_1173,4,12
49291,2025_049291_3df03ec613f03e7c,6,69_1173,4,7
49295,2025_049295_24b09c60e8a7e4ee,0,69_1173,4,7
49296,2025_049296_c0974110119d8c76,7,68_1173,5,11
49300,2025_049300_458a23a0a92b79bf,0,69_1173,4,2
49302,2025_049302_4d5f4d8c21365093,0,69_1173,4,2
49315,2025_049315_3baed18a6fd9d879,2,69_1173,4,2
49319,2025_049319_c74a3f5cef381ab2,7,69_1173,4,9
49322,2025_049322_4576b5a4a151f244,1,69_1173,4,22
49331,2025_049331_622ac2ab99e6e77f,3,69_1173,4,3
49333,2025_049333_62329f1c89b3e29c,3,69_1173,4,4
49335,2025_049335_520536dbf362612d,2,69_1173,4,7
49346,2025_049346_b8b1dca05e5baf66,2,69_1173,4,2
49349,2025_049349_53c341f379fcc742,3,69_1173,4,11
49350,2025_049350_3b8cac2c15f0b62a,0,69_1173,4,4
49352,2025_049352_b978dcc7b13bf983,1,69_1173,4,5
49353,2025_049353_2a39648b40fb939d,1,69_1173,4,5
49356,2025_049356_a2a0bf5653c7b2f0,2,69_1173,4,8
49376,2025_049376_ec6e7202bf25c40f,1,69_1173,4,19
49390,2025_049390_74507d6c352816e7,7,69_1173,4,8
49393,2025_049393_24b9cdce5e04cc53,3,69_1173,4,4
49395,2025_049395_4e4a49c862df4a73,3,69_1173,4,7
49402,2025_049402_405b068fdb32581d,7,69_1173,4,5
49406,2025_049406_f9c0f39bde120cca,0,69_1174,2,26
49440,2025_049440_0834fd48c3c56947,0,69_1173,4,7
49442,2025_049442_2dc31c5432af27bc,3,69_1173,4,8
49449,2025_049449_0ddff133a1b929ac,4,69_1173,4,15
49469,2025_049469_7ac0fc33467f45d3,4,69_1173,4,29
49470,2025_049470_37645f9115eb8755,4,69_1174,2,4
49475,2025_049475_38df0f97ca6718bb,4,69_1174,2,29
49480,2025_049480_f79c0146d128e25a,3,69_1173,4,35
49483,2025_049483_6f5fa77433d2a447,3,69_1174,2,16
49491,2025_049491_31126050bbdaa700,0,69_1174,2,12
49494,2025_049494_ac12e2158ea17bf8,1,69_1174,2,4
49497,2025_049497_145a39b458da3b5c,0,69_1174,2,5
49499,2025_049499_e38b1b05ac0ea9a3,0,69_1174,2,10
49507,2025_049507_36787a5937959f00,0,69_1174,2,66
49509,2025_049509_a409d4767d130fde,0,69_1173,4,3
49536,2025_049536_dcc022ba04bc9bc2,1,69_1173,4,4
49537,2025_049537_febcb6ac393fae64,1,69_1173,4,2
49549,2025_049549_32f4bb2f5f96bfb3,7,69_1173,4,3
49570,2025_049570_56ce725259b6b635,3,69_1174,2,25
49572,2025_049572_28a79f6d9f9a3c04,3,69_1174,2,3
49575,2025_049575_e5659c3d33f9a3e9,3,69_1174,2,20
49576,2025_049576_9de3e356f238b49e,3,69_1174,2,9
49578,2025_049578_397d98c16a47bbef,4,69_1174,2,2
49588,2025_049588_104fd2e0d76e5594,0,69_1174,2,7
49591,2025_049591_ca2394f6c517eca5,0,69_1174,2,40
49596,2025_049596_7ac7060806bd146b,3,69_1174,2,6
49597,2025_049597_00f95b2ec1d9f468,0,69_1174,2,17
49611,2025_049611_7696d0ed5cfcd9ab,1,69_1174,2,18
49632,2025_049632_d9ccb5a72b052a24,0,68_1173,5,11
49639,2025_049639_ea9c58873eb96414,7,68_1173,5,10
49643,2025_049643_6652d11e2fe819c4,0,68_1173,5,9
49645,2025_049645_82bb2c64dfcc4673,0,68_1173,5,4
49647,2025_049647_90d3e5eb18ee67b4,1,68_1173,5,2
49648,2025_049648_04e03a2361c41441,2,68_1173,5,10
49649,2025_049649_813268460b24b323,1,68_1173,5,3
49651,2025_049651_cf42e6169ffa99e3,1,68_1173,5,3
49652,2025_049652_6fdc20e40340a83d,0,68_1173,5,4
49653,2025_049653_ae413c3b3c36071b,4,68_1173,5,8
49656,2025_049656_6e548e2217012044,1,68_1173,5,8
49666,2025_049666_33ab6ddb67a4837d,0,67_1174,3,4
49728,2025_049728_722ba9a5d6da3b57,1,67_1175,2,4
49740,2025_049740_62dde732ee78a4af,6,67_1175,2,7
49741,2025_049741_d59c7ad420286919,0,67_1175,2,3
49748,2025_049748_c11679f4f7394357,0,67_1175,2,2
49751,2025_049751_c8846978be4aa5ca,0,67_1175,2,3
49752,2025_049752_b27df585f39aa16b,0,67_1175,2,7
49758,2025_049758_a2e170b4d42da9fc,2,67_1175,2,45
49832,2025_049832_6da707e5e0435165,1,67_1176,3,31
49844,2025_049844_c4c9e624cfc30b90,1,67_1176,3,4
49851,2025_049851_2f87596a760e99ac,4,67_1176,3,10
49852,2025_049852_2d417446a63d9e88,6,67_1176,3,16
49853,2025_049853_5447c53989db2cf9,6,67_1176,3,14
49855,2025_049855_48ee40050b8f57a1,6,67_1176,3,6
49879,2025_049879_a432993a21e968cb,6,67_1177,1,10
49880,2025_049880_91c49a3f069f8793,0,67_1177,1,3
49883,2025_049883_62b999fdf1ab8bdc,3,67_1177,1,3
49888,2025_049888_e58eb56af2e8bf00,0,67_1176,3,2
49889,2025_049889_6e988bb9d0117e92,0,67_1176,3,5
49891,2025_049891_a90f289429df4486,0,67_1176,3,5
49900,2025_049900_8f91e88f6ae12aeb,0,67_1176,3,9
49905,2025_049905_46f67325f2bafdb7,0,67_1176,3,3
49916,2025_049916_f721854b5ab6491d,2,67_1176,3,24
49922,2025_049922_37368817e17bb75b,2,67_1176,3,10
49934,2025_049934_d87105a13c144d81,0,67_1176,3,3
49938,2025_049938_a24947c0560f240f,0,67_1176,3,2
49946,2025_049946_050612660815d45b,2,67_1176,3,15
49952,2025_049952_88ed34e76ed13aef,0,67_1176,3,10
49960,2025_049960_61907a6807414670,7,67_1176,3,2
49966,2025_049966_e885cd8bc7b54d6b,7,67_1176,3,4
49976,2025_049976_4371ae9b01623b2b,0,67_1176,3,12
49979,2025_049979_3fe5c7c2a041475e,0,67_1176,3,13
49982,2025_049982_52fa9023fa88ec23,0,67_1176,3,6
49986,2025_049986_57fbd59326620df4,0,67_1176,3,5
49991,2025_049991_88e51ec956f5cf9a,1,67_1176,3,5
49994,2025_049994_dab20f0334edb3b1,0,67_1176,3,2
50002,2025_050002_ea11f2311149f75c,5,67_1176,3,2
50009,2025_050009_5a809a2a1b9c9042,5,67_1176,3,26
50012,2025_050012_87dacfe1bc932b01,0,67_1177,1,7
50013,2025_050013_6a7522ad7e3e2dd7,0,67_1177,1,4
50016,2025_050016_42bc1e1912cabea9,1,67_1177,1,21
50017,2025_050017_dba652ba520c3b0f,3,67_1177,1,26
50023,2025_050023_35421dd48fd56268,1,67_1176,3,20
50027,2025_050027_3afaf714dd11830e,2,67_1177,1,22
50028,2025_050028_9ef7ea60f6df79fd,1,67_1177,1,17
50031,2025_050031_16e6b0b9e5d462fa,1,67_1177,1,12
50035,2025_050035_f02f4db1f29fe41c,7,68_1177,4,10
50042,2025_050042_4ec01a46b181acde,5,67_1176,3,24
50043,2025_050043_0402ddcd759a0077,5,67_1176,3,20
50044,2025_050044_b6d1117616fe2c40,4,68_1176,1,28
50050,2025_050050_90fabec5ad6b2812,3,67_1176,3,11
50053,2025_050053_f86734bb0fdfe07d,5,67_1176,3,22
50059,2025_050059_65579bb3a0b00e40,2,68_1176,1,7
50061,2025_050061_2ec4e47529762113,2,67_1176,3,20
50064,2025_050064_242bbc5ef0bb07a8,0,67_1176,3,13
50074,2025_050074_bee7a2159d6bd258,0,67_1176,3,2
50076,2025_050076_298fda58f9a3b1aa,5,68_1176,1,8
50079,2025_050079_f49f9310c7c3611a,2,68_1177,4,28
50083,2025_050083_c7d195b365400666,2,68_1177,4,5
50087,2025_050087_14099f8182807cda,2,68_1177,4,4
50089,2025_050089_ac7aee55714bb483,0,68_1177,4,17
50092,2025_050092_fbe0cd0402e74673,2,68_1177,4,7
50100,2025_050100_2b9e344a541d29a9,1,68_1177,4,8
50105,2025_050105_3e0ed9939a03bd59,0,68_1177,4,9
50112,2025_050112_f1b929454bc45e38,0,68_1177,4,15
50119,2025_050119_698d144c4c5c7e21,2,68_1176,1,3
50127,2025_050127_39fed0fe0a99aa3b,2,68_1176,1,3
50132,2025_050132_620567f451e3f671,2,68_1177,4,19
50136,2025_050136_28ae957de5b72541,2,68_1177,4,11
50141,2025_050141_e177431c574b807a,2,68_1177,4,8
50154,2025_050154_1c50c63ac024df1a,2,68_1177,4,3
50166,2025_050166_0228fdccec1dfa0e,6,68_1177,4,10
50168,2025_050168_26dd0a38394f47a4,3,68_1177,4,53
50174,2025_050174_877c77ca1fdcc2d0,2,68_1176,1,7
50194,2025_050194_df9378f037e522fe,2,68_1176,1,6
50212,2025_050212_39aec4007b3bec36,5,68_1176,1,7
50214,2025_050214_f21baa24f97dafe6,0,68_1176,1,34
50216,2025_050216_2a16a930ddfec6b4,4,68_1176,1,9
50218,2025_050218_cc7a40fef13c9fd4,2,68_1176,1,10
50223,2025_050223_994932864c23ca5a,4,68_1176,1,19
50225,2025_050225_8c017535ac654337,2,68_1176,1,16
50240,2025_050240_370b28a15e55e027,2,68_1176,1,3
50254,2025_050254_347cd6d45d71dbbd,2,68_1176,1,5
50255,2025_050255_c1afa20f1b1197e6,0,68_1176,1,6
50256,2025_050256_cb16033ddcdcb940,0,68_1177,4,15
50257,2025_050257_83cc6087d1e0644f,7,68_1177,4,33
50263,2025_050263_e88ef39333d4d454,0,68_1177,4,11
50277,2025_050277_01115bb8202cd2f0,0,68_1177,4,14
50278,2025_050278_91c6d44558ed4522,1,68_1177,4,11
50279,2025_050279_cdb9e7059e2081ea,0,68_1177,4,4
50284,2025_050284_3a9b94ead7460345,0,68_1177,4,6
50288,2025_050288_32cf98e962014c37,0,68_1177,4,6
50293,2025_050293_e29573a172f69bf1,4,68_1177,4,27
50297,2025_050297_1deed5ab07beeb37,7,68_1177,4,2
50302,2025_050302_a2f948dc85f26417,6,68_1176,1,5
50305,2025_050305_c527ca8506138003,2,68_1176,1,7
50310,2025_050310_7fe5e5ff4da687f1,0,68_1176,1,4
50332,2025_050332_4e07a2e0dd1f3912,7,68_1176,1,4
50334,2025_050334_a71e6a561e492703,7,68_1176,1,2
50339,2025_050339_1655a31c4415142b,7,68_1176,1,15
50341,2025_050341_4c02fa20f5076b3c,7,68_1176,1,6
50342,2025_050342_2d466952585e75d0,7,68_1176,1,2
50343,2025_050343_1e34c48958418b31,7,68_1176,1,4
50350,2025_050350_bb51a15005b487c0,7,68_1176,1,7
50353,2025_050353_0ab40352579ca012,7,68_1176,1,2
50356,2025_050356_9a70dd11c1245c73,7,68_1176,1,4
50360,2025_050360_90b827d6d668c7f7,7,68_1176,1,5
50362,2025_050362_e992acd18a7e52fa,7,68_1176,1,4
50363,2025_050363_556343ca98de8346,7,68_1176,1,8
50367,2025_050367_d0e2bc36ffba369e,7,68_1176,1,9
50368,2025_050368_92c6fd33d9b6a1b1,6,68_1176,1,12
50369,2025_050369_48faf38902b7ba1a,0,68_1176,1,8
50383,2025_050383_c0bba551b8f9f561,1,68_1176,1,2
50387,2025_050387_e5178b1862f57c1b,0,67_1176,3,3
50418,2025_050418_fb3c8749f1b50118,7,67_1176,3,5
50433,2025_050433_776d139a2fc036e1,0,67_1176,3,6
50440,2025_050440_f52dd7d344ea913f,0,67_1176,3,3
50453,2025_050453_1faef1de3c4a22d0,1,67_1176,3,11
50466,2025_050466_2aa1e23547b396fc,0,67_1176,3,11
50480,2025_050480_689da1d72c308dbf,0,67_1176,3,9
50493,2025_050493_d077204c113609bf,0,67_1176,3,4
50497,2025_050497_2b00478cde0a7eae,1,67_1176,3,13
50499,2025_050499_d5b9490d12ee6fce,0,67_1176,3,4
50517,2025_050517_c0512f6e8bd23117,0,67_1176,3,2
50531,2025_050531_a09f8859435d701c,2,68_1176,1,8
50536,2025_050536_99b61bd1048bf03e,3,68_1176,1,62
50545,2025_050545_8e28b16c035b484d,2,68_1176,1,3
50553,2025_050553_c7d1b09932b8c782,2,68_1176,1,22
50554,2025_050554_f7a5a7e3925329b8,2,68_1176,1,5
50556,2025_050556_b9b9cc99ec43f1d3,4,68_1176,1,9
50561,2025_050561_4876c26f5d65b149,6,68_1176,1,6
50564,2025_050564_5275eab03d7f44ec,0,68_1176,1,9
50566,2025_050566_8847a8d0056f5013,7,68_1176,1,4
50567,2025_050567_50fe09f03d546ca9,0,68_1176,1,25
50570,2025_050570_0cbed292ab6199f5,0,68_1176,1,2
50573,2025_050573_b9e37b50cdbce2ce,0,68_1176,1,3
50575,2025_050575_152041795362f8c4,0,68_1176,1,2
50576,2025_050576_30364e46868f198e,2,68_1176,1,15
50584,2025_050584_86c02c0910a8333c,4,68_1176,1,16
50586,2025_050586_90171263977f695d,0,68_1176,1,3
50591,2025_050591_e025988a950f1419,3,68_1176,1,28
50601,2025_050601_0a065f62f701c040,0,68_1176,1,22
50602,2025_050602_bd8c7884aaaf6fc0,0,68_1176,1,30
50605,2025_050605_8a82c8b059c424e9,0,68_1176,1,2
50610,2025_050610_101f4af642c0ebdd,0,67_1176,3,5
50619,2025_050619_66c49b4566ef3ff3,0,67_1176,3,4
50626,2025_050626_27a28ee69190ea46,0,67_1176,3,3
50631,2025_050631_3d59389d587237d8,0,67_1176,3,2
50635,2025_050635_a7876a3118972f89,0,67_1176,3,4
50645,2025_050645_8124da0e79b99047,1,67_1176,3,2
50646,2025_050646_95c7cce99502858a,1,67_1176,3,3
50650,2025_050650_75fb58b73605834a,1,68_1176,1,5
50668,2025_050668_52e72b9e5b1058b3,4,68_1176,1,9
50682,2025_050682_81e120da27dd67c9,2,68_1176,1,5
50683,2025_050683_df15f0d9eff0d805,1,68_1176,1,17
50685,2025_050685_11625de87384c160,7,68_1176,1,8
50688,2025_050688_2f49ca7ecb0c1c6a,7,68_1177,4,13
50689,2025_050689_c709977aa5dd2c7c,7,68_1177,4,24
50692,2025_050692_ee4e808b154b8f75,7,68_1176,1,5
50704,2025_050704_cda342d9f1709002,7,68_1176,1,6
50705,2025_050705_6f99d41f9df1c74e,4,68_1177,4,24
50706,2025_050706_615390a8643ec4ab,7,68_1176,1,16
50727,2025_050727_632d5f31265b9c53,3,67_1176,3,4
50735,2025_050735_f1e2f56bc5fa28c2,0,67_1176,3,2
50758,2025_050758_4dcb6c63bb29168b,7,67_1176,3,13
50765,2025_050765_a7eee75897a91c2c,1,67_1176,3,5
50768,2025_050768_6ae372cea12f8800,7,68_1176,1,38
50771,2025_050771_c98b0e2059875343,3,67_1176,3,16
50780,2025_050780_198948f9a9ba840b,4,68_1176,1,8
50782,2025_050782_31342a8a578aa9f0,3,68_1176,1,23
50789,2025_050789_ed34ee02fbac2631,0,68_1176,1,23
50792,2025_050792_8f55ab98268092b7,7,68_1176,1,10
50796,2025_050796_e3ced35c77d548fd,0,68_1176,1,5
50809,2025_050809_5cefb139d1c58a0f,2,68_1176,1,7
50813,2025_050813_2b09081ce0935d9b,2,67_1176,3,62
50816,2025_050816_6db35f03c227d71c,0,68_1176,1,5
50819,2025_050819_452b33644a1d1867,4,67_1176,3,49
50834,2025_050834_02bc0d8ba553fc2a,6,68_1176,1,2
50836,2025_050836_6ea08bf6db87a919,7,68_1176,1,24
50843,2025_050843_a7cc5fe214f14beb,6,67_1176,3,26
50853,2025_050853_524fa90b2c0d7a87,7,67_1176,3,9
50862,2025_050862_3147110198a16568,4,67_1176,3,19
50868,2025_050868_b2773b73363ff244,0,67_1176,3,6
50871,2025_050871_36f61eb02933a8c5,3,67_1176,3,30
50872,2025_050872_260ceb9ef91ba1e2,2,67_1176,3,71
50873,2025_050873_2aab4fc4385cd2d7,6,67_1176,3,12
50875,2025_050875_b664690fae34c964,4,67_1176,3,33
50877,2025_050877_4770d8fdc9850f6b,0,67_1176,3,2
50880,2025_050880_768e2fbb556159a3,4,67_1176,3,16
50882,2025_050882_492bdb99c63f3954,3,67_1176,3,9
50886,2025_050886_3748f74ff830a675,7,67_1176,3,3
50888,2025_050888_9d12b4a152054c65,0,67_1176,3,6
50892,2025_050892_52b2456a0655fe6f,0,67_1176,3,5
50899,2025_050899_efcaa699982f9805,1,67_1176,3,3
50905,2025_050905_bf00d9f45fa3797a,0,67_1176,3,4
50911,2025_050911_068ae1c0ee71fe32,0,67_1176,3,6
50912,2025_050912_6f859aa862690dae,1,67_1176,3,35
50914,2025_050914_249a52ad261e95a8,0,67_1176,3,2
50960,2025_050960_5598931033b211a1,0,67_1175,2,2
50962,2025_050962_544426af7ad1b0f2,3,67_1175,2,29
50966,2025_050966_5a4acaa605855689,6,67_1175,2,12
50975,2025_050975_8bb503836b448b6e,3,67_1175,2,13
50976,2025_050976_8e7312c439ed17d8,1,67_1175,2,10
50982,2025_050982_8a08cc7dce9c0f36,1,67_1175,2,3
50987,2025_050987_d9b1cd5bc351b589,1,67_1175,2,16
50991,2025_050991_939276879a4956b6,3,67_1175,2,16
50992,2025_050992_b60e14d16dd7818f,2,67_1175,2,3
51000,2025_051000_f5873ec64e5f25a4,3,67_1174,3,5
51001,2025_051001_c4a43b849e17248b,1,67_1174,3,30
51006,2025_051006_de70b83b9b1c5ddc,1,67_1174,3,10
51012,2025_051012_6be9c18c96d23431,4,67_1174,3,3
51017,2025_051017_9b46e815e035ddb0,2,67_1174,3,5
51020,2025_051020_e89a72785b842915,4,67_1174,3,10
51023,2025_051023_ff179890575f1f67,4,67_1174,3,2
51025,2025_051025_8facc0c134cb4153,4,67_1174,3,4
51032,2025_051032_ddd8de96b4e17bba,0,67_1174,3,4
51034,2025_051034_683b4634942b440f,2,67_1174,3,18
51035,2025_051035_b53d477c65f5c84e,0,67_1174,3,3
51041,2025_051041_570a9cc799d38f1e,7,67_1174,3,20
51046,2025_051046_3108c03a8e4ef3da,3,67_1175,2,25
51049,2025_051049_2ec257b0708c5c91,3,67_1175,2,32
51052,2025_051052_bbeae67cb53b52f0,0,67_1175,2,3
51063,2025_051063_bdc70ab7411e7754,6,67_1175,2,9
51069,2025_051069_9d16e0bbb48e6846,2,67_1175,2,7
51073,2025_051073_9502106b40c75798,6,67_1175,2,8
51101,2025_051101_e32737293cc00fde,0,67_1175,2,8
51109,2025_051109_03b173c4176341ef,0,67_1175,2,3
51111,2025_051111_2a0060e646219039,2,67_1175,2,5
51112,2025_051112_68c7fb6fb5adeefc,3,67_1175,2,4
51113,2025_051113_0a3072a29db28ed2,3,67_1175,2,6
51115,2025_051115_eab4095d1525092e,4,67_1175,2,16
51116,2025_051116_aebd41539e36500a,4,67_1175,2,18
51117,2025_051117_2a68d02582e3c2c0,0,67_1175,2,6
51119,2025_051119_7afcdc9d7f292868,1,67_1175,2,3
51121,2025_051121_d7e5b2593147fab5,1,67_1175,2,5
51127,2025_051127_b030628b6c025ffa,3,67_1176,3,12
51143,2025_051143_c6e7d9c1f7bf529d,1,67_1176,3,2
51156,2025_051156_2cb3600813febdd3,0,67_1174,3,28
51158,2025_051158_a1d1a8f4d4507a6a,0,67_1175,2,2
51159,2025_051159_2f74b6027a116219,7,67_1175,2,19
51160,2025_051160_447545b9b45d0d90,0,67_1174,3,83
51162,2025_051162_650aeccd448378cb,7,67_1175,2,4
51165,2025_051165_66bddf231d731790,0,67_1175,2,5
51170,2025_051170_3db6161f075b7ee9,0,67_1175,2,6
51182,2025_051182_638dba7cd3f146be,0,67_1175,2,17
51185,2025_051185_30dc7a5e9f53b99f,0,67_1175,2,4
51197,2025_051197_48d978c7f21b0364,1,67_1176,3,5
51200,2025_051200_24d0ce6da8c0b537,0,67_1176,3,5
51201,2025_051201_730b7a7783e6290f,1,67_1176,3,10
51202,2025_051202_0f9d05502f7b4ee7,1,67_1176,3,6
51205,2025_051205_dd041f0b9826840a,7,67_1176,3,9
51207,2025_051207_b46ba5937d2d094c,0,67_1176,3,3
51210,2025_051210_ebdb28c53a27c697,0,67_1176,3,43
51216,2025_051216_0c9d5d7c096e7d31,0,67_1176,3,4
51222,2025_051222_8b72ceee712f875f,7,67_1176,3,2
51223,2025_051223_dc63ea73e736bfe9,0,67_1176,3,20
51230,2025_051230_46615b0d2a7fcee3,0,67_1176,3,5
51234,2025_051234_1206bafb40081f8c,0,67_1176,3,6
51240,2025_051240_be89a6b9ef300d38,7,67_1176,3,41
51249,2025_051249_840ce6e12c85c5e4,2,67_1176,3,21
51251,2025_051251_abd0ee9506867973,4,68_1176,1,40
51252,2025_051252_4fcf8aeb66e93ce6,2,68_1176,1,18
51253,2025_051253_51e31ee8b7b3b624,1,67_1176,3,9
51254,2025_051254_aba4e189cdb7c506,1,68_1176,1,11
51257,2025_051257_c752f8e6de292f3d,2,68_1176,1,25
51261,2025_051261_ad5824518f9b32f0,3,68_1176,1,8
51262,2025_051262_79ad7bbe7f5d7716,2,68_1176,1,6
51270,2025_051270_7c2b80902fd170f5,7,67_1175,2,4
51273,2025_051273_dcafb502a9ef5c36,7,67_1175,2,7
51274,2025_051274_288a6b8f5a3f276c,3,67_1175,2,8
51276,2025_051276_b77e77045bd078dd,4,67_1175,2,27
51278,2025_051278_ff6b25a28267e4b6,2,68_1175,4,23
51279,2025_051279_cc9759ab8361315f,0,68_1175,4,29
51281,2025_051281_bb5ffb0f0daeec77,4,67_1175,2,3
51284,2025_051284_dd11e4f7a82a0e2e,7,68_1175,4,4
51294,2025_051294_52f2033334d815f3,7,68_1175,4,17
51295,2025_051295_a4184dbc353d19a1,0,67_1175,2,3
51297,2025_051297_835c27e0fab79b5f,5,67_1175,2,13
51301,2025_051301_5b2d3bbf87fb819e,2,67_1175,2,2
51303,2025_051303_e809966b767d1455,0,68_1175,4,3
51304,2025_051304_249d25a338813cd2,0,68_1175,4,23
51307,2025_051307_e24942fb4f05e02c,0,67_1175,2,6
51309,2025_051309_03e7a7e7e4b70c6c,0,67_1175,2,5
51324,2025_051324_7c56546e55a9086f,2,67_1175,2,21
51325,2025_051325_75bb8262813dae01,3,67_1175,2,5
51330,2025_051330_450d18173f90bb3e,3,68_1175,4,6
51331,2025_051331_efbab4eb488c6412,4,68_1175,4,4
51337,2025_051337_f5bb57e0e71678fc,0,67_1175,2,13
51339,2025_051339_c2170f6b0a04371a,0,67_1175,2,10
51340,2025_051340_b3c8a142d1b1885e,3,67_1175,2,2
51341,2025_051341_e2db8b07cf308b09,0,67_1174,3,2
51342,2025_051342_807e13f1df658ff7,4,67_1174,3,25
51352,2025_051352_f29d81a4318bce54,4,67_1174,3,7
51356,2025_051356_52dd27b603641485,3,67_1174,3,5
51359,2025_051359_1bf4e43cfe95db5e,3,67_1174,3,3
51368,2025_051368_1b09934010908fa2,7,67_1174,3,18
51374,2025_051374_dcac46ec9e8dadf6,7,67_1174,3,2
51379,2025_051379_c87e5ca942a3b77f,7,67_1174,3,3
51380,2025_051380_7c9f0484adb177ef,7,67_1174,3,2
51381,2025_051381_699ed96057650fdb,0,67_1174,3,3
51384,2025_051384_04545eb1fde7fd2f,6,67_1174,3,32
51387,2025_051387_3a78e05daffe1fe8,3,68_1174,4,24
51388,2025_051388_a24fc772e05b692a,3,67_1174,3,44
51391,2025_051391_c66dca3c219c9a9f,0,67_1174,3,2
51402,2025_051402_8aa8f54d67599694,1,68_1174,4,3
51404,2025_051404_ebd9d6dbe41f9881,1,68_1174,4,6
51412,2025_051412_a17c1fe2033c3c4e,7,68_1174,4,2
51415,2025_051415_85c8d11dd1461e05,7,68_1174,4,6
51420,2025_051420_8808a9c4dcd6cf8a,4,68_1175,4,5
51426,2025_051426_3df67f974fa4eb97,0,68_1175,4,3
51430,2025_051430_a8aa5d220327d498,0,68_1175,4,5
51432,2025_051432_1b7c4018296e4d5a,0,68_1175,4,2
51436,2025_051436_ae1aeb1600eaaace,7,68_1175,4,3
51438,2025_051438_168cfdaba8c2fa6a,3,68_1175,4,6
51442,2025_051442_e1562e4949cb1dc4,6,68_1175,4,8
51445,2025_051445_21baea29926e5eaa,0,68_1175,4,2
51446,2025_051446_e2ef9ef98fbf03ab,2,68_1175,4,5
51449,2025_051449_50b8d8d8982ab55d,7,68_1175,4,6
51452,2025_051452_cbcd4de2b9afbad7,7,68_1175,4,8
51454,2025_051454_f1ca595eed81b6a4,3,68_1175,4,32
51466,2025_051466_b12a93a8d793ea01,1,68_1175,4,2
51470,2025_051470_a760ca1daf3b2686,1,68_1175,4,2
51485,2025_051485_ec291fd81b465e73,2,68_1174,4,10
51486,2025_051486_dcd509f05249c2b8,2,68_1174,4,9
51489,2025_051489_5dc8079b3b5402b4,3,68_1174,4,50
51491,2025_051491_1a9da69b2b733d4d,3,68_1174,4,9
51498,2025_051498_a5716d3bf9a072bc,6,68_1174,4,16
51506,2025_051506_825727fc7663ab3e,7,68_1174,4,37
51510,2025_051510_9c60d7e698e7f273,5,68_1174,4,6
51512,2025_051512_5ba28abb01ad19e7,0,68_1174,4,2
51514,2025_051514_9b458d8d35599202,2,68_1174,4,27
51518,2025_051518_89c7ac486e17beba,6,68_1174,4,5
51522,2025_051522_e0ba83d94ef7cc0c,3,68_1174,4,13
51524,2025_051524_159eec8563870fd4,0,68_1174,4,14
51525,2025_051525_c297b63e7cc2d594,2,68_1174,4,2
51529,2025_051529_5653b155258a240d,0,68_1174,4,2
51533,2025_051533_ae8079bc92f68b5d,0,68_1176,1,6
51549,2025_051549_1c2a2cf9d960d563,1,68_1176,1,6
51561,2025_051561_c7c0e54b9d8fd7a7,0,68_1176,1,2
51568,2025_051568_7a2dddb4d70646d2,1,68_1176,1,8
51576,2025_051576_f14d8b53cd770ed9,7,68_1175,4,7
51577,2025_051577_76a1835b2cee3eba,7,68_1175,4,6
51578,2025_051578_3ba60ac1bd6768bb,6,68_1175,4,15
51579,2025_051579_ef76d91875dcf79f,7,68_1175,4,2
51580,2025_051580_353bb5b56c4f98c2,7,68_1175,4,58
51585,2025_051585_9feff7cfe3cd68c7,4,68_1175,4,25
51605,2025_051605_a3badd324fc690c4,4,68_1175,4,18
51607,2025_051607_b4785133c0c622ba,2,68_1175,4,26
51608,2025_051608_baf9e8c1a06bff36,0,68_1175,4,4
51610,2025_051610_a7c2ac7ee6f94cb2,7,68_1174,4,14
51611,2025_051611_63010c228eb025ee,3,68_1174,4,70
51622,2025_051622_54b75e49224b52fa,3,68_1174,4,35
51623,2025_051623_d3287b4d806d1365,3,68_1174,4,2
51644,2025_051644_67e7b32aec2d265b,3,68_1174,4,31
51645,2025_051645_1aeced6d4b173afc,0,68_1175,4,8
51648,2025_051648_9eb4ba18944fb1e4,0,68_1175,4,146
51682,2025_051682_235451d3a3c70d3e,0,67_1176,3,16
51688,2025_051688_cac6aa95983c154c,3,67_1176,3,23
51694,2025_051694_3209f55886a15602,4,67_1176,3,7
51707,2025_051707_007c0c3f7de59091,6,67_1176,3,11
51708,2025_051708_6091c1820586270e,4,67_1176,3,4
51714,2025_051714_8f0a28797303837a,0,67_1176,3,22
51715,2025_051715_4c6fd690d3ccf793,3,67_1176,3,20
51731,2025_051731_1dfddf935a6a513d,1,67_1176,3,24
51733,2025_051733_d44528dcbad533d4,1,67_1175,2,7
51735,2025_051735_b57ebce384dfc1c9,7,67_1175,2,57
51740,2025_051740_caa4781bcbba05fe,0,67_1175,2,4
51745,2025_051745_6853579cbe4cb3bf,2,67_1175,2,7
51747,2025_051747_06250bc5cae59d17,0,67_1175,2,14
51762,2025_051762_20649c89d0e70ba3,1,67_1175,2,7
51766,2025_051766_6e4ac634ba75aeee,3,67_1175,2,9
51767,2025_051767_2eceae07e2335e93,3,67_1175,2,12
51774,2025_051774_8f036f20d5557ad1,6,68_1175,4,8
51779,2025_051779_a50575bcd22fdbe0,6,68_1175,4,38
51784,2025_051784_2bf3d5420c7e9cb3,4,68_1175,4,69
51797,2025_051797_583453255bbdab38,0,68_1175,4,2
51807,2025_051807_720c8d0619a0344b,7,68_1175,4,2
51810,2025_051810_04cd4e77c022106f,0,67_1175,2,19
51812,2025_051812_92c95c146359d0cc,0,67_1175,2,3
51825,2025_051825_3b2baeea5926b123,3,67_1175,2,15
51841,2025_051841_b4f086aa0f0b9be9,1,68_1176,1,5
51845,2025_051845_afa43cb8930e6920,7,68_1175,4,2
51846,2025_051846_52c8d5063719bb64,7,68_1176,1,5
51850,2025_051850_aba0282595d51607,7,68_1176,1,4
51855,2025_051855_cf2e433b643eb1bb,7,67_1176,3,8
51857,2025_051857_703db14600b6e13b,7,68_1176,1,22
51861,2025_051861_05964f4c3966f747,0,67_1175,2,6
51865,2025_051865_94dea23923b277dc,0,67_1175,2,5
51871,2025_051871_11a1114d85c343b2,4,67_1175,2,18
51880,2025_051880_555e0655365967b8,3,67_1175,2,10
51883,2025_051883_6c0890cfab9693e5,2,67_1175,2,6
51887,2025_051887_0eeae8c2b503f726,2,67_1175,2,8
51888,2025_051888_5702d4238ff2a07f,7,68_1175,4,11
51896,2025_051896_be810daf386e40c4,0,68_1175,4,4
51911,2025_051911_bee16e5c946f5fe6,0,68_1175,4,2
51913,2025_051913_4c83b7c2473f9549,7,68_1175,4,2
51918,2025_051918_1f97d5950dd44b9b,7,68_1175,4,3
51920,2025_051920_b690fad7003d1a1a,7,68_1175,4,10
51921,2025_051921_776de275c81cdf8a,7,68_1175,4,7
51923,2025_051923_a68f98d9768cc118,2,68_1176,1,3
51930,2025_051930_88e0bb67db07b6c2,2,68_1176,1,4
51935,2025_051935_48e704ebef6040d7,3,68_1176,1,3
51936,2025_051936_d90ced66e6f73aab,7,68_1176,1,44
51940,2025_051940_bc8a7337bda557dd,3,68_1176,1,2
51941,2025_051941_758335a45f046cbf,2,68_1176,1,2
51945,2025_051945_0953b8fbdfa32703,0,68_1176,1,5
51946,2025_051946_2fc0e448c506e3c6,1,68_1176,1,3
51947,2025_051947_894dfc32fd6f878e,0,68_1176,1,3
51948,2025_051948_b73fcc53e1336374,1,68_1176,1,10
51959,2025_051959_fae46a79d557cea4,0,68_1176,1,2
51960,2025_051960_394312b2d2fad636,1,68_1176,1,4
51969,2025_051969_81ea3fff595e7705,7,68_1176,1,28
51977,2025_051977_cfb05ffdefea25c9,0,67_1175,2,16
51985,2025_051985_060ee1ebd1e95fdd,2,67_1175,2,26
52002,2025_052002_bd42bbc5dfa89172,2,67_1175,2,7
52003,2025_052003_56a18b184524dc88,2,67_1175,2,8
52004,2025_052004_f360f95576ca0f3e,7,68_1176,1,18
52005,2025_052005_9055a9275e06615c,7,68_1175,4,2
52006,2025_052006_b9d71e8144dec3b9,7,68_1175,4,4
52026,2025_052026_4f07ee36077d6a27,0,68_1176,1,24
52027,2025_052027_c73882a5993449a3,0,68_1176,1,19
52031,2025_052031_cca2fa37f967241a,7,68_1175,4,31
52033,2025_052033_66e0bf4115de8b2d,7,68_1175,4,16
52034,2025_052034_d1c3486e0ddd349a,7,68_1176,1,7
52042,2025_052042_9874b0c2a2f3f091,0,68_1176,1,4
52046,2025_052046_4cdb7ad6359648d9,7,68_1176,1,4
52047,2025_052047_84dc4dae90020de6,7,68_1176,1,18
52050,2025_052050_30fba41464c509ba,7,68_1176,1,25
52055,2025_052055_f843f57250bffcf9,0,68_1176,1,9
52056,2025_052056_64bfe34548aa50ef,0,68_1176,1,24
52059,2025_052059_463266092686cd28,7,68_1176,1,6
52063,2025_052063_3746c8690419b6ff,0,68_1176,1,5
52064,2025_052064_3945f3cc833c7eac,7,68_1176,1,17
52065,2025_052065_79cc6936ba60fa26,0,68_1176,1,40
52066,2025_052066_99397c1fc7ee6353,0,68_1176,1,2
52069,2025_052069_af455c206c98d391,1,68_1176,1,3
52070,2025_052070_672dbeab9355322e,0,68_1176,1,2
52072,2025_052072_3c622064194018c8,0,68_1176,1,12
52073,2025_052073_11553bc8be8bca4f,1,68_1176,1,8
52080,2025_052080_2876ca4af734de61,0,68_1174,4,4
52086,2025_052086_ade1ae8d7438df23,3,68_1174,4,17
52101,2025_052101_7220a149dd3cec78,3,68_1174,4,15
52114,2025_052114_3337732909be95d7,3,68_1174,4,10
52116,2025_052116_060b4d4fcdfe2509,7,68_1174,4,13
52118,2025_052118_48d70b375665d297,4,68_1174,4,22
52123,2025_052123_55d434433d89caf8,4,67_1174,3,10
52131,2025_052131_5d2113da3e895ebf,0,67_1174,3,2
52138,2025_052138_22a4c6b7158fceb3,4,67_1174,3,8
52146,2025_052146_ee54ddc239e4b022,4,67_1174,3,15
52149,2025_052149_02ab52465cc697ea,4,67_1174,3,28
52151,2025_052151_edc12b5e3ae7a13d,4,67_1174,3,11
52159,2025_052159_e5e473016c2d09a0,0,67_1175,2,11
52160,2025_052160_065e8c8e9cdc80ab,7,67_1175,2,10
52177,2025_052177_bb5b051ee7a32b8c,0,67_1175,2,8
52187,2025_052187_bbeba316ad7e659e,1,68_1175,4,3
52188,2025_052188_5ac8449351fa59fc,1,67_1175,2,3
52190,2025_052190_5def28d516f914fa,1,67_1175,2,5
52191,2025_052191_73562dafb1ecb840,2,67_1175,2,14
52192,2025_052192_4845fa57a338b104,2,67_1175,2,5
52193,2025_052193_337e7ef2ed9462d6,0,67_1175,2,5
52195,2025_052195_5a1fa6d0e6398ebf,1,67_1175,2,9
52199,2025_052199_06b086e1876727b7,7,68_1176,1,21
52205,2025_052205_90dadf8f98867b09,0,68_1176,1,3
52206,2025_052206_0c607ff4507ff749,7,68_1176,1,3
52220,2025_052220_258f192e7ebba527,7,68_1176,1,5
52225,2025_052225_213b7514d79f5232,1,68_1176,1,3
52232,2025_052232_0bc99a040f3ffc7e,3,68_1175,4,16
52235,2025_052235_a0c509ea35d5518f,0,68_1175,4,2
52239,2025_052239_f46bb6fce3b54edf,0,68_1175,4,9
52241,2025_052241_5f92187faef05e40,4,68_1175,4,15
52244,2025_052244_98ef5284207c8ad6,4,68_1175,4,15
52248,2025_052248_e3eafaf1a1fa74dc,4,68_1176,1,13
52251,2025_052251_a1551f9d1c7d01a4,0,68_1175,4,4
52269,2025_052269_734e42b88532d1eb,0,68_1176,1,2
52272,2025_052272_fecee9a1025c60be,7,68_1175,4,4
52294,2025_052294_b4b4a210ec058726,0,68_1176,1,5
52297,2025_052297_7f66a5f1b5294234,7,68_1176,1,6
52299,2025_052299_cf537d6eafe78004,7,68_1176,1,5
52308,2025_052308_35a9aecffb8c62c5,0,68_1176,1,4
52309,2025_052309_7d5bd55f8578ea90,0,68_1176,1,3
52312,2025_052312_d040e5f350aa2f8f,2,68_1176,1,4
52319,2025_052319_63109c0ab7572a04,2,68_1176,1,8
52332,2025_052332_f5eefc8bd4a7ac29,3,68_1174,4,3
52334,2025_052334_8671340aa3b3f8db,0,68_1174,4,17
52335,2025_052335_9920d472ac15bdc1,3,68_1175,4,43
52336,2025_052336_58306fea3dc5f851,4,68_1175,4,19
52343,2025_052343_91c24ddd27a21825,2,68_1175,4,10
52344,2025_052344_de0f9aed76e5e20f,2,68_1175,4,6
52347,2025_052347_a14db46690d1f48a,6,68_1175,4,5
52348,2025_052348_bb4cc14ffb29b391,2,68_1175,4,13
52354,2025_052354_007e99e7363c0af8,3,68_1175,4,20
52355,2025_052355_1588a4a0abd650d6,6,68_1175,4,24
52358,2025_052358_bbe49dbf5054b641,0,68_1175,4,3
52360,2025_052360_41e884de667a1392,2,68_1174,4,9
52363,2025_052363_ed5d06d9a647ee5b,7,68_1174,4,42
52364,2025_052364_3238921ce905a5de,0,68_1174,4,4
52365,2025_052365_2762e95b04861108,3,68_1175,4,39
52367,2025_052367_852409c9ff674b54,3,68_1175,4,24
52369,2025_052369_3cbfa42845c38770,5,68_1175,4,7
52374,2025_052374_defd7f6fb05dae7b,3,68_1175,4,7
52381,2025_052381_19736473d1acf02e,0,68_1175,4,3
52384,2025_052384_81deb148ea4ab42d,3,68_1175,4,36
52390,2025_052390_5db503f58b62ed79,0,67_1176,3,8
52391,2025_052391_219b32ae2d7d95d6,2,67_1176,3,25
52395,2025_052395_e03ba4761d4b06cb,7,67_1176,3,12
52398,2025_052398_d94ba8d1fab87412,3,67_1176,3,26
52405,2025_052405_e930e0e3b836c3af,0,67_1175,2,17
52406,2025_052406_928dc1939d264fcf,0,67_1175,2,5
52407,2025_052407_b8abeebcedca51d3,3,67_1175,2,10
52408,2025_052408_1e036fb5d43d4e28,1,67_1175,2,16
52411,2025_052411_f3f74bae8bc433e1,2,67_1176,3,12
52413,2025_052413_13664e88545b666e,3,67_1176,3,17
52414,2025_052414_6c2bcdbd8619869e,2,67_1176,3,3
52415,2025_052415_ac45ce2c6a821381,6,67_1176,3,12
52417,2025_052417_4a9d4a5f5de8e8d2,2,67_1176,3,12
52423,2025_052423_8ed346bc52dec790,0,67_1176,3,10
52426,2025_052426_e54b9b266c888046,3,67_1176,3,31
52428,2025_052428_b1d2b46d313ee77a,2,67_1176,3,10
52433,2025_052433_45c2eb8338ebbe75,7,68_1175,4,2
52435,2025_052435_3d5f7dbe19b79863,2,68_1175,4,28
52440,2025_052440_d1c7d693ad798648,7,68_1175,4,11
52443,2025_052443_b238076b068a8e44,7,68_1175,4,35
52447,2025_052447_6e5e8dd946ad4aa4,7,68_1175,4,3
52448,2025_052448_ddff007228d39bd6,7,68_1175,4,4
52452,2025_052452_4fd84a6d5b2e0fa7,0,68_1176,1,2
52466,2025_052466_3b6ba200b1e3da2e,0,68_1176,1,2
52480,2025_052480_a85e9e4fbc85f82e,7,68_1176,1,3
52507,2025_052507_6db26f9ce71647c7,3,68_1174,4,16
52515,2025_052515_8203db2b3d3511d8,6,68_1174,4,17
52519,2025_052519_8c13d6692b2ab6f1,7,68_1174,4,5
52524,2025_052524_54317b53fef90be7,6,68_1174,4,2
52529,2025_052529_bdde56fabbef62ec,3,68_1174,4,3
52537,2025_052537_2d341a6840483ecb,0,67_1176,3,5
52544,2025_052544_342734ac54f8d716,1,67_1176,3,4
52546,2025_052546_d7b74719bb8652a2,0,67_1176,3,30
52555,2025_052555_f811be1258c40f05,0,67_1176,3,3
52558,2025_052558_ffc4b34ed0c92c59,0,67_1176,3,16
52560,2025_052560_51122f9115e04289,0,67_1176,3,10
52566,2025_052566_b56f88219b087011,0,67_1176,3,31
52576,2025_052576_350a5f3c1dfeb4fe,0,67_1176,3,6
52592,2025_052592_44967f401ca19a87,3,67_1176,3,23
52593,2025_052593_17b1608cac0a22dd,3,67_1177,1,34
52594,2025_052594_d48282137f3e736d,3,67_1177,1,51
52596,2025_052596_780f1b3998a81a50,3,67_1177,1,14
52597,2025_052597_4dc4e9ad0371fa97,7,67_1177,1,40
52625,2025_052625_abe8c1a9ad774ccd,3,67_1176,3,42
52627,2025_052627_a29769d418328765,3,67_1176,3,8
52647,2025_052647_5257bd876dccb141,0,67_1176,3,3
52649,2025_052649_5b52f2723fdb208e,0,67_1176,3,6
52660,2025_052660_a088de5544bf0c9b,0,67_1176,3,5
52667,2025_052667_27ba36ec4b0486bb,3,67_1176,3,8
52671,2025_052671_cee4c605cad6acd4,1,67_1176,3,2
52674,2025_052674_661cfc10f3fd405c,0,67_1176,3,7
52683,2025_052683_5914ccfdbafad2f7,7,67_1176,3,6
52714,2025_052714_1de30c258aa738f4,6,67_1176,3,11
52721,2025_052721_2a145826c66a3b46,3,67_1176,3,5
52730,2025_052730_57c69b1e70ba866d,3,67_1176,3,6
52733,2025_052733_ce5b2ff625c646dd,5,67_1176,3,31
52739,2025_052739_2dbcace2a32ef4b8,0,67_1176,3,2
52747,2025_052747_03e607ce365a24d6,3,67_1176,3,23
52750,2025_052750_9b6719f99faabc92,0,67_1176,3,7
52763,2025_052763_efe5a644de16dfaa,2,67_1176,3,30
52764,2025_052764_32bcaceed34bfa0d,7,67_1176,3,29
52792,2025_052792_b8f1e9e277d8c893,3,67_1176,3,21
52794,2025_052794_813ab505d5ca3ef7,2,67_1176,3,17
52795,2025_052795_7be02158e13a2cb6,0,67_1176,3,4
52797,2025_052797_9486e00c915d9100,0,67_1176,3,21
52798,2025_052798_d5e1857543a79a23,2,67_1176,3,16
52801,2025_052801_075c6469c9caeddb,2,67_1176,3,9
52805,2025_052805_69c776eeaefbae3d,2,67_1176,3,11
52807,2025_052807_1250726c81f72b69,7,67_1176,3,7
52813,2025_052813_4b763128268908f7,3,67_1176,3,11
52815,2025_052815_ac34a221f2749ca4,0,67_1176,3,3
52824,2025_052824_6a59ed643676a0ce,1,67_1177,1,15
52825,2025_052825_f0e78ad7a75f9132,1,67_1177,1,32
52827,2025_052827_41bcbe56f7ca5ce1,1,67_1177,1,12
52832,2025_052832_4c919d8637312319,0,67_1177,1,3
52838,2025_052838_fd87ed9fb17a42d9,0,67_1177,1,3
52857,2025_052857_2653007ee40bc991,0,67_1177,1,19
52858,2025_052858_c78b2482f28310dc,2,67_1177,1,7
52864,2025_052864_8db7735581c62da4,0,67_1177,1,36
52872,2025_052872_82b3321e9a9cef06,2,67_1177,1,7
52878,2025_052878_9dc1b3a4e743dec3,2,67_1177,1,21
52888,2025_052888_e88d05103dafbe84,0,67_1176,3,7
52890,2025_052890_715a812f68bca805,1,67_1176,3,19
52892,2025_052892_ce362deb47738456,0,67_1176,3,5
52898,2025_052898_c22293522f9c2c2f,0,67_1176,3,13
52901,2025_052901_6215cdc9be49fe3d,1,67_1176,3,8
52909,2025_052909_16560c6d52673d77,6,67_1176,3,5
52911,2025_052911_4f16979db1d62ca0,4,67_1176,3,17
52912,2025_052912_5724fb69d5bbaeba,4,67_1176,3,13
52914,2025_052914_94d7fd29fbf97b20,3,67_1176,3,15
52916,2025_052916_817ef19c686fab48,0,67_1176,3,4
52922,2025_052922_6d1dc0e11a7057fc,0,67_1176,3,2
52925,2025_052925_b056b978ad6ec74d,4,67_1176,3,11
52928,2025_052928_90e55529b15db69f,0,67_1176,3,2
52937,2025_052937_cf5139069a408943,0,67_1176,3,2
52939,2025_052939_2de26c6d2eca3fe3,0,67_1176,3,2
52944,2025_052944_b1297230fc166e15,3,67_1176,3,5
52947,2025_052947_c6ba30ee9181df0a,0,67_1176,3,3
52949,2025_052949_6cec342b0fd5a477,0,67_1176,3,2
52951,2025_052951_575e0cfff578d688,1,67_1177,1,26
52975,2025_052975_0d14c43c7dd80da7,6,67_1177,1,25
52980,2025_052980_a9eec6e01dcd280b,0,67_1177,1,3
52989,2025_052989_3caf122cd79fa42e,0,67_1177,1,6
52997,2025_052997_eddbca47a372ad1c,3,67_1177,1,18
52998,2025_052998_1d1460e25ce3fac7,4,67_1177,1,24
52999,2025_052999_84d1ea339652e3ff,0,67_1177,1,5
53005,2025_053005_9435f191cc93c0dd,0,67_1176,3,5
53012,2025_053012_8f99b28dcf73ad90,1,67_1176,3,10
53017,2025_053017_d37c226814d0466c,0,67_1176,3,6
53018,2025_053018_59b54965e8c2a01c,0,67_1176,3,3
53039,2025_053039_ed33cabb0aec0475,0,67_1176,3,4
53043,2025_053043_c5a1893ec987b197,1,67_1176,3,6
53050,2025_053050_a2dbae055bbbc1e0,0,67_1176,3,3
53074,2025_053074_27e1283eb12ae281,1,67_1176,3,4
53092,2025_053092_89a042322739713a,3,67_1177,1,14
53098,2025_053098_51fcfdbef6fd97ad,4,67_1176,3,5
53105,2025_053105_3390bf023ac2245d,0,67_1176,3,3
53111,2025_053111_141835cabb8aa1e8,0,67_1176,3,8
53116,2025_053116_b13006374eab5ded,0,67_1176,3,12
53133,2025_053133_e973bda9fa03c695,0,67_1176,3,6
53137,2025_053137_2a8e49988a5fd4bb,1,67_1176,3,12
53142,2025_053142_65cb2f65d0782350,0,67_1176,3,3
53148,2025_053148_3ec10fd857adccca,0,67_1176,3,2
53154,2025_053154_b080060a0f131087,3,67_1176,3,6
53167,2025_053167_32d4a6fb33e441db,0,67_1176,3,20
53175,2025_053175_a29865b603e930d1,5,67_1176,3,4
53182,2025_053182_5a66a6dba575f040,4,67_1176,3,2
53189,2025_053189_0037e6e7ce392396,0,67_1176,3,3
53194,2025_053194_29379f4cbbcac5f5,2,67_1176,3,42
53197,2025_053197_4cb75173ca65777a,2,67_1177,1,4
53201,2025_053201_1f085cbf1887897a,0,67_1177,1,2
53207,2025_053207_9e6647f1288715b9,7,67_1176,3,22
53208,2025_053208_dca97355c62c12ce,7,67_1176,3,39
53209,2025_053209_81370aabcda73285,7,67_1176,3,48
53210,2025_053210_7006547163163d45,7,67_1176,3,68
53228,2025_053228_26c0a281d2855551,7,67_1176,3,16
53229,2025_053229_99bb5aae8986fbf4,6,67_1176,3,24
53231,2025_053231_f373ad26ade0d465,3,67_1176,3,4
53232,2025_053232_4373eb2c5d7e736f,0,67_1176,3,2
53237,2025_053237_1e2050e95f88e9f4,1,67_1175,2,26
53251,2025_053251_2d665ce469ffcaa8,0,67_1175,2,11
53263,2025_053263_441f71a03b10a56c,3,67_1175,2,2
53271,2025_053271_13930007098c92d9,3,67_1176,3,46
53273,2025_053273_e2bca4cd00e7e6d1,3,67_1176,3,3
53275,2025_053275_cd6ef88ec3ca9d87,2,67_1176,3,3
53279,2025_053279_8334eb0158a568ba,0,67_1176,3,4
53287,2025_053287_83a5f1fc8e9db885,2,67_1176,3,52
53289,2025_053289_77414795104245aa,1,67_1176,3,6
53303,2025_053303_a29093ebf034e3ae,1,67_1176,3,6
53308,2025_053308_d9f4311840964fdb,3,67_1176,3,9
53310,2025_053310_a942999f59835501,0,67_1176,3,10
53313,2025_053313_8a9c32814ffabbad,0,67_1176,3,5
53317,2025_053317_352da821283f77ea,0,67_1176,3,5
53319,2025_053319_0de9a9edee9cb3c8,0,67_1176,3,13
53321,2025_053321_b7219adce7ae69d4,7,67_1176,3,16
53325,2025_053325_969ed205069d7403,4,67_1176,3,5
53331,2025_053331_c03a2624c9888167,3,67_1176,3,9
53332,2025_053332_2d7aa6e0a3d197df,2,67_1176,3,6
53333,2025_053333_003d0a90c6ffecc5,1,67_1176,3,3
53334,2025_053334_6616b14cfe8acf03,7,67_1176,3,2
53357,2025_053357_5c41ec4faadf4b2a,2,67_1176,3,15
53366,2025_053366_5a9c8b0bf45235a0,4,67_1176,3,19
53376,2025_053376_241b48c90dca4ca7,3,67_1176,3,107
53379,2025_053379_83720d042e9fa719,3,67_1176,3,10
53380,2025_053380_d3baa0662275f5d3,0,67_1176,3,8
53381,2025_053381_5d2b53fbd8dbf48a,0,67_1176,3,7
53384,2025_053384_4e4046566642ef54,4,67_1176,3,19
53385,2025_053385_c71e7c8d834a031f,3,67_1176,3,4
53388,2025_053388_3451066cd67ad23a,3,67_1176,3,4
53390,2025_053390_0f2b90bb6fdc3187,0,67_1176,3,3
53392,2025_053392_0d5328dcf9cbc31a,0,67_1176,3,3
53395,2025_053395_2b8539766199d7df,4,67_1176,3,5
53406,2025_053406_53b801e69c37ee3a,1,67_1175,2,3
53435,2025_053435_56e9eb02943c6b33,0,67_1175,2,3
53437,2025_053437_fbfa6259830ebe2e,3,67_1175,2,11
53444,2025_053444_642b8bcf05be9f9e,2,67_1175,2,8
53449,2025_053449_42e557bc494b5fc0,3,67_1175,2,2
53450,2025_053450_cf102e1ed6b7408a,2,67_1175,2,22
53452,2025_053452_3ff24f0c2bfad3b2,2,67_1175,2,70
53453,2025_053453_314ffd735d7f81ea,3,67_1175,2,5
53474,2025_053474_ae83d844635b3553,0,67_1175,2,4
53480,2025_053480_5ed6b924745161a7,0,67_1175,2,2
53490,2025_053490_80fc55dc042eb132,7,67_1175,2,2
53492,2025_053492_90d88bbf7f600e14,6,67_1175,2,19
53495,2025_053495_eb74ce9d7425b3a0,3,67_1175,2,4
53497,2025_053497_f4dd19adb8068903,6,67_1175,2,17
53500,2025_053500_ee4bab3fad522e50,6,67_1175,2,9
53501,2025_053501_540186a3e26d256e,6,67_1175,2,53
53505,2025_053505_b03645948924147a,0,67_1175,2,2
53510,2025_053510_529e68da06d67702,1,67_1175,2,6
53514,2025_053514_91bce613fa316a8d,7,67_1175,2,11
53518,2025_053518_99f6368680c5260b,6,67_1175,2,14
53520,2025_053520_e8916a8459f76940,3,67_1175,2,7
53521,2025_053521_dce9ce19101a9779,3,67_1175,2,2
53523,2025_053523_7a6c4e46e881e997,3,67_1176,3,70
53526,2025_053526_318481bb0b7f4f19,3,67_1175,2,21
53534,2025_053534_98a7e83fe629bbf0,4,67_1176,3,9
53536,2025_053536_9f4b755084d4b21b,4,67_1175,2,44
53540,2025_053540_d43dc9db28bce5d7,4,67_1175,2,19
53547,2025_053547_956325bf82fdd4c8,0,67_1175,2,3
53550,2025_053550_49ed674935c17b96,4,67_1175,2,4
53558,2025_053558_8cfdc8a7c8795ccc,0,67_1175,2,14
53561,2025_053561_61eac7f935ffbcbe,0,67_1175,2,7
53568,2025_053568_ea03bb270a3aeea2,7,68_1176,1,4
53571,2025_053571_eb4066c0efc9b54c,7,68_1176,1,4
53573,2025_053573_8c8b08b85e52991a,7,68_1176,1,3
53590,2025_053590_9ba7922ff45fa2f0,0,69_1176,2,11
53592,2025_053592_b7e40af935f4e395,2,69_1176,2,3
53593,2025_053593_84c5f370a7e9152b,1,69_1176,2,4
53596,2025_053596_03480e887abddf4a,0,69_1176,2,4
53599,2025_053599_c86d03e3b1b43502,1,69_1176,2,3
53600,2025_053600_43e282a80975505f,2,69_1176,2,2
53605,2025_053605_374f8648f300ee5f,0,69_1176,2,33
53617,2025_053617_493145475394ce7c,3,69_1176,2,44
53628,2025_053628_dce1c2a55a244d3a,2,69_1176,2,7
53675,2025_053675_a9638e66deb50111,1,68_1176,1,5
53676,2025_053676_4dc92ce5072615f3,0,68_1176,1,2
53681,2025_053681_f5e88d9988880ec5,0,68_1176,1,4
53683,2025_053683_f2e5a3ba3eb84eff,0,68_1176,1,15
53691,2025_053691_09164bce9062939c,7,68_1176,1,3
53693,2025_053693_f390a7c2b18100a4,7,68_1176,1,4
53698,2025_053698_7e7adedd700fcaeb,1,68_1176,1,4
53708,2025_053708_986bc45dc637c718,3,67_1176,3,47
53711,2025_053711_c799f1c08ca497f8,0,67_1176,3,7
53719,2025_053719_aeaf75d4b1856a79,0,67_1176,3,2
53725,2025_053725_c8149aca908daf86,0,67_1176,3,4
53728,2025_053728_3c6c09d0eb7c0f99,0,67_1176,3,3
53729,2025_053729_935bc4b456bb5822,0,67_1176,3,7
53745,2025_053745_78159468dd086fef,0,67_1176,3,4
53753,2025_053753_e5ec2ed4b31e1834,2,69_1176,2,15
53754,2025_053754_3c6dce6ba117a296,1,69_1176,2,2
53758,2025_053758_2abd875615b1831c,1,69_1176,2,24
53766,2025_053766_e245208b4c4e8ae7,7,69_1176,2,2
53770,2025_053770_7c220e947b87a3f9,2,69_1176,2,21
53776,2025_053776_62b76941a0c98ca4,3,69_1176,2,20
53784,2025_053784_5fbddfacf8280f63,1,69_1176,2,3
53811,2025_053811_878024103a26c870,3,68_1176,1,5
53814,2025_053814_8a5e082a3348ef66,3,68_1176,1,12
53815,2025_053815_4ce56c8aec0c749e,2,68_1176,1,9
53830,2025_053830_dfddf75fc9a77368,6,69_1176,2,19
53831,2025_053831_1b0a204a29ec8e19,6,69_1176,2,40
53842,2025_053842_15f1aee55fa8d7cf,4,69_1176,2,4
53844,2025_053844_7aa3625327f4183a,1,69_1176,2,10
53850,2025_053850_8a6fd33efda4b41c,1,69_1176,2,9
53858,2025_053858_9fd91d74460508c5,1,69_1176,2,14
53876,2025_053876_5d5d0c2b09f1a7f8,2,69_1176,2,15
53877,2025_053877_8b48d2f04aea8709,3,69_1176,2,7
53887,2025_053887_19011437e0f8fc04,3,69_1176,2,19
53892,2025_053892_4c39b43b969c3a67,3,69_1176,2,10
53896,2025_053896_8b2b57a94334f5ea,7,69_1176,2,8
53898,2025_053898_b90c5aede9534567,0,69_1176,2,6
53930,2025_053930_89abcc665b1aaed4,2,68_1176,1,16
53949,2025_053949_55ff6a3ad0b99b2e,0,68_1176,1,5
53950,2025_053950_b3f97cf99fba432f,0,67_1176,3,6
53951,2025_053951_146c94b950317f9e,2,67_1176,3,4
53970,2025_053970_9f70fa0d342b3ff5,4,69_1176,2,10
53971,2025_053971_2cce063c9b1fafbf,2,69_1176,2,2
53974,2025_053974_c94993ef96472d7f,0,69_1176,2,2
53975,2025_053975_084b1ab592cf1743,1,69_1176,2,2
53977,2025_053977_045f887e7d5af670,1,69_1176,2,9
53980,2025_053980_f91e674facf7bfde,0,69_1176,2,3
53988,2025_053988_4e3ae7c7bf0611af,3,69_1177,3,3
53989,2025_053989_45c152f3bc5043cc,1,69_1177,3,4
54001,2025_054001_6a46961da40663b8,0,69_1176,2,3
54002,2025_054002_a57210566955ae5e,0,69_1176,2,2
54009,2025_054009_123f541c33518632,1,69_1176,2,7
54012,2025_054012_1f9b23601639db81,7,69_1176,2,8
54014,2025_054014_db4834cc64b6c0fa,0,69_1176,2,7
54019,2025_054019_5795e82709587d60,1,69_1176,2,27
54020,2025_054020_806a2ce07259b7e2,0,69_1176,2,8
54022,2025_054022_046f86b0230ab3a2,1,69_1176,2,17
54026,2025_054026_a5c4ace7c6abbddf,3,69_1176,2,10
54030,2025_054030_a64b7a5d9728fafd,1,69_1176,2,8
54035,2025_054035_df86d773af686429,0,69_1176,2,5
54041,2025_054041_b1a2f13a6ebd255c,4,69_1176,2,7
54052,2025_054052_2e5db6adfc15900a,0,69_1176,2,6
54054,2025_054054_730ebbc69f750524,1,69_1176,2,4
54064,2025_054064_fe2f8b26c4c2dc23,6,69_1176,2,20
54073,2025_054073_4b4ae8b406045a75,7,69_1176,2,6
54075,2025_054075_271d7527ca0c27eb,6,69_1176,2,15
54080,2025_054080_822ca3925fd1f74b,3,69_1176,2,70
54089,2025_054089_88920304f5efa057,0,69_1177,3,2
54096,2025_054096_3620f01fa54469b5,4,68_1177,4,13
54102,2025_054102_0eb5d071c17d495e,7,69_1177,3,2
54104,2025_054104_9cab2c43e7aaf788,3,69_1177,3,5
54106,2025_054106_b21f9c9ce09b5a3f,6,69_1177,3,7
54113,2025_054113_c7d8a4b287bb5ff4,6,69_1177,3,6
54135,2025_054135_d1888390b37ade46,7,69_1177,3,2
54138,2025_054138_d6badf07d31ccc57,0,69_1177,3,3
54141,2025_054141_ff06adb37fe0b1eb,3,69_1176,2,4
54144,2025_054144_e17ae617db02a7be,6,69_1176,2,16
54147,2025_054147_89ef5f0255763d5b,3,69_1177,3,13
54162,2025_054162_bf2ad59143b40c47,0,69_1176,2,10
54176,2025_054176_15eb872fe66377b8,2,69_1176,2,11
54180,2025_054180_6822415774cbfac3,2,69_1176,2,3
54182,2025_054182_893c0bf00dc82e88,6,69_1176,2,5
54211,2025_054211_a1f48e822f5b12db,0,69_1177,3,6
54212,2025_054212_dd163c73e0551c15,0,69_1177,3,4
54214,2025_054214_a581687e8b5a8872,0,69_1177,3,3
54215,2025_054215_9912c479e59e95c7,0,69_1177,3,4
54217,2025_054217_6eba49f199ec7fac,0,69_1177,3,2
54219,2025_054219_e2afa03e371a6c08,0,69_1177,3,3
54222,2025_054222_0cd8af3690ca7604,0,69_1177,3,4
54230,2025_054230_a11111123ff4c961,0,69_1177,3,10
54233,2025_054233_a2c94d56d585b9aa,0,69_1177,3,3
54234,2025_054234_b532600b2fb0ddf9,0,69_1177,3,4
54235,2025_054235_c6d2401a2621abba,0,69_1177,3,14
54236,2025_054236_2fe5680ef9f78045,2,69_1177,3,3
54243,2025_054243_6658a7e07d40eb45,4,68_1177,4,11
54250,2025_054250_1327a0a2a8448a70,2,68_1177,4,3
54252,2025_054252_c3accd2add4b5114,5,68_1177,4,5
54256,2025_054256_d2280cafd0533210,3,68_1177,4,12
54267,2025_054267_9d65be1f4c3fc955,3,68_1177,4,11
54269,2025_054269_46fac2baddc23b7a,0,69_1177,3,3
54293,2025_054293_dff4c6d95c54020a,0,69_1177,3,4
54308,2025_054308_a8bd37301ee18244,0,69_1177,3,6
54309,2025_054309_e0ea6424aef51b21,0,69_1177,3,5
54310,2025_054310_225ea42586c4c351,0,69_1177,3,2
54330,2025_054330_97b4e28ef8fe044b,1,68_1176,1,7
54339,2025_054339_380f41ecf0d24566,3,68_1176,1,2
54340,2025_054340_26345e6256549972,0,68_1176,1,2
54346,2025_054346_951868ebb90eba1f,0,68_1176,1,8
54353,2025_054353_7b8132fa7e044de2,3,68_1176,1,76
54367,2025_054367_9d0d29072259b3a4,3,69_1176,2,2
54390,2025_054390_d4e30f64ea98f259,1,69_1176,2,7
54398,2025_054398_d254b7ad6c793cf8,4,69_1176,2,21
54402,2025_054402_6ba4f28862c860ca,2,69_1176,2,6
54404,2025_054404_b930b492d08014d3,3,72_1176,1,24
54405,2025_054405_84e4d1d7e394a696,3,72_1177,1,5
54420,2025_054420_0ba214429c3aee94,4,72_1177,1,3
54434,2025_054434_72b104f644f71164,4,72_1177,1,6
54450,2025_054450_8d981000e1b3b01a,6,72_1176,1,13
54455,2025_054455_e5737d4eddf65569,6,72_1176,1,14
54456,2025_054456_4e150eb66ff788f5,3,72_1176,1,38
54483,2025_054483_f562fdcea4d51793,3,72_1176,1,2
54484,2025_054484_f906bd05c1a2da0c,3,72_1176,1,31
54491,2025_054491_903c44ceb95c4c79,0,72_1176,1,2
54495,2025_054495_30f9b89b8a7164d5,4,72_1176,1,3
54509,2025_054509_c194788db2620713,7,72_1176,1,7
54514,2025_054514_50b500fbc0dc378e,0,72_1176,1,3
54515,2025_054515_b06c4b98be714c56,0,72_1176,1,11
54518,2025_054518_7f7fd3e21a214470,4,72_1176,1,5
54535,2025_054535_438899d7e06f0c36,3,72_1176,1,22
54543,2025_054543_25742fcd1751361a,5,72_1176,1,49
54552,2025_054552_eea221448c657e7b,4,72_1176,1,8
54572,2025_054572_87dac88ee894fa38,3,72_1176,1,28
54600,2025_054600_6cca104ac381680f,3,72_1176,1,14
54601,2025_054601_c19dda059b3416ba,3,72_1176,1,2
54603,2025_054603_6ab15e3293a21694,3,72_1176,1,3
54611,2025_054611_07c3e21c73d03de9,4,72_1176,1,6
54613,2025_054613_509dc82eac83eeef,7,72_1176,1,32
54641,2025_054641_907d63212d71b48d,3,72_1177,1,7
54643,2025_054643_dc53c9d733b25fee,3,72_1177,1,4
54651,2025_054651_7a10ab61937f174a,3,72_1177,1,5
54660,2025_054660_a4a8cdf615d364aa,6,72_1176,1,6
54670,2025_054670_0e335e215cf7c729,6,72_1176,1,4
54692,2025_054692_fa780c9902b99282,4,72_1176,1,11
54703,2025_054703_aa350eb4f09cfa36,6,72_1176,1,9
54710,2025_054710_2b32888c564d07e7,6,72_1176,1,6
54714,2025_054714_b532dd66492e32cc,4,72_1176,1,11
54718,2025_054718_efe6d0a8cf52747a,6,72_1176,1,15
54719,2025_054719_dcf4963479754017,3,72_1176,1,8
54722,2025_054722_ab115e28efce6250,6,72_1176,1,15
54736,2025_054736_ae09cb3abcb17529,5,72_1176,1,11
54739,2025_054739_fbad21df80aae4c3,4,72_1176,1,52
54751,2025_054751_2aacca5b95998306,6,72_1176,1,9
54752,2025_054752_9d10764eb7a15888,6,72_1176,1,5
54754,2025_054754_f857a4c6f67a1254,4,72_1176,1,5
54766,2025_054766_4fef62a54dd3e61d,7,72_1176,1,10
54780,2025_054780_948b193c72bdd397,3,72_1176,1,25
54785,2025_054785_baef618776e8f807,3,72_1176,1,5
54788,2025_054788_d2243ec1e1f2a555,0,72_1176,1,2
54791,2025_054791_4c2717328e74bf5e,6,72_1176,1,6
54801,2025_054801_46147cd778beabf8,1,72_1176,1,34
54834,2025_054834_72ffef312c29c7c3,5,72_1176,1,2
54849,2025_054849_401fb6acd29036e3,3,72_1177,1,3
54858,2025_054858_4cbd179f407815f9,4,72_1177,1,4
54868,2025_054868_e5109b49b6ccc3fb,3,72_1177,1,22
54884,2025_054884_685b36fe3dd142e3,3,72_1177,1,4
54887,2025_054887_4d39535d3a5952af,1,72_1176,1,12
54892,2025_054892_025ecbe1b0b58254,1,72_1176,1,14
54911,2025_054911_4a8753b0fce206bb,1,72_1176,1,5
54922,2025_054922_6fd9d111896ec7d7,2,72_1176,1,2
54923,2025_054923_a04e2f1aa88c5891,2,72_1176,1,2
54924,2025_054924_80fbb2da4a481618,0,72_1176,1,4
54925,2025_054925_e2e6b3d9f11af7ef,2,72_1176,1,4
54933,2025_054933_99c259be908f1a62,3,72_1177,1,10
54935,2025_054935_85527f5e1b0d97ce,1,72_1176,1,28
54969,2025_054969_dbdfc30bd7456472,6,71_1176,5,8
54993,2025_054993_dc34df8fc47131b4,3,71_1176,5,82
54996,2025_054996_981bf44a04000523,3,71_1176,5,33
54997,2025_054997_8450102da6a5dcab,3,71_1176,5,6
54999,2025_054999_62b4d9fce9f7b917,3,71_1176,5,20
55004,2025_055004_647478cdb3893879,3,71_1176,5,12
55017,2025_055017_83f436e9d2dbabf7,7,71_1176,5,3
55041,2025_055041_1c7170683945a3e9,6,71_1176,5,26
55049,2025_055049_0222d72ae5cd1b8a,4,71_1176,5,34
55059,2025_055059_a90aa8da1883f897,0,71_1176,5,36
55063,2025_055063_0362add4dc3e1452,0,71_1176,5,5
55064,2025_055064_af6d0cd4276eea99,0,71_1176,5,5
55066,2025_055066_d2e7f0db4a75a076,0,71_1177,5,19
55067,2025_055067_3ebb5054f625a9eb,0,71_1176,5,32
55068,2025_055068_aed860a214dd165b,0,71_1176,5,8
55077,2025_055077_0019180c58e59e08,7,71_1176,5,6
55079,2025_055079_17fad5413244ba9a,3,71_1176,5,32
55086,2025_055086_4683f4fca3262452,7,71_1176,5,5
55087,2025_055087_ccfefe154dc17c6b,3,71_1176,5,4
55094,2025_055094_b767f3a746082978,7,71_1176,5,2
55096,2025_055096_89ed287dd653150e,3,71_1176,5,14
55112,2025_055112_4268ac7639fe0cb0,3,71_1176,5,4
55123,2025_055123_298a5da0b96b80f6,5,71_1176,5,29
55174,2025_055174_454136a83ddffdae,3,71_1176,5,3
55207,2025_055207_2f1e35cfc72b62cc,6,71_1176,5,8
55209,2025_055209_0f77c6d8e010f688,1,71_1176,5,13
55210,2025_055210_a33ac521841750c7,1,71_1176,5,20
55224,2025_055224_4ae751c656f8e995,3,71_1176,5,8
55238,2025_055238_7d2f9bee8191e1af,4,71_1176,5,5
55247,2025_055247_584cb2f727136faa,1,71_1176,5,11
55248,2025_055248_cff5d13d34d85a5a,3,71_1176,5,17
55251,2025_055251_896cc048d5c40df5,7,71_1176,5,4
55252,2025_055252_d655a129f5268863,6,72_1177,1,12
55256,2025_055256_fb0788661ff66182,0,72_1177,1,11
55262,2025_055262_69b81bcde56066ba,0,71_1177,5,13
55274,2025_055274_2c571cf56b0d3a7d,0,72_1177,1,31
55296,2025_055296_480911555fed1b15,4,71_1176,5,2
55300,2025_055300_025cc8734c6e1d2b,3,71_1176,5,15
55308,2025_055308_250a3657a2ca2276,5,71_1176,5,53
55316,2025_055316_a72680e3ed9a1674,1,71_1177,5,20
55320,2025_055320_5067b926e7b7135f,0,71_1177,5,4
55327,2025_055327_e3a3a24c939a9a6d,7,71_1177,5,13
55329,2025_055329_ce24371299c275ce,0,71_1177,5,18
55349,2025_055349_5f54a66e57518ac0,2,71_1176,5,18
55355,2025_055355_9bbcacee5a63905e,6,72_1176,1,3
55361,2025_055361_88ab4c5bc5d56bd7,3,72_1176,1,5
55367,2025_055367_df2416f0bb6e03e7,7,72_1176,1,2
55376,2025_055376_78d340fd6d5dffdd,3,72_1176,1,2
55386,2025_055386_5d8a3948ec692a8b,4,72_1176,1,28
55390,2025_055390_9e16b09e3c24891c,3,72_1176,1,33
55400,2025_055400_8ff2e6120a9bb0a2,3,72_1176,1,5
55402,2025_055402_3b7e06acf2613ad1,5,72_1176,1,5
55415,2025_055415_78e8f9bdd6b102d2,7,71_1176,5,2
55427,2025_055427_aff08db41b24bc2b,7,71_1176,5,6
55468,2025_055468_0955ca77dc8e8a69,0,72_1176,1,4
55469,2025_055469_1dc62372a17c88f6,3,72_1176,1,3
55475,2025_055475_1414e6026b3adb59,0,72_1176,1,2
55481,2025_055481_1260319c277f8bd9,3,72_1176,1,66
55493,2025_055493_edcb6e2f43d62b7e,3,72_1176,1,32
55497,2025_055497_f8967676ef4a39b1,4,72_1176,1,42
55505,2025_055505_9587c5cafcce9659,7,72_1176,1,8
55521,2025_055521_e1cc04519312fae5,0,72_1176,1,34
55522,2025_055522_fcb972c258a3db06,1,72_1176,1,3
55525,2025_055525_2ad199d982752626,3,72_1176,1,2
55526,2025_055526_c754d2f282ad95c7,2,72_1176,1,13
55544,2025_055544_7759eb3a1e976ea0,6,72_1177,1,4
55562,2025_055562_bc209800f8b05a4c,2,72_1176,1,12
55565,2025_055565_b60295d39995dfaf,3,72_1176,1,80
55573,2025_055573_96a1103ea4402e50,4,72_1177,1,13
55580,2025_055580_511371fd615082df,3,72_1177,1,8
55582,2025_055582_7045f29e7bd96aef,6,72_1177,1,4
55592,2025_055592_e682400bfa21e186,4,72_1177,1,27
55597,2025_055597_d6308d50f7ca961a,7,72_1177,1,9
55599,2025_055599_67668e7346ae978c,3,72_1177,1,7
55600,2025_055600_970cca86225be042,3,72_1176,1,59
55612,2025_055612_3c3598f5826eaa1e,6,72_1176,1,2
55617,2025_055617_0bb14c7641134725,6,72_1176,1,2
55630,2025_055630_8f2ea0a25036de15,4,72_1176,1,3
55635,2025_055635_66e79746a3bf964b,6,72_1176,1,10
55649,2025_055649_60309dfe98ff6799,3,72_1176,1,13
55654,2025_055654_451b9b31820f6619,6,72_1176,1,17
55659,2025_055659_9da51a6d58a6934b,6,72_1176,1,3
55666,2025_055666_f926ff079789f103,6,72_1176,1,29
55671,2025_055671_76df11060208f832,6,72_1176,1,5
55672,2025_055672_fea2c4002504b856,3,72_1176,1,11
55695,2025_055695_5b0ff0fbb851c6a1,6,73_1176,5,6
55698,2025_055698_009c58148854e865,6,73_1176,5,8
55705,2025_055705_16b4cbfda18b83b2,7,73_1176,5,2
55711,2025_055711_2a4918ec9e6f4d91,4,73_1176,5,11
55712,2025_055712_a77770686f4a8d88,5,72_1176,1,13
55716,2025_055716_e76c6ec88f270c33,6,72_1176,1,3
55721,2025_055721_55a7d17a82b8504c,7,72_1176,1,3
55723,2025_055723_23f5d8dcbb686c25,3,72_1176,1,18
55746,2025_055746_8356694635f2d392,4,72_1176,1,2
55747,2025_055747_26f4f247cb44a355,3,72_1176,1,6
55763,2025_055763_c61dc0ea74b9d4b5,3,72_1176,1,4
55784,2025_055784_e62710fc4b2fc7f3,7,73_1176,5,22
55789,2025_055789_9cf2a723de6b2f59,3,73_1176,5,20
55800,2025_055800_e55d2383aa932b5c,4,73_1176,5,5
55806,2025_055806_a00a482cdd5588e9,7,73_1176,5,65
55807,2025_055807_81b7a2a8b05a063d,7,73_1176,5,15
55809,2025_055809_8b11587beced0386,1,73_1176,5,10
55814,2025_055814_854668cb45639478,5,73_1176,5,13
55816,2025_055816_2979a771a8ca0540,3,73_1176,5,71
55817,2025_055817_cdfb10917ce4caf9,4,73_1176,5,33
55820,2025_055820_c52efbb2f8127113,7,73_1176,5,12
55821,2025_055821_633573297fd60105,3,73_1176,5,19
55828,2025_055828_5a72f5d440586c57,6,73_1176,5,2
55844,2025_055844_1b1b7b613fa48773,7,73_1176,5,9
55879,2025_055879_6965f50320884335,5,73_1176,5,7
55884,2025_055884_85d37e7423f53b32,3,73_1176,5,26
55895,2025_055895_5d93ec6970df3331,3,73_1176,5,8
55902,2025_055902_f03dc03dee896453,7,73_1176,5,2
55927,2025_055927_276f4a81fec23c3e,7,73_1176,5,2
55937,2025_055937_fc88056a3563f65a,1,73_1176,5,24
55941,2025_055941_8a9ac0a6df03852e,3,73_1176,5,7
55943,2025_055943_8e7886125a2f66a9,2,73_1176,5,2
55949,2025_055949_584ac0981ea82ae9,6,73_1176,5,2
55954,2025_055954_9509273b52d72468,3,73_1176,5,6
55957,2025_055957_4bee3d6f836b667c,2,72_1176,1,16
55966,2025_055966_6a41693f0b9a6fe3,7,72_1176,1,15
55969,2025_055969_25c4c6a13af4770c,6,72_1176,1,33
55971,2025_055971_da3dbfbd49dadcca,7,72_1176,1,18
55973,2025_055973_0e2063814d81f8a7,3,72_1176,1,19
55985,2025_055985_b6882d263e710a8e,0,70_1176,2,6
56002,2025_056002_599bee7d0b61c6d9,0,69_1176,2,57
56008,2025_056008_9743e3a02b5d8dd2,1,69_1176,2,27
56043,2025_056043_90ec2a6ad525bfd1,0,69_1176,2,13
56045,2025_056045_71d16809d29baff1,1,70_1176,2,5
56046,2025_056046_ceed39c7c8a5d91e,0,69_1176,2,5
56047,2025_056047_930857058c1d4e7b,4,71_1176,5,12
56056,2025_056056_b1f67413701378ac,1,69_1176,2,8
56073,2025_056073_3c9a7a123a168313,3,70_1176,2,14
56083,2025_056083_68c59cb89bbb49b2,2,69_1176,2,31
56137,2025_056137_c9b5635f93890dfc,0,69_1176,2,6
56138,2025_056138_b2ba28a864f93e09,4,70_1176,2,148
56141,2025_056141_6c4c6a074241d5e2,0,69_1176,2,4
56145,2025_056145_47da74175df9bc2b,0,70_1176,2,6
56165,2025_056165_e2936552718d6fe1,0,70_1176,2,4
56166,2025_056166_cb88f9ea76e647d8,0,70_1176,2,2
56169,2025_056169_a91ef9db57486655,0,70_1176,2,15
56175,2025_056175_cc1ffcbbfe0f97a4,0,70_1177,2,33
56180,2025_056180_38276deea804ef91,0,69_1177,3,5
56181,2025_056181_b363b7304bd9c853,0,70_1177,2,29
56185,2025_056185_fc0cb7be268ab11e,1,70_1177,2,15
56190,2025_056190_4be337dd6eae5116,0,70_1177,2,18
56195,2025_056195_9ee7083c90804d4b,0,70_1177,2,5
56196,2025_056196_c26d7eaebedaaa0c,0,70_1176,2,6
56197,2025_056197_6be1d415f8a4f896,0,70_1176,2,4
56201,2025_056201_548ac8cfe1e9676e,6,70_1177,2,6
56207,2025_056207_5d0dc6aac3e03a4c,4,70_1176,2,31
56209,2025_056209_7484784092541243,3,70_1177,2,29
56210,2025_056210_19b9ef68bec11c7a,3,70_1177,2,25
56212,2025_056212_635c89d8b19d1977,2,69_1177,3,74
56220,2025_056220_7f2a358091948dec,1,69_1177,3,17
56228,2025_056228_23038c411a016e25,1,69_1177,3,18
56245,2025_056245_9d6bbbab006523af,3,69_1176,2,76
56246,2025_056246_c5ea584c5f866d4b,4,69_1177,3,11
56249,2025_056249_21d195ba575a772a,2,69_1176,2,51
56278,2025_056278_af2d814236dec565,0,69_1177,3,3
56280,2025_056280_7d8743ace4d267f0,3,69_1177,3,4
56281,2025_056281_fb43767973e38300,0,69_1177,3,4
56283,2025_056283_7d926c2cab8798f0,2,69_1177,3,9
56294,2025_056294_71fc8549461a6b6b,6,70_1177,2,4
56295,2025_056295_82973c0bce19ebbb,3,69_1177,3,3
56297,2025_056297_74b8122625ff66ae,6,70_1177,2,17
56302,2025_056302_93c9adbba303a349,6,70_1177,2,8
56306,2025_056306_a07c89bd6047725e,7,69_1177,3,5
56314,2025_056314_bd52ed1de135ea5c,3,70_1177,2,3
56320,2025_056320_16917791eee50bda,2,70_1177,2,28
56321,2025_056321_47da9ecf0c1181d5,3,70_1177,2,19
56324,2025_056324_3e91086290f8cb6d,3,70_1177,2,2
56329,2025_056329_f7e3620a4eaf96be,6,70_1177,2,3
56331,2025_056331_726ec7ef9a1afc52,3,70_1177,2,5
56343,2025_056343_4ddfb2458662d042,6,70_1176,2,21
56360,2025_056360_7c8cff2145d25b95,4,70_1176,2,5
56363,2025_056363_3ec7d1f7d15a4711,5,70_1176,2,60
56367,2025_056367_813f57e90b44b267,7,70_1176,2,74
56374,2025_056374_767a90e9c4505db5,6,70_1176,2,12
56378,2025_056378_b721fc0a5a6b051f,5,70_1176,2,42
56397,2025_056397_c0f9802e18ae8b77,4,70_1176,2,65
56432,2025_056432_0ae906a73e06ea20,3,70_1176,2,12
56450,2025_056450_2017d9a37473fd37,1,70_1176,2,63
56455,2025_056455_ebc92f07051433fe,3,70_1176,2,9
56461,2025_056461_7ec7735c39de01b9,7,70_1176,2,2
56474,2025_056474_503068763101822c,3,70_1176,2,10
56478,2025_056478_84288e4a90457760,3,70_1176,2,6
56479,2025_056479_f7b5bdc807363450,3,70_1176,2,66
56481,2025_056481_86047825e48062bb,3,70_1176,2,9
56499,2025_056499_74ab3a478f8c28a9,3,70_1176,2,3
56503,2025_056503_d25bc47496562f1c,3,70_1176,2,3
56504,2025_056504_f0f9833c7f8035f2,4,70_1176,2,78
56519,2025_056519_efd8a7c7c06ac5bc,3,70_1176,2,39
56533,2025_056533_5bdf1d779a0a90c8,0,69_1176,2,19
56557,2025_056557_e32867ae8227bc93,6,71_1176,5,20
56559,2025_056559_a114c1801bd3f8b5,3,71_1176,5,15
56563,2025_056563_d8b751750f4c918f,4,71_1176,5,19
56565,2025_056565_2665bc809d8b7c46,7,71_1176,5,10
56566,2025_056566_56c38dd32a773440,3,71_1176,5,10
56569,2025_056569_39e7bc6f4ef04d6c,0,71_1176,5,2
56571,2025_056571_20bfd5fa26e6ce7a,0,71_1176,5,2
56573,2025_056573_8881deb95d717766,7,70_1176,2,55
56576,2025_056576_7e9951c65b8337a1,5,70_1176,2,36
56580,2025_056580_46a7b803ca355193,3,70_1177,2,95
56595,2025_056595_1544b01e56d29986,3,70_1176,2,49
56596,2025_056596_a7d06d376e382785,7,70_1176,2,74
56607,2025_056607_e5a2635e5c73700c,3,70_1176,2,30
56611,2025_056611_9341da9119c191fd,4,70_1176,2,3
56612,2025_056612_e3ab24de1b375328,6,70_1176,2,3
56616,2025_056616_f86d6bd1c7edc5c8,3,70_1176,2,31
56619,2025_056619_07c45abdf8101932,6,70_1176,2,10
56621,2025_056621_c845509a6782f10c,3,70_1176,2,8
56623,2025_056623_1bbe3185b176f01b,6,70_1176,2,20
56626,2025_056626_b9193f8e1aa4d1b3,3,70_1176,2,7
56637,2025_056637_9ddeeb18db93bd44,6,70_1176,2,20
56650,2025_056650_d6eba64d3d9e37f8,3,70_1176,2,6
56667,2025_056667_47ccdfd9772dd5d6,5,70_1176,2,115
56675,2025_056675_de12a0db7a08d418,3,70_1176,2,40
56689,2025_056689_95c1b961dafb0705,3,70_1176,2,4
56693,2025_056693_1362a26e3ea8c3d9,7,70_1176,2,3
56703,2025_056703_87220b31779905fb,3,70_1176,2,14
56708,2025_056708_906d4f8b5120bd6f,6,70_1176,2,11
56711,2025_056711_e2876aa0224e305e,3,70_1176,2,14
56734,2025_056734_30fa2a4517bb70dc,3,70_1176,2,5
56747,2025_056747_2e476d78a612bf15,3,70_1176,2,67
56756,2025_056756_b006d616787e9348,3,70_1176,2,12
56761,2025_056761_be4998f09c5ef474,7,70_1176,2,50
56772,2025_056772_51e3eb83d50101c9,4,70_1176,2,44
56775,2025_056775_7a8d4937c4769407,3,70_1176,2,22
56783,2025_056783_8d4ecd706d333bb6,6,70_1176,2,25
56790,2025_056790_d345787c9992a587,3,70_1176,2,23
56803,2025_056803_4f17274ceea5c96e,0,70_1176,2,15
56806,2025_056806_c6d28dda67d4eb10,7,70_1176,2,2
56814,2025_056814_9475f873df144b96,0,70_1176,2,2
56822,2025_056822_83e10a936012270d,0,70_1176,2,4
56826,2025_056826_27b4ef5794f830cf,3,73_1176,5,21
56828,2025_056828_e022bfab3b4c2b1d,4,73_1176,5,14
56831,2025_056831_1941d4fdf6bd1f81,7,73_1176,5,26
56837,2025_056837_7f4cc3bb66df38be,3,73_1176,5,37
56845,2025_056845_2cce67d38cd62f2c,3,73_1176,5,7
56872,2025_056872_51496067869c1276,3,73_1176,5,37
56875,2025_056875_2d2bbcc9a9196fed,7,73_1176,5,18
56885,2025_056885_d8b6cd61bf4fa6b7,4,73_1176,5,11
56887,2025_056887_c05c61a6711ef831,1,73_1176,5,14
56897,2025_056897_fcfd53f4a0f026da,1,73_1176,5,42
56899,2025_056899_b6f5840c10383ea9,3,73_1176,5,27
56903,2025_056903_ce607393f56c8aaf,3,73_1176,5,13
56907,2025_056907_786b0d0dd03bbf66,3,73_1176,5,19
56914,2025_056914_a2e4455ecc0f0a0a,3,73_1176,5,22
56915,2025_056915_fa06a3bdfd9e5738,2,73_1176,5,29
56926,2025_056926_f955c29a11512202,1,73_1176,5,32
56930,2025_056930_d7d68bbf42502129,2,73_1176,5,23
56932,2025_056932_f3418db5402de731,1,73_1176,5,15
56946,2025_056946_be15061c4b48f3c7,1,73_1176,5,5
56958,2025_056958_77ae12787308b7f0,1,73_1176,5,36
56969,2025_056969_809857825fb37139,1,73_1176,5,27
56971,2025_056971_03022c85ee3a2ec9,7,73_1176,5,56
56982,2025_056982_9efd2ae6a904e1a5,3,73_1176,5,6
56984,2025_056984_f38e0bb514d82a36,3,73_1176,5,41
56994,2025_056994_e6eee31a8f6e6d97,4,73_1176,5,15
56996,2025_056996_a9453640e1f11d39,3,73_1176,5,9
57009,2025_057009_752e2251ffbfcbb2,1,73_1176,5,18
57013,2025_057013_0ead642a3f7c79ea,7,73_1176,5,95
57019,2025_057019_0ee749f428ea3116,1,73_1176,5,25
57033,2025_057033_39c965382620b7b2,3,73_1177,1,13
57050,2025_057050_6e43d0da7a674e9e,0,73_1177,1,4
57051,2025_057051_cd4021396a7a3475,1,73_1176,5,29
57067,2025_057067_9bc6737199787da2,3,73_1176,5,9
57076,2025_057076_7e4a142f7a31ab95,6,73_1176,5,4
57091,2025_057091_ac8cfc3bb91c004a,3,73_1176,5,2
57104,2025_057104_52cdb0329815fa99,7,73_1176,5,58
57116,2025_057116_7a6cb0106f785f96,7,73_1176,5,12
57127,2025_057127_a89d3cea42dc615f,1,73_1176,5,3
57130,2025_057130_8aafbade013db69d,1,73_1176,5,22
57137,2025_057137_cb5a61cdccbc9c40,3,73_1176,5,25
57157,2025_057157_29dd55c544b535e7,0,73_1176,5,33
57166,2025_057166_c024d8d824c8069f,0,73_1176,5,25
57170,2025_057170_f4807395f8f8468b,1,73_1176,5,4
57171,2025_057171_aecffa534e438c21,7,73_1176,5,7
57174,2025_057174_bee9965ccc689df4,6,73_1176,5,2
57185,2025_057185_7bfcf8409ad16195,5,73_1176,5,35
57197,2025_057197_8e5afc8ea4c5df12,7,73_1176,5,6
57198,2025_057198_6bbc689e4e57ed65,4,73_1176,5,4
57209,2025_057209_2a7152136009a79e,7,73_1176,5,4
57216,2025_057216_b501b830295e8cd2,6,73_1176,5,26
57219,2025_057219_c37f80215a41f3ff,5,73_1176,5,8
57224,2025_057224_634c552429032ec5,5,73_1176,5,17
57227,2025_057227_abdd3acaa7fecdc4,7,73_1176,5,6
57230,2025_057230_1b13e9e9174c78f6,1,73_1177,1,29
57233,2025_057233_55faca3459b99c53,2,73_1177,1,8
57239,2025_057239_adc9b36d784e66c6,3,73_1176,5,12
57244,2025_057244_c28aa80f47c77fdd,3,73_1176,5,9
57250,2025_057250_de5070871ad92cbe,0,73_1176,5,12
57274,2025_057274_421eb2c945ae0371,7,73_1176,5,2
57281,2025_057281_4f7460936645483a,6,73_1176,5,15
57282,2025_057282_1720a9a5e9f63b70,6,73_1176,5,15
57291,2025_057291_dfd2513f269baa33,3,73_1176,5,2
57294,2025_057294_e663853e2f4fedd6,4,73_1176,5,43
57304,2025_057304_2907b52c1ce4efc5,7,73_1176,5,9
57311,2025_057311_1a4a0bafd82303dc,3,73_1176,5,2
57316,2025_057316_ecc86f22a08e4297,6,73_1176,5,10
57331,2025_057331_8fcb47ef738cc7e7,6,73_1176,5,2
57336,2025_057336_4420bb247ddbe192,3,73_1176,5,8
57346,2025_057346_67b391f62b4974f1,4,73_1176,5,2
57347,2025_057347_56e246002cd65433,7,73_1177,1,10
57360,2025_057360_2badb545970b840b,1,73_1176,5,2
57363,2025_057363_dc9e4b0b2bfc05e7,1,73_1176,5,2
57372,2025_057372_aba69d67f3d5d1eb,7,73_1176,5,4
57380,2025_057380_ceb70c8b2594d158,4,73_1176,5,4
57386,2025_057386_5a4d5424d5ff998b,1,73_1176,5,8
57389,2025_057389_32b89156c80333b0,4,73_1176,5,2
57398,2025_057398_e523bae08f5c46d7,3,73_1176,5,4
57408,2025_057408_6b2aafa41d92f301,0,73_1176,5,14
57411,2025_057411_dbcd31cfe710253b,1,73_1176,5,49
57421,2025_057421_106d8d3040edc15a,3,73_1176,5,87
57431,2025_057431_a26612e1783b7b64,0,73_1176,5,20
57435,2025_057435_143b6b30965683fd,2,73_1176,5,11
57447,2025_057447_d719cb264ed18f4a,4,73_1176,5,10
57454,2025_057454_10c26202a3a4e4ae,1,73_1176,5,10
57471,2025_057471_1a61d1d8e0caf5ea,2,73_1176,5,26
57473,2025_057473_07558e0f78d0339d,2,73_1176,5,5
57494,2025_057494_14ffa2a0834e6393,0,67_1177,1,5
57498,2025_057498_369c607c4b9deb4b,0,67_1177,1,12
57501,2025_057501_1d6a4427cf15dfea,1,67_1176,3,3
57506,2025_057506_78fa2443c9dec768,0,67_1176,3,16
57511,2025_057511_988f133d040dada7,0,67_1177,1,3
57512,2025_057512_0bed64d6e40a69a3,1,67_1177,1,12
57514,2025_057514_38859a3f928b7b9d,2,67_1176,3,10
57517,2025_057517_53fbb7be1da73a30,0,67_1177,1,2
57521,2025_057521_73cf7600b80c74c3,0,67_1176,3,4
57522,2025_057522_48c9ce9e6a500114,0,67_1177,1,8
57530,2025_057530_bee3da8627dbfc2a,1,67_1177,1,21
57536,2025_057536_27fdf49aabe34292,0,67_1177,1,5
57541,2025_057541_d0c9527e8d8c28df,2,67_1176,3,4
57544,2025_057544_650c8f83ab3348cc,0,67_1177,1,3
57552,2025_057552_75c99b0680bf6515,0,67_1177,1,5
57557,2025_057557_34789b32d0f03871,0,67_1177,1,4
57559,2025_057559_193337e36a8e237c,0,67_1177,1,11
57564,2025_057564_5c569cf34eba6c31,2,67_1177,1,8
57575,2025_057575_6935273ab96337b0,2,67_1177,1,2
57583,2025_057583_ea42206923df75c6,4,67_1177,1,26
57586,2025_057586_f868b0bd3a7217d3,4,67_1177,1,11
57588,2025_057588_faa608de5fde36d5,0,67_1177,1,9
57589,2025_057589_c07b5439bedda2fd,1,67_1177,1,7
57601,2025_057601_4ac8264ad1cafa5e,3,68_1177,4,91
57615,2025_057615_b78371bb624f57f8,3,68_1177,4,15
57625,2025_057625_1cbebb3006c62ab0,1,68_1176,1,13
57645,2025_057645_efbf31a7d5d3406f,2,67_1177,1,3
57646,2025_057646_140b5b5d82876042,2,67_1177,1,13
57650,2025_057650_13a2cd834d821244,3,67_1177,1,10
57651,2025_057651_da8e3a88ac903913,2,67_1177,1,33
57656,2025_057656_7c40f2f565b9e01e,1,68_1177,4,5
57663,2025_057663_5c81c8eb6deaf039,1,68_1177,4,5
57667,2025_057667_d4ab303ca3682cc7,1,68_1177,4,5
57676,2025_057676_1dae68f9c9d2ec9c,3,67_1177,1,2
57684,2025_057684_fd819a41ebab65f1,0,68_1177,4,11
57685,2025_057685_ed475b15e58a04f9,0,68_1177,4,16
57690,2025_057690_ce61d9e71ec52a72,0,68_1177,4,6
57691,2025_057691_0e6201c61be48e2f,0,68_1177,4,5
57697,2025_057697_70a947a67a7a5e91,0,68_1177,4,3
57707,2025_057707_42efa12a7f34363a,0,68_1177,4,8
57734,2025_057734_c9f47177556a139f,7,68_1176,1,17
57736,2025_057736_f8223b3f3042a595,7,68_1177,4,2
57741,2025_057741_0c5ee38c63836fd7,0,68_1177,4,5
57747,2025_057747_9e1083c675116955,3,73_1174,3,33
57749,2025_057749_d603404925d20791,5,73_1174,3,12
57752,2025_057752_65fa376e2dd1d335,7,73_1174,3,10
57762,2025_057762_f2b48307ad16d002,3,73_1174,3,17
57765,2025_057765_220c43abdcac6a10,0,73_1174,3,7
57771,2025_057771_9eaad7267174f746,6,73_1174,3,4
57781,2025_057781_73304a9b095a1689,3,73_1174,3,37
57784,2025_057784_9bff66ff00939bdb,3,73_1174,3,23
57786,2025_057786_26b04d05668efd66,0,72_1174,1,15
57790,2025_057790_e2d22b5130e5908d,5,72_1174,1,52
57793,2025_057793_9f51cf503894f492,2,72_1174,1,53
57797,2025_057797_27d13598df4027bb,3,73_1174,3,36
57801,2025_057801_21de4a4dd1cc9349,2,73_1174,3,22
57804,2025_057804_dfabd4b373f3dac8,2,73_1174,3,60
57815,2025_057815_b94a34da1136d737,2,73_1174,3,41
57827,2025_057827_b8acdde9232d39fe,6,73_1174,3,11
57842,2025_057842_3a06a4350422631d,4,73_1174,3,36
57848,2025_057848_b56b24f96342828b,6,73_1174,3,2
57849,2025_057849_302fc7f75bcbbd26,6,73_1174,3,3
57859,2025_057859_8152072393d3d51b,4,73_1174,3,2
57863,2025_057863_46cd3c6a3ae5355a,4,73_1174,3,3
57866,2025_057866_f611d468563d2ccd,3,73_1174,3,10
57875,2025_057875_9cee0285d8dffc0f,4,73_1174,3,5
57879,2025_057879_6b76020d51420b1f,4,73_1174,3,7
57883,2025_057883_e86bcb9194a43d44,4,73_1174,3,11
57901,2025_057901_eef91ee44482a20d,7,72_1175,4,2
57904,2025_057904_974e76b3fb4578a9,7,72_1175,4,9
57905,2025_057905_77063745f7d84e4c,7,72_1175,4,4
57906,2025_057906_68cde3394a4ec51f,7,72_1175,4,5
57908,2025_057908_b213d097fe11f04f,3,72_1175,4,14
57924,2025_057924_70f24acbaf21d6ee,2,72_1175,4,2
57935,2025_057935_dfe6aa47bd13b612,3,72_1175,4,44
57947,2025_057947_376cabb8476ddab2,7,73_1174,3,15
57951,2025_057951_bb283380ad727071,3,72_1174,1,4
57954,2025_057954_e86c61947eca3782,3,72_1174,1,8
57957,2025_057957_4386b6be17583917,5,73_1174,3,35
57962,2025_057962_ba44880251123a5d,3,73_1174,3,10
57968,2025_057968_792d7d88a253791f,7,73_1174,3,28
57972,2025_057972_b869da8375413699,3,73_1174,3,11
57980,2025_057980_d5e7dc36884dca31,0,73_1175,5,2
57988,2025_057988_7d8c1cabfe3fc160,5,73_1175,5,26
57990,2025_057990_94964a6f07a17f56,7,73_1174,3,6
57999,2025_057999_40d48f52a93b3194,3,73_1174,3,6
58001,2025_058001_b998108d36af931a,5,73_1174,3,33
58006,2025_058006_f3edd54bc795c9a0,3,72_1174,1,7
58012,2025_058012_eec7a44b5747484a,6,73_1174,3,7
58022,2025_058022_594427bc3eb92e28,3,73_1175,5,59
58023,2025_058023_8a1b00c5f4474e30,7,73_1175,5,50
58031,2025_058031_54fd51dae0957d74,5,73_1174,3,19
58033,2025_058033_d87dad53dce04475,7,73_1175,5,28
58036,2025_058036_e15f752c7c479385,4,73_1175,5,30
58044,2025_058044_e3c01dee8aaef6e7,1,73_1175,5,4
58048,2025_058048_4ae6a3d21f2b3701,3,73_1174,3,4
58056,2025_058056_0105b4d609ae3bdb,1,73_1175,5,8
58058,2025_058058_d92e1291268efd33,3,73_1175,5,29
58061,2025_058061_3d985ad2696d1c0d,1,73_1175,5,8
58063,2025_058063_51a173e59f0c4096,1,73_1175,5,30
58065,2025_058065_45c837439b380960,3,73_1175,5,6
58069,2025_058069_fc5a3d229b62fc0c,1,73_1175,5,9
58081,2025_058081_8b6511c7234019a1,0,73_1175,5,28
58082,2025_058082_1ec86df895834e8d,1,73_1175,5,44
58083,2025_058083_4ad94417ac723f60,0,73_1175,5,31
58084,2025_058084_0c57b080e2e7cbee,0,73_1175,5,12
58085,2025_058085_e258d940c1ad42d0,0,73_1175,5,41
58086,2025_058086_c4e6002fb038e2dc,1,73_1175,5,14
58087,2025_058087_b7fa5a43923672fe,1,73_1175,5,17
58092,2025_058092_72a2418d69b800c0,3,73_1175,5,5
58093,2025_058093_229b7eb3a4e31d01,3,73_1175,5,24
58101,2025_058101_865936a8415f0ee9,0,73_1175,5,18
58102,2025_058102_3624990a880c8c69,1,72_1175,4,35
58103,2025_058103_b33177ce85a677be,3,72_1175,4,23
58105,2025_058105_cb7d4ed3618f36a0,1,72_1175,4,5
58110,2025_058110_9b9279f08c6d66f5,4,72_1175,4,6
58111,2025_058111_752714e95adb719f,1,72_1175,4,6
58119,2025_058119_af24102bd0c84df8,4,72_1175,4,17
58148,2025_058148_625f61a7a1a35c45,4,73_1175,5,3
58154,2025_058154_8e37d35eca836c94,3,73_1175,5,2
58174,2025_058174_0a08bcc705f6d0a5,6,73_1175,5,16
58176,2025_058176_9b1716c77a38a9c3,7,73_1175,5,5
58179,2025_058179_25215fcfa1ff714b,3,72_1175,4,51
58185,2025_058185_e15a23c1529c0206,3,73_1175,5,15
58188,2025_058188_34910dc61578efe2,7,73_1175,5,2
58204,2025_058204_bf93016ca65f3b51,1,72_1175,4,50
58215,2025_058215_d21ed4243ed9ed55,2,73_1175,5,19
58220,2025_058220_d14fb2b91971246d,4,73_1175,5,37
58221,2025_058221_852ab45175a3b818,4,73_1175,5,29
58224,2025_058224_93df5c9bbdb6fd86,1,73_1175,5,8
58228,2025_058228_4dace38ffb45690a,6,73_1175,5,34
58233,2025_058233_0c05c8072a6cbe13,7,73_1175,5,11
58238,2025_058238_682ceb2085895ede,2,73_1175,5,6
58243,2025_058243_76b6eff8a2035c4e,1,73_1175,5,6
58244,2025_058244_2b9105edf3caaac4,2,73_1175,5,12
58245,2025_058245_751230cb620e5cd7,1,73_1175,5,12
58248,2025_058248_283dd7533b07a335,3,73_1175,5,9
58254,2025_058254_7851fc19af1eb3b5,4,73_1175,5,32
58266,2025_058266_ac8172241a201365,4,73_1175,5,29
58273,2025_058273_dc3f79260e2639f2,3,73_1175,5,2
58277,2025_058277_314b16044bf4e18f,3,73_1175,5,15
58278,2025_058278_d6397f6823c1ad0b,3,73_1175,5,6
58290,2025_058290_322018ece057cc87,3,73_1175,5,103
58293,2025_058293_b4b9df3b1a69d088,6,72_1175,4,5
58301,2025_058301_bb057f69fa59672f,2,72_1175,4,43
58313,2025_058313_f1270e023e1e3ecc,3,72_1175,4,22
58319,2025_058319_249e14446a9309a0,1,72_1175,4,18
58326,2025_058326_8c9c0d77168d9197,3,73_1175,5,12
58331,2025_058331_2f281fa0785d90ac,1,72_1175,4,2
58341,2025_058341_63c37fb76478050d,3,72_1175,4,3
58346,2025_058346_85de0505ebbb2f3f,3,73_1175,5,11
58355,2025_058355_85c610ad88edf153,0,73_1175,5,8
58362,2025_058362_9ac777c14e8a5d23,3,73_1175,5,3
58366,2025_058366_fb8398b6e2707aa0,3,73_1175,5,7
58392,2025_058392_dde91599bd9ac4c6,1,73_1175,5,2
58403,2025_058403_48e62659749d219a,4,73_1175,5,2
58410,2025_058410_00589dbbb7293f59,4,73_1175,5,3
58411,2025_058411_4d00de81ca2b3464,3,73_1175,5,5
58431,2025_058431_267ffa0288b428ff,3,73_1174,3,15
58433,2025_058433_db32e7a84ad9d567,7,73_1174,3,3
58434,2025_058434_66797b6a6697bf7b,3,73_1174,3,12
58440,2025_058440_dd60804336fcb905,3,73_1174,3,36
58449,2025_058449_b297d70c92303a9c,7,73_1174,3,21
58475,2025_058475_d7e05ec4d70c0b20,4,73_1174,3,12
58482,2025_058482_4b07b68f675dcc6d,3,73_1174,3,21
58489,2025_058489_92137a577dc97d2c,4,73_1174,3,6
58490,2025_058490_3027c2911acff616,3,73_1174,3,4
58491,2025_058491_421fe5c90a09805d,6,73_1174,3,29
58492,2025_058492_45bd3ddb8001bbef,3,73_1174,3,20
58494,2025_058494_6625e03a779a7eac,6,73_1174,3,8
58495,2025_058495_d81340c9fc0a0182,3,73_1174,3,18
58508,2025_058508_bf38293d58871b36,7,73_1174,3,14
58512,2025_058512_0d70c75a931c4363,6,73_1174,3,7
58514,2025_058514_2d519998b992b846,3,73_1174,3,8
58515,2025_058515_f1ac9bda33417592,6,73_1174,3,3
58517,2025_058517_b6f0478e460e5764,3,73_1174,3,3
58518,2025_058518_1e69d2366a2df882,7,73_1174,3,6
58522,2025_058522_87ec2cfb12de06fe,2,73_1174,3,17
58534,2025_058534_af0852b0135df431,1,73_1174,3,2
58539,2025_058539_57a41611e59ef7f4,6,73_1175,5,20
58544,2025_058544_dd501b5ac08ca5d7,3,73_1175,5,10
58563,2025_058563_cc47afbe9ac470c8,7,73_1174,3,6
58573,2025_058573_e6dc416382e75e6c,6,73_1174,3,14
58578,2025_058578_372075a71e0f1e12,6,73_1174,3,3
58587,2025_058587_71e73b2ec5fc286b,2,73_1175,5,17
58591,2025_058591_3766577a02665b87,3,73_1174,3,8
58592,2025_058592_4cd0eb84c8403934,7,73_1174,3,4
58600,2025_058600_14315bb807c72717,3,73_1175,5,39
58604,2025_058604_99cf0904f4898258,6,73_1175,5,11
58620,2025_058620_bcee978a928bc1f3,3,73_1175,5,2
58624,2025_058624_b68ac6a7268ae118,3,73_1175,5,9
58626,2025_058626_5d6913f67d65ca76,6,73_1175,5,2
58632,2025_058632_3e5633229c0c83d0,7,73_1175,5,4
58634,2025_058634_17eb46a8d1f6d798,6,73_1175,5,9
58649,2025_058649_15d93c2235e9952b,7,73_1175,5,2
58651,2025_058651_8f197a56086e7d4f,6,73_1175,5,3
58653,2025_058653_5f5160fc4408532c,5,73_1175,5,42
58654,2025_058654_2df34136f856e006,5,73_1175,5,11
58667,2025_058667_90c5f4f4d3a63341,3,73_1174,3,16
58677,2025_058677_2f274b2231c26ff7,7,73_1174,3,19
58680,2025_058680_c592d32bb8834fb1,3,73_1174,3,53
58686,2025_058686_8cffbe74b46e3e7c,2,73_1174,3,21
58693,2025_058693_de842720df65c87a,4,73_1174,3,4
58697,2025_058697_03d0eecc412d0ef4,3,73_1174,3,61
58698,2025_058698_7b5f9adf178c1a62,0,73_1174,3,3
58705,2025_058705_1f9c708b9839b83c,3,73_1174,3,10
58708,2025_058708_53d00af6d26e4623,5,73_1174,3,33
58718,2025_058718_b006b25a65427d32,3,73_1174,3,13
58723,2025_058723_f863eab9ed7aa79d,3,73_1174,3,12
58747,2025_058747_2db8f3338b54c106,3,73_1174,3,2
58757,2025_058757_cb116c9dd9710035,4,73_1175,5,8
58760,2025_058760_a599c735ef246f59,0,73_1175,5,2
58761,2025_058761_82a8b5f380ccdf58,6,73_1175,5,53
58766,2025_058766_fa73c04e3adaa0b7,1,73_1174,3,4
58781,2025_058781_0509982251c3ab0a,1,73_1175,5,12
58788,2025_058788_60c132c3b1c3e3c6,2,73_1175,5,41
58808,2025_058808_3d4f6af6db5a592a,4,73_1175,5,22
58835,2025_058835_b055ee439eaaa7fc,3,73_1174,3,13
58840,2025_058840_abbb89907f718c1a,4,73_1174,3,4
58858,2025_058858_38a9ae34d54eb3aa,3,72_1175,4,4
58861,2025_058861_dac3ad3458561ab3,3,72_1175,4,4
58864,2025_058864_7b79f1ab9de3958c,6,72_1175,4,29
58866,2025_058866_ca8a9a0b6e93abed,6,72_1175,4,33
58882,2025_058882_a05608e5ecb13896,3,72_1175,4,26
58884,2025_058884_1dbeb9acb587d34f,3,72_1175,4,4
58895,2025_058895_a4682e4664e79527,3,73_1175,5,10
58901,2025_058901_43f7006612a262b5,6,73_1175,5,28
58906,2025_058906_9566782073a4fe8d,4,73_1175,5,13
58926,2025_058926_6a973be81c5fdcf1,2,73_1175,5,38
58927,2025_058927_4a6198b9e531e44a,5,73_1175,5,32
58938,2025_058938_c57df905c52ecf5a,1,73_1175,5,59
58944,2025_058944_e3a3ab3362e043e1,3,73_1175,5,3
58951,2025_058951_accbcb2e444db1ef,4,73_1175,5,7
58962,2025_058962_f619e1450c0c554d,3,73_1175,5,6
58980,2025_058980_edd39a0730b2323c,1,70_1174,5,9
58984,2025_058984_11a25b5ce07591ca,2,70_1174,5,11
58988,2025_058988_5f0486e828a5bbc8,2,70_1174,5,7
58990,2025_058990_41a9ecea22acabbc,2,70_1174,5,6
59003,2025_059003_8340518228f93a55,4,70_1174,5,15
59014,2025_059014_4750f4f29eb27027,3,70_1174,5,13
59016,2025_059016_487331fe9caca533,3,70_1174,5,6
59018,2025_059018_dd11234d6201632d,1,70_1174,5,10
59021,2025_059021_4f786428b0f59eb3,6,70_1174,5,11
59024,2025_059024_f321b79e51595727,1,70_1174,5,7
59028,2025_059028_8fe92ef04db9526e,0,70_1174,5,5
59033,2025_059033_a08719c35f7ba5b4,3,70_1174,5,4
59039,2025_059039_3943d364bd6d24dd,0,70_1174,5,6
59044,2025_059044_152a9f831c611747,3,70_1174,5,18
59056,2025_059056_6a6fa9d7333b0f4d,3,70_1174,5,56
59066,2025_059066_e89ae96c1bb546c5,5,69_1174,2,5
59068,2025_059068_6fe1b59a101046f5,5,69_1174,2,24
59072,2025_059072_b483eece41c42a79,4,69_1174,2,32
59082,2025_059082_b70f45d722570258,7,69_1174,2,2
59092,2025_059092_462b65dc8061edb9,1,69_1174,2,5
59095,2025_059095_15478b281fb4d294,6,69_1174,2,50
59105,2025_059105_3971fc7e84b3eeff,3,69_1175,4,41
59107,2025_059107_df60010981ecef67,2,69_1174,2,25
59115,2025_059115_a22d3c81da4c44aa,6,69_1175,4,5
59116,2025_059116_2d37f8c4651f009b,7,69_1174,2,40
59122,2025_059122_4d3e265163605b54,3,69_1175,4,12
59123,2025_059123_7298b960a5995702,7,69_1174,2,7
59146,2025_059146_4813d8aa79581b81,0,69_1175,4,17
59153,2025_059153_c1899932fdc6ce0e,7,68_1175,4,12
59164,2025_059164_69870256f7f8d08c,7,68_1175,4,2
59166,2025_059166_75c92d52b71d9fc0,7,68_1175,4,22
59167,2025_059167_7f8a40d5be9777e4,7,68_1175,4,7
59204,2025_059204_c7fc9a49dfaabf67,3,69_1175,4,8
59212,2025_059212_8b2c7fd3fa73da2d,4,69_1175,4,11
59216,2025_059216_eeb8fb5a7f3d1940,6,69_1175,4,26
59224,2025_059224_df52182457448985,3,69_1175,4,23
59227,2025_059227_78f4c1f39814961f,7,69_1174,2,17
59234,2025_059234_9bafc3ba50f92d0e,7,69_1175,4,4
59237,2025_059237_8be7bee48dd98f14,3,69_1175,4,8
59250,2025_059250_7cabd6af08fa7b33,5,70_1174,5,20
59256,2025_059256_c40a22e3f3d65615,1,70_1174,5,6
59260,2025_059260_72136f2704d242a8,6,70_1174,5,3
59268,2025_059268_e3e80957d034af7f,1,70_1174,5,5
59275,2025_059275_d6cfefe667f42c79,3,70_1174,5,9
59276,2025_059276_11e9038d1e30025f,3,70_1174,5,22
59283,2025_059283_b734477ef2807f3f,6,70_1174,5,2
59287,2025_059287_76ae54659ab98772,0,70_1175,5,2
59290,2025_059290_1f56181c6ce49628,0,70_1175,5,8
59292,2025_059292_236553f5e30740c1,0,70_1175,5,9
59301,2025_059301_c07607fd52b50fee,0,70_1175,5,5
59307,2025_059307_caf69e9849d089a0,3,70_1175,5,19
59311,2025_059311_48e05b2988a876d0,7,68_1175,4,13
59331,2025_059331_df63537e335493dc,0,68_1175,4,39
59338,2025_059338_b94542c189b11ab6,0,68_1175,4,68
59341,2025_059341_b241b685d2f4f644,7,68_1175,4,14
59349,2025_059349_cab39870813d624e,7,70_1175,5,11
59354,2025_059354_c085f34837d9c8b4,1,70_1175,5,44
59359,2025_059359_090bf9d5c91aa6d5,2,70_1175,5,8
59360,2025_059360_08c479abb5b5a49d,7,70_1175,5,3
59367,2025_059367_07ab43976853dd4c,2,70_1175,5,8
59372,2025_059372_8bc48f63e11a2194,7,70_1175,5,3
59392,2025_059392_8dfbbdd9332e441d,6,70_1175,5,12
59395,2025_059395_1c9279cf3cf08b91,5,70_1175,5,4
59399,2025_059399_94662659264d238a,0,70_1175,5,2
59400,2025_059400_e8d47203a75cdb3d,5,70_1175,5,7
59403,2025_059403_108bdb035a9c0fed,6,70_1175,5,9
59406,2025_059406_ddc808985ab46305,1,70_1175,5,2
59410,2025_059410_e9836c9df1329538,0,70_1175,5,3
59411,2025_059411_670e0c5c5b2c9143,6,70_1175,5,10
59412,2025_059412_16521a5e440d09aa,6,70_1175,5,2
59415,2025_059415_3ab13b335a31784c,3,70_1175,5,24
59416,2025_059416_fc9545e5504aa346,4,70_1175,5,3
59417,2025_059417_45e17956857c9c48,4,70_1175,5,19
59424,2025_059424_a4fb2c2facf96696,6,70_1175,5,17
59428,2025_059428_fd4321ee825a6764,3,70_1175,5,13
59432,2025_059432_f9284925b1286cce,6,70_1175,5,2
59440,2025_059440_d54384c9325b4c9a,0,70_1175,5,4
59444,2025_059444_905a5d3384eadca1,1,70_1175,5,27
59451,2025_059451_a5dc647cefbd8b47,1,70_1175,5,9
59468,2025_059468_8f4c1b6a7e8e1056,0,68_1175,4,34
59475,2025_059475_8c3b5bcb168775e0,2,69_1175,4,6
59480,2025_059480_a18a094cd702cea7,4,68_1175,4,21
59482,2025_059482_53bb1ded2133a8fb,4,69_1175,4,2
59486,2025_059486_3029f5e9269cfe89,1,68_1175,4,14
59498,2025_059498_b6111294d87e97c6,3,69_1175,4,17
59500,2025_059500_d89e9db1ee881353,3,69_1175,4,7
59504,2025_059504_d59c4f693e8cfbb1,5,69_1175,4,10
59507,2025_059507_7544f262608601a8,3,69_1175,4,33
59512,2025_059512_bd831148febe3424,4,69_1175,4,8
59517,2025_059517_47b890f7f9f034a4,2,69_1175,4,2
59520,2025_059520_e94367e279b2b7a4,3,69_1175,4,5
59527,2025_059527_83e2dc958517bac5,6,69_1175,4,31
59536,2025_059536_e48040d9426ac592,3,69_1175,4,18
59538,2025_059538_c6f0cf22798ae0f7,0,70_1175,5,33
59539,2025_059539_3bae9da3b80616d0,3,70_1175,5,30
59540,2025_059540_7538d1c100930743,0,70_1175,5,3
59546,2025_059546_d50bf8d3f2091dd0,6,70_1175,5,10
59551,2025_059551_247d3d96a883b655,3,70_1175,5,38
59553,2025_059553_6024ac0bb80fbb7a,6,70_1175,5,7
59554,2025_059554_982b0ba46975993a,6,70_1175,5,14
59559,2025_059559_7db44651ed6d5df8,3,70_1175,5,27
59565,2025_059565_c95f672ae74721d2,2,70_1175,5,48
59566,2025_059566_1464eb47f773c8dd,3,70_1175,5,30
59586,2025_059586_39c02d399e31c1bc,4,70_1175,5,33
59588,2025_059588_7229e9e68361f0a0,0,70_1175,5,22
59590,2025_059590_79d3b6258502da3b,1,70_1175,5,2
59593,2025_059593_112739d12bd8f770,0,70_1175,5,10
59596,2025_059596_125529152d467eb5,0,70_1175,5,6
59599,2025_059599_241ba461301a2250,4,70_1175,5,20
59602,2025_059602_a17d5cecf9e73f91,0,70_1175,5,40
59609,2025_059609_c7a13f4115395799,3,70_1175,5,14
59612,2025_059612_8b5c372349f61187,3,70_1175,5,4
59613,2025_059613_f37b2ee34b55639a,6,70_1175,5,12
59614,2025_059614_f81e4f4942382295,2,70_1175,5,6
59623,2025_059623_6715ae0e33933d58,5,70_1175,5,92
59631,2025_059631_f2ce35e3d35faadd,3,70_1175,5,40
59640,2025_059640_f71466718230270a,0,70_1175,5,19
59643,2025_059643_1b6ece6a23434634,0,70_1175,5,19
59660,2025_059660_366b9125f27aedac,4,70_1175,5,43
59670,2025_059670_2aa46d056b116a9c,6,70_1175,5,18
59685,2025_059685_a5d3a702e354168b,0,70_1175,5,18
59688,2025_059688_7e43272158d0dd26,3,70_1175,5,24
59692,2025_059692_7e9e032fc347fce1,0,70_1175,5,19
59705,2025_059705_d55830479bdf43df,1,70_1175,5,23
59707,2025_059707_5a22a812c9ea5b5a,6,70_1175,5,23
59710,2025_059710_7e7dc3f973dd1568,7,70_1175,5,5
59726,2025_059726_90a5a1fd7d91b238,7,68_1175,4,2
59729,2025_059729_41be14cd3e886704,7,68_1175,4,6
59731,2025_059731_c31ec572367149b1,7,68_1175,4,8
59743,2025_059743_c1d238858c590228,7,68_1175,4,3
59744,2025_059744_b6085db940bac9b7,7,68_1175,4,2
59750,2025_059750_e18260f2d61c85a8,7,68_1175,4,5
59754,2025_059754_cc3a0914cf6ff1e8,7,68_1175,4,3
59758,2025_059758_cd573941819d4caa,7,68_1175,4,30
59763,2025_059763_55a5ce76620632de,0,70_1175,5,9
59764,2025_059764_d3959560c92d099b,2,70_1175,5,3
59765,2025_059765_f7e47277186bacc5,0,70_1175,5,16
59768,2025_059768_d49ba52a036388bb,0,70_1175,5,8
59769,2025_059769_2b827ab3e9d3bd56,0,70_1175,5,3
59771,2025_059771_15860aa1dc3e4473,1,70_1175,5,2
59773,2025_059773_fe5548557c079a68,0,70_1175,5,3
59776,2025_059776_6a9b3c48f18e0dcc,2,70_1175,5,22
59796,2025_059796_14c474771877ddd3,3,70_1175,5,7
59814,2025_059814_1ba4a7e48897158f,4,69_1175,4,24
59821,2025_059821_ca371680bf95bf7e,2,69_1175,4,5
59823,2025_059823_587ffd260b9c791c,6,69_1175,4,5
59828,2025_059828_28083326ad8079ca,6,69_1175,4,17
59839,2025_059839_aef25cdd757650a4,3,69_1175,4,18
59842,2025_059842_993f102c79f0f745,0,69_1175,4,2
59848,2025_059848_c5cb4233e88e2b19,6,69_1175,4,8
59851,2025_059851_5fe952486fcd6894,3,69_1175,4,17
59852,2025_059852_d8635cc9013ac616,4,69_1175,4,16
59856,2025_059856_6ab9f22cd11f4687,6,69_1175,4,9
59859,2025_059859_902576e80fcf0503,4,69_1175,4,3
59869,2025_059869_55327c11ce3f16ee,0,69_1175,4,2
59875,2025_059875_e1f26d97113c1e5d,3,70_1175,5,21
59892,2025_059892_0a0fd292d2e16e32,0,70_1175,5,9
59914,2025_059914_43a40bc6a64199da,7,69_1175,4,3
59916,2025_059916_b36f50cb0325b9be,7,69_1175,4,2
59922,2025_059922_bd7371cd280a7ab9,3,69_1175,4,82
59924,2025_059924_f47e28299509e3a8,5,69_1175,4,3
59930,2025_059930_783eede38a76fab2,7,69_1175,4,4
59934,2025_059934_1f47c87c94373749,4,69_1175,4,20
59937,2025_059937_e9c5a9fe25fca973,0,69_1175,4,7
59938,2025_059938_e3c886f7df43c75d,2,69_1175,4,19
59950,2025_059950_84c58be946b6abff,4,69_1175,4,44
59958,2025_059958_f096cea0a4636ba7,6,70_1175,5,35
59975,2025_059975_e1d810f60a02aeba,4,70_1175,5,19
59988,2025_059988_4cc960181d882526,6,70_1175,5,16
59989,2025_059989_ec870cc0ff0b043a,3,70_1175,5,9
60004,2025_060004_e9b26a11db3c05cd,3,69_1175,4,25
60007,2025_060007_073113e0ec0dffe8,0,69_1175,4,14
60009,2025_060009_d495b2326f8e5964,6,69_1175,4,9
60013,2025_060013_f6a948f3e10044b5,3,69_1175,4,2
60016,2025_060016_7a3f82fa542d22aa,3,69_1175,4,4
60027,2025_060027_540d65e430792627,7,70_1175,5,11
60029,2025_060029_1128442bebb38670,1,70_1175,5,18
60032,2025_060032_72b1d94a9008d5b1,7,70_1175,5,15
60046,2025_060046_a3671d24ca3ac589,3,70_1175,5,10
60051,2025_060051_4bc52b8ff68e6169,3,70_1175,5,63
60059,2025_060059_e4d37dcc2f21fc3c,0,69_1174,2,9
60060,2025_060060_f49fee66e16df6fc,5,69_1174,2,28
60067,2025_060067_f75b49ceaf851881,3,69_1174,2,25
60074,2025_060074_5b309352af0ba6f8,1,69_1174,2,3
60082,2025_060082_c585c2fc2ff1408a,3,69_1175,4,15
60091,2025_060091_5c0568f7c83e8c29,3,69_1175,4,4
60099,2025_060099_740b77a93f12624c,1,69_1175,4,5
60101,2025_060101_95ff4c09681b5eac,0,69_1175,4,2
60105,2025_060105_9ab217f32a31d9d5,0,69_1175,4,2
60107,2025_060107_2869dbca3cb4dffd,4,69_1175,4,2
60113,2025_060113_9befaaa12b50bd55,4,69_1175,4,3
60129,2025_060129_f7f7a2e2ce282ef9,0,69_1175,4,2
60133,2025_060133_c9bfc8ce4e27a398,6,69_1175,4,7
60134,2025_060134_8ecc9fdeb7c1725f,3,69_1175,4,5
60135,2025_060135_ee9e1a2cbb93306e,3,69_1175,4,14
60142,2025_060142_e263ce53ce1e4971,4,69_1175,4,12
60158,2025_060158_76eac3a8fddd4e8e,5,69_1175,4,24
60159,2025_060159_bb6445e9e54efd98,5,69_1175,4,8
60164,2025_060164_99b7f109ea59038f,3,69_1175,4,18
60168,2025_060168_f560837618cf795a,1,69_1174,2,2
60179,2025_060179_94be67561b25b5b7,1,69_1174,2,4
60186,2025_060186_f11773812a20306a,6,69_1175,4,77
60199,2025_060199_507653296e69b71a,2,69_1174,2,52
60201,2025_060201_67ead7cb1e5d1fd9,2,69_1175,4,32
60210,2025_060210_21627460d8de6361,1,70_1174,5,2
60214,2025_060214_636a31fd2e36ff67,0,70_1174,5,6
60216,2025_060216_2eca571a65383c95,1,70_1174,5,9
60218,2025_060218_5a0cf0f06aa2036a,0,70_1174,5,2
60220,2025_060220_b4bc7ba07249ef1c,6,70_1174,5,12
60222,2025_060222_37127e5ebda92783,4,70_1174,5,15
60226,2025_060226_eefa9b963bf3a4d0,3,70_1175,5,62
60233,2025_060233_6fb465e09b6ebdd0,0,70_1174,5,4
60236,2025_060236_ca10ee13bd64b512,3,70_1175,5,12
60245,2025_060245_3568ed67aaa64563,0,70_1175,5,2
60248,2025_060248_fc841f08a12a027b,7,70_1175,5,7
60260,2025_060260_c740f75c0473a53c,3,70_1175,5,4
60261,2025_060261_39df818282c60341,3,70_1175,5,27
60269,2025_060269_5ef04761ba3d0b55,3,70_1175,5,7
60271,2025_060271_d9184b04d27386b8,2,70_1175,5,54
60272,2025_060272_8a17a093352a9497,2,70_1175,5,43
60297,2025_060297_2b58b0150a23c7e7,5,69_1175,4,8
60299,2025_060299_6916e65c82ae8535,6,69_1175,4,33
60304,2025_060304_14188f7db5dc7427,3,69_1175,4,15
60309,2025_060309_c47f3379eed3ef30,0,69_1175,4,2
60310,2025_060310_c64276a8b851d024,3,69_1175,4,10
60312,2025_060312_6d567c2cc13aff26,3,69_1175,4,10
60313,2025_060313_e12a5b58d77acce5,3,69_1175,4,32
60318,2025_060318_370f8e97137d33d6,3,69_1175,4,10
60319,2025_060319_0cd57a729c0202d6,6,69_1175,4,5
60321,2025_060321_4833461c85150f31,3,69_1175,4,22
60324,2025_060324_8125685973ebd54d,7,70_1175,5,3
60336,2025_060336_d3e684a6c41cc201,0,69_1175,4,4
60337,2025_060337_93df344dbd7f4e2e,0,69_1175,4,6
60339,2025_060339_ea18451ae6aa7836,0,70_1175,5,11
60340,2025_060340_ef78d3a76709be38,3,70_1175,5,19
60343,2025_060343_760fca8cc8aa5aa5,2,70_1175,5,6
60358,2025_060358_cd270ce4963eb4b2,0,70_1175,5,43
60363,2025_060363_abd28a01c4240189,0,70_1175,5,2
60364,2025_060364_698d77c78d381511,7,70_1175,5,6
60371,2025_060371_0d92aded3fa6dd8a,4,70_1174,5,20
60374,2025_060374_ac7aed571790ced2,0,70_1174,5,5
60376,2025_060376_dc502df700b6b2b1,6,70_1174,5,3
60398,2025_060398_80f42386ea205b6a,0,70_1174,5,2
60399,2025_060399_dd82292e72e8c43e,0,70_1174,5,16
60401,2025_060401_25b97884670b9d5d,6,70_1174,5,22
60408,2025_060408_46790b43c2145a02,4,70_1174,5,14
60421,2025_060421_146c4f991ed36663,5,70_1174,5,87
60424,2025_060424_12af154cb1fddbc2,4,70_1174,5,16
60427,2025_060427_9183dbca5b0f06c7,3,70_1174,5,43
60429,2025_060429_f9b34f08a5760117,5,70_1175,5,5
60431,2025_060431_506a7efaf61b012b,2,70_1175,5,3
60436,2025_060436_f951b87f76c3ab71,0,70_1175,5,16
60445,2025_060445_950b7503b4ba32c5,0,70_1175,5,7
60447,2025_060447_cbfc1447d7ce3bb5,7,70_1175,5,16
60450,2025_060450_ba77147614af5be9,6,70_1175,5,22
60451,2025_060451_4663d144977c8a32,0,70_1175,5,10
60453,2025_060453_3a13a0b958582e89,0,70_1175,5,7
60458,2025_060458_452f22b54e8c656c,7,70_1175,5,16
60460,2025_060460_92779f4f27f867cc,0,70_1175,5,5
60463,2025_060463_c1a78ef29f000ad2,1,70_1175,5,10
60467,2025_060467_515d1e4a28eb8d4a,6,70_1175,5,16
60472,2025_060472_a9c7fa3001aa7e73,2,70_1175,5,25
60478,2025_060478_20d3565d5c9bc3bf,6,70_1175,5,19
60481,2025_060481_0f5ab18ca6589753,7,70_1174,5,49
60482,2025_060482_78f6bf29d3764ba6,7,70_1175,5,14
60496,2025_060496_1648da4a77376ddf,1,70_1175,5,15
60498,2025_060498_7126c037accb8aff,6,69_1175,4,17
60502,2025_060502_49f98c78b87eee53,7,69_1175,4,28
60504,2025_060504_07700c9c7f30a2cf,2,69_1175,4,28
60508,2025_060508_259aa5e7ca05853b,7,69_1175,4,5
60509,2025_060509_d8756743b5de00fb,3,69_1175,4,30
60527,2025_060527_b9d2d661f102687f,3,68_1175,4,12
60531,2025_060531_8b5c8cfc339429dc,1,68_1175,4,15
60536,2025_060536_f5a32b61a39d1018,7,68_1175,4,3
60539,2025_060539_e59dab1fc7f1c22c,2,68_1175,4,3
60540,2025_060540_01bb7e2e28cd4871,2,68_1174,4,20
60542,2025_060542_7eb0af17c8061c38,7,68_1175,4,9
60543,2025_060543_493aa275af4b1b90,2,68_1174,4,18
60559,2025_060559_586338d11110be9c,2,69_1174,2,7
60562,2025_060562_7158202e1e26a778,4,69_1174,2,14
60564,2025_060564_d48d43f719333340,7,69_1175,4,21
60571,2025_060571_8b1518a6fc9c821f,3,69_1175,4,22
60573,2025_060573_980a2d8090bdfc6c,7,69_1175,4,11
60574,2025_060574_ceabf3ad2f9cf9f4,3,69_1175,4,28
60577,2025_060577_e46f7ceb788ce792,4,69_1175,4,13
60580,2025_060580_5904cae556d5f218,4,69_1175,4,6
60581,2025_060581_fcb03aba27051a9f,7,69_1175,4,5
60586,2025_060586_c98f0dfb97cadc8e,7,69_1175,4,5
60593,2025_060593_94902863cf40e6c5,6,69_1175,4,10
60602,2025_060602_4d93f46d6ef4235b,3,68_1175,4,35
60605,2025_060605_3493f6e5ad62cc34,3,68_1175,4,18
60612,2025_060612_77b7461c670ea461,2,69_1175,4,12
60618,2025_060618_cfb0aeb467781d35,7,68_1174,4,14
60621,2025_060621_5f7aa3de75524190,0,68_1174,4,3
60624,2025_060624_9c9b61e6aa135500,0,68_1174,4,3
60637,2025_060637_01c98962a7a88d38,0,68_1174,4,14
60644,2025_060644_851a8773d2f6766c,7,68_1175,4,4
60648,2025_060648_94fd8404d5b9b9b9,0,68_1175,4,2
60649,2025_060649_ce4106004c24401d,7,68_1175,4,2
60651,2025_060651_cdc0cfc6b18fcc17,7,68_1175,4,10
60658,2025_060658_534befdca74aae08,7,68_1175,4,10
60671,2025_060671_7f55173b8f446c1d,6,73_1174,3,3
60675,2025_060675_d44ee15b6a5d5605,7,73_1174,3,3
60700,2025_060700_7dc08ea52b20bbba,4,73_1174,3,8
60705,2025_060705_a371b8bfc238314f,4,73_1174,3,8
60708,2025_060708_b65e83cc772f2d6e,3,73_1174,3,13
60717,2025_060717_2a1555919f0126df,3,73_1174,3,20
60725,2025_060725_74e2a34d2fed2e52,1,73_1174,3,3
60734,2025_060734_856562284546c511,6,73_1174,3,16
60745,2025_060745_2415d9a78141a1fe,2,73_1174,3,9
60759,2025_060759_77551a9a5538c84a,0,73_1174,3,2
60763,2025_060763_32383a4cf9f50348,0,73_1175,5,5
60766,2025_060766_ce4e1777cf295d1a,0,73_1175,5,9
60782,2025_060782_004b502901e90649,4,73_1175,5,6
60784,2025_060784_32f4daa04dc15ba2,1,73_1175,5,6
60789,2025_060789_113edc15eb513e4d,3,73_1175,5,2
60790,2025_060790_be6b8697cddad043,3,73_1175,5,3
60815,2025_060815_ea0d62aee72c4305,7,73_1175,5,4
60817,2025_060817_a19f1ef4245245aa,4,73_1175,5,6
60835,2025_060835_10d258c6215442e1,3,73_1175,5,3
60839,2025_060839_e5c93dc7ecd5f8b6,6,73_1175,5,16
60857,2025_060857_c40c5add8fb19a78,3,73_1175,5,3
60861,2025_060861_5ed58e71f05c2c77,4,73_1175,5,11
60870,2025_060870_e1ec9fb56ad5a455,4,71_1174,0,11
60903,2025_060903_ae0c04ebb7f2e595,1,70_1174,5,5
60905,2025_060905_06b9a6152814923c,1,70_1174,5,14
60907,2025_060907_e87323e3da27f4f8,0,70_1174,5,7
60908,2025_060908_79f9a2b0f613ca7b,1,70_1174,5,18
60911,2025_060911_30aefb20405ea55a,3,71_1174,0,21
60932,2025_060932_bcf3cb7123868ead,4,70_1174,5,9
60934,2025_060934_04e99f5aeb167789,6,70_1174,5,6
60941,2025_060941_9d171981fe436175,4,70_1174,5,30
60947,2025_060947_c3b8c63027cb99c7,3,70_1174,5,29
60948,2025_060948_71eb268e9a16e62a,2,70_1175,5,8
60972,2025_060972_32511032b8653760,4,71_1174,0,28
60975,2025_060975_e1a209f3674ba834,6,71_1174,0,48
60986,2025_060986_d5b314c87eaeb2c3,6,71_1174,0,31
60991,2025_060991_ea161135c6c44212,7,71_1174,0,12
61006,2025_061006_c44228cb78f13d22,3,70_1175,5,37
61010,2025_061010_a342bd09beddefd3,0,70_1175,5,20
61012,2025_061012_abde8f31f1950266,0,70_1175,5,20
61016,2025_061016_15467098688f36be,0,70_1175,5,16
61025,2025_061025_1c38b4524c50ed1e,0,70_1175,5,3
61026,2025_061026_80bb9da5476062a9,0,70_1175,5,13
61028,2025_061028_3c7ef1458261443d,0,70_1175,5,9
61037,2025_061037_f61b6974d1c67877,0,70_1175,5,54
61046,2025_061046_eb6d656f8bc3bd14,3,71_1175,1,18
61049,2025_061049_56d011435a255a55,3,71_1175,1,16
61057,2025_061057_cad1688d7f265c6e,6,71_1175,1,51
61076,2025_061076_54741938badfed66,4,71_1174,0,77
61080,2025_061080_09922ab89b0f87ea,5,71_1175,1,18
61084,2025_061084_d222be2333c40736,4,71_1175,1,37
61090,2025_061090_42cf59a2c112cfd8,6,70_1175,5,6
61122,2025_061122_d0d2317ee3c6d93f,1,70_1175,5,14
61124,2025_061124_a3b716f87012d6d1,7,70_1175,5,3
61137,2025_061137_a2e7b96d37af30f2,4,71_1175,1,10
61144,2025_061144_50e4cb2cb4d940f2,3,71_1175,1,10
61156,2025_061156_ab3ca604f90cffba,7,71_1175,1,123
61159,2025_061159_56c2ea554880769c,2,71_1175,1,67
61165,2025_061165_6809606136219280,0,71_1175,1,29
61170,2025_061170_ae1346a0f69711b5,3,71_1175,1,16
61171,2025_061171_693d92634b2fc2b1,3,71_1175,1,27
61174,2025_061174_f8c2d23f4e901295,7,71_1175,1,18
61176,2025_061176_0e21de37a491c703,7,71_1175,1,13
61178,2025_061178_84e3d096ded0c206,3,70_1175,5,4
61181,2025_061181_b6ffef47b5cf5c0d,4,70_1175,5,41
61185,2025_061185_88a7ca9d081d5ab4,3,70_1175,5,9
61186,2025_061186_145de4f2f5f67ca8,3,70_1175,5,5
61217,2025_061217_c313fefda2b4bedc,3,71_1175,1,69
61237,2025_061237_856f7b0c7f762f87,4,71_1175,1,9
61239,2025_061239_2d2968867513c731,3,71_1175,1,6
61244,2025_061244_9cc237b4e9f97359,7,71_1175,1,28
61252,2025_061252_ac717da2baed2b82,1,71_1175,1,41
61263,2025_061263_89053a993a716d4a,6,70_1175,5,8
61289,2025_061289_06d5f1580cdc47f3,3,71_1175,1,37
61290,2025_061290_a3133c03e0c4e697,3,71_1175,1,5
61291,2025_061291_9aa5b0aa7891400c,3,71_1175,1,13
61296,2025_061296_a4cbb83ea697c1f5,5,71_1175,1,47
61309,2025_061309_24925b423da8a271,3,71_1175,1,19
61315,2025_061315_3c6f9bb52bfaa27e,3,71_1175,1,11
61320,2025_061320_be994e05d7f815fd,6,71_1175,1,29
61333,2025_061333_6e5f061490c1c678,6,70_1175,5,15
61338,2025_061338_da19d4f012cbfa9c,3,70_1175,5,11
61351,2025_061351_1e6427f582eef75c,2,70_1175,5,5
61353,2025_061353_aeae7354edba5085,3,70_1175,5,11
61357,2025_061357_1e88adf1d1ddd346,7,70_1175,5,2
61358,2025_061358_5090c5b12cbfdf8e,2,70_1175,5,9
61360,2025_061360_95b5f1d1ce7d2cc3,1,70_1175,5,3
61387,2025_061387_a57e500f1b805bda,4,71_1175,1,21
61389,2025_061389_898237b088a9eb00,3,71_1175,1,33
61392,2025_061392_39f1d06e25ca0d9a,7,71_1175,1,13
61399,2025_061399_207f681af632b097,3,71_1175,1,58
61400,2025_061400_63170cb91dd53e78,0,71_1175,1,2
61425,2025_061425_02a60e8ce31e33f6,5,71_1175,1,9
61436,2025_061436_81d117c8b08367eb,0,70_1175,5,9
61437,2025_061437_06c5346f7e4e93ff,2,70_1175,5,23
61441,2025_061441_f559754e154c706f,6,70_1175,5,8
61445,2025_061445_bd13499f11fae593,4,70_1175,5,29
61460,2025_061460_2358f93704f95068,5,70_1175,5,35
61468,2025_061468_dc26da1848524cb1,0,70_1175,5,7
61471,2025_061471_03359f13f6c72a70,3,70_1175,5,54
61472,2025_061472_b230841a35dd3b79,4,70_1175,5,44
61473,2025_061473_894f04c5a9c22bba,6,71_1175,1,38
61496,2025_061496_c8d04c49484f3023,4,71_1175,1,21
61498,2025_061498_516245c15e0bbd50,3,70_1175,5,8
61507,2025_061507_ebc26293f2239ef2,0,70_1175,5,2
61518,2025_061518_db5473e5ac0d461f,3,70_1175,5,17
61529,2025_061529_8cf9cb17ebf834c5,3,71_1175,1,3
61568,2025_061568_cffc16f7946c7912,3,71_1175,1,4
61575,2025_061575_db9829f7602f1946,7,71_1175,1,5
61582,2025_061582_c669ef906b98e9fc,4,71_1175,1,12
61605,2025_061605_1218cb29f6ea0297,3,71_1175,1,15
61610,2025_061610_89f3bceb7b1f9806,4,71_1175,1,12
61620,2025_061620_288b3136b5d934e6,3,71_1175,1,43
61621,2025_061621_6ab2e008c932d677,3,71_1175,1,11
61622,2025_061622_975fd375713f05eb,6,71_1175,1,10
61626,2025_061626_b073b6ce2596e3f0,3,70_1174,5,31
61640,2025_061640_9cfb05fb283bc68b,0,70_1175,5,6
61660,2025_061660_6776e0c862628c91,3,71_1175,1,5
61673,2025_061673_da31cde5313bc6a5,2,71_1175,1,4
61682,2025_061682_5b492e49da4100dc,4,71_1175,1,4
61699,2025_061699_500bcbfee164e32d,3,71_1175,1,38
61706,2025_061706_24faf9e141f7ace3,7,71_1175,1,48
61714,2025_061714_6441da582dc02085,4,71_1175,1,7
61718,2025_061718_ef0718f081c982e5,0,71_1175,1,4
61730,2025_061730_a576de0e2d4cc2e6,3,71_1175,1,45
61737,2025_061737_1a7dc67f737191c3,3,71_1175,1,13
61746,2025_061746_52aa6dbd2b5f7d84,4,71_1175,1,15
61760,2025_061760_1c6d8f3159c5aafe,3,71_1174,0,20
61769,2025_061769_1693663810bc913b,3,71_1174,0,7
61771,2025_061771_8a054f443b299bdf,3,71_1174,0,10
61777,2025_061777_c4fad328530fc413,3,71_1174,0,10
61795,2025_061795_73ecd3664acd0f84,7,71_1174,0,10
61798,2025_061798_01c0f655737f10ea,3,71_1174,0,15
61800,2025_061800_2a6c90ba09979bdf,6,71_1174,0,11
61801,2025_061801_176357306dedc61d,6,71_1174,0,20
61808,2025_061808_b09ed18e17b2a0d3,0,70_1175,5,2
61824,2025_061824_4ee8aaf7afc7c35a,1,70_1175,5,2
61833,2025_061833_4370f955071f962e,0,70_1175,5,2
61836,2025_061836_efbcbbd10ff15f69,7,70_1175,5,2
61837,2025_061837_26e51b6527cbffb0,7,70_1175,5,10
61838,2025_061838_b198ec816315f936,7,70_1175,5,3
61848,2025_061848_dcffa36e927055aa,3,71_1175,1,2
61862,2025_061862_45fc9041b33cb8c3,4,71_1175,1,9
61901,2025_061901_c12cd9ceef0205fa,6,71_1175,1,28
61925,2025_061925_37c7f10d733f8ed6,3,71_1174,0,26
61935,2025_061935_d758652dc359d002,2,71_1174,0,25
61951,2025_061951_1b2a3904f791f777,2,71_1174,0,4
61955,2025_061955_34a2e7a450df9985,7,71_1174,0,30
61956,2025_061956_ec237432001385bc,2,71_1174,0,11
61957,2025_061957_2ae9e67660e682c3,2,71_1174,0,3
61966,2025_061966_15b3c27f449c633f,6,70_1175,5,5
61973,2025_061973_ba660a441928d575,4,70_1175,5,14
61981,2025_061981_ef36ba165818d093,3,70_1175,5,22
61997,2025_061997_fea417f4128a9992,7,70_1175,5,6
62000,2025_062000_bc3718d92456cf1b,7,70_1175,5,3
62001,2025_062001_a92dff2c134d569a,1,70_1175,5,3
62002,2025_062002_12779db6f0fafdd5,3,70_1174,5,48
62004,2025_062004_13c51b0ae8f04997,6,70_1174,5,20
62013,2025_062013_1806fe6601a8bd95,3,70_1174,5,15
62018,2025_062018_583e02dbe66027b7,0,70_1174,5,71
62030,2025_062030_19cf51a169bd5c95,4,70_1174,5,23
62045,2025_062045_a173c117880fc3b6,2,70_1174,5,3
62048,2025_062048_16ce8f690515035c,5,71_1175,1,18
62052,2025_062052_2082f282f342ea9a,4,71_1175,1,5
62057,2025_062057_93d42f0164bf4012,4,71_1175,1,7
62067,2025_062067_57ea719e70724501,4,71_1175,1,25
62073,2025_062073_07ce46c863ee75e8,5,71_1175,1,24
62078,2025_062078_000ed30029ed63b3,4,71_1175,1,4
62126,2025_062126_d33893f1bbe07d9f,1,71_1175,1,2
62144,2025_062144_2ce1a64ad02e54da,3,70_1175,5,24
62158,2025_062158_4a756bc77bfa2cb3,3,70_1175,5,22
62161,2025_062161_ec9164ded9495072,7,71_1174,0,17
62162,2025_062162_146f1313ef693207,7,71_1174,0,24
62164,2025_062164_621a9b9c58d27b7a,7,71_1174,0,2
62172,2025_062172_d98291eb1c067f08,6,71_1174,0,3
62180,2025_062180_bb5efb08d37f42e2,7,71_1174,0,22
62201,2025_062201_4abb4191a9055507,3,71_1175,1,57
62204,2025_062204_7cf4d6fca50b690e,3,71_1175,1,15
62213,2025_062213_eeeadc35d4e2e795,3,71_1175,1,15
62222,2025_062222_432033bfd25566dc,6,71_1175,1,33
62250,2025_062250_38754292ead1c373,4,72_1174,1,52
62254,2025_062254_71764759afae0a2a,5,72_1174,1,37
62287,2025_062287_82a855928e017ef9,4,72_1174,1,6
62288,2025_062288_7c9225cfec66e579,4,72_1174,1,5
62289,2025_062289_81c171e9c8ee1025,4,72_1174,1,7
62296,2025_062296_eecd21ea59625d56,2,71_1174,0,16
62297,2025_062297_e808c9b8904e5345,3,71_1174,0,16
62298,2025_062298_1df16a1e00888c77,2,71_1174,0,18
62299,2025_062299_d0884576815c56cd,7,71_1175,1,64
62304,2025_062304_d922455d3de225de,7,71_1175,1,40
62317,2025_062317_1cbe3b6dda0f5f78,7,71_1175,1,3
62329,2025_062329_c596e5aa742cfeac,2,71_1174,0,2
62332,2025_062332_d9969fc1db389aa4,4,71_1174,0,15
62333,2025_062333_5a276817e11a0b96,3,71_1174,0,7
62334,2025_062334_fe1622f9f1c1e500,2,71_1174,0,10
62335,2025_062335_cfa1cc40c0c5c835,7,71_1174,0,14
62341,2025_062341_6bc43b0d62f78103,0,71_1175,1,4
62344,2025_062344_fa65fe1268b87b5a,1,71_1175,1,37
62354,2025_062354_e67f85e2ec3a5414,1,71_1175,1,22
62358,2025_062358_d0b95ea51ceed8e5,2,71_1175,1,4
62359,2025_062359_e9ed4d95d4f5ed2a,1,71_1174,0,7
62360,2025_062360_3d64deff381b5e73,0,71_1175,1,4
62364,2025_062364_abd8d518f71abac4,0,71_1175,1,10
62372,2025_062372_97351c84f906ce68,7,71_1175,1,9
62376,2025_062376_22831343ad0e1df1,2,71_1175,1,4
62391,2025_062391_064d113cde099dd6,0,71_1175,1,24
62401,2025_062401_d1d3fa136b2f0c4f,0,71_1175,1,37
62403,2025_062403_f4e23d0f6db12fa2,1,71_1175,1,2
62413,2025_062413_0cd9c626327b35da,0,71_1175,1,3
62428,2025_062428_38faa8f845181763,0,71_1175,1,32
62435,2025_062435_c5181eb1cbe762c5,4,72_1175,4,12
62440,2025_062440_bdb395581cef1520,3,72_1175,4,3
62441,2025_062441_0920378f7599c3f1,3,72_1175,4,10
62449,2025_062449_2ed92726b35ecd8a,3,72_1175,4,16
62455,2025_062455_d1d6154748ce5a73,3,72_1175,4,3
62456,2025_062456_2b4d2b2cfcdf7447,6,72_1175,4,5
62466,2025_062466_3dbde8cc6aa20410,0,72_1175,4,32
62469,2025_062469_1b57bc0260940116,0,72_1175,4,2
62471,2025_062471_01a2c278c8d967f0,1,72_1175,4,25
62476,2025_062476_25d9a4aa04b0ea63,1,72_1175,4,27
62477,2025_062477_4fe701cb7ec93124,4,72_1175,4,2
62478,2025_062478_dbcc6808c25bab77,7,72_1175,4,4
62479,2025_062479_fbd82862ca244a2f,7,72_1175,4,9
62480,2025_062480_d514099c5a07dd9b,7,72_1175,4,56
62482,2025_062482_7837b99cffaf9baf,7,72_1175,4,4
62484,2025_062484_760e5a07673c022e,4,72_1175,4,31
62490,2025_062490_ab1ad8910830a952,3,72_1175,4,14
62492,2025_062492_6a4943d5e0d4bf20,3,72_1175,4,7
62495,2025_062495_694122ba01878b2e,3,72_1175,4,42
62504,2025_062504_7bfd8587ff25f102,3,72_1175,4,37
62505,2025_062505_820fff5453959931,0,72_1175,4,32
62507,2025_062507_b12c345ba0156534,0,72_1175,4,20
62510,2025_062510_983091e31cb4cd3a,0,72_1175,4,31
62513,2025_062513_c54425e82fabbd9a,6,72_1175,4,14
62519,2025_062519_db458b583cf49e09,3,72_1175,4,4
62527,2025_062527_f2d6b96e9056d032,6,72_1175,4,4
62531,2025_062531_7e399eebc99fdac2,3,72_1175,4,6
62533,2025_062533_bbd5d51261b62de8,4,72_1175,4,7
62539,2025_062539_c599a47538636dec,3,72_1175,4,8
62553,2025_062553_5eae9f5d6f6fe01e,3,72_1175,4,9
62565,2025_062565_45ba182e7581e964,7,72_1175,4,7
62568,2025_062568_a0a0f0d18a4895b8,6,72_1175,4,4
62573,2025_062573_9787c705180cea2b,4,72_1175,4,21
62576,2025_062576_4d7c5c7c0350b94d,3,72_1175,4,12
62588,2025_062588_f13d9f64b9c9009d,4,72_1175,4,22
62589,2025_062589_3028236729f535f7,3,72_1175,4,38
62591,2025_062591_eb47b44068089c45,3,72_1175,4,7
62613,2025_062613_585fb4db445b85d5,3,72_1175,4,38
62616,2025_062616_cee672828a5c4317,0,71_1175,1,6
62618,2025_062618_8e8674fca03ac3a9,1,71_1175,1,2
62627,2025_062627_334d23907143b6b6,4,71_1175,1,4
62637,2025_062637_144a8483d6d6b88b,1,71_1175,1,3
62638,2025_062638_aa4a4b56216f3312,6,71_1175,1,50
62640,2025_062640_8209d6788c2c00da,4,71_1175,1,42
62647,2025_062647_efe4f4b67d88caa5,3,71_1175,1,35
62650,2025_062650_3db0c246bd1a9dfa,5,71_1175,1,5
62677,2025_062677_61eb505ea1c0570c,5,71_1175,1,40
62680,2025_062680_cb126e899cf28b6f,7,71_1175,1,39
62682,2025_062682_dc6d71a676a92681,3,71_1175,1,2
62683,2025_062683_52c1a486193b6787,3,71_1175,1,6
62685,2025_062685_24379f96513664d2,4,71_1175,1,47
62694,2025_062694_ca6ed4e22f6f31f3,6,72_1175,4,17
62703,2025_062703_32d3711f6bccd744,6,71_1175,1,5
62704,2025_062704_23368bc11114e93b,6,72_1175,4,6
62706,2025_062706_dd29467565276fce,3,71_1175,1,4
62723,2025_062723_be95beff4aef3ba0,3,72_1175,4,17
62726,2025_062726_4898d0370073f25b,3,72_1175,4,14
62730,2025_062730_84f514cdc1854837,3,71_1175,1,5
62737,2025_062737_c6e08f7e6dac0706,2,71_1175,1,2
62761,2025_062761_1c22800ecf09c64a,0,71_1175,1,10
62762,2025_062762_fa978bd16f9058a0,3,71_1175,1,26
62784,2025_062784_17799b8dec1cc318,3,71_1175,1,12
62785,2025_062785_43f43950c2b40503,4,71_1175,1,14
62788,2025_062788_60e468edd83259d1,6,71_1175,1,3
62793,2025_062793_f295c5c9b4ccdf9b,3,71_1175,1,16
62806,2025_062806_3f778dc7a747f21c,6,71_1175,1,6
62808,2025_062808_bafff276998f9745,6,71_1175,1,18
62814,2025_062814_628317f76b520bba,3,71_1175,1,2
62817,2025_062817_98597739110ca242,6,71_1175,1,11
62823,2025_062823_146c5e4af5925b2c,5,71_1175,1,11
62830,2025_062830_992f7e532f89227c,1,71_1175,1,2
62833,2025_062833_557870164b045fd8,0,71_1175,1,5
62874,2025_062874_1ce83d2ec3f77142,3,71_1175,1,44
62882,2025_062882_b0657cf132b179d1,0,71_1175,1,2
62893,2025_062893_1174587e5021abd0,5,72_1175,4,30
62901,2025_062901_fd7647c1d6319b21,6,72_1175,4,2
62914,2025_062914_910abebbc4b313e3,2,72_1175,4,16
62915,2025_062915_b564136b924e4adf,4,72_1175,4,14
62921,2025_062921_1aa7daad31bab35b,4,72_1175,4,17
62927,2025_062927_56278e8392c90555,3,72_1175,4,7
62949,2025_062949_4455599bfdf938dd,3,72_1175,4,13
62950,2025_062950_f689ad588398b5f0,3,72_1175,4,14
62951,2025_062951_3422510a2e059acf,3,72_1175,4,13
62953,2025_062953_45ac4ce02c2259b2,4,72_1175,4,20
62954,2025_062954_87fd8aab883f9f94,4,72_1175,4,28
62960,2025_062960_5bf27f474659e47a,4,72_1175,4,6
62961,2025_062961_c1c4902c598f1c8f,4,72_1175,4,11
62994,2025_062994_ad546162adf46e3d,1,72_1175,4,55
62997,2025_062997_070a3a5ce0c80d82,3,72_1175,4,20
62999,2025_062999_643381e49c3463b1,1,72_1175,4,16
63011,2025_063011_91c55a2c968f4b79,3,72_1175,4,12
63013,2025_063013_aaf41aef6cbebf0a,4,72_1175,4,17
63016,2025_063016_e83704765d059d38,2,72_1175,4,20
63020,2025_063020_f40c57b819ea3455,2,72_1175,4,30
63028,2025_063028_802b6f02dd83b18b,3,72_1175,4,42
63029,2025_063029_7a592ab410350973,1,72_1175,4,25
63037,2025_063037_53f5d7f85cf9a0f5,3,71_1175,1,12
63039,2025_063039_bfb6e210f82098ad,3,71_1175,1,14
63041,2025_063041_18251e35697900f5,3,71_1175,1,34
63061,2025_063061_d8338d096615486d,3,72_1175,4,23
63070,2025_063070_8131d78ff368b430,3,72_1175,4,27
63071,2025_063071_bb1185794dfad017,3,72_1175,4,36
63074,2025_063074_f1b563b7ca304d05,7,72_1175,4,6
63077,2025_063077_b8e62b1c1ce7cc45,5,72_1175,4,6
63078,2025_063078_735ecd97756afd5c,6,72_1175,4,4
63085,2025_063085_9fcadb4aa834e272,2,72_1175,4,4
63097,2025_063097_84523663e34c9160,3,72_1175,4,9
63105,2025_063105_0bd4c134b6afb093,2,71_1175,1,35
63108,2025_063108_26882085c1f2cca4,0,72_1175,4,3
63109,2025_063109_7bc6a2ba774352f0,3,71_1175,1,45
63114,2025_063114_a1a3291123b2aa4e,2,71_1175,1,43
63123,2025_063123_5c8dff869bc74ed7,3,71_1175,1,18
63140,2025_063140_f333b65009c45d5f,3,72_1175,4,48
63142,2025_063142_9425fe60aafdf387,1,72_1175,4,44
63143,2025_063143_68bfa4c1d0186959,3,72_1175,4,36
63145,2025_063145_f543406c217a86ac,7,72_1175,4,35
63171,2025_063171_adbf62acfc063290,3,72_1175,4,5
63172,2025_063172_ac2effc758d84d15,1,72_1175,4,13
63176,2025_063176_c689ad4697846530,2,72_1175,4,26
63180,2025_063180_24cb5efc76352527,1,72_1175,4,49
63182,2025_063182_52e410f0cd5a290a,0,72_1175,4,2
63184,2025_063184_9a115939d8c9f6a7,3,72_1175,4,21
63205,2025_063205_93970000ea7e46d8,1,72_1175,4,27
63206,2025_063206_27192d5b8823e7f5,3,72_1175,4,32
63208,2025_063208_d26f4fd06aa249ab,4,72_1175,4,28
63215,2025_063215_df9792479b840cdd,3,72_1175,4,47
63216,2025_063216_3f353430c4a91d98,3,72_1175,4,3
63217,2025_063217_62f645b8ecaa4a57,3,72_1175,4,40
63223,2025_063223_cccf82753c7b6f53,2,72_1175,4,22
63224,2025_063224_a056e2385c19107e,3,72_1175,4,4
63241,2025_063241_a63c41133b0bfb2b,2,72_1175,4,19
63244,2025_063244_fc1fc5b119bba8e1,5,72_1176,1,26
63251,2025_063251_1d88cd2b760aef55,2,72_1176,1,11
63264,2025_063264_e41dc728f3190588,2,72_1176,1,4
63270,2025_063270_c9afbb1ec3fb74ea,3,72_1175,4,62
63272,2025_063272_b52f545031faf46d,7,72_1176,1,45
63285,2025_063285_5bdf65763e60c881,4,72_1176,1,21
63296,2025_063296_55ea178649128c2e,2,72_1176,1,3
63312,2025_063312_653d1428f7a70229,3,72_1175,4,21
63313,2025_063313_d43b85b9d813ba9b,2,72_1175,4,12
63318,2025_063318_9359ba71b91537ca,2,72_1175,4,5
63323,2025_063323_1504cf59a15b1978,5,72_1175,4,6
63324,2025_063324_7078a01325dfe331,3,72_1175,4,19
63326,2025_063326_8cdefd92c4f5eed2,0,72_1175,4,3
63328,2025_063328_9d9802c85b24e7d2,5,72_1175,4,21
63345,2025_063345_ce272158733cfd5d,5,72_1176,1,14
63358,2025_063358_35c670ac75b7aa33,4,72_1176,1,2
63371,2025_063371_d55d47854add186a,2,72_1176,1,8
63380,2025_063380_32ca86ae9bb42e19,0,72_1175,4,5
63389,2025_063389_cbe3d042b3facd1d,0,72_1175,4,2
63395,2025_063395_8e789bb3743ce676,0,72_1175,4,6
63402,2025_063402_0538d0934841ba53,3,72_1176,1,7
63423,2025_063423_edd3302e42823896,4,72_1175,4,3
63425,2025_063425_819f3c0c7f3c0c41,3,72_1175,4,22
63432,2025_063432_8f7e0a7239b35272,2,72_1175,4,11
63434,2025_063434_79058bb20d7313a1,1,72_1175,4,11
63441,2025_063441_d81dc0719fbcc85c,1,72_1175,4,17
63442,2025_063442_1f58fc56f974165a,1,72_1175,4,11
63446,2025_063446_a91f167403f24a42,1,72_1175,4,20
63449,2025_063449_ea7cc2d923048468,7,72_1175,4,7
63457,2025_063457_684cba336cff8faa,7,72_1175,4,4
63465,2025_063465_3de1b4ab764d1df7,0,72_1175,4,5
63469,2025_063469_ed43eaaa4c2fbbbb,4,72_1175,4,40
63470,2025_063470_2b20a057b9a33485,1,72_1175,4,46
63471,2025_063471_727ac819693eb97c,7,72_1175,4,8
63472,2025_063472_b91cb3b8ff284a69,3,72_1175,4,15
63473,2025_063473_e1c3922ceac997ae,7,72_1175,4,18
63490,2025_063490_05ff470a23e00d5c,0,72_1175,4,11
63496,2025_063496_558355f0f7a15167,1,72_1175,4,23
63498,2025_063498_758aecae3c8d9b6a,2,72_1175,4,17
63501,2025_063501_0ea02001b6adf5d6,3,72_1176,1,13
63506,2025_063506_ff23630d8527dc36,0,72_1176,1,2
63522,2025_063522_adb3f290c19b1b24,7,72_1175,4,4
63524,2025_063524_5b776d58a522d004,3,72_1175,4,6
63528,2025_063528_92dbf5d5acb1d98b,3,72_1175,4,32
63533,2025_063533_e45d76b12f8afe0a,3,72_1175,4,22
63541,2025_063541_d8218e190ee264b9,5,72_1175,4,2
63555,2025_063555_afd504f89f71d631,1,72_1175,4,16
63566,2025_063566_7a9fe29f14903daa,4,72_1176,1,2
63576,2025_063576_fe209cf28b566d59,4,72_1175,4,6
63579,2025_063579_d31df40a34a94c5e,4,72_1175,4,11
63580,2025_063580_5080084dd811c2a3,3,72_1176,1,16
63582,2025_063582_3cc8e1b936009044,3,72_1176,1,72
63586,2025_063586_058f491d095e675b,3,72_1176,1,13
63589,2025_063589_feef661e38dc471a,4,72_1175,4,36
63593,2025_063593_57e1fa25b649bbf5,3,72_1175,4,12
63599,2025_063599_d309fb5af0b12a2b,2,72_1176,1,6
63601,2025_063601_c4722c4043c782a8,7,72_1176,1,68
63608,2025_063608_6dfc7370fec3b8eb,3,72_1176,1,3
63614,2025_063614_7016c4259b9978e9,7,72_1175,4,17
63615,2025_063615_04468d7a2dfc8241,3,72_1175,4,13
63617,2025_063617_30db15bd9674f834,3,72_1175,4,52
63621,2025_063621_9c042a0dd346a858,5,72_1175,4,40
63630,2025_063630_27c8dfeacf2ed36d,3,72_1175,4,7
63633,2025_063633_2358e29b5dd9417c,3,72_1175,4,5
63637,2025_063637_7d8382a81cba897c,3,72_1175,4,30
63640,2025_063640_9e0814e219e3d2c9,1,72_1175,4,18
63642,2025_063642_40fb2e6d0b421d70,5,72_1175,4,10
63649,2025_063649_830feb4bfa8de0af,1,72_1175,4,35
63650,2025_063650_7426d84613e79675,7,72_1175,4,25
63652,2025_063652_0a4e7a68880eb0af,7,72_1175,4,6
63653,2025_063653_7ef144ac179f3bfd,7,72_1175,4,6
63654,2025_063654_52c0d589f736aacc,4,72_1175,4,60
63658,2025_063658_b0688a0dbefe366c,1,72_1175,4,54
63664,2025_063664_86169d5f596a0781,3,72_1175,4,55
63668,2025_063668_e164eb7768ea3d94,5,72_1175,4,62
63673,2025_063673_198e06b0a182f5cd,7,72_1175,4,53
63684,2025_063684_b115c5baee754b82,4,72_1176,1,62
63688,2025_063688_8c7aaaaa78e668eb,4,72_1176,1,49
63693,2025_063693_7886a97758aa578e,3,72_1176,1,54
63698,2025_063698_590d8304ddb516b0,5,72_1176,1,12
63718,2025_063718_64cca07d15e20e3b,3,72_1176,1,38
63725,2025_063725_b5b56b6b66b0bc00,5,72_1176,1,3
63732,2025_063732_4ceb6bd3fdc9ac8a,4,72_1175,4,17
63740,2025_063740_c40080df6c0e523b,3,72_1175,4,29
63743,2025_063743_1f9740fa60374147,6,72_1175,4,10
63748,2025_063748_968084fd6f2f1bfe,6,72_1175,4,7
63752,2025_063752_9f0fe67ae02c13c2,4,72_1175,4,49
63753,2025_063753_8d86ae1468c70a57,7,72_1175,4,23
63760,2025_063760_aacfdd8674fd9ec1,5,72_1175,4,7
63763,2025_063763_8fdbbc6e5e47e099,5,72_1175,4,8
63769,2025_063769_4f5d4a44b5eb4afd,5,72_1175,4,46
63775,2025_063775_c56e86f1b27b2a34,4,72_1175,4,51
63779,2025_063779_391ca4572b602943,3,72_1175,4,39
63780,2025_063780_4cfefdc5f069eeb5,7,72_1175,4,51
63792,2025_063792_3d5491240b9082a9,5,72_1175,4,5
63808,2025_063808_270ffe9b08106b72,4,72_1175,4,33
63818,2025_063818_d6863a7d1be9ea66,4,72_1175,4,3
63828,2025_063828_5a1ee8b876b9adf0,3,72_1175,4,66
63829,2025_063829_ab9992a65217148d,3,72_1175,4,2
63830,2025_063830_4b6a2960e740dd91,4,72_1175,4,4
63836,2025_063836_fa54d5a05f7c40c7,3,72_1176,1,44
63849,2025_063849_51bf2b9c2bf5ce4b,5,72_1176,1,4
63859,2025_063859_e030ed380002ee2f,7,72_1176,1,6
63867,2025_063867_ca6690c797bc4ab4,3,72_1175,4,2
63874,2025_063874_bfa342b1976b558f,7,72_1175,4,6
63878,2025_063878_699443da821f6357,4,72_1175,4,6
63882,2025_063882_0ab2c5f9874532b0,3,72_1175,4,7
63884,2025_063884_2b72dea4d055dc63,4,72_1175,4,6
63888,2025_063888_0b8231174c4b66e1,3,72_1175,4,22
63891,2025_063891_3ca7b470af6d4caf,7,72_1175,4,2
63892,2025_063892_34651c719f175a62,4,72_1175,4,25
63910,2025_063910_f0fadbc4ce61785d,4,72_1175,4,45
63918,2025_063918_d897d243e4532c7f,6,72_1175,4,44
63921,2025_063921_8029829c468b5402,3,72_1175,4,43
63923,2025_063923_1a245450ba949cfb,6,72_1175,4,45
63924,2025_063924_153292ff180f4348,5,72_1176,1,3
63925,2025_063925_fd0daa6d1edc45aa,3,72_1176,1,5
63932,2025_063932_d2de4a0c2b932e58,7,72_1176,1,4
63937,2025_063937_ee75160652cbba37,4,72_1176,1,11
63947,2025_063947_21e6d1671c9cb382,7,72_1176,1,18
63957,2025_063957_13a215cdc2651c00,3,72_1175,4,8
63980,2025_063980_d0775a714ca970b0,5,72_1175,4,20
63981,2025_063981_5acef62043fc8f4f,3,72_1175,4,7
63983,2025_063983_c3a747102ad27476,4,72_1175,4,3
63984,2025_063984_e3350e5476ee0462,3,72_1175,4,27
63985,2025_063985_d2deae25ac9432ee,7,72_1176,1,17
63990,2025_063990_a16acf66347ce614,3,73_1175,5,5
64004,2025_064004_74b39aad0e4de0ae,6,73_1175,5,14
64027,2025_064027_f80259917507eb7e,3,72_1175,4,7
64030,2025_064030_ef19cb5423daeae5,2,72_1175,4,26
64031,2025_064031_9352387a12bbb61b,3,73_1175,5,8
64032,2025_064032_8df9f3e3173dafa5,6,73_1175,5,10
64033,2025_064033_13fe1216b9c33399,4,73_1175,5,9
64034,2025_064034_ce9690c941e0f789,3,72_1175,4,4
64035,2025_064035_34a41ca2777e7194,4,73_1175,5,38
64036,2025_064036_b8c99bb3ed8df399,6,72_1175,4,53
64052,2025_064052_a743bbf5ba78dbf5,4,73_1175,5,48
64079,2025_064079_5e4c1be144b3b6e7,3,72_1175,4,19
64080,2025_064080_a5b063293855425d,3,73_1175,5,11
64081,2025_064081_66fea24166ff2e9e,3,73_1175,5,42
64082,2025_064082_6abe10fc69563b7f,4,73_1175,5,68
64089,2025_064089_bdb24d4eb79e8dd9,6,73_1175,5,27
64098,2025_064098_5b97a2dd0fe02335,3,73_1175,5,10
64101,2025_064101_5fa2f9df5a33cc18,0,72_1176,1,4
64113,2025_064113_88fb1cc835539b39,6,73_1176,5,23
64117,2025_064117_2ebca81816180585,6,73_1176,5,19
64132,2025_064132_3fe3373362e3f7c0,7,73_1175,5,69
64133,2025_064133_f1b8992bedaeced5,7,73_1175,5,36
64138,2025_064138_0cbbc46688c679cb,7,73_1175,5,29
64142,2025_064142_0c18b7160f921354,3,73_1175,5,7
64146,2025_064146_51ca4bd1d71b2c7e,4,73_1175,5,7
64154,2025_064154_f9c1a690f97d5ae3,7,73_1175,5,2
64172,2025_064172_8d8d7aa09beed8fb,3,73_1175,5,24
64175,2025_064175_76e5d1c6049c799b,7,73_1175,5,38
64211,2025_064211_600df526e33c9f31,7,73_1175,5,20
64216,2025_064216_3373906a74421912,3,73_1175,5,23
64217,2025_064217_bb2ecc1a4978eba9,3,73_1175,5,23
64218,2025_064218_b6d5867b590b65ec,3,73_1175,5,12
64229,2025_064229_44f12644e0bedef8,0,73_1176,5,3
64238,2025_064238_f261caab2eeb30d8,7,73_1176,5,6
64257,2025_064257_74eaffcb4836ded7,3,73_1175,5,3
64261,2025_064261_5b5ece71b3c4c7e9,6,73_1175,5,11
64264,2025_064264_ce289ca1725a4c02,4,72_1175,4,37
64274,2025_064274_a4f9f660b469a82c,3,72_1175,4,48
64276,2025_064276_80a0f88ed41fad2c,3,72_1175,4,3
64280,2025_064280_d5c3f85e3ec53072,7,72_1175,4,4
64281,2025_064281_f48bc20ba5cfe4e6,3,72_1175,4,4
64285,2025_064285_25483015b3b90208,3,72_1175,4,9
64291,2025_064291_b81c2e5e2ec2d017,7,72_1175,4,6
64297,2025_064297_5429c8a18a2ce5b0,5,72_1175,4,10
64299,2025_064299_8ccffcbb09573a7d,6,72_1175,4,7
64303,2025_064303_e1eee3d6ecd9b042,3,72_1175,4,9
64309,2025_064309_62169adf81832fb6,3,72_1175,4,34
64313,2025_064313_6bcf78a102848916,3,72_1175,4,33
64317,2025_064317_b78cdeea1ef6fd1d,5,72_1175,4,46
64320,2025_064320_61378c544d0e6ebf,2,72_1175,4,5
64339,2025_064339_360510357993ce93,0,69_1175,4,2
64345,2025_064345_b58c34398509e4aa,0,69_1175,4,3
64349,2025_064349_9f56bc2a4e101ca0,0,69_1175,4,3
64351,2025_064351_a286e378c40febc1,0,69_1175,4,2
64353,2025_064353_c362d6faf7a49187,1,69_1175,4,4
64354,2025_064354_bec0f1ee1c56d608,1,69_1175,4,21
64360,2025_064360_96a303ef19de47d8,4,69_1175,4,33
64362,2025_064362_737c2cef494b9573,1,69_1175,4,2
64363,2025_064363_30a1e3f1c4871b39,3,69_1175,4,3
64368,2025_064368_7df717ecbe32c8ad,1,69_1175,4,8
64375,2025_064375_78c1a2fcaef4a08b,2,69_1175,4,10
64376,2025_064376_b4e5b0a3702a884a,3,69_1175,4,32
64378,2025_064378_99d00e84301b7ae2,4,69_1175,4,24
64391,2025_064391_b23d5e74202e4ce2,2,69_1175,4,8
64405,2025_064405_8ad8c5342c38ac69,6,69_1175,4,2
64407,2025_064407_33b57442fd630ab2,0,69_1175,4,2
64408,2025_064408_13e4f09ab6a0d809,0,69_1175,4,14
64423,2025_064423_6c69d970b6a61829,2,69_1175,4,18
64434,2025_064434_8b8ac209a1b29496,4,69_1175,4,28
64436,2025_064436_12ca8c3ec2148479,0,69_1175,4,11
64442,2025_064442_a171fb0994f69251,4,69_1175,4,22
64443,2025_064443_acdb2242e7910481,6,69_1175,4,33
64445,2025_064445_bb89594ea1a41f5d,5,69_1175,4,7
64446,2025_064446_37cd0a737b9fcc52,7,69_1175,4,5
64447,2025_064447_bf8dfdcc4bcbec4d,2,69_1175,4,3
64448,2025_064448_77a39d0345e65e09,6,69_1175,4,3
64450,2025_064450_4dbaf0b2a7a6b8f0,3,69_1175,4,4
64453,2025_064453_eda6e66491f0a124,4,69_1175,4,27
64458,2025_064458_2d1ea907f383a6ad,7,69_1175,4,8
64459,2025_064459_c50c7bc228b105e8,3,69_1175,4,44
64460,2025_064460_4e329def39126210,3,69_1175,4,23
64462,2025_064462_6ceb291ca110346b,3,69_1175,4,3
64476,2025_064476_30cb67b34bac0b65,7,69_1175,4,3
64483,2025_064483_89f78268159ef053,7,69_1175,4,5
64486,2025_064486_59d72a3188c27a94,7,69_1175,4,20
64488,2025_064488_c2ef84c041f57dc7,2,68_1175,4,2
64497,2025_064497_0bb6263195036b4b,1,68_1175,4,4
64499,2025_064499_2c0f64fd19f53506,2,68_1175,4,4
64501,2025_064501_640e4b08b9f521dc,3,68_1175,4,15
64504,2025_064504_e215969f8ad3bf21,7,68_1175,4,4
64506,2025_064506_d4b6cf382657529b,7,68_1175,4,7
64510,2025_064510_c134307cf9fcc239,7,68_1175,4,13
64517,2025_064517_804c2c89f6676e2b,7,68_1175,4,8
64518,2025_064518_6b44928c49d973b6,7,68_1175,4,5
64519,2025_064519_d488dcff2f3d0620,7,68_1175,4,14
64521,2025_064521_2ac95015c9a3c94e,7,68_1175,4,48
64530,2025_064530_8bf61f5aed7f5281,6,70_1175,5,51
64531,2025_064531_f09f14a771d59d69,4,70_1175,5,21
64533,2025_064533_e3babb97e1c83e4e,0,69_1175,4,16
64536,2025_064536_0894e23b1f4b4693,0,70_1175,5,62
64538,2025_064538_48621c879f26ca1a,0,70_1175,5,2
64556,2025_064556_e4c1eda42e15976c,1,69_1175,4,16
64571,2025_064571_8121a0b9660db32e,3,69_1175,4,4
64573,2025_064573_82c77661e4535095,0,69_1175,4,7
64576,2025_064576_1f7cbcbfb8c8fb23,1,69_1175,4,3
64579,2025_064579_57b2d444e50d464e,1,69_1175,4,18
64593,2025_064593_deea8d717c6a4813,0,69_1175,4,8
64596,2025_064596_0281459790113151,3,69_1175,4,13
64605,2025_064605_69858abfe224bc7c,3,69_1175,4,19
64610,2025_064610_5f44f6f447439f3f,3,69_1175,4,47
64628,2025_064628_bcfa0111bbde5100,3,69_1175,4,9
64633,2025_064633_5119d89b60216d36,3,69_1175,4,3
64634,2025_064634_92f5e33d79b6af9f,3,69_1175,4,21
64643,2025_064643_10d05d9340492422,3,69_1175,4,47
64644,2025_064644_608736fc1d787c89,7,68_1175,4,31
64646,2025_064646_465959c13ffc65db,0,68_1175,4,19
64653,2025_064653_c17495b16630cb5d,0,68_1175,4,13
64658,2025_064658_3f40904fb7816088,7,68_1175,4,2
64659,2025_064659_0e71fd907fce7a64,7,68_1176,1,13
64663,2025_064663_e091abff44ec5b5c,7,68_1176,1,11
64667,2025_064667_e3b129ea22f67b9f,7,68_1176,1,2
64675,2025_064675_0b4237697ea17c69,0,68_1176,1,12
64677,2025_064677_2c117249b47ac87f,7,68_1176,1,4
64679,2025_064679_e7d3745e7fe34b57,7,68_1176,1,19
64684,2025_064684_1c89209e2038aa4a,0,68_1175,4,2
64702,2025_064702_7e1c4264083d593c,3,69_1175,4,15
64716,2025_064716_ea0a7a69d0bd3178,0,68_1176,1,6
64718,2025_064718_f469eb15a354570d,0,68_1175,4,18
64719,2025_064719_a82ec10c6f5ae68a,0,68_1175,4,16
64724,2025_064724_11b15bd7eb667176,2,68_1175,4,14
64748,2025_064748_fac4ab8c0cbe7c81,3,68_1175,4,5
64754,2025_064754_84e8ec47b3070ca6,0,68_1175,4,8
64755,2025_064755_bdf1584ee0bd7c87,7,68_1175,4,4
64756,2025_064756_b2f603ffd41a0427,3,69_1175,4,51
64761,2025_064761_4a368235c4bc42b6,3,69_1176,2,11
64767,2025_064767_598360dd7b56595d,5,69_1175,4,15
64773,2025_064773_293968ec191b95db,3,69_1175,4,17
64780,2025_064780_486cfc754db23186,2,69_1175,4,4
64786,2025_064786_76f8099d31c255dc,5,69_1176,2,20
64787,2025_064787_30ef58166a66f2f6,4,69_1175,4,50
64788,2025_064788_58536ecb3e2094b0,1,69_1175,4,2
64798,2025_064798_5f8050ca00864f05,1,69_1175,4,3
64808,2025_064808_2b32a0328b11ac6a,0,69_1175,4,11
64811,2025_064811_0aeed535a747a5eb,2,69_1175,4,40
64815,2025_064815_d66e3acbfd141a64,3,69_1176,2,42
64818,2025_064818_571cc7b791c514f6,2,69_1176,2,35
64824,2025_064824_4aeded02b13d1fe4,6,69_1176,2,14
64825,2025_064825_f1e951093a822f0f,1,69_1176,2,35
64830,2025_064830_ffb2461855d676b9,0,69_1176,2,13
64843,2025_064843_35748cebd2503e09,3,69_1175,4,24
64844,2025_064844_e843dab2175415af,5,69_1175,4,26
64845,2025_064845_1fa670e07ce71e11,4,69_1175,4,25
64849,2025_064849_fa96f307dd893d05,4,69_1176,2,19
64850,2025_064850_32f192fc7b0d744d,0,69_1175,4,29
64851,2025_064851_c7a8bcbd42c72469,4,69_1175,4,10
64855,2025_064855_bd3dffe7ecf6d524,0,69_1175,4,36
64864,2025_064864_1d756cd7553212c3,2,69_1175,4,12
64866,2025_064866_765e9d5bbdc4da57,1,69_1175,4,4
64869,2025_064869_0011baf154490490,7,69_1176,2,23
64875,2025_064875_8f7d75066de62527,5,69_1176,2,24
64876,2025_064876_2fb16113b5532d0f,7,69_1176,2,4
64877,2025_064877_c09d35a1c35fa3eb,7,69_1176,2,8
64888,2025_064888_fac47f97409c52fa,2,68_1175,4,10
64900,2025_064900_7f6404ee26f9e6fe,2,68_1175,4,4
64907,2025_064907_3b38176900c24a5d,6,69_1175,4,6
64908,2025_064908_06d3e832669828a4,0,68_1176,1,3
64909,2025_064909_7014c59ed3e2b98a,0,68_1176,1,3
64913,2025_064913_eb3aa2c4fd9eba6c,0,68_1176,1,3
64919,2025_064919_85c7efa470fd5e60,6,68_1176,1,6
64948,2025_064948_9291f32edc7fb70b,0,68_1176,1,6
64959,2025_064959_1c303dc1d5c288d0,0,68_1176,1,2
64961,2025_064961_bfa0d6eda6635ccc,0,68_1176,1,2
64964,2025_064964_f453deb911a49667,1,68_1176,1,16
64976,2025_064976_0da6c4b0577a4281,3,69_1176,2,16
64978,2025_064978_9247505ed140e844,7,69_1176,2,3
64979,2025_064979_37fb3abbd22d9960,0,69_1176,2,2
64996,2025_064996_7cc58a7ebfa4c2d0,1,69_1176,2,7
64997,2025_064997_2bad2f055e42dc5c,7,69_1176,2,11
65026,2025_065026_3a6aa2afa271dfe3,0,69_1176,2,25
65055,2025_065055_9fb57406212d43ac,1,70_1176,2,23
65059,2025_065059_29fcd74573b2fdb6,0,70_1176,2,8
65078,2025_065078_0cfe271d2fa8326e,6,70_1176,2,24
65086,2025_065086_eb8bc23945656fab,0,68_1175,4,4
65098,2025_065098_cc6844ca23fa45ea,0,69_1175,4,3
65104,2025_065104_27d6038f02119862,4,68_1175,4,21
65105,2025_065105_1de34915dde7ca1c,3,68_1175,4,16
65107,2025_065107_0dc2ee1946f7bcfa,3,68_1175,4,23
65109,2025_065109_0144cdec6dea8d86,4,68_1175,4,36
65116,2025_065116_a35d0924ed03fc6c,6,68_1176,1,5
65122,2025_065122_e68de35a937a3b6f,3,68_1176,1,5
65136,2025_065136_b63649531c64cf6e,3,69_1176,2,11
65137,2025_065137_6d1059933f497de0,3,69_1176,2,17
65140,2025_065140_0f7f7d0ab2ded543,3,69_1176,2,23
65150,2025_065150_1df29b356057562c,5,69_1175,4,51
65154,2025_065154_5bab8095dcb04f77,7,69_1175,4,6
65155,2025_065155_6f9ea383a48f4e36,6,69_1176,2,50
65164,2025_065164_a38e3d55a1ee7d23,1,69_1176,2,4
65166,2025_065166_b53f21fc6e3a6e85,1,69_1176,2,25
65172,2025_065172_0b59eef4966f6550,3,69_1176,2,3
65174,2025_065174_afb9f82cc56aabc0,3,69_1176,2,2
65208,2025_065208_e3429ce8edd321f4,4,69_1176,2,7
65213,2025_065213_84a40ad2c32fc568,4,69_1176,2,10
65218,2025_065218_619cb9aa9491e3a6,4,69_1176,2,3
65219,2025_065219_46c0c24947b15976,3,69_1176,2,11
65221,2025_065221_2f1b276b819325f0,2,69_1176,2,6
65235,2025_065235_8dea0f282bd5c2fd,3,69_1176,2,3
65243,2025_065243_3842d7ed9d77594b,3,69_1176,2,5
65247,2025_065247_b7dcf2a3341c3582,3,69_1176,2,4
65248,2025_065248_30aba0c3a3a055fc,4,69_1176,2,6
65252,2025_065252_71051b991c95724a,4,69_1175,4,28
65259,2025_065259_cfdf104925865f80,6,69_1175,4,18
65266,2025_065266_08d4cdd0008a5e37,3,69_1175,4,19
65267,2025_065267_a2104320a1d46699,5,69_1175,4,20
65272,2025_065272_8760387cf95f307a,3,69_1175,4,9
65278,2025_065278_63e96b73ec8827a1,0,69_1175,4,2
65283,2025_065283_6912d7f9be24fc64,1,69_1175,4,3
65297,2025_065297_7f1482f9e8eab14b,0,69_1176,2,6
65303,2025_065303_d654564046acea7c,3,69_1176,2,12
65310,2025_065310_21c6707a853b1db3,3,69_1176,2,2
65321,2025_065321_e2cdcbf1fbd23256,5,69_1176,2,24
65332,2025_065332_22f5635971facff5,4,69_1176,2,25
65333,2025_065333_a1186c974a95c3ff,0,69_1176,2,7
65336,2025_065336_df0997f02294bde4,0,69_1175,4,4
65345,2025_065345_13fc7602b9d7600a,0,69_1175,4,2
65359,2025_065359_676971139e230816,4,69_1175,4,15
65360,2025_065360_906f1c0c140e3430,3,69_1175,4,13
65362,2025_065362_147d8308e5c0402f,3,69_1175,4,59
65386,2025_065386_a765af57cf838f19,5,69_1176,2,31
65395,2025_065395_685bbca31af3b1fc,3,69_1176,2,8
65396,2025_065396_017650e1ab4a5f2d,3,69_1176,2,40
65402,2025_065402_0d7689325c9b7018,6,69_1175,4,2
65404,2025_065404_d8101049c3b0e8ea,6,70_1175,5,3
65411,2025_065411_1a7b124b30bedc73,0,70_1175,5,7
65424,2025_065424_9230ed14dfc3162b,7,69_1175,4,29
65428,2025_065428_119dc2ecf43c455d,3,69_1175,4,14
65429,2025_065429_8d8d8fad5888ff29,1,69_1175,4,9
65436,2025_065436_136f5a4e0ff11896,3,69_1175,4,8
65437,2025_065437_933b0e56e3e172d8,5,69_1175,4,18
65439,2025_065439_df8bf95da5ca485e,1,69_1175,4,39
65444,2025_065444_3059d0dce5b23bfc,2,69_1175,4,9
65451,2025_065451_6a5a49b44f4b0c6e,0,69_1175,4,10
65464,2025_065464_80a5d2c959cdbc0b,3,69_1175,4,12
65469,2025_065469_3b99458c40d4979a,3,69_1175,4,3
65490,2025_065490_7be316eb0cade7c8,1,70_1175,5,19
65493,2025_065493_51ef378bf1884d61,2,70_1175,5,17
65503,2025_065503_e56584771d0ca903,0,70_1175,5,9
65506,2025_065506_bfb8fec00b1e3a38,0,70_1176,2,129
65508,2025_065508_11e3a35727ae3e33,0,70_1175,5,2
65512,2025_065512_b8f7d8edc0f0dd9f,3,70_1176,2,2
65547,2025_065547_8f8ce75aec6f9d39,3,69_1175,4,16
65558,2025_065558_1decd795036b757b,6,69_1175,4,42
65573,2025_065573_b0ccc5d527b6b47f,0,69_1175,4,18
65580,2025_065580_8216039d85bcdae3,6,69_1175,4,15
65592,2025_065592_a119a3a5628f6484,0,69_1175,4,19
65597,2025_065597_2629d2a9b40c272d,5,69_1176,2,2
65604,2025_065604_c5661b72c6a34d21,2,69_1175,4,8
65606,2025_065606_d08865c6269904b6,1,69_1175,4,3
65614,2025_065614_41ead11e7cc45597,1,69_1176,2,13
65628,2025_065628_25fedf588acd53ee,1,69_1176,2,7
65632,2025_065632_140d3794c2b3f4ef,0,69_1176,2,4
65653,2025_065653_f5b9970c0b8319f8,0,69_1176,2,8
65654,2025_065654_8f3cfe2ec2b55a4a,3,68_1175,4,20
65658,2025_065658_4464f58a47e989cc,0,68_1175,4,23
65666,2025_065666_dc990e6efdaa3990,0,68_1175,4,19
65668,2025_065668_b6e1abe0d06d13ce,0,68_1175,4,2
65672,2025_065672_036814bb14f49103,0,68_1175,4,3
65677,2025_065677_250c81de3033d557,0,68_1175,4,31
65684,2025_065684_0cfeb3fdf5d354b2,0,68_1175,4,14
65691,2025_065691_b64215ebcb87ee49,1,68_1175,4,75
65695,2025_065695_6ddafde85e5fc926,0,70_1175,5,14
65711,2025_065711_d96e2f06990afc76,6,70_1175,5,24
65719,2025_065719_002e164ecd8f7636,4,70_1175,5,6
65734,2025_065734_80268105c37dbe17,1,70_1175,5,14
65736,2025_065736_84ed1e1552195160,1,70_1175,5,7
65738,2025_065738_2204a8b031ece11c,3,70_1175,5,17
65741,2025_065741_513c34d31113faf9,1,70_1175,5,2
65746,2025_065746_de5424252b328087,0,70_1176,2,98
65749,2025_065749_b68f4b7fef2f97a3,0,70_1175,5,8
65750,2025_065750_fed90f7bc45459b3,0,70_1175,5,12
65751,2025_065751_6b0ffc02a66ea541,0,70_1175,5,14
65753,2025_065753_2b05185e2bbc4178,1,70_1175,5,20
65767,2025_065767_130aba794091876d,0,70_1176,2,7
65773,2025_065773_9fe8923d2205003a,4,70_1176,2,12
65780,2025_065780_3c6f3a255df91ff2,4,70_1176,2,44
65789,2025_065789_779f52eb00311567,4,70_1176,2,4
65790,2025_065790_384c9ee35ca17314,0,70_1176,2,16
65801,2025_065801_d2b664d3b7b8d5fa,0,70_1175,5,13
65803,2025_065803_450e3c316603829d,0,70_1175,5,8
65804,2025_065804_43e62932a2175b81,0,70_1175,5,23
65814,2025_065814_0ef832bd1493fd7b,2,70_1175,5,3
65824,2025_065824_e3f5702f65a0a8d0,7,70_1175,5,3
65832,2025_065832_3222828f3428153b,3,70_1175,5,8
65840,2025_065840_bf5b36f1b2305e42,1,70_1175,5,2
65859,2025_065859_464ec5cd0e4f94c8,2,70_1176,2,3
65860,2025_065860_4d4945ce9ea9f569,3,70_1176,2,3
65861,2025_065861_800ffdbfaa311ab1,3,70_1176,2,3
65874,2025_065874_1fbcd46c5e84e795,5,70_1176,2,4
65878,2025_065878_04f2539f7a6ee455,3,70_1176,2,4
65884,2025_065884_9eee5a8f8f290359,5,70_1175,5,6
65888,2025_065888_d91d83d323b3a9ca,3,70_1175,5,19
65897,2025_065897_28c332537f5ddeb3,6,70_1175,5,18
65906,2025_065906_5f1d80e1bb7e3fb7,0,70_1175,5,10
65911,2025_065911_eff2d472d8d37103,0,70_1175,5,10
65918,2025_065918_a90dfee864a39a94,4,70_1175,5,26
65930,2025_065930_fe0cfbf3cbc19763,0,70_1176,2,5
65941,2025_065941_b59eb6cd72e73b35,0,70_1175,5,21
65958,2025_065958_75dda0d103833c81,0,70_1175,5,8
65961,2025_065961_f35cc91493b18ee5,0,70_1176,2,3
65966,2025_065966_0fc5c8064dc7b75e,0,70_1175,5,5
65967,2025_065967_3ca8eecf9fbcbc69,6,70_1175,5,2
65970,2025_065970_bc691f550f45c612,3,70_1175,5,6
65974,2025_065974_9a2685fe1cbfe765,3,70_1175,5,3
65989,2025_065989_af8c34279a682254,7,70_1175,5,2
66007,2025_066007_fa1dec93cfbc9a09,1,70_1175,5,2
66013,2025_066013_0add8abbbadbeb32,0,70_1175,5,5
66019,2025_066019_47418945ee0711ba,3,70_1176,2,3
66043,2025_066043_a5c2b325fb8ddf78,4,70_1176,2,23
66044,2025_066044_0b364fdce90d9d8b,6,70_1176,2,3
66046,2025_066046_e6da105ef983a21e,5,70_1176,2,46
66050,2025_066050_58661739a0601318,3,70_1176,2,35
66074,2025_066074_422cb160dd27c4ba,3,70_1176,2,7
66075,2025_066075_f703b576d921a330,7,70_1176,2,12
66112,2025_066112_c2364348955f9a5b,3,70_1175,5,4
66116,2025_066116_972325d9e7bb951e,4,70_1175,5,18
66120,2025_066120_edd332a4d2463d02,0,70_1175,5,6
66126,2025_066126_b5c0a9a284ef91d6,0,70_1175,5,39
66145,2025_066145_e6e1e798ccb8b027,0,70_1175,5,8
66151,2025_066151_0b936f0c96f1bc33,5,70_1176,2,8
66159,2025_066159_15d23092761f6491,0,70_1175,5,7
66163,2025_066163_e0ed3901b1cab1b7,0,70_1176,2,4
66165,2025_066165_f0d818aeaeb2f210,5,70_1175,5,23
66173,2025_066173_f24d9dbe9f564a00,5,70_1175,5,3
66180,2025_066180_637314dd54198679,0,70_1175,5,14
66188,2025_066188_d5c5b43377040e7d,3,70_1175,5,20
66196,2025_066196_f6f2d285a6c6efb6,2,70_1175,5,15
66201,2025_066201_3f46d4ba89eb40fe,7,70_1175,5,2
66210,2025_066210_31c1a717bf050c8b,6,70_1175,5,3
66211,2025_066211_9b18981115f94191,0,70_1175,5,18
66213,2025_066213_b849372cba8718af,4,70_1175,5,11
66216,2025_066216_c5d945671343bfd7,6,70_1175,5,8
66217,2025_066217_24bcd5f27c4ff9fa,4,70_1175,5,12
66220,2025_066220_790da86725a957aa,2,70_1175,5,2
66228,2025_066228_dfc0e9bc0d342107,7,70_1175,5,5
66265,2025_066265_48065802fa2d5d58,0,70_1175,5,9
66270,2025_066270_205f8af4e8592f98,6,70_1175,5,9
66286,2025_066286_caea5be21b6bb1b6,3,70_1176,2,23
66292,2025_066292_483d0a9c2cd17d4b,4,70_1176,2,2
66294,2025_066294_240c529d857f11a4,3,70_1176,2,72
66295,2025_066295_496c0acd5e083c70,5,70_1176,2,38
66300,2025_066300_124278be47a6d7f7,4,70_1176,2,18
66331,2025_066331_1f14d25859a4a057,7,70_1176,2,3
66332,2025_066332_9a52163676a54ea7,2,70_1176,2,2
66349,2025_066349_dbf415724b5cd830,3,70_1175,5,3
66361,2025_066361_a6f6b6be8298c323,3,70_1176,2,3
66395,2025_066395_424f8c6dfeef416f,0,70_1175,5,23
66405,2025_066405_9997d6406a062c3c,0,70_1175,5,3
66422,2025_066422_2b81e2b4c3cca58e,3,70_1175,5,6
66423,2025_066423_8d24bef70048d8bb,3,70_1175,5,2
66426,2025_066426_57ce0b8e217ede24,4,70_1175,5,2
66431,2025_066431_22d14502ab3f1ffc,3,70_1175,5,74
66433,2025_066433_7df32df63e3bf3eb,2,70_1175,5,2
66442,2025_066442_6a606820d21b005b,0,70_1175,5,4
66449,2025_066449_443fe23e66f7501f,6,70_1175,5,16
66450,2025_066450_d94538470aa54cf5,3,70_1175,5,9
66457,2025_066457_c31fd8957623334f,4,70_1175,5,7
66467,2025_066467_cfeebe3785a788fd,7,70_1175,5,5
66494,2025_066494_6599c8e1f4a157aa,2,70_1175,5,20
66497,2025_066497_2084c29ca3f7d7bf,3,70_1175,5,4
66502,2025_066502_a1adee3afb8a7a6f,3,70_1175,5,4
66507,2025_066507_70289237faf509da,4,70_1175,5,12
66520,2025_066520_3ddb74ec20ece2c0,2,70_1175,5,12
66531,2025_066531_9ef8b35b7fe91914,6,70_1176,2,9
66532,2025_066532_e465c4864f70c88f,5,70_1176,2,7
66537,2025_066537_3ffca1a35aac4002,3,70_1176,2,98
66541,2025_066541_ae5d7d84923d444c,3,70_1176,2,2
66545,2025_066545_5fdf5b81b5e7ed05,4,70_1176,2,104
66547,2025_066547_c2adc37764d59aa7,4,70_1176,2,81
66550,2025_066550_3a7d4ee1df3754f6,5,70_1176,2,65
66561,2025_066561_2a9822c511b1615f,7,70_1175,5,18
66576,2025_066576_adb6d2c69a5fa92f,0,70_1175,5,18
66594,2025_066594_22ebaa74d5e40d31,4,70_1175,5,8
66595,2025_066595_d476602e2ddf8407,7,70_1175,5,2
66618,2025_066618_6675329fb30fc1d3,3,70_1175,5,18
66622,2025_066622_bd830772c8f22dd2,0,70_1175,5,18
66644,2025_066644_6fb95492f1277c77,7,70_1176,2,2
66673,2025_066673_bffd8837840a1632,6,70_1175,5,11
66680,2025_066680_d25620cfb9df0e09,6,70_1175,5,11
66697,2025_066697_3c670a1f025de18e,7,70_1175,5,2
66708,2025_066708_00d3ea594e7b6f47,4,70_1175,5,7
66726,2025_066726_c6f96bdd1df145b4,0,70_1175,5,11
66731,2025_066731_75caa038afb61071,0,70_1175,5,64
66735,2025_066735_f0dc9a14a17c69f9,0,70_1175,5,148
66740,2025_066740_3432446bfa7bb41a,0,70_1175,5,2
66744,2025_066744_2ab3aa6a120f9d60,0,70_1175,5,11
66748,2025_066748_8c0e1b2fdd8a5f08,0,70_1175,5,5
66758,2025_066758_d02142688cf952b1,6,70_1175,5,7
66762,2025_066762_d2cdc3b1f0210651,0,70_1175,5,5
66763,2025_066763_d3ee7d01a1b1c892,0,70_1175,5,8
66767,2025_066767_980ae2704f1b8f1c,3,70_1175,5,18
66772,2025_066772_94a9427bbc6d41b7,7,70_1175,5,8
66779,2025_066779_d812ef33d34795c7,7,70_1175,5,16
66792,2025_066792_c6d1b34f19050506,3,70_1176,2,92
66798,2025_066798_7f8832fac5ffd299,3,70_1176,2,160
66827,2025_066827_c4fa2aa2905fa2c5,4,70_1176,2,21
66828,2025_066828_f168349457f6b2d3,7,70_1176,2,5
66831,2025_066831_16ac126d32d5c86c,5,70_1175,5,27
66842,2025_066842_89d92a3f41b99939,7,70_1175,5,40
66851,2025_066851_f26be1f5d259c6e6,7,70_1175,5,45
66866,2025_066866_f379aa8d5970a790,5,70_1175,5,10
66871,2025_066871_05facc151d471c2f,6,70_1175,5,3
66879,2025_066879_2b3f44e2368dad0b,7,70_1175,5,22
66902,2025_066902_b57ba0aa312bdbd4,0,70_1175,5,45
66909,2025_066909_6c8f7e09299968ee,0,70_1175,5,21
66923,2025_066923_a08da78580bbdbf6,0,70_1175,5,24
66928,2025_066928_636472c630d2395b,1,70_1175,5,13
66951,2025_066951_c10964c1971a97fb,0,70_1175,5,2
66953,2025_066953_9c5dd0c0d39dff0a,3,70_1175,5,2
66958,2025_066958_ad56e71523fe81a7,6,70_1175,5,4
66961,2025_066961_a99cd6a803449410,6,70_1175,5,4
66978,2025_066978_e168c6564d2a7069,0,70_1175,5,19
66984,2025_066984_afac1d684d00acc1,6,70_1175,5,19
66986,2025_066986_ef85bb4630dd71f2,1,70_1175,5,4
66989,2025_066989_868f5140d2bf1cd3,0,70_1175,5,2
66995,2025_066995_057e9b474721eb47,1,70_1175,5,19
67011,2025_067011_6cc0b4f7dce89f04,5,70_1175,5,15
67028,2025_067028_b6eefaccc043f51c,7,70_1175,5,13
67034,2025_067034_f2e813571085bf15,4,70_1176,2,8
67035,2025_067035_c7b629bee66d5d95,3,70_1175,5,117
67054,2025_067054_97ef59a03d2389f4,2,70_1175,5,13
67058,2025_067058_85f2a9d17be9c3a7,6,71_1175,1,10
67062,2025_067062_63159ecc765e9c3c,2,71_1175,1,15
67072,2025_067072_4f78b7b93eb80d87,6,70_1175,5,20
67082,2025_067082_f2faec5be8aa6bd9,5,70_1175,5,18
67099,2025_067099_014df16f8b3f85ea,3,70_1175,5,33
67104,2025_067104_d942c153d719691c,3,70_1175,5,6
67109,2025_067109_fcd95ecd37070d87,3,70_1175,5,22
67110,2025_067110_f69864219bfdb3f8,2,70_1175,5,3
67114,2025_067114_9762d5aea062044d,3,71_1175,1,16
67115,2025_067115_c80e87166b18ff9a,1,70_1175,5,8
67121,2025_067121_65a5832d940d9547,3,71_1175,1,3
67124,2025_067124_ba0c8af1c7033c50,7,71_1175,1,16
67126,2025_067126_7c33b3c63716fece,6,71_1175,1,59
67136,2025_067136_4c64fd13406ecfa3,1,70_1175,5,2
67144,2025_067144_f772cf67f18545b3,7,71_1175,1,56
67147,2025_067147_88bb094feacd19d1,3,71_1175,1,14
67153,2025_067153_69538effea64eab1,3,71_1175,1,62
67165,2025_067165_ca575552c6d9336e,4,71_1176,5,9
67166,2025_067166_d55e69dcd845bb11,5,71_1176,5,21
67174,2025_067174_7bfba000fcf9aba5,7,71_1176,5,25
67182,2025_067182_481dd72105eaed6e,3,71_1176,5,15
67184,2025_067184_971b6b3458ba373d,4,71_1176,5,31
67189,2025_067189_451d93c51d570e87,3,71_1176,5,5
67209,2025_067209_eaa72cf6b43316e6,3,71_1176,5,23
67214,2025_067214_220f50e71bae831e,5,71_1175,1,6
67217,2025_067217_8a0274b0b136a8cf,3,71_1175,1,36
67219,2025_067219_e69b31599bd68985,4,71_1175,1,23
67225,2025_067225_cb47dde4fdbbca90,7,71_1175,1,7
67229,2025_067229_714b45d2e497358f,3,71_1175,1,6
67233,2025_067233_80f53b7e3b326993,3,71_1175,1,11
67240,2025_067240_89695cfe53ca0f61,5,71_1175,1,29
67244,2025_067244_0929c61e1dea9ba2,3,71_1175,1,9
67247,2025_067247_b330dfa68f7b7f25,1,71_1175,1,2
67250,2025_067250_98840297add4945f,0,71_1175,1,12
67253,2025_067253_2c038843a34068df,1,71_1175,1,7
67255,2025_067255_a140f5d09cf57fee,1,71_1175,1,10
67260,2025_067260_f93ea259a661dfa2,7,71_1175,1,64
67261,2025_067261_07b4086958e80ad4,7,71_1175,1,58
67269,2025_067269_36ca93385895492c,5,71_1175,1,7
67273,2025_067273_d5e0db1b312f5d0e,3,71_1175,1,35
67278,2025_067278_f7ac4dca7ea184eb,4,71_1175,1,31
67284,2025_067284_0923190b5ac980c8,3,71_1175,1,29
67287,2025_067287_e83aa367a1550850,1,71_1175,1,23
67291,2025_067291_163b8ce288c29642,0,71_1175,1,5
67293,2025_067293_f9a610fa323aee80,0,71_1175,1,3
67296,2025_067296_b22af8385c797829,0,71_1175,1,4
67299,2025_067299_54af537c453b68a5,4,71_1175,1,3
67306,2025_067306_9f81d5ff5af50871,0,71_1176,5,3
67313,2025_067313_ca1d695a87d61245,1,71_1175,1,20
67318,2025_067318_921ab48e42aca257,4,71_1175,1,18
67320,2025_067320_c9d593ca29d5b753,4,71_1175,1,7
67326,2025_067326_2c0ac7ef6414cf0a,0,71_1175,1,2
67328,2025_067328_a5dc0a9ad2be67b6,3,71_1175,1,29
67331,2025_067331_44841b9695e27fcb,3,71_1175,1,23
67337,2025_067337_4f89867f7cc375a2,4,71_1175,1,2
67341,2025_067341_ecf7673abf61c4dc,4,71_1175,1,10
67356,2025_067356_b7a33c5baec506a9,2,71_1175,1,28
67357,2025_067357_54ec36c41291c657,1,71_1175,1,13
67359,2025_067359_e070abc883f7b11a,7,71_1175,1,27
67364,2025_067364_0dfa2cd45999a41c,7,71_1175,1,6
67368,2025_067368_e124395c8e8112c3,3,71_1175,1,35
67377,2025_067377_bed44bed81afb92e,4,71_1175,1,10
67378,2025_067378_8b38bb31c5b14a01,1,71_1175,1,8
67380,2025_067380_3b78b37fc635528f,1,71_1175,1,19
67385,2025_067385_44d0c606bb91966c,3,71_1175,1,27
67389,2025_067389_6c0a6c45cd2f0a54,3,71_1175,1,26
67402,2025_067402_07f8030f4ed8471a,3,71_1176,5,7
67404,2025_067404_5b36c90da8f91905,3,71_1176,5,6
67406,2025_067406_0f0be3ef9d627182,3,71_1176,5,13
67411,2025_067411_8d5a1eea186a525a,3,71_1176,5,6
67414,2025_067414_ee8f1efa1f9894b9,7,71_1176,5,54
67422,2025_067422_1aff85ec0b53d4cc,3,71_1176,5,71
67428,2025_067428_dfe9ddfc370c90d2,5,71_1175,1,26
67434,2025_067434_27ce9e0fc383f950,3,71_1176,5,91
67435,2025_067435_36abfbc67a1ed382,3,71_1176,5,58
67436,2025_067436_b360c1ec6193abe4,4,71_1176,5,48
67437,2025_067437_e68cbc0ed9299a44,2,71_1176,5,48
67438,2025_067438_633387a52d32e8aa,1,71_1175,1,9
67441,2025_067441_92646280a73e1e0c,0,71_1175,1,17
67453,2025_067453_5632f591bea1602c,6,71_1175,1,12
67454,2025_067454_d4587bf2c9ded15d,3,71_1175,1,61
67482,2025_067482_b7c50e22e1972d29,0,71_1175,1,12
67485,2025_067485_33f1b5c3d3297408,7,71_1175,1,9
67487,2025_067487_99c345fb18abeaac,6,71_1175,1,4
67489,2025_067489_0206597b59735368,1,71_1175,1,2
67537,2025_067537_8eae97a1864defca,4,71_1175,1,30
67541,2025_067541_c8367f30f09b5a32,7,71_1175,1,30
67554,2025_067554_6a08b5117ab5b70c,7,71_1175,1,24
67576,2025_067576_44e9cb9e93131edf,3,71_1175,1,18
67580,2025_067580_c39bc5cd98e27d7d,0,71_1176,5,5
67581,2025_067581_88e564eeddf32736,1,71_1175,1,9
67585,2025_067585_e8e6eb42c17f121a,1,71_1175,1,6
67586,2025_067586_f7ce2e5d90fa4ebf,1,71_1175,1,8
67604,2025_067604_6c801cc84d8871c7,2,71_1175,1,9
67605,2025_067605_679b1cb5aeb1e88a,2,71_1175,1,7
67606,2025_067606_3360cf1583a51598,6,71_1175,1,27
67611,2025_067611_ead222272d6e91c1,6,71_1175,1,33
67617,2025_067617_eb096b272661daa3,4,71_1175,1,16
67624,2025_067624_21d6108a15d3f3b9,6,71_1175,1,2
67627,2025_067627_6d8ec92935d17a6a,3,71_1175,1,2
67637,2025_067637_131fa38485b34385,0,73_1175,5,33
67642,2025_067642_de9b79fb6d1113bd,3,73_1175,5,37
67649,2025_067649_7dc495521eb55269,3,73_1175,5,15
67653,2025_067653_4a7160c94f95f924,6,73_1175,5,15
67661,2025_067661_1713849e519668fe,0,73_1175,5,5
67674,2025_067674_700569bae6d79448,3,73_1175,5,6
67675,2025_067675_b3b94053db5ed6ea,3,73_1175,5,4
67676,2025_067676_edc392207483777b,3,73_1176,5,70
67681,2025_067681_a3d162ab1691e9bd,3,73_1176,5,6
67684,2025_067684_40f7aa664972da0a,1,73_1176,5,34
67700,2025_067700_7162dc13ebbf378d,4,73_1176,5,5
67709,2025_067709_5dc370c63f50f02a,0,73_1175,5,6
67723,2025_067723_3477a68045ad2991,0,73_1175,5,10
67728,2025_067728_b8f23b38d7b904cb,0,73_1175,5,3
67738,2025_067738_aa86314865d8f9d1,1,73_1175,5,20
67740,2025_067740_f0a79a00efb20a6c,0,73_1175,5,5
67748,2025_067748_598f8772abcce1b1,3,73_1175,5,12
67750,2025_067750_bfb45459c33da792,3,73_1175,5,47
67754,2025_067754_1e2be99696ce36f7,0,73_1175,5,44
67761,2025_067761_de46c8e14b9eff7a,0,73_1175,5,12
67763,2025_067763_4ee3ec873ca426a5,0,73_1175,5,5
67764,2025_067764_d1a4e0380f7c92c8,2,73_1175,5,26
67768,2025_067768_3d2f9578ef7f4743,1,73_1175,5,9
67776,2025_067776_464e1f7a8a906c7e,3,73_1175,5,7
67778,2025_067778_bcad5dc0aec052fb,6,73_1175,5,4
67791,2025_067791_231849912f95aaaa,3,73_1176,5,3
67796,2025_067796_e90cd7125119f51f,3,73_1176,5,7
67798,2025_067798_80ba75d68b7567b1,3,73_1176,5,21
67813,2025_067813_0da2e34b7ec97042,0,73_1176,5,5
67820,2025_067820_074315b5023c4e87,5,73_1176,5,31
67832,2025_067832_72c1acbaf2ff1393,5,73_1176,5,27
67837,2025_067837_fea7070811aa9b14,3,73_1176,5,34
67841,2025_067841_bf13a55b19bff947,4,73_1176,5,39
67845,2025_067845_26df03351f4cdb27,7,73_1176,5,45
67846,2025_067846_5ac994dd46f86905,2,73_1176,5,43
67847,2025_067847_f7a49f612002b647,4,73_1176,5,28
67852,2025_067852_7871fe72a333de84,3,73_1176,5,16
67877,2025_067877_74c8397f7c27f63c,3,73_1177,1,5
67889,2025_067889_f40aed7b4b4f6aab,4,73_1175,5,11
67896,2025_067896_523fc7b812e381ef,7,73_1175,5,2
67900,2025_067900_66f6aa00a7ffe0ca,3,73_1175,5,9
67907,2025_067907_07c580c34382f4cb,1,73_1175,5,9
67914,2025_067914_51594ed663f825d9,3,73_1175,5,2
67917,2025_067917_66c7d1951bd2e73e,3,73_1175,5,23
67923,2025_067923_33a0fe4a8c29b5e1,7,73_1175,5,11
67927,2025_067927_800c010e3941b509,6,73_1175,5,6
67932,2025_067932_7e31869940615a48,4,73_1175,5,9
67934,2025_067934_630be9adaae56aa2,3,73_1175,5,8
67936,2025_067936_148c39c0e90b19b9,3,73_1175,5,6
67943,2025_067943_22e8690c31e3518d,3,73_1175,5,28
67952,2025_067952_5470fc3b076673ac,5,73_1175,5,54
67959,2025_067959_03394d30f19e6129,4,73_1175,5,8
67962,2025_067962_4b4b1096f47eea5b,3,73_1175,5,2
67974,2025_067974_b3b3a39fd4cff87b,1,73_1175,5,2
67978,2025_067978_46188c786132a9dc,7,73_1175,5,5
67982,2025_067982_5452854ef31ae560,3,73_1175,5,12
67986,2025_067986_976ffa57169e7821,3,73_1175,5,20
67992,2025_067992_836dcab3618d42a0,6,73_1176,5,15
67997,2025_067997_5fffa10e30a2ccaa,3,73_1176,5,39
68003,2025_068003_2aa6c4fc8184faea,4,73_1176,5,7
68010,2025_068010_549987fdb5f0b9d4,7,73_1176,5,16
68013,2025_068013_cf73dad2aa77a891,3,73_1176,5,49
68017,2025_068017_32fe3fc14bc751bd,2,73_1176,5,27
68018,2025_068018_9e4e7c5bf275d764,7,73_1176,5,4
68019,2025_068019_36c584bb3844d181,3,73_1177,1,19
68042,2025_068042_39189d1f345e0c9c,6,73_1175,5,69
68043,2025_068043_91c5bd2dcd32b967,6,73_1175,5,6
68045,2025_068045_9baa0cee0ce02142,4,73_1175,5,27
68052,2025_068052_b0787640e26167f3,4,73_1175,5,14
68055,2025_068055_1feb1a4f01783785,5,73_1175,5,3
68058,2025_068058_3c9efa770c359131,3,73_1175,5,18
68059,2025_068059_c7a6eadc6910c4a3,3,73_1175,5,20
68060,2025_068060_fe37336efa6063f0,3,73_1175,5,9
68072,2025_068072_b8dceb9e66295785,7,73_1175,5,30
68074,2025_068074_341f4ded4cc8d70b,5,73_1175,5,39
68078,2025_068078_a1da3864ca5b555f,6,73_1175,5,24
68079,2025_068079_b51f51cfeafa16ea,7,73_1175,5,25
68080,2025_068080_aadd8ccbcde4c7d2,4,73_1175,5,20
68082,2025_068082_b6e5a1abd2cdad6e,5,73_1175,5,52
68087,2025_068087_741e9c199179b9d6,3,73_1175,5,51
68089,2025_068089_f78cc68ecb52ae11,7,73_1175,5,2
68094,2025_068094_838a5ac3befe6186,4,73_1175,5,11
68096,2025_068096_d2f5d6262e3bcf9b,3,73_1175,5,2
68111,2025_068111_c15439fdac9654f0,0,73_1175,5,17
68114,2025_068114_a36fca97b701a1af,3,73_1176,5,22
68120,2025_068120_a5de0d4d6291187a,6,73_1176,5,11
68123,2025_068123_6c4cb1efb0e08e9a,6,73_1176,5,3
68135,2025_068135_ca9665e12a4eda5c,7,73_1176,5,16
68136,2025_068136_74172d60a99e6f8b,3,73_1176,5,19
68142,2025_068142_652d5f8e58be1984,4,73_1176,5,2
68143,2025_068143_19d9e2191aa3d448,4,73_1176,5,4
68147,2025_068147_04a4ff54ea13d590,7,73_1176,5,14
68148,2025_068148_c1234fd6d216ceda,7,73_1176,5,54
68155,2025_068155_915ac78ba0b437c7,0,73_1175,5,14
68156,2025_068156_e135a5a733ac03e1,0,73_1175,5,9
68163,2025_068163_ad39dfc76db2d56d,1,73_1175,5,4
68183,2025_068183_a47833c09151913c,3,73_1175,5,72
68188,2025_068188_ba7a2e79c022509f,7,73_1175,5,7
68190,2025_068190_ce5aae70edbcf4a5,3,73_1175,5,28
68200,2025_068200_70215448f29a5624,4,73_1175,5,7
68209,2025_068209_fb8f11992a1396c9,4,73_1175,5,22
68210,2025_068210_a41dcb23d0bec650,3,73_1175,5,2
68218,2025_068218_37f20b4ee43f8d83,2,73_1176,5,6
68222,2025_068222_194c3827ce7ceed1,3,73_1176,5,19
68225,2025_068225_9fc0de0d1624276c,3,73_1176,5,6
68226,2025_068226_f3ac6f19e4f632fd,4,73_1176,5,16
68230,2025_068230_d728a34cc5e7042e,7,73_1176,5,16
68236,2025_068236_a23e0730d611433f,7,73_1176,5,36
68247,2025_068247_371c62aa7cae6166,6,73_1176,5,2
68251,2025_068251_629bc7ad8aa8212e,3,73_1176,5,10
68252,2025_068252_d26e55cf8c2526a1,6,73_1176,5,4
68253,2025_068253_e6f41bd1d91584ba,4,73_1175,5,5
68255,2025_068255_9fa8720353b73bd0,5,73_1175,5,30
68267,2025_068267_73976494a8df6cc2,3,73_1175,5,29
68269,2025_068269_64925801a67fa518,3,73_1175,5,8
68272,2025_068272_1e469f3b2f308c64,4,73_1175,5,34
68277,2025_068277_31c0a5f05a0ced73,0,73_1175,5,6
68285,2025_068285_89c08b9161694739,3,73_1175,5,4
68287,2025_068287_7603918d46388bbe,3,73_1175,5,5
68288,2025_068288_362910d7f5f86e76,2,73_1175,5,11
68289,2025_068289_fad037cb1fa2d8fe,2,73_1175,5,8
68297,2025_068297_e3e3c4bfaf852150,5,73_1175,5,27
68298,2025_068298_13d9f30ef86912cc,6,73_1176,5,64
68301,2025_068301_63d9ebb6ad609dbe,4,73_1176,5,12
68306,2025_068306_bffa226e2ba32748,3,73_1176,5,14
68312,2025_068312_67a3dbcdd33ed596,7,73_1176,5,7
68316,2025_068316_de6768edfd1a72d4,4,73_1175,5,23
68323,2025_068323_e464e7f0272636ea,3,73_1175,5,5
68325,2025_068325_64323ceabf6c36de,3,73_1175,5,8
68327,2025_068327_30431b28647ea600,1,73_1175,5,14
68329,2025_068329_9be0c6c385bd8572,7,73_1175,5,7
68332,2025_068332_459d0cefb80848d0,0,73_1175,5,2
68344,2025_068344_e583c8b6d3d5febb,0,73_1175,5,2
68345,2025_068345_8efef9ddfcf78a17,4,73_1176,5,20
68349,2025_068349_63843bbb62b1af5d,3,73_1176,5,7
68350,2025_068350_4f1cf838f4950c1c,4,73_1176,5,13
68353,2025_068353_ef0803c2a52d1c73,3,73_1176,5,8
68364,2025_068364_2ecca49f508a5077,6,73_1176,5,18
68365,2025_068365_e901629c9aae2cf1,4,73_1176,5,19
68366,2025_068366_58c4fcbf066af38c,7,73_1176,5,16
68380,2025_068380_baf63ad0ebe9aa92,5,73_1176,5,34
68382,2025_068382_3fddba415811e524,7,73_1176,5,36
68384,2025_068384_d7708a2393fcda25,4,73_1176,5,41
68390,2025_068390_12863ae314ad0c37,4,73_1176,5,17
68396,2025_068396_ceaca945316a7f23,3,73_1176,5,37
68397,2025_068397_f9df3a4c412838bc,3,73_1176,5,5
68402,2025_068402_4477f465345d38e9,2,73_1176,5,28
68406,2025_068406_d83b6d9c27c6c2fd,6,73_1176,5,6
68429,2025_068429_20f0f34af88f0741,2,73_1176,5,17
68430,2025_068430_8cde50a90f3bf685,3,73_1176,5,32
68431,2025_068431_23bb97f0ebd4423e,3,73_1176,5,23
68434,2025_068434_a2fb5d53860ae4bc,7,73_1176,5,28
68435,2025_068435_b9fab46aab8cc36a,2,73_1176,5,15
68438,2025_068438_c1ecc49e95a22e71,2,73_1176,5,14
68439,2025_068439_9cbfb2514b37887f,7,73_1176,5,12
68441,2025_068441_b157e67b8b0906ea,4,73_1176,5,10
68442,2025_068442_1435781601cf56b9,0,73_1176,5,4
68445,2025_068445_5ef82f2927fea81b,1,73_1176,5,10
68448,2025_068448_81dbe1a84da8e3e4,4,73_1175,5,4
68449,2025_068449_bbbdbc987e10a08f,4,73_1175,5,8
68467,2025_068467_5dd8ffaf45e00c06,4,73_1175,5,5
68484,2025_068484_8c924a5e777616ba,3,73_1176,5,13
68486,2025_068486_9a3a21fcf1f55c31,4,73_1176,5,24
68488,2025_068488_fa661ef4ce8719c6,6,73_1175,5,19
68492,2025_068492_c10d7404b13965f4,7,73_1175,5,6
68494,2025_068494_a02011ad314d1d63,5,73_1175,5,17
68500,2025_068500_f60dc67791393864,3,73_1176,5,57
68503,2025_068503_8c3bda07df42ad07,3,73_1175,5,3
68508,2025_068508_fd06a82168b3065b,4,73_1176,5,37
68513,2025_068513_8d849f6188a11787,7,73_1175,5,2
68514,2025_068514_aaf2000968c35db6,4,73_1175,5,25
68520,2025_068520_393d22ea70271b8a,4,73_1175,5,9
68528,2025_068528_9bf3f996785e5088,3,73_1175,5,3
68537,2025_068537_567e294a452a2e7f,3,73_1175,5,24
68543,2025_068543_f66dceb4eccb2375,7,73_1175,5,5
68547,2025_068547_db2e2383bd20dacf,3,73_1175,5,2
68552,2025_068552_e32a8207c3624fd1,3,73_1175,5,4
68553,2025_068553_88c3611e9b127671,7,73_1175,5,5
68554,2025_068554_e9fc3f55587bef38,4,73_1175,5,3
68555,2025_068555_152a717abc8f5d47,4,73_1175,5,6
68558,2025_068558_e1ac75bd04df0f10,5,73_1175,5,41
68568,2025_068568_8d75fede3419683b,6,73_1175,5,16
68584,2025_068584_23165af831859d52,3,73_1175,5,11
68585,2025_068585_29fff08a8225f216,3,73_1175,5,13
68602,2025_068602_aedfff0a51263804,4,73_1175,5,11
68607,2025_068607_1850b195e30cb5cc,1,73_1175,5,17
68627,2025_068627_40d1959cde78e6f5,3,73_1176,5,26
68628,2025_068628_1ee3f06f0e04678c,6,73_1176,5,5
68629,2025_068629_197a720eab150f65,7,73_1176,5,6
68631,2025_068631_189a3825ce0a2bde,7,73_1176,5,4
68632,2025_068632_64c471a82a9ce3c0,3,73_1176,5,17
68633,2025_068633_d359e248daa8ee4e,4,73_1176,5,18
68637,2025_068637_c82057749c1710b4,6,73_1176,5,11
68639,2025_068639_6e6e91857e9b40d1,7,73_1176,5,7
68641,2025_068641_2b3978dc823f70e4,1,73_1176,5,7
68649,2025_068649_dd4a8076ff798fca,3,73_1176,5,19
68650,2025_068650_e69ca3f4a376e7cf,6,73_1176,5,16
68651,2025_068651_268253ddb05adee0,7,73_1176,5,15
68655,2025_068655_49362565bc01a947,4,73_1176,5,7
68657,2025_068657_174f9973d9fe0b50,3,73_1176,5,41
68668,2025_068668_ff3fa778950372fc,4,73_1176,5,2
68669,2025_068669_9fd5a30202377c55,3,73_1176,5,44
68674,2025_068674_2dac9dae2d6a1b01,3,73_1176,5,22
68675,2025_068675_81c120d10b31a541,3,73_1176,5,8
68682,2025_068682_690d187a65fc2584,3,73_1176,5,4
68684,2025_068684_55425b5911debd8f,3,73_1176,5,4
68693,2025_068693_516048bf2d80340f,3,73_1176,5,40
68704,2025_068704_ba9933b24dc1c807,7,73_1175,5,14
68709,2025_068709_60b44541d0634569,3,73_1175,5,11
68719,2025_068719_dc5a75ba28058cbf,3,73_1175,5,17
68722,2025_068722_b875d7c600a11bbc,7,73_1175,5,5
68724,2025_068724_e3bdb214d1020f3f,7,73_1175,5,9
68726,2025_068726_c8b7f8b0632c0fec,3,73_1175,5,4
68731,2025_068731_804a870fb0d3a900,3,73_1175,5,2
68746,2025_068746_09500a238a79b066,4,73_1175,5,3
68751,2025_068751_1a2aa35347a6e6c7,3,73_1175,5,20
68765,2025_068765_fe8606718f5adda9,6,73_1176,5,73
68766,2025_068766_a0fa9437a14e907f,6,73_1176,5,11
68767,2025_068767_54982a1a8e3a15d4,7,73_1176,5,11
68768,2025_068768_466234dec256bdc8,7,73_1176,5,2
68769,2025_068769_b51c882934ce33e5,7,73_1176,5,6
68770,2025_068770_c9bad0b5e0db6ea5,4,73_1176,5,9
68771,2025_068771_e1da2e6ceb4e9a13,3,73_1176,5,12
68772,2025_068772_9a32b33d687abc6b,3,71_1175,1,28
68775,2025_068775_d5153a407d86dcdb,3,71_1175,1,37
68777,2025_068777_eda3c53c272efdc7,3,71_1175,1,15
68778,2025_068778_98159df9b1aacfaf,6,71_1175,1,2
68779,2025_068779_60f0781be3b2951a,4,71_1175,1,25
68783,2025_068783_910f5afab5168ceb,5,71_1175,1,24
68785,2025_068785_59b22bff1e1916be,3,71_1175,1,46
68804,2025_068804_f1cebc45657cd753,7,71_1175,1,19
68805,2025_068805_94a18816b9d2cbcf,3,71_1175,1,2
68816,2025_068816_f4e25f8d9e7baefe,7,71_1175,1,8
68819,2025_068819_7b4ac77ea4459924,5,71_1175,1,2
68843,2025_068843_24c3e2257e2c81ae,3,71_1175,1,73
68844,2025_068844_3082e859f7eac800,3,71_1176,5,18
68854,2025_068854_0b393f2e5037622b,5,71_1176,5,24
68864,2025_068864_ba21a00048f824df,6,71_1176,5,15
68877,2025_068877_388be8823eab963a,3,71_1176,5,21
68878,2025_068878_33459de303cdd5f1,7,71_1176,5,38
68889,2025_068889_42c2cc4b1ebff22d,3,71_1176,5,5
68890,2025_068890_245e5d79ebdc00d0,3,71_1176,5,6
68892,2025_068892_3a6993c045c0e3e8,5,71_1175,1,31
68896,2025_068896_cfbc150a9d362fd5,3,71_1176,5,10
68901,2025_068901_c5b64921a1553e09,4,71_1175,1,52
68921,2025_068921_e9d05f3d1326a778,3,71_1175,1,26
68922,2025_068922_83b916552bd2ccaf,0,71_1176,5,6
68923,2025_068923_2a4eda31306ece6c,3,71_1175,1,37
68924,2025_068924_ebf00d735f552a22,3,71_1175,1,2
68926,2025_068926_203e10b7e22bb9b9,7,71_1175,1,3
68927,2025_068927_fe296f15e1bc9464,7,71_1175,1,5
68928,2025_068928_cf1395507399401a,4,71_1175,1,6
68930,2025_068930_dca9d1bd005429bf,3,71_1175,1,6
68934,2025_068934_16986e996e0f5ffe,6,71_1175,1,28
68935,2025_068935_a61cc4abb6c40e3e,7,71_1175,1,30
68938,2025_068938_a0b6f1ef5cdfb58f,6,71_1175,1,8
68939,2025_068939_c259bc95be78b140,3,71_1175,1,34
68941,2025_068941_0b5044fd9234d7fd,3,71_1175,1,8
68945,2025_068945_46c6997099958082,3,71_1175,1,13
68946,2025_068946_875ed277389c9c1c,1,71_1176,5,6
68948,2025_068948_5c9fa46b0ba8d768,7,71_1176,5,5
68950,2025_068950_1022f1dada0c1165,6,71_1176,5,34
68956,2025_068956_06acd4a0321c2ed2,3,71_1176,5,24
68972,2025_068972_6a369a0be998183d,3,71_1176,5,33
68976,2025_068976_426391cfa123ae94,4,71_1176,5,30
68979,2025_068979_8808a4743af6877a,0,71_1176,5,11
68980,2025_068980_0f3bb82293cceb9b,1,71_1175,1,54
68982,2025_068982_52b4fe1b114048c9,3,71_1175,1,13
68987,2025_068987_66a4043ee9f4d2be,2,71_1175,1,54
68996,2025_068996_f69d342832484e43,6,71_1175,1,16
69002,2025_069002_24ae8685d8d004d5,3,71_1175,1,10
69003,2025_069003_8f7fa39ea8f3ebec,3,71_1175,1,10
69007,2025_069007_2bf3019ab958ea5f,4,71_1175,1,11
69015,2025_069015_d0eeb825aec5303d,0,71_1175,1,2
69016,2025_069016_c8b8beb7e557b175,6,71_1175,1,7
69017,2025_069017_b7d62fa9452d1429,1,71_1175,1,38
69018,2025_069018_4c1df1b4c25aabfe,3,71_1175,1,3
69019,2025_069019_5ec23182e5a8ce32,3,71_1175,1,3
69026,2025_069026_1cc4f6ba63f4e8ad,5,71_1175,1,6
69029,2025_069029_65d60a18a6877915,6,71_1175,1,2
69033,2025_069033_cbd125e0e164a1a0,0,71_1175,1,5
69042,2025_069042_7e47c788986c5bb0,4,71_1175,1,35
69048,2025_069048_4f5bd746427b7ac3,6,71_1175,1,3
69058,2025_069058_26ad3b774a8eeb25,0,71_1175,1,37
69063,2025_069063_4b8e847ed0d693d8,3,71_1175,1,10
69065,2025_069065_cf6fdb96100ca79b,0,71_1175,1,32
69066,2025_069066_1409623b71447c00,3,71_1175,1,2
69067,2025_069067_75decc5f99046a4a,3,71_1175,1,13
69072,2025_069072_00e0d696c5193593,4,71_1175,1,19
69081,2025_069081_3171ec8c6a1eed66,3,71_1175,1,13
69092,2025_069092_c45f655f06688e6f,6,71_1175,1,14
69100,2025_069100_1bd04f6f2450e7dd,3,71_1175,1,4
69121,2025_069121_87e5a3b44370b5fb,2,71_1175,1,18
69124,2025_069124_31c66f8b1ca8491b,1,71_1175,1,5
69127,2025_069127_0c14c7ec8254ceb1,2,71_1175,1,15
69129,2025_069129_995faf6c79165fe3,3,71_1175,1,5
69130,2025_069130_e237c969401bd70b,6,71_1175,1,7
69137,2025_069137_5d3c386f7c70e7ed,3,71_1175,1,26
69155,2025_069155_d5c0b344c6e1d0be,0,71_1175,1,5
69160,2025_069160_93179573e4baa01e,3,71_1175,1,14
69161,2025_069161_7bd065b427d6f939,3,71_1175,1,4
69163,2025_069163_0adcd7b0f06bacb1,0,71_1175,1,38
69166,2025_069166_2835155a33d519a9,3,71_1175,1,8
69174,2025_069174_36eee5e08f1db429,1,71_1175,1,12
69176,2025_069176_0dd0a5b35c27f406,3,71_1175,1,8
69196,2025_069196_251a4956a675036f,0,71_1175,1,4
69198,2025_069198_bcd151bae03b7914,3,72_1175,4,3
69212,2025_069212_9ef3df24677500ca,3,71_1175,1,12
69214,2025_069214_ecae681848801127,7,72_1176,1,12
69218,2025_069218_dba22a780d84f297,0,72_1176,1,16
69219,2025_069219_74daa471aa53ed07,0,71_1176,5,14
69223,2025_069223_feb1772ec660f803,0,71_1176,5,13
69252,2025_069252_fa1da8c0409886c4,2,71_1176,5,6
69257,2025_069257_17d735492f514cdb,1,72_1176,1,13
69258,2025_069258_c5155297352b3c71,2,72_1176,1,9
69259,2025_069259_64240dc071b896c0,2,72_1176,1,3
69266,2025_069266_f2dcb7152a72dae8,3,72_1175,4,10
69272,2025_069272_24885e81de2e11c8,3,71_1175,1,9
69277,2025_069277_5d72f2acddc26a85,0,72_1175,4,14
69306,2025_069306_fc3cecefa9703214,0,72_1175,4,12
69307,2025_069307_383e6eee2d2d65e9,0,71_1175,1,7
69308,2025_069308_64b5f25750b646e9,2,72_1175,4,16
69309,2025_069309_90da2977a77c6df8,7,71_1175,1,60
69336,2025_069336_e29724cc1f9f34dd,0,72_1175,4,3
69337,2025_069337_b0b7e97361fc09f8,7,72_1175,4,10
69340,2025_069340_ef4750291af848b1,7,72_1175,4,25
69341,2025_069341_b774b53a414d6f7c,3,72_1175,4,7
69346,2025_069346_058b7ca1831d3ca0,1,72_1175,4,3
69348,2025_069348_79541c76f143ee2c,1,72_1175,4,2
69350,2025_069350_c2dadbdb051d0c87,3,71_1175,1,12
69353,2025_069353_bfd72b60e8fcf448,1,71_1175,1,11
69358,2025_069358_c0b1f947e2a8f954,1,71_1175,1,5
69378,2025_069378_8b61e583c76b769a,1,72_1175,4,5
69399,2025_069399_e293f52c7ff935a9,2,72_1175,4,19
69400,2025_069400_7246e57c1975ebc0,7,72_1175,4,8
69402,2025_069402_c97f64578e8b04b9,7,72_1175,4,8
69406,2025_069406_98e6acb72c078df1,1,71_1175,1,6
69407,2025_069407_bc4fce2c1f1b334d,1,72_1175,4,6
69413,2025_069413_970f84ab8f79c8ff,7,72_1175,4,8
69417,2025_069417_84aaf6e9c9c09dd1,1,72_1175,4,6
69422,2025_069422_4f9a13c2ad198715,1,72_1175,4,9
69430,2025_069430_a72eeea7e66fb05f,0,72_1175,4,32
69437,2025_069437_7eee3c241befac8e,3,73_1175,5,5
69440,2025_069440_b5237c18ab48a675,0,73_1175,5,9
69441,2025_069441_d768fcd6985906e4,0,73_1175,5,2
69446,2025_069446_93102e3d08d604a5,7,73_1175,5,8
69457,2025_069457_dfe64bbaa9c5640f,3,73_1175,5,7
69460,2025_069460_6d7ea87e033c805f,3,73_1175,5,4
69471,2025_069471_e12da1ed33a211e5,3,73_1175,5,14
69484,2025_069484_d2d4e09675fa24c1,7,73_1176,5,3
69494,2025_069494_330997dbf2eaae63,3,73_1176,5,2
69501,2025_069501_cf90ce53d88d149e,2,73_1176,5,3
69504,2025_069504_d2d5f6d80201573f,4,73_1176,5,4
69505,2025_069505_e0fa3e204be55498,3,73_1176,5,2
69515,2025_069515_7d2a8efd974c3968,1,69_1176,2,24
69516,2025_069516_222345e66684da42,3,69_1176,2,14
69517,2025_069517_ed17f519df6a8e2c,2,69_1176,2,5
69525,2025_069525_b5ed251baf0069d6,2,69_1176,2,26
69540,2025_069540_9405dbb7805fe83d,0,69_1176,2,13
69555,2025_069555_7fcd0b95834c7d84,0,69_1176,2,2
69560,2025_069560_fbd6057a0f20b046,7,69_1176,2,20
69564,2025_069564_c705fe1bc9746226,0,69_1176,2,19
69568,2025_069568_5356f98eca2cb1d0,7,69_1176,2,2
69570,2025_069570_fa1a49760d49b2e7,0,69_1176,2,2
69571,2025_069571_a247daa92cebe8a9,7,69_1176,2,48
69573,2025_069573_d8f52479cc70a246,1,69_1176,2,29
69577,2025_069577_aeaabf5bd5015cbd,2,69_1176,2,6
69595,2025_069595_55bd9d3052b8c7ee,0,69_1176,2,12
69598,2025_069598_5a47809f1ac86dbc,0,70_1176,2,11
69599,2025_069599_4ee4e173dd4356c6,0,70_1176,2,6
69601,2025_069601_40eb10aaf50e59cd,1,70_1176,2,2
69610,2025_069610_8c9f1f56c3d2d9ce,1,69_1176,2,2
69611,2025_069611_df2b53eb7304a201,1,69_1176,2,2
69612,2025_069612_6534f1ed0f8db521,1,69_1176,2,5
69620,2025_069620_f0ea16422f55b0bc,2,69_1176,2,43
69627,2025_069627_625719f9c0a4aa4b,3,69_1176,2,40
69638,2025_069638_6f532121e83a4c36,1,69_1176,2,24
69639,2025_069639_64d0273c8d857b02,7,69_1176,2,14
69642,2025_069642_901067244345ee07,0,69_1176,2,27
69647,2025_069647_6e89ca1f250cdc54,0,68_1176,1,5
69658,2025_069658_394f1435ed0ef3d7,7,69_1176,2,31
69672,2025_069672_fcbaa9d95bffc868,0,68_1176,1,7
69674,2025_069674_de399eb139e2d6e7,7,68_1176,1,44
69675,2025_069675_b21e41cf13b9ece4,7,68_1176,1,33
69688,2025_069688_214aaa399ef1caf1,0,68_1176,1,14
69690,2025_069690_4ff977e1693cc371,0,68_1176,1,4
69696,2025_069696_13522543d0c4625d,0,68_1176,1,3
69697,2025_069697_30c7c0280ecea57c,0,68_1176,1,2
69699,2025_069699_1f14c2cc72cd3e6b,0,68_1176,1,4
69700,2025_069700_a4c706d25c90d41b,7,68_1176,1,52
69701,2025_069701_61c06148ec256b2d,0,68_1176,1,46
69702,2025_069702_0192ec01dc3af194,0,68_1176,1,5
69708,2025_069708_3e0bcb90137086cd,0,68_1176,1,3
69713,2025_069713_24e8a4f50c57d23d,0,68_1176,1,29
69721,2025_069721_03c4c57fa9d2841f,2,69_1176,2,11
69722,2025_069722_a912e106bdfce8b6,4,69_1176,2,4
69749,2025_069749_b329d3fc3a7d29cc,3,69_1176,2,37
69750,2025_069750_74c9a546806a4ba3,7,69_1176,2,4
69752,2025_069752_5cd3db011d4032fc,0,69_1176,2,2
69753,2025_069753_bd90e3f6b6ad495b,7,69_1176,2,4
69758,2025_069758_cf484a3d89fd16a4,3,69_1176,2,6
69764,2025_069764_f8021ce68a54c1c7,3,69_1176,2,6
69769,2025_069769_e9c73055619760d2,0,69_1176,2,4
69780,2025_069780_9c55910e049c9213,0,69_1176,2,11
69781,2025_069781_17cc9d8ba1c16af3,1,69_1176,2,36
69782,2025_069782_03032be4416446ce,0,69_1176,2,8
69790,2025_069790_ee5cad556369e15e,4,69_1176,2,54
69793,2025_069793_ee69fecf33d74c08,2,69_1176,2,2
69796,2025_069796_5d935a931efac03c,0,68_1176,1,2
69797,2025_069797_1e1d17bac09e69a3,0,68_1176,1,4
69799,2025_069799_afef8638bb8eb1ac,0,68_1176,1,11
69804,2025_069804_78597120711e8c35,1,68_1176,1,13
69812,2025_069812_fda802009c1e9952,0,68_1176,1,11
69828,2025_069828_3aa3326f534f1441,2,68_1176,1,17
69838,2025_069838_ed925ab86a04afb9,7,68_1176,1,3
69840,2025_069840_5e3f79eb3db5d33e,7,68_1176,1,17
69846,2025_069846_022e95060c61d4f9,6,69_1176,2,4
69852,2025_069852_b8c4e69121afd4a2,6,69_1176,2,21
69854,2025_069854_17e8ee8eb8273825,3,69_1176,2,43
69859,2025_069859_129d5a8fd8c23920,3,69_1176,2,16
69869,2025_069869_568381546cb9fb8b,2,69_1176,2,26
69871,2025_069871_e30e9b1742c1b77d,6,69_1176,2,20
69880,2025_069880_7ed4cc6962252be0,1,69_1176,2,8
69881,2025_069881_503c9f35de9acade,1,69_1176,2,12
69882,2025_069882_cf2405c2646b35b7,0,69_1176,2,36
69885,2025_069885_e93d0536f2cf5d6b,0,70_1176,2,18
69889,2025_069889_67c2384b321484b0,1,69_1176,2,4
69910,2025_069910_3ee222a93d5b7884,3,69_1176,2,8
69912,2025_069912_e57e14c5e6759f0a,7,69_1176,2,25
69919,2025_069919_08ecd4714f7142dc,1,70_1176,2,14
69930,2025_069930_c1d6acb981e07cd6,0,70_1176,2,21
69934,2025_069934_33e4b61992904d16,1,70_1176,2,7
69937,2025_069937_8fb3259721e295aa,0,70_1176,2,23
69959,2025_069959_b2026cf185bfaa72,6,68_1176,1,4
69960,2025_069960_6894c2899a7f88a7,3,68_1176,1,3
69975,2025_069975_04f93f45df447e54,0,68_1176,1,3
69976,2025_069976_2698f53316437623,0,68_1176,1,4
69978,2025_069978_4c81331bc93d7e42,3,68_1176,1,39
69979,2025_069979_89cbaeaa2954b262,0,68_1176,1,2
69982,2025_069982_2abb4cef0637951b,7,68_1176,1,10
69987,2025_069987_7c1eec6b78dce43c,1,69_1176,2,31
69992,2025_069992_0e6b672bc0027c8d,7,69_1176,2,4
69996,2025_069996_fd393b475f6119b4,1,69_1176,2,7
70004,2025_070004_7418b6d90d223590,1,69_1176,2,8
70006,2025_070006_29733b591486ed72,1,69_1176,2,5
70018,2025_070018_6a5699d9bbaea79c,2,69_1176,2,3
70024,2025_070024_cde41410aa6c0931,4,69_1176,2,32
70025,2025_070025_c7288c52d5db9117,4,69_1176,2,15
70026,2025_070026_3b48ffe9bb09abf2,4,69_1176,2,2
70027,2025_070027_aafe8e1d001af00c,2,69_1176,2,30
70029,2025_070029_47cb1e0bfdc0c8ee,0,69_1176,2,20
70036,2025_070036_c0cd6f0f38c008ae,0,68_1176,1,3
70046,2025_070046_f33da127eb6c0532,7,68_1176,1,3
70052,2025_070052_82d0fe8f077923a4,1,69_1176,2,3
70056,2025_070056_af6031b7baa84fef,0,69_1176,2,7
70069,2025_070069_0ba4983aaf79c289,0,69_1176,2,13
70074,2025_070074_9232c9c95def2e10,1,69_1176,2,2
70080,2025_070080_a0bba77e19ad36e7,1,69_1176,2,3
70083,2025_070083_d5e2df54d790fb99,2,69_1176,2,7
70091,2025_070091_01758ce648e650c2,3,69_1176,2,2
70096,2025_070096_d4813de8aa413ab4,0,69_1176,2,6
70099,2025_070099_18354e64c6e5d2b5,0,69_1176,2,3
70105,2025_070105_efc8d27e52f765d1,1,69_1176,2,14
70107,2025_070107_d61173c78bada1e5,2,69_1176,2,20
70120,2025_070120_f6747735e509bcac,2,69_1176,2,5
70124,2025_070124_1f8918f2b129b168,2,69_1176,2,4
70129,2025_070129_8cc6ce1b24d90b5b,2,69_1176,2,7
70136,2025_070136_9b44e81ef0c27097,6,69_1176,2,9
70138,2025_070138_454348088bce791a,6,68_1176,1,22
70139,2025_070139_0886a5818460e6ec,3,69_1176,2,8
70162,2025_070162_5e56c613025f7b9d,2,69_1176,2,8
70177,2025_070177_dc29b6f2e115899d,3,69_1176,2,4
70178,2025_070178_1c3e113affa5f7f9,3,69_1177,3,62
70182,2025_070182_eb714896a4868c2b,5,69_1176,2,2
70193,2025_070193_be77d871c303741b,2,69_1176,2,13
70202,2025_070202_f040ab3ed11e4807,0,69_1177,3,8
70205,2025_070205_b42ec9ba92d8e02c,3,69_1176,2,40
70222,2025_070222_24c71e539994b341,2,69_1177,3,16
70225,2025_070225_3df8cdd5cf7309cd,0,70_1176,2,13
70228,2025_070228_1b50baf7cae5bad2,6,69_1176,2,58
70239,2025_070239_c03dedf2da96e8f6,1,69_1176,2,2
70241,2025_070241_c4d0bf5ee4e18d6b,1,69_1176,2,22
70245,2025_070245_0cada65e499b8460,3,70_1176,2,10
70247,2025_070247_7dc2d0580f26074e,6,70_1176,2,7
70249,2025_070249_7aad84c14e0d37b5,7,70_1176,2,62
70263,2025_070263_1e50aa67efe787fc,6,68_1176,1,22
70279,2025_070279_7c2c96c64a5e8d1a,6,68_1176,1,2
70285,2025_070285_feddf9a00fbfe398,0,68_1176,1,5
70286,2025_070286_e4d05e83b2138731,5,68_1177,4,9
70288,2025_070288_cb353fe912bf939e,0,68_1176,1,4
70295,2025_070295_f267a8427223fb3c,0,68_1177,4,4
70306,2025_070306_c7284d5dac8182ba,3,68_1177,4,46
70309,2025_070309_3a991411669e08a0,0,69_1176,2,4
70311,2025_070311_16de1ba91a42497b,0,69_1176,2,5
70313,2025_070313_e27437916908ca49,0,69_1176,2,29
70314,2025_070314_e442fb762d9d4ba2,0,69_1176,2,8
70318,2025_070318_63fbfe40452c745a,0,69_1177,3,2
70320,2025_070320_8349b4d0a11c2b9c,0,69_1177,3,2
70328,2025_070328_ff3e8e5e930e64e0,0,69_1177,3,12
70342,2025_070342_311b507110e60f49,7,69_1177,3,21
70348,2025_070348_2cfd6b8965d65287,0,69_1177,3,3
70350,2025_070350_34e8a541fdcc74ee,3,69_1176,2,9
70356,2025_070356_d398a439a82c4236,0,69_1177,3,3
70360,2025_070360_cd8b523bc487b8de,0,69_1177,3,3
70366,2025_070366_5b7ae4bc71f111b4,0,69_1176,2,3
70370,2025_070370_a4c377325a9deb60,0,69_1177,3,3
70372,2025_070372_b8f91f566903e9aa,1,69_1177,3,3
70377,2025_070377_2b2c9a4d1adbcf9b,7,69_1176,2,3
70385,2025_070385_763cc7a52812b460,4,69_1176,2,8
70398,2025_070398_4432bcae93f38658,1,70_1176,2,10
70410,2025_070410_d3c96247aa4cd6de,7,70_1177,2,76
70418,2025_070418_34f40a4404cd8ff7,3,70_1177,2,3
70445,2025_070445_c9bc1d4c3eca9390,1,69_1176,2,10
70450,2025_070450_8656b6bc8f9694b4,1,69_1176,2,13
70456,2025_070456_4da583302e4ca02c,1,69_1176,2,5
70458,2025_070458_14da425c1befadc7,6,69_1176,2,20
70459,2025_070459_5e879b1541c2fe16,1,69_1176,2,2
70461,2025_070461_74cb368823974435,2,69_1176,2,6
70467,2025_070467_b97b6bc3ed451fc1,5,69_1176,2,23
70475,2025_070475_967fd164b05dc4f2,0,69_1176,2,6
70479,2025_070479_e5ad9376de867956,2,69_1176,2,23
70490,2025_070490_acaf3bb5043d0f52,3,70_1176,2,14
70503,2025_070503_d324977489f0ad03,3,70_1176,2,58
70510,2025_070510_a59d61f0f38202f2,7,70_1176,2,6
70512,2025_070512_547db0c030048d30,3,69_1176,2,14
70513,2025_070513_9ab3c00e97f2ae30,4,69_1176,2,14
70519,2025_070519_9fab2558af673cf1,4,69_1176,2,15
70528,2025_070528_9b9163b6ecbb3f42,0,69_1176,2,2
70529,2025_070529_9b78f5e802397a60,2,69_1176,2,11
70531,2025_070531_07e2e709d1f7c4c2,2,69_1176,2,2
70539,2025_070539_2cc5b4947f69a059,2,69_1176,2,20
70561,2025_070561_22a6629c654d6f40,0,68_1176,1,9
70566,2025_070566_d4d0350d55a7e040,2,68_1176,1,19
70582,2025_070582_527ecacb3e13fc3b,2,68_1176,1,18
70583,2025_070583_61fc7a389d20aee8,2,69_1176,2,24
70590,2025_070590_6b2d575a39c1da1a,3,70_1176,2,7
70591,2025_070591_7f7d052cd6f48b2b,2,69_1176,2,18
70598,2025_070598_d3cdf01a3638f053,0,69_1176,2,5
70602,2025_070602_a0febcb6d3bc1d6b,5,70_1176,2,14
70616,2025_070616_6e9141ba2b3f5287,6,68_1176,1,3
70617,2025_070617_a855be4a86ed9cfe,2,68_1176,1,9
70619,2025_070619_c9ee049b4e860a6b,7,68_1176,1,7
70622,2025_070622_8c79aa0c8d8dab8d,0,69_1176,2,3
70624,2025_070624_0fc6062c08be64e6,7,69_1176,2,13
70625,2025_070625_d6cc7dd37ff62d54,7,69_1176,2,3
70626,2025_070626_dd3c3c6512800779,7,69_1176,2,20
70628,2025_070628_7ab2fa6af026a29e,3,69_1176,2,6
70630,2025_070630_9ba304b82b9fb97c,3,69_1176,2,4
70642,2025_070642_14ce256241cd761b,0,68_1176,1,8
70645,2025_070645_0a2a2def485981fd,3,69_1176,2,9
70648,2025_070648_de4c6c624f74c536,0,68_1176,1,4
70652,2025_070652_574eba30c2db6243,0,68_1176,1,3
70660,2025_070660_baab47b397590b71,2,68_1176,1,8
70666,2025_070666_5573f155d3662f12,3,69_1176,2,33
70672,2025_070672_0f004ee3e4335b38,4,69_1176,2,12
70674,2025_070674_a417442a9ce92bb9,2,69_1176,2,2
70682,2025_070682_74c6a3f9ad5d1eb4,1,69_1176,2,16
70706,2025_070706_80db00e224480161,0,69_1176,2,9
70707,2025_070707_36a768caa98dadd5,0,69_1176,2,8
70721,2025_070721_83b81c230d4e5d4f,2,69_1176,2,59
70725,2025_070725_37964e4a38082f97,3,69_1176,2,46
70729,2025_070729_86f12fabc610df43,3,69_1176,2,21
70735,2025_070735_9fe078f616d0a098,1,69_1176,2,13
70736,2025_070736_8086114101bc5a64,1,69_1176,2,3
70737,2025_070737_1b7cf53fc318bc01,4,69_1176,2,16
70740,2025_070740_43cfb193dafa783c,4,69_1176,2,31
70741,2025_070741_60d6c26ff2ae16b4,4,69_1176,2,14
70752,2025_070752_751a3bebe268407b,4,68_1176,1,30
70759,2025_070759_3c2cc82bb5f7cd90,2,68_1176,1,2
70762,2025_070762_994bf0d1e297bc15,2,68_1176,1,31
70777,2025_070777_7622c09f9a6a3e14,3,69_1176,2,14
70780,2025_070780_d41de8228a49135c,1,69_1176,2,18
70783,2025_070783_4f53786c472c9bd6,6,69_1176,2,7
70786,2025_070786_f8ccd5ca84b1e79e,3,69_1176,2,25
70790,2025_070790_27102ac6d32cdc1b,3,69_1176,2,5
70793,2025_070793_758e2be9cbaf7cdf,7,69_1176,2,4
70795,2025_070795_5b4252c367b0184f,7,68_1176,1,2
70808,2025_070808_6162c45dd4bd3609,7,68_1176,1,26
70813,2025_070813_5585045aa2f49234,7,68_1176,1,4
70815,2025_070815_2a2d7e3bda7f418b,0,68_1176,1,4
70821,2025_070821_7294004f9fb1ca0b,0,68_1176,1,4
70827,2025_070827_9187df3e59e84b46,1,69_1176,2,11
70828,2025_070828_51b14acf48066a8b,2,69_1176,2,8
70829,2025_070829_59141c2baa527e17,0,70_1176,2,11
70831,2025_070831_d9042d93f593d774,3,70_1176,2,28
70833,2025_070833_eb96d6a6c7bb3138,7,70_1176,2,5
70852,2025_070852_f23caacf590defa7,5,70_1176,2,34
70855,2025_070855_31c03fdc5664de21,0,70_1176,2,3
70861,2025_070861_0f633ec50a7249c5,0,70_1176,2,25
70872,2025_070872_d3b4e8330e33b20b,7,70_1176,2,37
70876,2025_070876_f7c4a9e485fbb7c6,0,70_1176,2,4
70882,2025_070882_95d5dcfa1348d681,0,70_1176,2,13
70889,2025_070889_b45a06d74b61312f,5,70_1176,2,9
70896,2025_070896_c1909ca4945054c7,4,70_1176,2,23
70897,2025_070897_0f881c95bfadcc7b,3,70_1176,2,36
70898,2025_070898_9c4da365fb025ff8,3,70_1176,2,9
70901,2025_070901_4fdd3a6ed5f7a431,0,70_1176,2,7
70902,2025_070902_550ecc84c2ceaa47,3,70_1176,2,13
70909,2025_070909_92368186cbfa6a6c,6,70_1176,2,13
70916,2025_070916_a4e07a62461a5ac0,3,70_1176,2,17
70933,2025_070933_a509831f6a466ddd,6,70_1176,2,7
70934,2025_070934_0a2d763ded7b8fdf,2,70_1176,2,21
70937,2025_070937_2e97895dbcad0b9f,4,70_1176,2,21
70940,2025_070940_b74e3866ec1a5554,2,70_1176,2,10
70944,2025_070944_2c13dd2e5fdca9db,4,70_1176,2,2
70952,2025_070952_89ae9a4e95fddf9c,3,70_1176,2,44
70958,2025_070958_769d4501ee77ffa5,6,70_1176,2,11
70959,2025_070959_cdcc33ae2f8fa3d0,4,71_1176,5,36
70977,2025_070977_5ddec80124f14671,3,71_1176,5,31
70985,2025_070985_53847d7d69d01620,5,71_1176,5,14
70987,2025_070987_cdb8c9b26894eb2d,5,71_1176,5,33
70988,2025_070988_e2af4b59cfcbd4b8,3,71_1176,5,16
70994,2025_070994_ca2d06a50cce40de,4,71_1176,5,13
70997,2025_070997_cd799fcb69b276c1,1,71_1176,5,6
71004,2025_071004_c3337c548cda5c6e,3,71_1176,5,7
71008,2025_071008_5748691e11467b99,0,71_1176,5,2
71018,2025_071018_4bf0cee51ae39d05,4,71_1176,5,2
71039,2025_071039_44bf037f22eb8e9a,4,71_1176,5,5
71044,2025_071044_f69ef4d9870f3655,7,70_1176,2,13
71046,2025_071046_c78e551efa8f2984,3,70_1176,2,8
71052,2025_071052_df9da6c173723640,3,70_1176,2,15
71055,2025_071055_524dab9c204a9401,6,70_1176,2,44
71061,2025_071061_bd537c95b7c974b9,3,70_1176,2,56
71065,2025_071065_a8fa75604fad8dc5,3,70_1176,2,10
71068,2025_071068_972583fc8acf8e43,3,70_1176,2,31
71069,2025_071069_ad3d62cdee4447e7,6,70_1176,2,60
71083,2025_071083_e944403bc2ea462a,3,70_1176,2,36
71090,2025_071090_b830443d4e1fcef4,2,70_1176,2,2
71091,2025_071091_90be78610cf13b5f,1,70_1176,2,2
71097,2025_071097_a5e09d04182ac864,1,70_1176,2,5
71112,2025_071112_4d96a714158c56ce,1,70_1176,2,13
71123,2025_071123_d07520644d0de761,3,71_1176,5,7
71124,2025_071124_e6759e289b6710f9,7,71_1176,5,12
71127,2025_071127_3610785bf34f993c,3,71_1176,5,19
71128,2025_071128_82aaf17efbe55e73,3,71_1176,5,68
71135,2025_071135_0527eca27a4e9ccc,3,71_1176,5,35
71145,2025_071145_9c8ef4f93975b645,3,71_1176,5,16
71147,2025_071147_674cde257f695e84,3,71_1176,5,9
71172,2025_071172_03dadbd96e04f795,3,70_1176,2,20
71178,2025_071178_fc4c723fd45c46ea,3,70_1176,2,38
71193,2025_071193_a3349c538cf7cc91,3,70_1176,2,44
71223,2025_071223_c831f62edfa97072,4,71_1176,5,20
71227,2025_071227_b597dc0a29222663,3,71_1176,5,26
71231,2025_071231_af4744d8bb034691,7,71_1176,5,35
71237,2025_071237_a8e1357c0875162e,4,71_1176,5,19
71244,2025_071244_fca8512dfbf3a1f7,3,71_1176,5,19
71257,2025_071257_a8a505e6c3b4540a,7,71_1176,5,11
71259,2025_071259_f549e70e64000e5b,5,71_1176,5,18
71275,2025_071275_da6485b95df2d21b,0,70_1176,2,13
71279,2025_071279_ac4b32797d1988ae,5,70_1176,2,9
71283,2025_071283_40c297d7008fcb41,0,70_1176,2,3
71285,2025_071285_96704ece1230da39,0,70_1176,2,6
71296,2025_071296_da0939bbf45435e3,3,71_1176,5,33
71301,2025_071301_f94dd65d07ef21f9,3,71_1176,5,7
71302,2025_071302_d46669da40594ff7,7,71_1176,5,7
71311,2025_071311_4195b1e7b0a8e72f,3,71_1176,5,44
71313,2025_071313_67a27cf0285709e2,4,71_1176,5,3
71330,2025_071330_7bb7f17119f90fe7,1,71_1176,5,4
71336,2025_071336_cadbb0439e682818,1,71_1176,5,9
71337,2025_071337_e2f077c9ea52967f,2,71_1176,5,9
71340,2025_071340_d6a42180db59f80b,3,71_1176,5,33
71341,2025_071341_2aac94f635ac97a5,3,71_1176,5,5
71342,2025_071342_6e568b005645658f,3,71_1176,5,40
71344,2025_071344_3538147ca8eb2989,3,71_1176,5,6
71345,2025_071345_517d8f01e2bb851d,3,71_1176,5,5
71346,2025_071346_a5e2b885a46b67b3,3,71_1176,5,16
71348,2025_071348_a64cb9001ae7e500,3,71_1176,5,17
71350,2025_071350_67236b6ef6d15e21,7,71_1176,5,16
71367,2025_071367_80bc4ce8cf15c342,5,71_1176,5,16
71370,2025_071370_d6b0e9dcde055c7f,3,71_1176,5,4
71371,2025_071371_152e14744316a6ad,3,71_1176,5,61
71379,2025_071379_597452f38e482b07,4,71_1176,5,8
71397,2025_071397_52a4405251f83290,4,71_1176,5,18
71409,2025_071409_97dd43c9176d7aaf,3,70_1176,2,32
71417,2025_071417_90bd6721c132bedb,6,70_1176,2,10
71424,2025_071424_5bb1b928c39da90e,6,70_1176,2,31
71430,2025_071430_d7296e3de4a01e85,6,70_1176,2,25
71442,2025_071442_0e9e74c0d7686441,3,71_1176,5,10
71459,2025_071459_118d5e5b7a66c4e7,0,71_1176,5,5
71462,2025_071462_c547197fa6ae4552,3,70_1176,2,12
71465,2025_071465_6d3f58fe87ee65eb,7,70_1176,2,96
71468,2025_071468_26cefaef7f6ea6a6,3,70_1176,2,25
71482,2025_071482_74de8191a556b99b,3,70_1176,2,35
71507,2025_071507_adc7a073448733b3,6,70_1176,2,100
71512,2025_071512_68cb1baa6e71351c,3,70_1176,2,93
71520,2025_071520_b578f3138db9d2d6,3,70_1176,2,9
71529,2025_071529_955adbceb91ab1d4,6,70_1176,2,21
71534,2025_071534_9bac82316e42d59c,4,71_1176,5,6
71535,2025_071535_e74f4abfb865fd46,7,71_1176,5,3
71544,2025_071544_5afe2b94c6559136,6,71_1176,5,38
71552,2025_071552_a7ef49396c60294a,4,70_1176,2,15
71554,2025_071554_59f6269a6327d87b,3,70_1176,2,2
71557,2025_071557_1b31b9ac30baf148,3,70_1176,2,10
71570,2025_071570_18dc4bb3565703d0,3,70_1176,2,15
71582,2025_071582_1b6f5af159a1b508,6,70_1176,2,31
71587,2025_071587_41cd01d9acf3aa69,6,70_1176,2,29
71589,2025_071589_5bd485c737af3124,6,70_1176,2,4
71594,2025_071594_a55120d667f49c6a,6,70_1176,2,33
71610,2025_071610_7e8938c41c9bbe43,4,70_1176,2,10
71612,2025_071612_9fc44c013fd76e5a,3,70_1176,2,23
71628,2025_071628_5f1a22856468bdde,3,70_1176,2,12
71640,2025_071640_48184f3dc3e64cb2,3,70_1176,2,33
71643,2025_071643_fa314cc670aa026d,3,70_1176,2,5
71649,2025_071649_34c075b1d9ba958f,6,70_1176,2,3
71665,2025_071665_702150e9bc93e7c3,6,70_1177,2,28
71668,2025_071668_e31c7c1d62bd63ca,6,70_1177,2,26
71671,2025_071671_c21f990544198c00,6,70_1177,2,5
71677,2025_071677_af81e11b3bc4c0c2,4,70_1177,2,5
71679,2025_071679_68a78a55cd55c43b,3,70_1177,2,36
71685,2025_071685_06af5c56b83d96e6,3,70_1176,2,45
71699,2025_071699_5d31fb685d53180c,6,70_1176,2,17
71700,2025_071700_05d0172b9df5734f,4,70_1176,2,32
71701,2025_071701_d13460705b12df3a,4,70_1176,2,4
71710,2025_071710_81eda337f281c069,3,70_1176,2,22
71728,2025_071728_f6f18a2bf60b0a7c,6,70_1177,2,58
71735,2025_071735_acb6e06bbfda9a64,4,70_1176,2,5
71756,2025_071756_2e20213842c3bc02,3,70_1177,2,23
71760,2025_071760_fd350451aaef5537,3,70_1177,2,32
71774,2025_071774_e8b284b73e4a6fab,7,70_1177,2,24
71781,2025_071781_3c801a15233385af,7,70_1177,2,20
71788,2025_071788_15b6f3e3f8614a98,4,70_1177,2,14
71793,2025_071793_67f33124f824bbbc,3,70_1177,2,14
71794,2025_071794_6c771db9915dea16,3,70_1177,2,5
71808,2025_071808_43ea998a18458fca,3,70_1177,2,4
71809,2025_071809_7a9db1dd05477bdf,6,70_1177,2,6
71811,2025_071811_74ac876638a11a72,3,70_1176,2,5
71828,2025_071828_7d90a1f534707a71,3,70_1176,2,78
71830,2025_071830_3141a104d67fa7c4,4,70_1176,2,79
71836,2025_071836_88ad8487fad5de96,6,71_1176,5,37
71841,2025_071841_1b891f529df3d2b9,4,71_1176,5,64
71849,2025_071849_674e1df00e6ae623,4,71_1176,5,17
71854,2025_071854_6186671489a2d651,3,70_1176,2,27
71857,2025_071857_7cf5c7bafcf82471,4,70_1176,2,13
71868,2025_071868_2a02c26d3e9eb280,5,70_1176,2,28
71869,2025_071869_388fddcdb8432b0a,4,70_1176,2,95
71885,2025_071885_812b7c155ca7e839,3,70_1176,2,78
71887,2025_071887_51aa398f07ae3f2c,4,70_1176,2,66
71892,2025_071892_87a5bf34bc8d193c,3,70_1177,2,8
71908,2025_071908_62ab17abd2745dcb,2,70_1177,2,8
71909,2025_071909_686949a918af1ffd,7,70_1177,2,6
71921,2025_071921_3d0dcc04ebb10a5c,3,70_1176,2,28
71922,2025_071922_7e76e2b36c67657d,7,70_1176,2,28
71929,2025_071929_894d185c5a5b39c7,3,70_1176,2,5
71935,2025_071935_6892ed2d761d0cdd,6,70_1176,2,7
71954,2025_071954_fcf88b02e78fe796,4,71_1176,5,36
71970,2025_071970_f1a45c4c707cc054,3,71_1176,5,27
71971,2025_071971_6b92e8f371a352fc,3,71_1176,5,38
71972,2025_071972_2da200546472d66e,3,71_1176,5,39
71978,2025_071978_0a59b089d01ca8f6,4,71_1176,5,62
71984,2025_071984_d12218c9cdefe86a,3,71_1176,5,68
71985,2025_071985_ec40c659f4317d1b,3,71_1176,5,7
71986,2025_071986_0ee8d5acd574a1e2,5,72_1176,1,8
71989,2025_071989_5f23af69aefa3d6c,3,72_1176,1,8
71994,2025_071994_0a9143a74c1f182e,6,72_1176,1,8
71998,2025_071998_791832163a14b548,1,72_1176,1,41
72001,2025_072001_d035f0a6d434809a,3,72_1176,1,6
72006,2025_072006_34ac5e997c9d55f8,7,72_1176,1,8
72022,2025_072022_0e19ba910fd41395,3,72_1176,1,4
72023,2025_072023_dc4ae6cca3f64f62,4,72_1176,1,2
72024,2025_072024_a16e958f268f84ba,3,72_1176,1,23
72025,2025_072025_52884f992fe66377,3,72_1176,1,5
72030,2025_072030_5077b09594563d36,6,72_1176,1,4
72032,2025_072032_3f4af455070b4045,5,72_1176,1,36
72035,2025_072035_32a3f55aa135923d,7,72_1176,1,11
72039,2025_072039_0d0c98d29dae6453,5,72_1176,1,9
72041,2025_072041_9843b1602aa2c199,4,72_1176,1,30
72049,2025_072049_e20cd2cc195fe884,2,72_1176,1,4
72055,2025_072055_4f92ca57f9f50d82,5,72_1176,1,7
72061,2025_072061_ce132cbf666fbb8b,7,71_1176,5,9
72062,2025_072062_2958f18f51b39d99,3,72_1176,1,2
72069,2025_072069_7e4d21169d101f5c,3,72_1176,1,23
72075,2025_072075_4593c08fc28388d1,3,72_1176,1,3
72079,2025_072079_fa01d653d8631ce7,2,72_1176,1,9
72085,2025_072085_6b3a1f10bb96c13e,3,72_1176,1,2
72129,2025_072129_134b6e64b84a6a6b,3,71_1176,5,10
72134,2025_072134_b087c77cb7c46e58,3,71_1176,5,44
72135,2025_072135_d0b26073aba862c3,3,72_1176,1,11
72139,2025_072139_bee854c2c61a4935,6,71_1176,5,13
72147,2025_072147_ea0369ee3dc99a36,6,72_1176,1,6
72155,2025_072155_eb886d7b7ce92c3c,3,72_1176,1,36
72162,2025_072162_d115c14bef828ca6,3,72_1176,1,10
72166,2025_072166_f59da497fa6831fa,3,72_1176,1,15
72168,2025_072168_7dbf6f8e78467584,3,72_1176,1,3
72172,2025_072172_b34e9f2e58847a18,3,72_1176,1,17
72173,2025_072173_4ad305f0fc1301a4,3,72_1176,1,8
72191,2025_072191_53ec9f2d03f16f22,4,72_1176,1,5
72193,2025_072193_ce8c9bf08b33849c,3,70_1176,2,45
72194,2025_072194_3c80bf2e26c5cbd9,6,71_1176,5,8
72196,2025_072196_f01f75df3329329a,6,71_1176,5,11
72197,2025_072197_0b21368b6148d67b,0,71_1176,5,4
72205,2025_072205_573f72fbec72948c,7,71_1176,5,61
72206,2025_072206_16590d28f0ef76d9,4,71_1176,5,11
72209,2025_072209_fe3e6cebbdefed04,7,71_1176,5,73
72210,2025_072210_994cd3bc162734f2,3,71_1176,5,27
72216,2025_072216_631ef65da1da7860,3,71_1176,5,34
72221,2025_072221_14d5b45d61000550,7,72_1176,1,9
72223,2025_072223_ab3c807dd2990f71,4,72_1176,1,4
72227,2025_072227_7a2617388f515ec4,7,72_1176,1,7
72228,2025_072228_cf618afb1fe43abb,3,72_1176,1,4
72232,2025_072232_59f56d718a0d4c27,7,72_1176,1,33
72237,2025_072237_837109425356e8e2,3,72_1176,1,24
72241,2025_072241_75711d91e0f1c056,4,72_1176,1,7
72251,2025_072251_b6c3c3ba676cb638,5,72_1176,1,3
72253,2025_072253_85d98a85afc7e7c5,3,72_1176,1,9
72261,2025_072261_13e67fbcfe1420e1,3,72_1176,1,21
72270,2025_072270_533235062ffa8925,3,72_1176,1,9
72280,2025_072280_189c52a48b4bcf24,3,72_1176,1,41
72284,2025_072284_36ec954d7d73d219,3,71_1176,5,8
72292,2025_072292_e753a2ea62669dc8,3,71_1176,5,9
72315,2025_072315_09b8d5329b305198,7,71_1176,5,19
72316,2025_072316_b098075eda3f0f52,3,72_1176,1,10
72319,2025_072319_a78a2493bed75a28,6,72_1176,1,4
72323,2025_072323_e4cbc2701e3c1d95,3,72_1176,1,12
72327,2025_072327_375e1852075aa817,3,72_1176,1,7
72328,2025_072328_c21d0c3a7c141d45,5,72_1176,1,7
72330,2025_072330_6165b3c676dea272,4,72_1176,1,27
72334,2025_072334_0fc9a7c0a215ab26,7,72_1176,1,12
72343,2025_072343_b5c916439ffc4d2f,3,72_1176,1,7
72346,2025_072346_b6b4addd6934f122,3,72_1176,1,6
72353,2025_072353_5add3d684abaf656,3,72_1176,1,3
72357,2025_072357_4d4c2d36a0a8afd4,5,72_1176,1,30
72375,2025_072375_bac6cde00204bbde,7,72_1176,1,2
72377,2025_072377_ebdf6b99801a1b8e,4,72_1176,1,7
72383,2025_072383_eb912e9bcd7d4b70,3,72_1176,1,9
72394,2025_072394_c9aacfbd414883e3,6,72_1176,1,2
72403,2025_072403_81b1ae5a3adb0897,3,72_1176,1,9
72405,2025_072405_95754335ceb5726e,3,72_1176,1,12
72407,2025_072407_12b9fb0eb755a082,3,73_1176,5,8
72432,2025_072432_147a1f5586bc51c9,7,72_1176,1,68
72440,2025_072440_9b1edd5aba95ba79,3,71_1176,5,10
72442,2025_072442_9fbbea5237c4310f,3,71_1176,5,25
72447,2025_072447_2311f41448e99b05,5,72_1176,1,13
72453,2025_072453_9c8c15e52b3f0754,3,72_1176,1,17
72463,2025_072463_0df41eb2d89e2fcb,3,72_1176,1,3
72464,2025_072464_3149c0d87c0061cb,3,72_1176,1,6
72474,2025_072474_c2ab3ee581cd44b4,5,72_1176,1,11
72479,2025_072479_98abfa9705cfdc91,1,72_1176,1,4
72504,2025_072504_a06b7ce15781f359,4,72_1176,1,24
72505,2025_072505_e1cc9039b7f584a0,3,71_1176,5,38
72509,2025_072509_10a280423b5cd94d,3,71_1176,5,31
72513,2025_072513_662094dcd3ee1d82,7,71_1176,5,123
72540,2025_072540_831f721c7270eed8,5,71_1176,5,43
72555,2025_072555_fd3648a0c9e1c291,3,71_1176,5,43
72558,2025_072558_909c594ad17f5c72,3,71_1176,5,27
72560,2025_072560_35a6050177c430c5,4,71_1176,5,36
72579,2025_072579_3a679de1b760e27b,3,71_1176,5,22
72585,2025_072585_891c750651ea9c91,7,71_1176,5,3
72586,2025_072586_2a7954c12c96e543,6,72_1176,1,13
72590,2025_072590_5f8fed189ce21a1b,6,72_1176,1,2
72596,2025_072596_71d1e97084b2d528,4,72_1176,1,4
72602,2025_072602_206550fb2bb5cdd3,4,72_1176,1,19
72627,2025_072627_5b194a5f0eeaf9c8,5,72_1176,1,6
72629,2025_072629_b6a4ad3898631c34,4,73_1176,5,20
72640,2025_072640_3645cec5ef85f24e,1,73_1176,5,10
72642,2025_072642_b12e77bf32ee92d1,1,73_1176,5,17
72654,2025_072654_4b70b7ba594b7c91,3,73_1176,5,71
72661,2025_072661_2cc64849ad142a78,4,73_1176,5,3
72668,2025_072668_020569641838798c,3,73_1176,5,2
72680,2025_072680_7e557a63f1d50a75,4,72_1176,1,18
72693,2025_072693_27e1e21f447df719,7,72_1176,1,31
72697,2025_072697_c0e7f449948328ae,4,72_1176,1,60
72704,2025_072704_660be07a97984f83,6,71_1176,5,64
72710,2025_072710_4eab11f8177c39e9,3,71_1176,5,47
72720,2025_072720_ecb7dc03a7722f2e,3,72_1176,1,8
72721,2025_072721_50021104c65c1aae,6,72_1176,1,3
72728,2025_072728_91eef6277dc670f5,7,72_1176,1,16
72733,2025_072733_bc1fdb09b556bc3d,6,72_1176,1,2
72740,2025_072740_bade7450dbb9cdcc,7,71_1176,5,13
72741,2025_072741_488e0127d42a483d,0,71_1176,5,2
72743,2025_072743_8a9e499df55d4516,4,72_1176,1,20
72752,2025_072752_1ebe350af3ac7341,4,72_1176,1,27
72753,2025_072753_762e4ebd2a4c1ba5,7,72_1176,1,21
72768,2025_072768_98729a03242b764e,4,73_1176,5,6
72794,2025_072794_46403dfa2a0d9c8e,3,73_1176,5,2
72808,2025_072808_0e884024a6dd8ee5,4,72_1176,1,36
72815,2025_072815_44693599515e9025,3,72_1176,1,24
72832,2025_072832_7965077bc7351326,2,72_1177,1,10
72833,2025_072833_42d026f3492baf8b,7,72_1177,1,3
72834,2025_072834_c4f17154a6ad736b,3,72_1176,1,7
72835,2025_072835_5853802214661720,4,72_1177,1,10
72837,2025_072837_92882ac0d3ddd71a,5,72_1177,1,10
72842,2025_072842_851ded6932d0b04c,5,72_1177,1,19
72845,2025_072845_505576ba44f49081,3,72_1177,1,2
72846,2025_072846_c9d49f7aec8e8e43,3,72_1177,1,8
72850,2025_072850_c44087e265132dea,3,72_1177,1,9
72851,2025_072851_f7b38bb710463933,3,72_1177,1,12
72886,2025_072886_16e0571438970f39,7,72_1176,1,47
72894,2025_072894_ff6aab5f9094e77d,3,71_1176,5,12
72895,2025_072895_3359bb5ad041ef81,6,71_1176,5,5
72901,2025_072901_111f5d56e7428e40,3,71_1176,5,12
72907,2025_072907_ceaee905ff38107c,6,71_1176,5,15
72910,2025_072910_024c6e30400ca8c1,4,71_1176,5,58
72914,2025_072914_ba134a0844ed04f0,3,71_1176,5,9
72918,2025_072918_8d0f08477132fdf6,4,71_1176,5,10
72928,2025_072928_1b80f6c162454424,4,72_1176,1,22
72931,2025_072931_345668ed26d7edf8,4,72_1176,1,8
72936,2025_072936_cdacde3a383d74d9,3,72_1176,1,11
72939,2025_072939_cf67bfad792bcf80,3,72_1176,1,5
72943,2025_072943_7c1f2d9ee67af47e,3,72_1176,1,4
72947,2025_072947_b4d49b0648d4a693,4,72_1176,1,11
72955,2025_072955_715f13223167e821,5,73_1176,5,56
72956,2025_072956_f495faa0d3e6c5f8,4,73_1176,5,4
72957,2025_072957_7058266a22c4fdd3,3,73_1176,5,63
72963,2025_072963_bb2621363bdd3bd9,6,73_1176,5,5
72966,2025_072966_f89ce8f5dbc1624c,6,73_1176,5,4
72970,2025_072970_a3a3102c4d51342b,3,73_1176,5,4
72974,2025_072974_7790be02b8ca75b0,4,73_1176,5,6
72978,2025_072978_d58852972585f216,4,73_1176,5,35
72979,2025_072979_4f63222cfbfef3b8,5,72_1176,1,40
72983,2025_072983_dac760e9dfbaeb8f,3,72_1176,1,19
72989,2025_072989_a8db8458ec957be8,4,72_1176,1,43
72996,2025_072996_38bd46134e17d3fc,4,72_1176,1,20
72998,2025_072998_8c4d5a566717208f,6,72_1176,1,8
73000,2025_073000_410aee896060e085,7,72_1176,1,7
73006,2025_073006_13d072fb86733993,3,72_1176,1,37
73015,2025_073015_744906913cfc008c,0,71_1176,5,4
73018,2025_073018_ad282223dc9aa5b5,0,71_1176,5,3
73022,2025_073022_44faab1fcc69fca7,0,71_1176,5,13
73023,2025_073023_fc3ed957dcc36f0b,7,71_1176,5,6
73025,2025_073025_6b9ad8f194e21a41,3,71_1176,5,2
73026,2025_073026_0c4bcd3c288f554a,7,71_1176,5,3
73027,2025_073027_2008c6bdf8b4cd1b,3,71_1176,5,4
73028,2025_073028_7ea512185b8cdfc7,7,71_1176,5,6
73029,2025_073029_844c86af73e12585,3,71_1176,5,16
73052,2025_073052_d97d96764cd6ebd2,7,71_1176,5,15
73053,2025_073053_f35f9df3d4c6c866,4,71_1176,5,11
73054,2025_073054_a08f67f910dfacd4,7,71_1176,5,14
73055,2025_073055_5511804ace6322f1,3,71_1176,5,20
73056,2025_073056_3f6238ee863fd393,5,71_1176,5,12
73057,2025_073057_93e7a33d83ae1c83,3,71_1176,5,3
73058,2025_073058_90af9bccd67dd37e,3,71_1176,5,4
73059,2025_073059_cc0cbaf0f9f02cb7,3,71_1176,5,10
73060,2025_073060_8c7d1e9e870081bb,4,72_1176,1,3
73070,2025_073070_45415fbf14e8772c,3,72_1176,1,18
73085,2025_073085_84fc3fa617e9d094,3,73_1176,5,23
73086,2025_073086_2953fec28ccf5ab8,5,73_1176,5,19
73089,2025_073089_86cb6dfeafee76a2,7,72_1176,1,12
73091,2025_073091_be5a6fac2f9831e4,7,72_1176,1,12
73094,2025_073094_6bf3617e1e461822,3,72_1176,1,12
73099,2025_073099_b5ae58d36aa893bb,5,72_1176,1,12
73101,2025_073101_937e921a9d98c11a,3,72_1176,1,45
73102,2025_073102_c109ead7e0bed57a,5,72_1176,1,10
73109,2025_073109_679a3351b93c0dec,3,72_1176,1,26
73117,2025_073117_84eac1faf7ef66c1,7,71_1176,5,33
73126,2025_073126_6552677acf267126,7,71_1176,5,12
73132,2025_073132_5354d0847a243675,1,71_1177,5,6
73144,2025_073144_4308277fda4cd052,3,71_1176,5,13
