{"type": "FeatureCollection", "features": [{"type": "Feature", "properties": {"name": "Germany", "ISO3166-1-Alpha-3": "DEU", "ISO3166-1-Alpha-2": "DE"}, "geometry": {"type": "MultiPolygon", "coordinates": [[[[13.815725, 48.76643], [13.785856, 48.724779], [13.783582, 48.71527], [13.78875, 48.716511], [13.799395, 48.70261], [13.804356, 48.699561], [13.816862, 48.695582], [13.803529, 48.687159], [13.800945, 48.675221], [13.806216, 48.642923], [13.805493, 48.626129], [13.802392, 48.611711], [13.796191, 48.598585], [13.779034, 48.573935], [13.77428, 48.569207], [13.766012, 48.563755], [13.758054, 48.561481], [13.73728, 48.559259], [13.733869, 48.559776], [13.725394, 48.548381], [13.716506, 48.521691], [13.714336, 48.523215], [13.673356, 48.535488], [13.65806, 48.551094], [13.641834, 48.559104], [13.624367, 48.565357], [13.520704, 48.584581], [13.487218, 48.581584], [13.454558, 48.573445], [13.445566, 48.567915], [13.440089, 48.560965], [13.440709, 48.557347], [13.443706, 48.552851], [13.447737, 48.534816], [13.457039, 48.525179], [13.459209, 48.516394], [13.456418, 48.506653], [13.442983, 48.487713], [13.438228, 48.478541], [13.436368, 48.469239], [13.438228, 48.440998], [13.436161, 48.430585], [13.431717, 48.423712], [13.42717, 48.418544], [13.425206, 48.413377], [13.419522, 48.392164], [13.405569, 48.376583], [13.307797, 48.319636], [13.274207, 48.307104], [13.136438, 48.291059], [13.032775, 48.263567], [13.016652, 48.255893], [12.979445, 48.232018], [12.947199, 48.220004], [12.931696, 48.211632], [12.93304, 48.209255], [12.877642, 48.202046], [12.862553, 48.196646], [12.853458, 48.18998], [12.835164, 48.170704], [12.822142, 48.160679], [12.782351, 48.142024], [12.77832, 48.138717], [12.764058, 48.123756], [12.75796, 48.121896], [12.751449, 48.122103], [12.745041, 48.12063], [12.738943, 48.113447], [12.736979, 48.099959], [12.742043, 48.086782], [12.750932, 48.074741], [12.760234, 48.064871], [12.830617, 48.015468], [12.845603, 47.993144], [12.848246, 47.982389], [12.8486, 47.980948], [12.853975, 47.970484], [12.862036, 47.962552], [12.886014, 47.952888], [12.906168, 47.93891], [12.914229, 47.93599], [12.931076, 47.924879], [12.964976, 47.871963], [12.986576, 47.850259], [12.991227, 47.847106], [12.926735, 47.777395], [12.921257, 47.76954], [12.919294, 47.763184], [12.918984, 47.756776], [12.917227, 47.750161], [12.910819, 47.743082], [12.910612, 47.742927], [12.892009, 47.723548], [12.908338, 47.71236], [12.964045, 47.705358], [12.979032, 47.707089], [13.004353, 47.714608], [13.019856, 47.712929], [13.032258, 47.706624], [13.044557, 47.696573], [13.064091, 47.67399], [13.072049, 47.659469], [13.07484, 47.646654], [13.07422, 47.63451], [13.072049, 47.622417], [13.069569, 47.620247], [13.057683, 47.600429], [13.057063, 47.597664], [13.04094, 47.58335], [13.038253, 47.584022], [13.03908, 47.561336], [13.04125, 47.561904], [13.040113, 47.560457], [13.030605, 47.544257], [13.028124, 47.541647], [13.028124, 47.524232], [13.028951, 47.518031], [13.031225, 47.512553], [13.034429, 47.507437], [13.037013, 47.501365], [13.037323, 47.493045], [13.008797, 47.470101], [13.001873, 47.466019], [12.991124, 47.465683], [12.984923, 47.468267], [12.979342, 47.472246], [12.96973, 47.475734], [12.959291, 47.475527], [12.951023, 47.472478], [12.942548, 47.470489], [12.931593, 47.473512], [12.882603, 47.498575], [12.836921, 47.532655], [12.828446, 47.537255], [12.819041, 47.539528], [12.803642, 47.541337], [12.77894, 47.554825], [12.773669, 47.5795], [12.785865, 47.602677], [12.81315, 47.611824], [12.793307, 47.624794], [12.767365, 47.63637], [12.751655, 47.649392], [12.761991, 47.666859], [12.744834, 47.66536], [12.688713, 47.675127], [12.653057, 47.675127], [12.6174, 47.669339], [12.598383, 47.66288], [12.563375, 47.641761], [12.553838, 47.636008], [12.538232, 47.631331], [12.517148, 47.628541], [12.49658, 47.628903], [12.482524, 47.633579], [12.452759, 47.649754], [12.444697, 47.656291], [12.43922, 47.664482], [12.428781, 47.685798], [12.42413, 47.69156], [12.407697, 47.693731], [12.368423, 47.683551], [12.351473, 47.68169], [12.293699, 47.69001], [12.271891, 47.687891], [12.249567, 47.680011], [12.238715, 47.6789], [12.228793, 47.684868], [12.223315, 47.695901], [12.226623, 47.702878], [12.233031, 47.708872], [12.236545, 47.716778], [12.239128, 47.72745], [12.242229, 47.732023], [12.239749, 47.731687], [12.225176, 47.727372], [12.216494, 47.723703], [12.192413, 47.710164], [12.1766, 47.705823], [12.178564, 47.697658], [12.181768, 47.692129], [12.189106, 47.685566], [12.197271, 47.680088], [12.202335, 47.677789], [12.205125, 47.672285], [12.206779, 47.645568], [12.205745, 47.636215], [12.202128, 47.629833], [12.173603, 47.60508], [12.165645, 47.603969], [11.935891, 47.610738], [11.851969, 47.599163], [11.840703, 47.594615], [11.830678, 47.577614], [11.820343, 47.575288], [11.764015, 47.583117], [11.682573, 47.58335], [11.638958, 47.589241], [11.620458, 47.589654], [11.617048, 47.586761], [11.589142, 47.570379], [11.582321, 47.559785], [11.574466, 47.536634], [11.569402, 47.527384], [11.551212, 47.51369], [11.529508, 47.507851], [11.482585, 47.50258], [11.459951, 47.507437], [11.435353, 47.509711], [11.412616, 47.506094], [11.365487, 47.469326], [11.377786, 47.467052], [11.388638, 47.46222], [11.392462, 47.454779], [11.383884, 47.444857], [11.367657, 47.440129], [11.324249, 47.439431], [11.305645, 47.4354], [11.286318, 47.423205], [11.273089, 47.411112], [11.258827, 47.400725], [11.237019, 47.393956], [11.213041, 47.395816], [11.215212, 47.422998], [11.193818, 47.428941], [11.168599, 47.424264], [11.10328, 47.393568], [11.083747, 47.389512], [10.979464, 47.390545], [10.965511, 47.396075], [10.955279, 47.409614], [10.957656, 47.409717], [10.96086, 47.414316], [10.963134, 47.421241], [10.962824, 47.427959], [10.959827, 47.432506], [10.909907, 47.46899], [10.858438, 47.485165], [10.851616, 47.493097], [10.883862, 47.508006], [10.892234, 47.514879], [10.86929, 47.526583], [10.858644, 47.530666], [10.844795, 47.531312], [10.830636, 47.528573], [10.790328, 47.516067], [10.760769, 47.513638], [10.752191, 47.515395], [10.74723, 47.52015], [10.743923, 47.525317], [10.739892, 47.52847], [10.60791, 47.562266], [10.583726, 47.562473], [10.569876, 47.555936], [10.549619, 47.536789], [10.536907, 47.529865], [10.525125, 47.52847], [10.482543, 47.532862], [10.466937, 47.53772], [10.458772, 47.541647], [10.453501, 47.546246], [10.451744, 47.554825], [10.455465, 47.561181], [10.460322, 47.565987], [10.461563, 47.569914], [10.457118, 47.579242], [10.453604, 47.581102], [10.445956, 47.579061], [10.429213, 47.57702], [10.414227, 47.573015], [10.415674, 47.564385], [10.424356, 47.553352], [10.43097, 47.542164], [10.42973, 47.532914], [10.419601, 47.493045], [10.433657, 47.487852], [10.442236, 47.481392], [10.44761, 47.472581], [10.451744, 47.460205], [10.451951, 47.438759], [10.442856, 47.41628], [10.428283, 47.396049], [10.411643, 47.381037], [10.403065, 47.377109], [10.381981, 47.372122], [10.371646, 47.367394], [10.365651, 47.361115], [10.34343, 47.330756], [10.325447, 47.314322], [10.305913, 47.302178], [10.261161, 47.283497], [10.239354, 47.277735], [10.174951, 47.272376], [10.159876, 47.271121], [10.155431, 47.272878], [10.159462, 47.279131], [10.168661, 47.290422], [10.172691, 47.292308], [10.18592, 47.294995], [10.190778, 47.298251], [10.193259, 47.304917], [10.192742, 47.310912], [10.190468, 47.317475], [10.208555, 47.354475], [10.209278, 47.372484], [10.190881, 47.379228], [10.146956, 47.373802], [10.135071, 47.364888], [10.130833, 47.362666], [10.125666, 47.362692], [10.11533, 47.366955], [10.11037, 47.367394], [10.097244, 47.363131], [10.089596, 47.359281], [10.082878, 47.359074], [10.073162, 47.365482], [10.067788, 47.375042], [10.066858, 47.385791], [10.064171, 47.396178], [10.053215, 47.40486], [10.075953, 47.416874], [10.080604, 47.42739], [10.071819, 47.439121], [10.022623, 47.487955], [10.011254, 47.484441], [10.002366, 47.47917], [9.993581, 47.476586], [9.982625, 47.481031], [9.981075, 47.48687], [9.980765, 47.489919], [9.980765, 47.492942], [9.97167, 47.506404], [9.959164, 47.514879], [9.948726, 47.524232], [9.945935, 47.540769], [9.933843, 47.534206], [9.918753, 47.53219], [9.888988, 47.533792], [9.858912, 47.541337], [9.853848, 47.540407], [9.841549, 47.535032], [9.833487, 47.534619], [9.813127, 47.54175], [9.809303, 47.552318], [9.811266, 47.564488], [9.807959, 47.576322], [9.79628, 47.584952], [9.782121, 47.588414], [9.767135, 47.587277], [9.752665, 47.582058], [9.730858, 47.564901], [9.718455, 47.546711], [9.703986, 47.531415], [9.676701, 47.52263], [9.612622, 47.521881], [9.554144, 47.532743], [9.549887, 47.533534], [9.547482, 47.534547], [9.273211, 47.65009], [9.234351, 47.656162], [9.196937, 47.656136], [9.183398, 47.670425], [9.128104, 47.670425], [9.016586, 47.6789], [8.997673, 47.673835], [8.981756, 47.662156], [8.945376, 47.654302], [8.906205, 47.651795], [8.881711, 47.656136], [8.852668, 47.670786], [8.851935, 47.671282], [8.837786, 47.680838], [8.837682, 47.687788], [8.856079, 47.690682], [8.830241, 47.707192], [8.797581, 47.720034], [8.77071, 47.720861], [8.761718, 47.70125], [8.769883, 47.695074], [8.71707, 47.694558], [8.715106, 47.701069], [8.712625, 47.708691], [8.704667, 47.715332], [8.70043, 47.723496], [8.703737, 47.730033], [8.71707, 47.743547], [8.719757, 47.747319], [8.713142, 47.757422], [8.703324, 47.758714], [8.692265, 47.757164], [8.68193, 47.75874], [8.674488, 47.766698], [8.666633, 47.778273], [8.657022, 47.788118], [8.644102, 47.791012], [8.635007, 47.784604], [8.62984, 47.762796], [8.617437, 47.757319], [8.607619, 47.762254], [8.604105, 47.774398], [8.603175, 47.787317], [8.601624, 47.794603], [8.583124, 47.800236], [8.558216, 47.801166], [8.5423, 47.795017], [8.551602, 47.779255], [8.536512, 47.774088], [8.482665, 47.766853], [8.471503, 47.76706], [8.463648, 47.763907], [8.450109, 47.750471], [8.445458, 47.743185], [8.437913, 47.723186], [8.427268, 47.716468], [8.401947, 47.707089], [8.392128, 47.699519], [8.390991, 47.692129], [8.395229, 47.684817], [8.397709, 47.67629], [8.391301, 47.665464], [8.407011, 47.661562], [8.411972, 47.661045], [8.437603, 47.647842], [8.458274, 47.639884], [8.476051, 47.640401], [8.49083, 47.645568], [8.504679, 47.65226], [8.519666, 47.657351], [8.568241, 47.662932], [8.582194, 47.66133], [8.593589, 47.658169], [8.598214, 47.656885], [8.607309, 47.656291], [8.601624, 47.632598], [8.595113, 47.63482], [8.594493, 47.640969], [8.593563, 47.642571], [8.589222, 47.642468], [8.583951, 47.641124], [8.580334, 47.639005], [8.57806, 47.633476], [8.579714, 47.628929], [8.582091, 47.625027], [8.582504, 47.62159], [8.581264, 47.614769], [8.581781, 47.607664], [8.580644, 47.600171], [8.576305, 47.595023], [8.574133, 47.592445], [8.560697, 47.589396], [8.551719, 47.596863], [8.549638, 47.598594], [8.537752, 47.612134], [8.522353, 47.621901], [8.49238, 47.619833], [8.461788, 47.606139], [8.450109, 47.589034], [8.448869, 47.58428], [8.4211, 47.581112], [8.41807, 47.580766], [8.354094, 47.581024], [8.316164, 47.587846], [8.306345, 47.592187], [8.299317, 47.601824], [8.293943, 47.611462], [8.288569, 47.615803], [8.276993, 47.61663], [8.251051, 47.622004], [8.232965, 47.621952], [8.179015, 47.615803], [8.173847, 47.613529], [8.168886, 47.608646], [8.162065, 47.603762], [8.143771, 47.600067], [8.122067, 47.592135], [8.113902, 47.587846], [8.105427, 47.581257], [8.101397, 47.576193], [8.096952, 47.571852], [8.087237, 47.567382], [8.042279, 47.560561], [7.912157, 47.560561], [7.90947, 47.564798], [7.907507, 47.574177], [7.904303, 47.583557], [7.898205, 47.587846], [7.833713, 47.590481], [7.819657, 47.595339], [7.801467, 47.576089], [7.78555, 47.563196], [7.76674, 47.555961], [7.72732, 47.550423], [7.683438, 47.544257], [7.661423, 47.546246], [7.646901, 47.551445], [7.609747, 47.564746], [7.612337, 47.564731], [7.635895, 47.564591], [7.646541, 47.571542], [7.659666, 47.596579], [7.637032, 47.594977], [7.586028, 47.584619], [7.59011, 47.594822], [7.592487, 47.598414], [7.590317, 47.607948], [7.585046, 47.613167], [7.578638, 47.61694], [7.572643, 47.622004], [7.550112, 47.652441], [7.536573, 47.665205], [7.521794, 47.670425], [7.517866, 47.675024], [7.514662, 47.685798], [7.511872, 47.707322], [7.515386, 47.713316], [7.531922, 47.725202], [7.537813, 47.731816], [7.53833, 47.748146], [7.525928, 47.783157], [7.528615, 47.797032], [7.542878, 47.829433], [7.548459, 47.834239], [7.561998, 47.839226], [7.564168, 47.850414], [7.559001, 47.869017], [7.559207, 47.873461], [7.558381, 47.875994], [7.557864, 47.878526], [7.559001, 47.882711], [7.561998, 47.887052], [7.568613, 47.891367], [7.572643, 47.896302], [7.578948, 47.906328], [7.580808, 47.910798], [7.579568, 47.92705], [7.584942, 47.940408], [7.611607, 47.959399], [7.621116, 47.97144], [7.618945, 48.002652], [7.575744, 48.053709], [7.572643, 48.094972], [7.578948, 48.11448], [7.585666, 48.129725], [7.5929, 48.138665], [7.599722, 48.144711], [7.604786, 48.152566], [7.60675, 48.166984], [7.613364, 48.179205], [7.676616, 48.2384], [7.687158, 48.252921], [7.693463, 48.269871], [7.69553, 48.29018], [7.702454, 48.311187], [7.718578, 48.319997], [7.736974, 48.326664], [7.75072, 48.341366], [7.75196, 48.355344], [7.746896, 48.368677], [7.740385, 48.381441], [7.737181, 48.393481], [7.738318, 48.406607], [7.745656, 48.433014], [7.75072, 48.444408], [7.757645, 48.453891], [7.764156, 48.460351], [7.76922, 48.470066], [7.771287, 48.489109], [7.776455, 48.498178], [7.788444, 48.506343], [7.813455, 48.519468], [7.813455, 48.526341], [7.801673, 48.54758], [7.801777, 48.582359], [7.810252, 48.615018], [7.852419, 48.658685], [7.864098, 48.664162], [7.880635, 48.667728], [7.895931, 48.676513], [7.92332, 48.698217], [7.935205, 48.703333], [7.948434, 48.71186], [7.959183, 48.721368], [7.963627, 48.729275], [7.964867, 48.748343], [7.970138, 48.757283], [7.981507, 48.759764], [8.009619, 48.760074], [8.017267, 48.761831], [8.022952, 48.765087], [8.025122, 48.770616], [8.027293, 48.780021], [8.031943, 48.785344], [8.036594, 48.788289], [8.038765, 48.79077], [8.04755, 48.791028], [8.08424, 48.804051], [8.090338, 48.807513], [8.10274, 48.821311], [8.148112, 48.903734], [8.179325, 48.942698], [8.199892, 48.95825], [8.200305, 48.958563], [8.18873, 48.965746], [8.090441, 48.979182], [7.931898, 49.034838], [7.913811, 49.036181], [7.856864, 49.032254], [7.773665, 49.048118], [7.762606, 49.046155], [7.739145, 49.037731], [7.726949, 49.035664], [7.717337, 49.036595], [7.69615, 49.041555], [7.685091, 49.042796], [7.672482, 49.041039], [7.660803, 49.037731], [7.648814, 49.035716], [7.644939, 49.036294], [7.634965, 49.037783], [7.625663, 49.043002], [7.615948, 49.055973], [7.60861, 49.061968], [7.586389, 49.069564], [7.542671, 49.074577], [7.520863, 49.083672], [7.507738, 49.094576], [7.485103, 49.118708], [7.471047, 49.12832], [7.472804, 49.131628], [7.475285, 49.133901], [7.482726, 49.137054], [7.476112, 49.151523], [7.458025, 49.155864], [7.414823, 49.157776], [7.410483, 49.168938], [7.391052, 49.170023], [7.371634, 49.166174], [7.367591, 49.165372], [7.350951, 49.159171], [7.3463, 49.15421], [7.339066, 49.139689], [7.334002, 49.13416], [7.326457, 49.131834], [7.305993, 49.130129], [7.297105, 49.128114], [7.2908, 49.123101], [7.280258, 49.108993], [7.274367, 49.105014], [7.268062, 49.105634], [7.241191, 49.113902], [7.154994, 49.114419], [7.139285, 49.117933], [7.123575, 49.123308], [7.085335, 49.141549], [7.079857, 49.142014], [7.070762, 49.136123], [7.071589, 49.130594], [7.074793, 49.125375], [7.073242, 49.12031], [7.042546, 49.107598], [7.020532, 49.118967], [7.008957, 49.146407], [7.009474, 49.181702], [6.987873, 49.182425], [6.925448, 49.205576], [6.914389, 49.206662], [6.885243, 49.204801], [6.843489, 49.211054], [6.833464, 49.209452], [6.827676, 49.195551], [6.835221, 49.179377], [6.839045, 49.162788], [6.821785, 49.147751], [6.809072, 49.145839], [6.770108, 49.155295], [6.725563, 49.155554], [6.713781, 49.158861], [6.700965, 49.172865], [6.703756, 49.185113], [6.70882, 49.197773], [6.702516, 49.213638], [6.698485, 49.213586], [6.685049, 49.207799], [6.680605, 49.207489], [6.677918, 49.211054], [6.675954, 49.218909], [6.674817, 49.221131], [6.671613, 49.225317], [6.663758, 49.243869], [6.659521, 49.246763], [6.645671, 49.250018], [6.640297, 49.252757], [6.63916, 49.256788], [6.641227, 49.266916], [6.639677, 49.271154], [6.573169, 49.313115], [6.556426, 49.326396], [6.550122, 49.338023], [6.555599, 49.34717], [6.573376, 49.347738], [6.577717, 49.3558], [6.574306, 49.361794], [6.52573, 49.395487], [6.518806, 49.402154], [6.520769, 49.402567], [6.520563, 49.408148], [6.517876, 49.416416], [6.511674, 49.424736], [6.494518, 49.435537], [6.402741, 49.465457], [6.391682, 49.466697], [6.383517, 49.46463], [6.3645, 49.456104], [6.353855, 49.45476], [6.345307, 49.455349], [6.34538, 49.462718], [6.342279, 49.493001], [6.348809, 49.52529], [6.350754, 49.53491], [6.350754, 49.566588], [6.356438, 49.577595], [6.371528, 49.592995], [6.397573, 49.613872], [6.407701, 49.627411], [6.415246, 49.634646], [6.417933, 49.639142], [6.417003, 49.645756], [6.410905, 49.649632], [6.404498, 49.652474], [6.402741, 49.655782], [6.418243, 49.669889], [6.491727, 49.700792], [6.489764, 49.702962], [6.482942, 49.708078], [6.486353, 49.712936], [6.491004, 49.714434], [6.499686, 49.712212], [6.492554, 49.718413], [6.4878, 49.725596], [6.485526, 49.733761], [6.48625, 49.742701], [6.495965, 49.748231], [6.496378, 49.752106], [6.493691, 49.756551], [6.493794, 49.76363], [6.498549, 49.785386], [6.499996, 49.786058], [6.500099, 49.794481], [6.502269, 49.795876], [6.502579, 49.79567], [6.497205, 49.799442], [6.493278, 49.799597], [6.462478, 49.805488], [6.414523, 49.805488], [6.397056, 49.808589], [6.380106, 49.815565], [6.351374, 49.83329], [6.334424, 49.840215], [6.325639, 49.84037], [6.310653, 49.834479], [6.302592, 49.834944], [6.301558, 49.838303], [6.295568, 49.848616], [6.291533, 49.855563], [6.286779, 49.86104], [6.272206, 49.867138], [6.238306, 49.876905], [6.2227, 49.887137], [6.189834, 49.938297], [6.172677, 49.956228], [6.161928, 49.942482], [6.15397, 49.951216], [6.138777, 49.979328], [6.121517, 49.996278], [6.117177, 50.004391], [6.119967, 50.015501], [6.113766, 50.036378], [6.107255, 50.044595], [6.096403, 50.048626], [6.105704, 50.060305], [6.109425, 50.06356], [6.107151, 50.063767], [6.101157, 50.063405], [6.0994, 50.064129], [6.105704, 50.092241], [6.110562, 50.105987], [6.117487, 50.120456], [6.126582, 50.127329], [6.129476, 50.134047], [6.125962, 50.140196], [6.115833, 50.145467], [6.118003, 50.150377], [6.121311, 50.16159], [6.123171, 50.164898], [6.131749, 50.168308], [6.151696, 50.169342], [6.159138, 50.172443], [6.165132, 50.181899], [6.165752, 50.193165], [6.160171, 50.204534], [6.146839, 50.214042], [6.157174, 50.222724], [6.179808, 50.233007], [6.189627, 50.242722], [6.210401, 50.249027], [6.253396, 50.256778], [6.271792, 50.267424], [6.267348, 50.276416], [6.269415, 50.286492], [6.27603, 50.296104], [6.285952, 50.303856], [6.299491, 50.308868], [6.310653, 50.308248], [6.322022, 50.305406], [6.335458, 50.303856], [6.362019, 50.306956], [6.374525, 50.315483], [6.3734, 50.32308], [6.372458, 50.329436], [6.337732, 50.368089], [6.336388, 50.379923], [6.343313, 50.393308], [6.350444, 50.416872], [6.351167, 50.433564], [6.347343, 50.436974], [6.340212, 50.437853], [6.331634, 50.446896], [6.326156, 50.457025], [6.323262, 50.466016], [6.325743, 50.474026], [6.336905, 50.481003], [6.318715, 50.481674], [6.27541, 50.48803], [6.260114, 50.492681], [6.25784, 50.494077], [6.255566, 50.494593], [6.253086, 50.494077], [6.250915, 50.492681], [6.217119, 50.486015], [6.207197, 50.486325], [6.199239, 50.490408], [6.19066, 50.501828], [6.182599, 50.506582], [6.190557, 50.515212], [6.178878, 50.515781], [6.170817, 50.517951], [6.169473, 50.522499], [6.177328, 50.530198], [6.160688, 50.543583], [6.179085, 50.561979], [6.210608, 50.578671], [6.232932, 50.587146], [6.232932, 50.590763], [6.244301, 50.599548], [6.251329, 50.608437], [6.249055, 50.614431], [6.180015, 50.615516], [6.159448, 50.622389], [6.147769, 50.636755], [6.161102, 50.642181], [6.100227, 50.701299], [6.081003, 50.713495], [6.064363, 50.714477], [6.024779, 50.707552], [6.01155, 50.708534], [6.007623, 50.716905], [6.011343, 50.727447], [6.010826, 50.737059], [5.994187, 50.742589], [5.99274, 50.744449], [5.992636, 50.746258], [5.993256, 50.748066], [5.99491, 50.749927], [5.997081, 50.762949], [5.990569, 50.769047], [5.980647, 50.773439], [5.972999, 50.781811], [5.968762, 50.794627], [5.983955, 50.792198], [5.998321, 50.800725], [6.003592, 50.81261], [6.001421, 50.821809], [6.000491, 50.830439], [6.009276, 50.840464], [6.023022, 50.845425], [6.045553, 50.844184], [6.056715, 50.852659], [6.062813, 50.862943], [6.063123, 50.870901], [6.054648, 50.891468], [6.056508, 50.898083], [6.061779, 50.903509], [6.063743, 50.90754], [6.031084, 50.914723], [6.007519, 50.924076], [5.999871, 50.929399], [5.997287, 50.937357], [5.99584, 50.951775], [5.999664, 50.960095], [6.005762, 50.968518], [6.003695, 50.973737], [5.967832, 50.970998], [5.94158, 50.976476], [5.927731, 50.977665], [5.914192, 50.975236], [5.88825, 50.967123], [5.874607, 50.965366], [5.873574, 50.990584], [5.858174, 51.019342], [5.85249, 51.042751], [5.880498, 51.052053], [5.894348, 51.047144], [5.906233, 51.037403], [5.919566, 51.029703], [5.937963, 51.030943], [5.950262, 51.03947], [5.969485, 51.06492], [5.982921, 51.074687], [6.075422, 51.120369], [6.132369, 51.139825], [6.147252, 51.152254], [6.126272, 51.164578], [6.149113, 51.176335], [6.157071, 51.179254], [6.134126, 51.184215], [6.08431, 51.162692], [6.060849, 51.170909], [6.053718, 51.189383], [6.056612, 51.211707], [6.06519, 51.231629], [6.075422, 51.242661], [6.096506, 51.25881], [6.147769, 51.318161], [6.158208, 51.324594], [6.183632, 51.335705], [6.193554, 51.344516], [6.198929, 51.35697], [6.202029, 51.378881], [6.207817, 51.387666], [6.192727, 51.398957], [6.194071, 51.417379], [6.201719, 51.438644], [6.205337, 51.458436], [6.200479, 51.476575], [6.193348, 51.509338], [6.15304, 51.538431], [6.086481, 51.595534], [6.08214, 51.607807], [6.087514, 51.622096], [6.099193, 51.644472], [6.031497, 51.662998], [6.008553, 51.681188], [6.021989, 51.709506], [6.012067, 51.715863], [5.989742, 51.726379], [5.97827, 51.729789], [5.949228, 51.729376], [5.939306, 51.731882], [5.940133, 51.742631], [5.946056, 51.746288], [5.962354, 51.756351], [5.964111, 51.776556], [5.950778, 51.795909], [5.928041, 51.806736], [5.931451, 51.81565], [5.948091, 51.822962], [5.988916, 51.827458], [6.008243, 51.832574], [6.028913, 51.842108], [6.043279, 51.846862], [6.084, 51.853658], [6.116453, 51.848283], [6.140018, 51.844537], [6.156141, 51.842056], [6.142705, 51.855182], [6.105394, 51.87947], [6.092992, 51.88531], [6.126995, 51.89673], [6.159241, 51.887299], [6.191384, 51.87115], [6.22518, 51.862546], [6.256393, 51.866809], [6.264661, 51.866189], [6.271792, 51.8619], [6.282851, 51.849601], [6.287399, 51.846165], [6.325743, 51.842547], [6.341969, 51.836682], [6.344966, 51.821102], [6.382483, 51.827587], [6.386617, 51.837561], [6.378453, 51.860117], [6.442531, 51.848361], [6.462892, 51.848361], [6.479428, 51.853012], [6.528624, 51.876421], [6.628153, 51.897505], [6.716675, 51.899262], [6.743753, 51.908331], [6.767008, 51.925514], [6.789849, 51.951145], [6.798014, 51.956701], [6.805662, 51.957527], [6.810726, 51.960576], [6.811656, 51.972798], [6.809176, 51.979542], [6.804008, 51.984373], [6.77817, 52.001271], [6.712851, 52.023854], [6.69094, 52.027859], [6.675024, 52.034809], [6.672957, 52.050054], [6.679881, 52.060467], [6.688873, 52.063102], [6.699415, 52.063567], [6.711404, 52.067288], [6.719465, 52.073567], [6.72763, 52.086305], [6.732901, 52.091989], [6.749851, 52.102867], [6.765871, 52.108397], [6.771576, 52.108793], [6.830673, 52.112893], [6.843282, 52.119998], [6.8654, 52.1478], [6.88483, 52.160332], [6.927721, 52.171907], [6.947668, 52.182811], [6.97113, 52.206272], [6.981878, 52.213997], [7.02632, 52.230637], [7.029111, 52.235779], [7.0266, 52.238623], [7.020739, 52.245262], [7.011851, 52.26663], [7.012471, 52.284949], [7.019705, 52.300039], [7.039756, 52.328616], [7.048231, 52.365074], [7.034175, 52.390783], [6.9733, 52.451373], [6.966995, 52.449565], [6.960794, 52.442847], [6.951493, 52.437472], [6.926481, 52.432976], [6.90023, 52.431917], [6.872014, 52.434733], [6.820338, 52.446826], [6.741169, 52.453673], [6.714814, 52.461553], [6.695074, 52.475609], [6.688976, 52.490518], [6.687529, 52.50814], [6.684015, 52.525994], [6.671716, 52.541678], [6.688253, 52.542582], [6.743753, 52.559713], [6.71099, 52.576637], [6.703962, 52.583071], [6.703652, 52.59139], [6.7082, 52.599685], [6.710164, 52.60865], [6.701792, 52.619115], [6.719083, 52.626759], [6.737035, 52.634695], [6.770522, 52.641026], [6.8654, 52.641956], [6.91842, 52.632189], [6.967719, 52.636659], [6.982808, 52.632783], [7.018465, 52.625988], [7.036655, 52.647382], [7.043993, 52.682625], [7.053295, 52.790577], [7.061977, 52.824012], [7.072151, 52.841317], [7.079857, 52.854424], [7.161919, 52.932636], [7.183623, 52.966122], [7.192821, 52.998006], [7.194372, 53.033844], [7.18507, 53.105442], [7.181349, 53.114175], [7.176492, 53.119394], [7.172668, 53.125751], [7.171944, 53.137714], [7.174425, 53.145775], [7.188584, 53.167789], [7.195405, 53.184998], [7.198506, 53.200578], [7.197472, 53.216624], [7.194591, 53.245022], [7.204438, 53.248277], [7.215831, 53.255601], [7.22462, 53.262926], [7.233572, 53.273627], [7.23699, 53.285549], [7.229503, 53.296576], [7.254731, 53.319525], [7.268321, 53.323676], [7.291515, 53.32392], [7.313162, 53.320502], [7.347667, 53.307359], [7.366547, 53.302802], [7.34254, 53.324042], [7.302908, 53.33275], [7.075206, 53.337592], [7.038259, 53.348578], [7.023611, 53.37641], [7.023285, 53.450507], [7.02768, 53.467353], [7.047048, 53.497707], [7.051443, 53.5126], [7.059744, 53.521715], [7.079356, 53.521552], [7.11964, 53.516303], [7.125011, 53.524359], [7.134532, 53.527411], [7.141775, 53.537177], [7.139985, 53.549791], [7.131114, 53.556952], [7.101899, 53.565741], [7.088878, 53.573717], [7.086762, 53.586859], [7.100922, 53.597886], [7.133149, 53.611274], [7.169444, 53.635484], [7.188975, 53.6435], [7.226085, 53.66649], [7.305024, 53.684801], [7.458832, 53.695136], [7.469574, 53.690741], [7.480235, 53.682034], [7.503917, 53.678656], [7.651378, 53.696967], [7.951427, 53.72191], [8.031423, 53.708075], [8.031423, 53.700629], [8.024913, 53.672553], [8.052908, 53.636298], [8.094086, 53.604722], [8.127615, 53.590766], [8.127615, 53.584621], [8.119151, 53.571926], [8.134613, 53.56745], [8.156749, 53.563666], [8.167979, 53.553209], [8.164887, 53.535224], [8.155447, 53.526028], [8.1338, 53.516303], [8.115733, 53.510728], [8.076345, 53.508612], [8.058767, 53.502021], [8.076996, 53.468695], [8.086192, 53.456122], [8.099783, 53.447414], [8.112478, 53.451077], [8.123871, 53.454006], [8.140636, 53.453599], [8.152354, 53.449774], [8.171397, 53.436591], [8.178559, 53.433743], [8.186697, 53.429511], [8.194835, 53.420111], [8.205333, 53.410712], [8.219737, 53.40644], [8.236501, 53.406724], [8.248709, 53.408393], [8.259451, 53.412299], [8.271739, 53.419501], [8.292817, 53.440497], [8.315115, 53.474921], [8.320486, 53.509223], [8.291515, 53.529364], [8.252208, 53.523098], [8.231212, 53.525214], [8.233165, 53.539862], [8.24171, 53.556301], [8.248871, 53.590277], [8.257335, 53.604438], [8.270681, 53.61286], [8.287608, 53.616889], [8.329356, 53.618109], [8.348481, 53.61286], [8.363292, 53.600572], [8.375499, 53.5869], [8.387706, 53.577135], [8.428071, 53.564765], [8.513438, 53.554755], [8.552094, 53.543606], [8.552094, 53.5362], [8.528168, 53.523912], [8.506196, 53.507961], [8.490001, 53.486396], [8.483897, 53.457343], [8.485037, 53.40119], [8.490896, 53.376451], [8.504405, 53.358059], [8.507335, 53.382799], [8.496755, 53.445258], [8.497569, 53.474758], [8.512869, 53.496487], [8.535818, 53.506171], [8.556651, 53.518215], [8.565766, 53.546698], [8.560802, 53.551703], [8.535167, 53.590766], [8.527517, 53.596625], [8.5171, 53.610175], [8.508311, 53.625149], [8.501231, 53.644192], [8.487071, 53.666938], [8.483897, 53.68358], [8.486095, 53.700426], [8.492198, 53.715155], [8.529633, 53.770697], [8.556163, 53.830959], [8.573253, 53.857652], [8.587576, 53.870429], [8.607107, 53.881537], [8.629242, 53.88939], [8.651866, 53.892483], [8.672699, 53.891588], [8.684581, 53.888495], [8.709158, 53.871975], [8.74464, 53.854153], [8.782481, 53.842475], [8.860688, 53.831], [8.903575, 53.831732], [8.976248, 53.842434], [9.016287, 53.840522], [9.035004, 53.853583], [9.114513, 53.865139], [9.193614, 53.864691], [9.210704, 53.871975], [9.224294, 53.865912], [9.240733, 53.864163], [9.274669, 53.865139], [9.283376, 53.86164], [9.305349, 53.84455], [9.40268, 53.742418], [9.442882, 53.714301], [9.470958, 53.700629], [9.484711, 53.69009], [9.498383, 53.659857], [9.567068, 53.599595], [9.582367, 53.591295], [9.600922, 53.58633], [9.624766, 53.584621], [9.637218, 53.581], [9.696625, 53.556627], [9.764008, 53.547675], [9.819021, 53.540351], [9.832042, 53.543606], [9.819591, 53.556627], [9.782074, 53.569729], [9.692393, 53.575914], [9.655772, 53.584621], [9.583669, 53.612454], [9.550792, 53.634589], [9.539073, 53.66649], [9.536143, 53.693752], [9.532237, 53.711168], [9.522227, 53.71662], [9.475271, 53.732164], [9.460216, 53.735419], [9.435802, 53.748684], [9.412446, 53.778754], [9.396658, 53.811021], [9.395193, 53.831], [9.358735, 53.839545], [9.295584, 53.871894], [9.257823, 53.885565], [9.22047, 53.890774], [9.093435, 53.892483], [9.055431, 53.902899], [9.029959, 53.907131], [9.018321, 53.902737], [9.007823, 53.892483], [8.98463, 53.89704], [8.949474, 53.912909], [8.916026, 53.937405], [8.833344, 54.036444], [8.871837, 54.046942], [8.890636, 54.047797], [8.914561, 54.043891], [8.953868, 54.028306], [8.975352, 54.024075], [8.997244, 54.030219], [9.004893, 54.041164], [9.013031, 54.060981], [9.018565, 54.082424], [9.018321, 54.097886], [9.006684, 54.10814], [8.988129, 54.117865], [8.974457, 54.128079], [8.977306, 54.139472], [8.977306, 54.145697], [8.952891, 54.150092], [8.917979, 54.146308], [8.885427, 54.13703], [8.867442, 54.12519], [8.860688, 54.12519], [8.833344, 54.153144], [8.815684, 54.175605], [8.812836, 54.180487], [8.820974, 54.200507], [8.836274, 54.21776], [8.84669, 54.233547], [8.83961, 54.248725], [8.83961, 54.255561], [8.851899, 54.261054], [8.894216, 54.268215], [8.911469, 54.269192], [8.922048, 54.274237], [8.937511, 54.286689], [8.953136, 54.302558], [8.963145, 54.317613], [8.940278, 54.315009], [8.902599, 54.295844], [8.881114, 54.290269], [8.883067, 54.293606], [8.885916, 54.300727], [8.88795, 54.303941], [8.857595, 54.301825], [8.805431, 54.292426], [8.774669, 54.290269], [8.738943, 54.293891], [8.723481, 54.290269], [8.690196, 54.27147], [8.678477, 54.269192], [8.651866, 54.274848], [8.623383, 54.290107], [8.602712, 54.312079], [8.599864, 54.33808], [8.614024, 54.348375], [8.641368, 54.355658], [8.672048, 54.35928], [8.695567, 54.358588], [8.695567, 54.365424], [8.677582, 54.367906], [8.663829, 54.375556], [8.650645, 54.377997], [8.634776, 54.365424], [8.626231, 54.37641], [8.629161, 54.387681], [8.638438, 54.398139], [8.648448, 54.406399], [8.66977, 54.400824], [8.750824, 54.413804], [8.860688, 54.413804], [8.886078, 54.417792], [8.907237, 54.425523], [8.949474, 54.447333], [8.988048, 54.458441], [9.004731, 54.465888], [9.011485, 54.482123], [9.011567, 54.506334], [8.986095, 54.529283], [8.90447, 54.580634], [8.892833, 54.591254], [8.88795, 54.601874], [8.878754, 54.606513], [8.858165, 54.606147], [8.837087, 54.602688], [8.825857, 54.598131], [8.819021, 54.605618], [8.853282, 54.619289], [8.81837, 54.673651], [8.805431, 54.687567], [8.776703, 54.697984], [8.722667, 54.725531], [8.688731, 54.735297], [8.688731, 54.742174], [8.694347, 54.76024], [8.681326, 54.780585], [8.661876, 54.800605], [8.648448, 54.817857], [8.642751, 54.844184], [8.647227, 54.867377], [8.660776, 54.896311], [8.695882, 54.889984], [8.732779, 54.889054], [8.800889, 54.903833], [8.824246, 54.9059], [8.904138, 54.897942], [8.982686, 54.879339], [9.194766, 54.8504], [9.21151, 54.841822], [9.216057, 54.831745], [9.219054, 54.817792], [9.226392, 54.805906], [9.244066, 54.801772], [9.317033, 54.801617], [9.332019, 54.803219], [9.341734, 54.809059], [9.355997, 54.811332], [9.366952, 54.817017], [9.385039, 54.819394], [9.405193, 54.808387], [9.422143, 54.80725], [9.436922, 54.810144], [9.437503, 54.810411], [9.451427, 54.81037], [9.510997, 54.827826], [9.529959, 54.841498], [9.554373, 54.847113], [9.566905, 54.860175], [9.579926, 54.866278], [9.583181, 54.830268], [9.631602, 54.819892], [9.693044, 54.81802], [9.73463, 54.807318], [9.752126, 54.799628], [9.778087, 54.793158], [9.801768, 54.783393], [9.812185, 54.766059], [9.823741, 54.756741], [9.849864, 54.759345], [9.895356, 54.769477], [9.891449, 54.790269], [9.91505, 54.791205], [9.94752, 54.779527], [9.97047, 54.762641], [9.984141, 54.728502], [9.990489, 54.720526], [9.999522, 54.712958], [10.01824, 54.701239], [10.005382, 54.695502], [9.992198, 54.696479], [9.979828, 54.699774], [9.97047, 54.701239], [9.971039, 54.699042], [9.9463, 54.687649], [9.943126, 54.687567], [9.936697, 54.685004], [9.932384, 54.685248], [9.929942, 54.683092], [9.929454, 54.673896], [9.944102, 54.673326], [9.970225, 54.677924], [9.996349, 54.678778], [10.011404, 54.66706], [10.022146, 54.672431], [10.033539, 54.672919], [10.039073, 54.666815], [10.031912, 54.652777], [10.036957, 54.638902], [10.037608, 54.619086], [10.031912, 54.577704], [10.026866, 54.559963], [10.02003, 54.545844], [10.010427, 54.534329], [9.997813, 54.523668], [9.965587, 54.506171], [9.925304, 54.493109], [9.882009, 54.484849], [9.840099, 54.482123], [9.840099, 54.475287], [9.883311, 54.462104], [10.124685, 54.495754], [10.143403, 54.491848], [10.203868, 54.461005], [10.18393, 54.449368], [10.183849, 54.438422], [10.191742, 54.426174], [10.197032, 54.410102], [10.191254, 54.396715], [10.177094, 54.384263], [10.159028, 54.375312], [10.141775, 54.37226], [10.144379, 54.370022], [10.147797, 54.368313], [10.148285, 54.36518], [10.141775, 54.358588], [10.152517, 54.351793], [10.155528, 54.343411], [10.151622, 54.33397], [10.141775, 54.324408], [10.163748, 54.329169], [10.180349, 54.341132], [10.203868, 54.37226], [10.217133, 54.405422], [10.224376, 54.413804], [10.234386, 54.417711], [10.272146, 54.420071], [10.285818, 54.42475], [10.292491, 54.430162], [10.297618, 54.435736], [10.306895, 54.441107], [10.31837, 54.443305], [10.36085, 54.441107], [10.382823, 54.43476], [10.44337, 54.406399], [10.601085, 54.365424], [10.690196, 54.31623], [10.731293, 54.310207], [10.77711, 54.315131], [10.810802, 54.327379], [10.867931, 54.358588], [10.90089, 54.371039], [10.935313, 54.379543], [11.018809, 54.385891], [11.018809, 54.379096], [11.000824, 54.378567], [10.975841, 54.378404], [10.993175, 54.373847], [11.010509, 54.377183], [11.033946, 54.367621], [11.104177, 54.39289], [11.135509, 54.385891], [11.098399, 54.361518], [11.087738, 54.351752], [11.081798, 54.354641], [11.06658, 54.358588], [11.077403, 54.342231], [11.086599, 54.302436], [11.094493, 54.283515], [11.087087, 54.270901], [11.087738, 54.253892], [11.094493, 54.225084], [11.09018, 54.207994], [11.080577, 54.198879], [11.070974, 54.192572], [11.06658, 54.183905], [10.95045, 54.139472], [10.91033, 54.109198], [10.892833, 54.102525], [10.852387, 54.094306], [10.844574, 54.094468], [10.836111, 54.089993], [10.829356, 54.092841], [10.822276, 54.097357], [10.813324, 54.097886], [10.805431, 54.094875], [10.801443, 54.092231], [10.762869, 54.05683], [10.752615, 54.050116], [10.752615, 54.043891], [10.76588, 54.024359], [10.780447, 54.009955], [10.799653, 54.000556], [10.826915, 53.995429], [10.865571, 53.997789], [10.875499, 53.995429], [10.882579, 53.985053], [10.883556, 53.973131], [10.88738, 53.963935], [10.90211, 53.961371], [10.906016, 53.961208], [10.917654, 53.960761], [10.922618, 53.961371], [10.935395, 53.967271], [10.964692, 53.985419], [10.981212, 53.989244], [11.000255, 53.991604], [11.053477, 54.00849], [11.175059, 54.018012], [11.183849, 54.016018], [11.190766, 54.010321], [11.197276, 53.996243], [11.204356, 53.989244], [11.239919, 53.983466], [11.245372, 53.97842], [11.240733, 53.955634], [11.242931, 53.945217], [11.255626, 53.940863], [11.285411, 53.939683], [11.293712, 53.940863], [11.334158, 53.961371], [11.341807, 53.958319], [11.352061, 53.944159], [11.358246, 53.940863], [11.399913, 53.940863], [11.400401, 53.93773], [11.438731, 53.909125], [11.4463, 53.906155], [11.457693, 53.906155], [11.458995, 53.916693], [11.469086, 53.932766], [11.476817, 53.952704], [11.472423, 53.968817], [11.479828, 53.976142], [11.489513, 53.980618], [11.497895, 53.981838], [11.495942, 53.986314], [11.4935, 53.997626], [11.49171, 54.002346], [11.52589, 54.022773], [11.52589, 54.030219], [11.519054, 54.030219], [11.519054, 54.036444], [11.544607, 54.030178], [11.553233, 54.030219], [11.573497, 54.039049], [11.591319, 54.065619], [11.604747, 54.071234], [11.612804, 54.072903], [11.619395, 54.077297], [11.624522, 54.083645], [11.628917, 54.091051], [11.629568, 54.096015], [11.622081, 54.099555], [11.622081, 54.104682], [11.625255, 54.109809], [11.629405, 54.113227], [11.633149, 54.115912], [11.657888, 54.142239], [11.689708, 54.155219], [11.72877, 54.158515], [11.812266, 54.149807], [12.050629, 54.179918], [12.088145, 54.194078], [12.093272, 54.165432], [12.089529, 54.137641], [12.091645, 54.114], [12.115001, 54.097886], [12.105317, 54.110012], [12.100352, 54.135972], [12.095063, 54.145697], [12.105479, 54.157375], [12.134288, 54.166978], [12.142833, 54.180487], [12.131602, 54.181138], [12.12086, 54.179999], [12.110606, 54.177436], [12.101329, 54.173651], [12.108897, 54.18301], [12.142833, 54.209174], [12.163097, 54.219916], [12.18686, 54.243354], [12.200938, 54.248725], [12.214041, 54.250963], [12.289399, 54.275092], [12.327322, 54.293769], [12.342133, 54.303941], [12.378184, 54.344916], [12.438324, 54.395819], [12.444835, 54.405463], [12.486095, 54.447333], [12.501964, 54.473578], [12.513438, 54.482245], [12.533865, 54.488267], [12.533865, 54.482123], [12.527029, 54.482123], [12.54835, 54.462063], [12.591482, 54.451728], [12.819102, 54.451728], [12.856619, 54.441107], [12.879649, 54.448798], [12.908376, 54.444648], [12.921153, 54.433498], [12.896332, 54.420071], [12.870779, 54.416815], [12.763682, 54.422187], [12.720958, 54.431586], [12.694591, 54.433661], [12.686778, 54.431627], [12.676117, 54.422553], [12.670421, 54.420071], [12.650076, 54.420071], [12.624197, 54.422919], [12.614513, 54.419745], [12.608409, 54.406399], [12.602224, 54.413804], [12.596934, 54.411933], [12.588064, 54.407457], [12.581716, 54.406399], [12.583507, 54.397854], [12.587657, 54.394029], [12.594005, 54.392768], [12.602224, 54.392076], [12.598643, 54.391547], [12.595876, 54.391506], [12.594412, 54.390204], [12.594737, 54.385891], [12.575531, 54.391995], [12.554047, 54.390815], [12.535981, 54.383734], [12.527029, 54.37226], [12.510753, 54.384263], [12.490977, 54.390082], [12.454763, 54.392076], [12.438487, 54.387519], [12.424978, 54.375922], [12.418468, 54.360663], [12.424001, 54.344916], [12.409679, 54.346625], [12.403819, 54.34809], [12.396739, 54.351752], [12.389903, 54.344916], [12.396495, 54.332953], [12.391612, 54.321112], [12.37908, 54.312445], [12.362559, 54.310207], [12.36964, 54.296576], [12.37794, 54.285875], [12.380138, 54.277086], [12.368826, 54.269192], [12.412446, 54.25141], [12.436778, 54.247707], [12.458181, 54.255561], [12.442638, 54.255194], [12.430837, 54.258612], [12.41033, 54.269192], [12.41684, 54.280951], [12.42628, 54.289618], [12.451427, 54.303941], [12.457286, 54.306301], [12.468272, 54.308336], [12.472423, 54.310207], [12.475597, 54.315131], [12.476573, 54.327786], [12.478689, 54.331855], [12.495616, 54.340277], [12.560557, 54.358588], [12.547048, 54.364488], [12.540782, 54.365424], [12.540782, 54.37226], [12.559337, 54.376288], [12.566091, 54.375922], [12.574229, 54.37226], [12.574229, 54.379096], [12.592947, 54.36933], [12.622732, 54.373928], [12.677257, 54.392076], [12.675059, 54.395413], [12.672374, 54.402981], [12.670421, 54.406399], [12.680837, 54.410875], [12.692556, 54.413642], [12.704845, 54.414618], [12.71754, 54.413804], [12.71754, 54.406399], [12.702485, 54.40412], [12.692393, 54.396186], [12.686534, 54.384752], [12.684093, 54.37226], [12.696625, 54.384955], [12.701182, 54.391669], [12.7046, 54.399604], [12.713552, 54.390082], [12.723806, 54.381252], [12.735037, 54.37816], [12.746104, 54.385891], [12.757823, 54.379788], [12.768565, 54.380072], [12.778331, 54.384752], [12.78712, 54.392076], [12.789887, 54.384345], [12.794688, 54.377143], [12.800955, 54.370754], [12.818044, 54.357978], [12.821788, 54.356147], [12.825369, 54.357245], [12.83546, 54.358588], [12.854666, 54.357856], [12.864757, 54.359565], [12.875987, 54.365424], [12.884532, 54.373481], [12.894867, 54.389716], [12.903819, 54.399604], [12.929373, 54.414374], [12.969086, 54.429389], [13.0088, 54.438056], [13.03419, 54.433661], [13.021495, 54.426459], [13.021007, 54.414537], [13.028575, 54.401842], [13.040375, 54.392076], [13.083669, 54.378974], [13.095551, 54.37226], [13.076671, 54.352525], [13.08074, 54.337144], [13.109223, 54.310207], [13.112071, 54.299302], [13.112071, 54.288479], [13.114919, 54.280015], [13.125987, 54.276597], [13.170665, 54.276597], [13.170665, 54.269192], [13.161306, 54.269029], [13.154633, 54.26732], [13.143403, 54.263007], [13.176117, 54.264838], [13.228363, 54.247382], [13.263194, 54.242499], [13.288829, 54.23428], [13.321788, 54.194525], [13.348888, 54.180487], [13.333344, 54.174018], [13.321544, 54.166815], [13.346528, 54.166938], [13.3838, 54.178127], [13.403494, 54.173651], [13.395681, 54.161933], [13.39088, 54.157294], [13.382986, 54.153144], [13.394786, 54.148912], [13.40211, 54.151313], [13.408702, 54.154608], [13.417735, 54.153144], [13.423188, 54.148098], [13.437673, 54.12519], [13.450369, 54.110419], [13.465099, 54.098456], [13.483572, 54.091295], [13.507091, 54.091051], [13.507091, 54.097886], [13.498871, 54.102484], [13.487478, 54.113918], [13.479259, 54.118354], [13.479259, 54.12519], [13.602712, 54.139472], [13.632335, 54.147528], [13.683442, 54.168036], [13.711925, 54.173651], [13.716482, 54.168443], [13.714692, 54.164049], [13.708263, 54.160875], [13.698253, 54.159329], [13.698253, 54.153144], [13.72877, 54.143866], [13.808116, 54.104682], [13.808116, 54.097886], [13.793712, 54.083197], [13.785492, 54.06391], [13.773204, 54.046332], [13.746104, 54.036444], [13.758149, 54.030992], [13.78712, 54.009101], [13.797618, 53.998928], [13.803477, 53.996324], [13.831798, 53.989244], [13.838634, 53.986314], [13.84311, 53.97956], [13.846202, 53.972235], [13.849132, 53.967597], [13.850271, 53.964016], [13.848969, 53.959459], [13.848643, 53.955552], [13.85255, 53.953843], [13.866873, 53.954657], [13.870128, 53.953843], [13.875499, 53.951239], [13.881602, 53.949042], [13.88795, 53.947577], [13.893565, 53.947089], [13.906016, 53.943061], [13.907563, 53.933539], [13.901378, 53.922309], [13.890147, 53.912909], [13.818533, 53.877997], [13.808116, 53.865139], [13.817068, 53.852932], [13.835785, 53.84748], [13.85434, 53.844916], [13.862804, 53.841254], [13.869151, 53.830308], [13.8838, 53.817694], [13.899913, 53.809149], [13.910655, 53.810492], [13.984223, 53.773993], [14.017345, 53.769517], [14.033539, 53.757514], [14.037446, 53.755276], [14.061534, 53.756415], [14.068858, 53.755276], [14.094005, 53.746324], [14.10613, 53.743354], [14.186534, 53.739814], [14.214692, 53.744859], [14.226573, 53.758694], [14.234141, 53.761786], [14.250173, 53.759955], [14.264496, 53.751614], [14.267426, 53.735419], [14.259532, 53.727973], [14.212738, 53.708075], [14.225352, 53.703762], [14.240001, 53.700751], [14.256196, 53.699449], [14.263901, 53.699976], [14.263863, 53.699876], [14.265103, 53.671764], [14.260969, 53.656209], [14.276058, 53.636624], [14.297039, 53.597763], [14.298899, 53.587893], [14.296212, 53.551306], [14.296936, 53.529137], [14.30417, 53.508518], [14.328458, 53.48609], [14.338897, 53.465213], [14.359878, 53.444077], [14.370316, 53.392298], [14.391261, 53.334017], [14.398015, 53.315222], [14.399565, 53.306747], [14.400185, 53.288609], [14.403286, 53.27879], [14.409384, 53.272434], [14.42468, 53.264657], [14.428607, 53.259076], [14.44163, 53.251841], [14.415585, 53.22099], [14.408247, 53.214402], [14.397705, 53.210991], [14.387783, 53.202077], [14.380651, 53.189855], [14.377861, 53.176549], [14.381478, 53.160296], [14.387473, 53.146137], [14.38954, 53.131668], [14.359568, 53.075056], [14.356777, 53.066684], [14.343341, 53.048624], [14.312645, 53.029219], [14.253734, 53.000875], [14.192859, 52.981651], [14.14449, 52.959921], [14.14449, 52.953694], [14.150485, 52.943643], [14.16268, 52.908167], [14.164954, 52.895661], [14.16082, 52.876748], [14.150485, 52.86463], [14.123923, 52.850651], [14.135395, 52.836595], [14.152758, 52.828327], [14.173739, 52.824348], [14.19596, 52.823366], [14.21601, 52.817992], [14.24867, 52.794582], [14.275955, 52.78572], [14.382202, 52.738152], [14.397705, 52.727119], [14.431915, 52.686088], [14.442353, 52.679964], [14.46137, 52.674564], [14.490102, 52.650638], [14.549943, 52.636194], [14.607965, 52.596463], [14.613712, 52.592527], [14.644821, 52.576921], [14.616813, 52.541032], [14.609061, 52.517803], [14.627665, 52.507416], [14.632316, 52.496745], [14.615779, 52.473284], [14.591595, 52.449797], [14.539815, 52.421866], [14.545396, 52.382153], [14.569167, 52.338512], [14.590148, 52.309418], [14.584153, 52.291228], [14.606581, 52.275751], [14.640481, 52.265054], [14.668903, 52.260997], [14.696911, 52.253478], [14.712414, 52.235908], [14.712104, 52.215444], [14.69257, 52.19958], [14.69257, 52.193379], [14.70704, 52.179452], [14.703216, 52.165163], [14.692467, 52.146973], [14.686369, 52.121032], [14.696394, 52.106691], [14.761403, 52.076667], [14.743007, 52.062534], [14.735359, 52.054033], [14.732155, 52.045067], [14.730294, 52.035895], [14.726057, 52.026438], [14.704456, 52.002227], [14.699082, 51.992512], [14.695568, 51.931457], [14.687093, 51.911897], [14.671693, 51.893888], [14.653296, 51.878617], [14.595936, 51.842418], [14.58281, 51.825081], [14.585807, 51.803893], [14.60224, 51.788313], [14.620327, 51.780536], [14.634176, 51.769012], [14.638103, 51.742631], [14.648439, 51.717206], [14.67097, 51.700773], [14.719546, 51.675632], [14.732465, 51.658347], [14.742283, 51.632974], [14.743937, 51.606644], [14.732155, 51.58662], [14.712724, 51.567422], [14.704559, 51.547992], [14.70677, 51.540828], [14.710037, 51.530241], [14.732155, 51.515823], [14.797474, 51.502103], [14.818558, 51.492698], [14.818558, 51.492595], [14.841399, 51.48443], [14.888321, 51.475748], [14.910955, 51.468978], [14.926561, 51.46133], [14.945061, 51.449186], [14.955397, 51.435415], [14.946922, 51.422909], [14.950648, 51.396539], [14.956637, 51.354153], [14.956637, 51.353223], [14.960978, 51.335291], [14.963768, 51.328393], [14.982269, 51.308006], [15.004903, 51.291289], [15.019476, 51.271678], [15.014308, 51.242661], [15.017925, 51.239561], [15.022059, 51.23677], [15.004903, 51.215609], [14.991364, 51.18897], [14.983199, 51.160909], [14.982062, 51.13564], [14.979995, 51.122798], [14.97338, 51.116132], [14.965629, 51.111507], [14.960254, 51.104582], [14.958497, 51.094738], [14.958291, 51.075514], [14.955293, 51.064042], [14.910645, 50.992651], [14.860209, 50.916842], [14.824655, 50.89183], [14.810496, 50.877051], [14.810393, 50.858447], [14.79458, 50.831627], [14.785071, 50.820052], [14.775356, 50.812972], [14.759233, 50.810181], [14.737529, 50.810698], [14.700425, 50.815969], [14.662185, 50.834366], [14.647922, 50.839379], [14.613195, 50.84558], [14.608338, 50.853073], [14.611852, 50.870953], [14.628802, 50.896119], [14.634589, 50.9094], [14.629215, 50.920717], [14.617123, 50.920872], [14.561829, 50.906351], [14.550357, 50.912087], [14.555835, 50.924283], [14.567824, 50.938649], [14.575575, 50.95069], [14.577435, 50.965727], [14.574335, 50.975494], [14.566687, 50.983401], [14.554594, 50.992651], [14.542295, 50.998749], [14.51532, 51.003038], [14.502918, 51.008516], [14.493513, 51.016706], [14.490102, 51.022701], [14.487932, 51.028721], [14.482144, 51.037196], [14.473462, 51.023372], [14.462094, 51.019652], [14.425817, 51.020944], [14.397808, 51.013115], [14.386749, 51.01327], [14.375897, 51.01699], [14.369386, 51.022442], [14.364115, 51.027998], [14.35657, 51.032338], [14.319363, 51.040012], [14.287531, 51.036834], [14.263553, 51.021435], [14.249497, 50.992651], [14.238335, 50.982471], [14.250013, 50.977613], [14.28381, 50.974822], [14.303757, 50.969707], [14.302207, 50.967691], [14.293732, 50.96397], [14.292802, 50.95348], [14.31833, 50.937512], [14.355227, 50.930639], [14.381892, 50.920872], [14.375897, 50.895964], [14.346545, 50.880203], [14.2681, 50.88413], [14.232133, 50.879376], [14.221281, 50.872607], [14.202988, 50.85514], [14.190792, 50.847905], [14.034936, 50.802585], [14.015713, 50.801758], [13.979126, 50.804755], [13.959592, 50.802068], [13.948843, 50.797211], [13.933547, 50.784808], [13.923315, 50.779951], [13.910706, 50.778762], [13.900991, 50.780622], [13.892516, 50.780416], [13.883318, 50.773233], [13.87908, 50.763518], [13.88032, 50.755043], [13.882697, 50.748015], [13.882181, 50.742744], [13.875359, 50.736542], [13.869572, 50.735251], [13.863474, 50.735147], [13.834535, 50.723675], [13.816552, 50.72135], [13.770663, 50.724605], [13.749062, 50.72321], [13.711028, 50.71427], [13.691753, 50.711841], [13.601939, 50.712151], [13.556567, 50.706725], [13.51564, 50.691016], [13.527215, 50.675668], [13.523288, 50.66218], [13.509955, 50.651225], [13.493315, 50.643215], [13.499103, 50.635205], [13.498173, 50.629159], [13.492179, 50.624456], [13.482257, 50.620891], [13.464893, 50.607093], [13.447944, 50.597274], [13.42934, 50.594329], [13.407016, 50.601305], [13.400401, 50.606576], [13.386345, 50.621614], [13.380971, 50.62549], [13.368775, 50.628332], [13.365985, 50.627092], [13.365365, 50.623474], [13.35937, 50.61934], [13.321853, 50.60239], [13.316272, 50.596034], [13.305627, 50.575777], [13.284646, 50.568956], [13.268006, 50.573658], [13.25178, 50.580893], [13.232349, 50.58203], [13.19907, 50.525341], [13.184704, 50.508753], [13.160106, 50.497022], [13.107396, 50.498986], [13.079181, 50.492785], [13.078974, 50.492681], [13.07887, 50.492681], [13.069775, 50.491079], [13.06037, 50.490614], [13.051069, 50.491131], [13.042284, 50.492785], [13.034532, 50.496505], [13.026264, 50.497642], [13.017892, 50.49635], [13.009624, 50.492681], [13.003113, 50.451909], [12.996602, 50.433667], [12.982442, 50.42297], [12.960631, 50.409234], [12.952573, 50.40416], [12.918363, 50.4054], [12.825759, 50.441418], [12.817388, 50.44302], [12.808396, 50.441832], [12.79434, 50.435889], [12.788139, 50.434339], [12.770259, 50.435941], [12.754239, 50.435321], [12.737909, 50.431548], [12.725094, 50.423435], [12.702976, 50.401524], [12.691814, 50.394651], [12.678792, 50.393721], [12.625358, 50.399922], [12.550531, 50.396357], [12.510223, 50.38876], [12.482524, 50.373567], [12.475083, 50.369433], [12.471569, 50.364472], [12.469502, 50.359408], [12.466815, 50.354912], [12.467022, 50.352845], [12.468365, 50.349486], [12.468985, 50.345559], [12.466815, 50.34189], [12.462784, 50.340494], [12.453792, 50.340701], [12.450175, 50.339357], [12.438289, 50.332536], [12.408937, 50.321994], [12.398189, 50.315173], [12.367183, 50.279051], [12.355814, 50.271403], [12.344652, 50.26639], [12.336487, 50.258587], [12.3338, 50.242722], [12.314059, 50.226496], [12.308685, 50.217091], [12.305584, 50.199314], [12.308582, 50.186912], [12.314369, 50.176215], [12.314369, 50.167327], [12.300417, 50.160815], [12.283363, 50.162211], [12.273235, 50.172339], [12.261246, 50.199883], [12.260212, 50.20505], [12.258455, 50.21089], [12.254321, 50.217401], [12.249981, 50.221173], [12.232514, 50.232491], [12.22993, 50.234816], [12.228897, 50.237038], [12.229827, 50.239053], [12.232514, 50.240965], [12.233754, 50.241689], [12.235098, 50.242257], [12.236441, 50.242567], [12.237992, 50.242722], [12.242436, 50.248355], [12.242953, 50.252954], [12.239645, 50.256572], [12.232514, 50.259104], [12.203782, 50.259569], [12.189209, 50.262463], [12.178047, 50.268767], [12.17412, 50.276571], [12.17443, 50.293727], [12.168538, 50.302977], [12.149315, 50.311711], [12.101344, 50.31398], [12.076141, 50.315173], [12.099189, 50.299773], [12.10725, 50.290885], [12.110971, 50.276622], [12.109111, 50.263806], [12.102393, 50.259156], [12.092057, 50.254815], [12.079552, 50.242722], [12.089887, 50.230837], [12.13929, 50.211045], [12.163784, 50.193785], [12.17505, 50.182623], [12.182698, 50.170737], [12.185592, 50.155699], [12.178564, 50.132962], [12.179184, 50.117976], [12.187865, 50.102834], [12.202025, 50.094514], [12.218044, 50.088572], [12.232514, 50.08051], [12.241402, 50.07064], [12.243469, 50.060408], [12.243676, 50.051313], [12.24688, 50.044957], [12.398189, 49.992764], [12.399222, 49.992764], [12.414518, 49.983048], [12.451312, 49.980568], [12.468158, 49.970233], [12.470742, 49.955608], [12.463818, 49.942121], [12.462681, 49.931269], [12.503608, 49.915766], [12.517871, 49.9122], [12.524072, 49.904965], [12.520972, 49.885535], [12.51291, 49.870239], [12.489863, 49.842695], [12.482524, 49.827244], [12.462474, 49.831223], [12.456376, 49.817115], [12.455859, 49.796135], [12.452655, 49.779702], [12.436739, 49.769263], [12.395398, 49.757894], [12.383616, 49.742856], [12.388577, 49.732314], [12.398912, 49.719499], [12.419583, 49.700223], [12.433949, 49.6918], [12.449245, 49.68503], [12.482524, 49.674695], [12.496374, 49.669993], [12.504642, 49.659399], [12.505365, 49.646118], [12.496891, 49.633871], [12.499474, 49.632527], [12.507432, 49.629995], [12.502678, 49.62214], [12.501955, 49.619711], [12.512187, 49.61165], [12.536061, 49.603123], [12.546603, 49.595579], [12.553631, 49.584726], [12.558282, 49.562557], [12.562313, 49.550827], [12.568721, 49.538838], [12.575025, 49.529898], [12.58288, 49.522405], [12.593732, 49.515015], [12.604998, 49.512793], [12.61554, 49.513775], [12.622981, 49.509847], [12.624325, 49.493001], [12.627218, 49.460186], [12.632179, 49.44396], [12.643548, 49.42949], [12.663082, 49.418897], [12.709177, 49.404737], [12.729331, 49.391147], [12.762094, 49.343242], [12.777907, 49.332545], [12.797751, 49.327843], [12.856662, 49.32221], [12.875369, 49.323864], [12.870925, 49.336731], [12.88467, 49.339573], [12.922911, 49.332701], [12.939861, 49.326758], [12.95433, 49.31911], [12.982442, 49.299628], [12.999806, 49.294925], [13.005387, 49.28676], [13.00673, 49.277097], [13.011278, 49.267795], [13.043214, 49.242887], [13.04342, 49.242784], [13.055823, 49.238184], [13.14946, 49.15483], [13.162586, 49.135142], [13.178503, 49.118347], [13.206821, 49.107495], [13.267283, 49.105634], [13.287333, 49.10057], [13.299529, 49.093645], [13.329915, 49.066929], [13.372393, 49.038507], [13.383555, 49.021092], [13.384175, 48.993031], [13.398541, 48.977683], [13.427273, 48.959958], [13.458899, 48.945024], [13.482257, 48.937634], [13.492592, 48.955049], [13.5021, 48.966056], [13.51595, 48.970242], [13.522395, 48.969342], [13.538894, 48.967038], [13.556464, 48.959958], [13.573414, 48.951018], [13.590467, 48.944817], [13.608657, 48.946161], [13.611138, 48.927247], [13.621783, 48.909057], [13.637389, 48.893451], [13.654443, 48.882237], [13.673356, 48.876346], [13.710615, 48.87247], [13.724671, 48.867303], [13.747925, 48.843376], [13.796191, 48.779814], [13.815725, 48.76643]]], [[[14.210053, 53.938463], [14.193066, 53.911491], [14.184798, 53.908132], [14.175289, 53.906478], [14.192756, 53.893766], [14.200819, 53.878157], [14.087413, 53.870429], [14.065115, 53.872382], [14.04835, 53.879381], [14.025076, 53.863837], [13.99586, 53.853746], [13.938487, 53.844672], [13.875255, 53.844062], [13.840099, 53.850287], [13.821788, 53.865139], [13.834727, 53.867987], [13.855479, 53.877387], [13.887706, 53.881537], [13.922374, 53.893378], [13.931651, 53.899319], [13.938975, 53.928209], [13.901866, 53.969794], [13.90447, 53.995429], [13.954845, 53.993598], [13.972667, 53.989244], [13.965831, 53.981838], [13.968272, 53.976264], [13.960297, 53.956732], [13.958995, 53.940863], [13.97462, 53.957343], [13.987478, 53.961412], [14.027843, 53.961371], [14.022634, 53.95897], [14.018565, 53.956366], [14.01588, 53.952704], [14.014334, 53.947089], [14.04835, 53.940863], [14.040294, 53.953843], [14.053071, 53.97842], [14.05128, 54.005072], [14.037446, 54.021715], [14.014334, 54.016018], [14.006196, 54.032294], [13.995291, 54.045722], [13.9817, 54.056342], [13.965831, 54.063788], [13.946056, 54.066596], [13.926117, 54.064032], [13.915863, 54.056383], [13.924815, 54.043891], [13.924815, 54.036444], [13.91627, 54.033637], [13.907237, 54.027493], [13.899913, 54.019721], [13.896983, 54.012274], [13.89088, 54.010159], [13.855968, 54.002346], [13.858084, 54.015774], [13.865571, 54.024075], [13.873546, 54.029975], [13.876313, 54.036444], [13.871104, 54.048651], [13.863617, 54.049994], [13.854991, 54.046332], [13.823009, 54.037909], [13.808279, 54.026313], [13.7942, 54.018134], [13.774099, 54.022773], [13.782074, 54.042141], [13.809255, 54.0751], [13.814952, 54.101264], [13.806163, 54.116645], [13.76531, 54.141913], [13.75294, 54.153144], [13.762218, 54.164455], [13.777599, 54.174018], [13.796153, 54.17829], [13.814952, 54.173651], [13.823741, 54.163967], [13.844086, 54.131293], [13.855968, 54.118354], [13.882498, 54.102444], [13.948416, 54.079779], [13.986176, 54.071234], [14.016612, 54.060004], [14.192393, 53.946112], [14.209483, 53.938625], [14.210053, 53.938463]]], [[[6.798106, 53.604438], [6.775645, 53.602484], [6.740896, 53.593451], [6.722423, 53.590766], [6.722423, 53.584621], [6.733572, 53.582017], [6.742198, 53.578355], [6.749522, 53.572414], [6.756521, 53.562893], [6.747569, 53.565985], [6.73463, 53.575181], [6.726085, 53.577135], [6.715994, 53.576077], [6.701182, 53.571438], [6.695079, 53.570299], [6.677094, 53.575629], [6.663341, 53.587348], [6.659516, 53.599107], [6.671153, 53.604438], [6.747325, 53.618354], [6.784679, 53.620063], [6.798106, 53.604438]]], [[[6.87379, 53.672756], [6.910818, 53.683661], [7.047048, 53.694159], [7.08546, 53.686998], [6.87379, 53.672756]]], [[[7.133149, 53.708075], [7.178966, 53.724066], [7.232921, 53.729438], [7.346202, 53.727973], [7.34669, 53.723212], [7.345063, 53.722073], [7.342296, 53.722113], [7.295746, 53.711005], [7.173595, 53.701402], [7.133149, 53.708075]]], [[[7.366547, 53.727973], [7.383067, 53.734849], [7.403494, 53.736721], [7.422618, 53.734198], [7.435557, 53.727973], [7.432384, 53.724066], [7.429047, 53.72248], [7.421235, 53.721137], [7.381196, 53.728502], [7.366547, 53.727973]]], [[[8.120128, 53.721137], [8.13266, 53.734036], [8.152354, 53.739163], [8.174815, 53.737006], [8.195974, 53.727973], [8.181651, 53.727973], [8.171723, 53.725572], [8.155772, 53.716376], [8.15089, 53.714301], [8.142263, 53.715644], [8.136729, 53.717963], [8.130707, 53.718451], [8.120128, 53.714301], [8.120128, 53.721137]]], [[[7.517426, 53.762112], [7.606619, 53.7626], [7.62672, 53.755276], [7.627208, 53.750922], [7.625743, 53.749945], [7.623302, 53.749986], [7.620616, 53.749091], [7.547699, 53.750434], [7.513927, 53.74551], [7.511241, 53.727973], [7.481944, 53.727118], [7.472992, 53.731879], [7.469574, 53.745347], [7.47462, 53.756822], [7.48699, 53.76142], [7.517426, 53.762112]]], [[[7.660899, 53.762112], [7.68629, 53.780992], [7.728282, 53.786566], [7.812836, 53.783149], [7.812836, 53.776353], [7.798595, 53.776353], [7.776215, 53.767971], [7.74822, 53.760932], [7.719493, 53.759914], [7.694998, 53.769517], [7.685883, 53.761786], [7.677094, 53.757799], [7.66863, 53.75788], [7.660899, 53.762112]]], [[[7.87379, 53.776353], [7.854503, 53.784573], [7.858897, 53.79092], [7.87672, 53.794867], [7.897634, 53.796291], [7.914073, 53.795356], [7.928966, 53.792548], [7.955577, 53.782904], [7.946056, 53.784003], [7.935313, 53.783149], [7.89324, 53.788967], [7.875255, 53.788398], [7.87379, 53.776353]]], [[[11.375662, 53.981838], [11.390391, 54.004584], [11.426606, 54.022935], [11.468028, 54.030951], [11.497895, 54.022773], [11.468272, 53.970689], [11.457693, 53.961371], [11.445323, 53.961127], [11.444509, 53.968085], [11.451427, 53.985541], [11.447032, 53.997138], [11.438731, 53.99726], [11.433279, 53.988756], [11.437755, 53.975002], [11.423106, 53.967719], [11.407074, 53.968207], [11.390961, 53.973944], [11.375662, 53.981838]]], [[[11.528494, 54.0751], [11.528575, 54.07746], [11.533946, 54.084866], [11.601899, 54.104153], [11.615896, 54.112128], [11.598969, 54.098049], [11.552745, 54.073065], [11.539561, 54.056952], [11.533946, 54.056952], [11.528494, 54.0751]]], [[[8.963145, 54.523668], [8.958507, 54.522447], [8.956309, 54.519436], [8.955821, 54.51496], [8.956879, 54.509426], [8.938487, 54.499091], [8.925792, 54.486762], [8.911306, 54.475491], [8.88795, 54.468451], [8.844493, 54.466498], [8.823904, 54.470852], [8.812836, 54.482123], [8.823741, 54.485541], [8.825531, 54.491197], [8.820974, 54.49726], [8.812836, 54.501939], [8.844493, 54.519721], [8.879649, 54.52912], [8.9192, 54.530463], [8.963145, 54.523668]]], [[[11.255626, 54.478705], [11.31422, 54.413804], [11.188487, 54.426174], [11.170177, 54.420071], [11.174653, 54.416002], [11.179047, 54.414211], [11.138845, 54.412665], [11.112641, 54.415229], [11.101329, 54.423489], [11.103282, 54.443834], [11.098643, 54.451646], [11.084321, 54.454779], [11.058116, 54.455268], [11.047374, 54.453274], [11.039887, 54.447333], [11.032481, 54.447333], [11.029145, 54.454657], [11.025727, 54.458808], [11.020356, 54.45897], [11.008474, 54.454657], [11.005707, 54.468451], [11.033702, 54.508857], [11.072927, 54.531195], [11.121267, 54.535956], [11.206554, 54.514472], [11.232107, 54.501654], [11.240001, 54.495551], [11.255626, 54.478705]]], [[[13.143403, 54.598131], [13.118907, 54.586412], [13.113129, 54.570054], [13.112153, 54.550686], [13.10255, 54.529934], [13.095225, 54.524359], [13.081065, 54.517157], [13.075043, 54.509426], [13.071462, 54.499661], [13.069591, 54.489651], [13.068207, 54.468451], [13.061371, 54.468451], [13.061371, 54.482123], [13.06422, 54.505113], [13.095551, 54.570787], [13.102306, 54.596096], [13.10963, 54.603095], [13.125987, 54.605618], [13.139822, 54.606024], [13.151052, 54.604926], [13.157237, 54.599066], [13.157074, 54.587958], [13.156505, 54.589057], [13.153656, 54.591132], [13.149669, 54.591376], [13.149669, 54.577704], [13.143403, 54.577704], [13.143403, 54.598131]]], [[[13.698253, 54.392076], [13.724864, 54.363593], [13.741954, 54.350491], [13.766449, 54.344916], [13.753103, 54.339301], [13.740082, 54.32982], [13.730154, 54.31684], [13.726248, 54.300523], [13.726248, 54.284654], [13.723155, 54.278388], [13.712738, 54.278998], [13.690929, 54.283515], [13.702647, 54.283515], [13.711925, 54.286566], [13.715994, 54.29328], [13.711925, 54.303941], [13.705089, 54.303941], [13.694835, 54.297431], [13.679454, 54.294013], [13.663341, 54.293891], [13.651134, 54.297187], [13.651134, 54.303941], [13.688243, 54.3133], [13.703624, 54.320461], [13.711925, 54.331855], [13.659923, 54.329779], [13.636729, 54.325507], [13.616954, 54.317613], [13.67213, 54.340318], [13.690929, 54.344916], [13.690929, 54.351752], [13.664073, 54.353258], [13.650076, 54.352444], [13.64031, 54.348334], [13.626801, 54.339097], [13.618337, 54.341376], [13.610606, 54.347968], [13.599294, 54.351752], [13.499685, 54.344916], [13.481781, 54.338284], [13.428884, 54.31094], [13.417735, 54.300523], [13.406098, 54.285224], [13.381602, 54.282213], [13.35963, 54.275458], [13.355724, 54.248725], [13.369395, 54.255561], [13.36964, 54.260647], [13.367524, 54.261949], [13.364757, 54.26203], [13.363129, 54.263007], [13.410899, 54.26789], [13.417735, 54.266059], [13.425059, 54.243232], [13.423025, 54.232733], [13.407237, 54.228217], [13.378673, 54.230862], [13.347016, 54.237454], [13.311534, 54.251125], [13.319509, 54.256415], [13.32488, 54.268215], [13.335216, 54.283515], [13.320567, 54.278388], [13.313975, 54.2744], [13.307872, 54.269192], [13.31186, 54.266425], [13.314708, 54.263007], [13.294688, 54.264106], [13.28419, 54.262844], [13.276866, 54.259263], [13.267914, 54.256496], [13.257986, 54.260443], [13.24879, 54.266262], [13.242442, 54.269192], [13.227794, 54.270819], [13.210134, 54.275824], [13.199229, 54.28441], [13.204845, 54.297187], [13.190278, 54.29975], [13.159679, 54.290961], [13.149669, 54.290269], [13.142833, 54.298], [13.148936, 54.304755], [13.162283, 54.307685], [13.177501, 54.303941], [13.177501, 54.310207], [13.115489, 54.33808], [13.129242, 54.359565], [13.148936, 54.377265], [13.174327, 54.383979], [13.204845, 54.37226], [13.211681, 54.379096], [13.223318, 54.372504], [13.237153, 54.373969], [13.266856, 54.385891], [13.25115, 54.386908], [13.239268, 54.393622], [13.234386, 54.403388], [13.239024, 54.413804], [13.239024, 54.420071], [13.225352, 54.420844], [13.217947, 54.425686], [13.211599, 54.431098], [13.201427, 54.433661], [13.156993, 54.426825], [13.174327, 54.447659], [13.181814, 54.45303], [13.208832, 54.456936], [13.239024, 54.466254], [13.259532, 54.468451], [13.259532, 54.475287], [13.260753, 54.475491], [13.266856, 54.477484], [13.273123, 54.482123], [13.245372, 54.488349], [13.233246, 54.493069], [13.225352, 54.501939], [13.22877, 54.504299], [13.231944, 54.506008], [13.233653, 54.509223], [13.232758, 54.516262], [13.203298, 54.509467], [13.185395, 54.508287], [13.177501, 54.512844], [13.175304, 54.516018], [13.170665, 54.516791], [13.166026, 54.51911], [13.163829, 54.526801], [13.162608, 54.535468], [13.158865, 54.540676], [13.152354, 54.542955], [13.143403, 54.542914], [13.166352, 54.549384], [13.242931, 54.555976], [13.259532, 54.553778], [13.264903, 54.547797], [13.276541, 54.545071], [13.288259, 54.539944], [13.29363, 54.526801], [13.297862, 54.51968], [13.305512, 54.523424], [13.309255, 54.534817], [13.301036, 54.55036], [13.31544, 54.561957], [13.333669, 54.573065], [13.35255, 54.581448], [13.369395, 54.58515], [13.358246, 54.564765], [13.350759, 54.555976], [13.342052, 54.55036], [13.348399, 54.550482], [13.353852, 54.549872], [13.358653, 54.547553], [13.363129, 54.542914], [13.358084, 54.538153], [13.348888, 54.523668], [13.363292, 54.523139], [13.374848, 54.52558], [13.3838, 54.531887], [13.389822, 54.542914], [13.381358, 54.544379], [13.371837, 54.548896], [13.363129, 54.55036], [13.363129, 54.557196], [13.37672, 54.564643], [13.387869, 54.551256], [13.405528, 54.538235], [13.417328, 54.524563], [13.410899, 54.509426], [13.430675, 54.492743], [13.455577, 54.487494], [13.507091, 54.488267], [13.499685, 54.495754], [13.509288, 54.508979], [13.514171, 54.513129], [13.520763, 54.516262], [13.520763, 54.523668], [13.51295, 54.537543], [13.507498, 54.544664], [13.499685, 54.55036], [13.499685, 54.557196], [13.505544, 54.559719], [13.5088, 54.561835], [13.512869, 54.563544], [13.520763, 54.564643], [13.520763, 54.570787], [13.508311, 54.57038], [13.500255, 54.566067], [13.493907, 54.560736], [13.486583, 54.557196], [13.475759, 54.556098], [13.441417, 54.557196], [13.436046, 54.56037], [13.430675, 54.56745], [13.423839, 54.57453], [13.414317, 54.577704], [13.399262, 54.579576], [13.393077, 54.58454], [13.389659, 54.591051], [13.382986, 54.598131], [13.371349, 54.6081], [13.369151, 54.612128], [13.355724, 54.605618], [13.347911, 54.600816], [13.331798, 54.587836], [13.30836, 54.579576], [13.291352, 54.568793], [13.273285, 54.56094], [13.253266, 54.564643], [13.249766, 54.576483], [13.256847, 54.594916], [13.269867, 54.611802], [13.283946, 54.619289], [13.286957, 54.623521], [13.29127, 54.632961], [13.293468, 54.642279], [13.290538, 54.646552], [13.24586, 54.639797], [13.231212, 54.633857], [13.224783, 54.634955], [13.225352, 54.646552], [13.230968, 54.653306], [13.241547, 54.65998], [13.253591, 54.665025], [13.390798, 54.688178], [13.418712, 54.688422], [13.445079, 54.68008], [13.445079, 54.673896], [13.429698, 54.666734], [13.409028, 54.659817], [13.39088, 54.650539], [13.382986, 54.636379], [13.385997, 54.618638], [13.394542, 54.604438], [13.407725, 54.593411], [13.424571, 54.58515], [13.466319, 54.57689], [13.595958, 54.591376], [13.640473, 54.585679], [13.670665, 54.56623], [13.677257, 54.540473], [13.651134, 54.516262], [13.606781, 54.498969], [13.584809, 54.486518], [13.57545, 54.471869], [13.579112, 54.455064], [13.587901, 54.437567], [13.599132, 54.422675], [13.609548, 54.413804], [13.630056, 54.407538], [13.677419, 54.400824], [13.698253, 54.392076]]], [[[8.332367, 54.693793], [8.382335, 54.639146], [8.401378, 54.632961], [8.387706, 54.626125], [8.353689, 54.618964], [8.330251, 54.631415], [8.311371, 54.651353], [8.291515, 54.66706], [8.320486, 54.698717], [8.33839, 54.71015], [8.360362, 54.71483], [8.360688, 54.710028], [8.359141, 54.70893], [8.356293, 54.709174], [8.353526, 54.707994], [8.342459, 54.701402], [8.332367, 54.693793]]], [[[8.497569, 54.756415], [8.553233, 54.754462], [8.575938, 54.746405], [8.593761, 54.728502], [8.593761, 54.721666], [8.58546, 54.713609], [8.574067, 54.694403], [8.565766, 54.687567], [8.552094, 54.685004], [8.535167, 54.686184], [8.519867, 54.689602], [8.511241, 54.693793], [8.485199, 54.688056], [8.45281, 54.693834], [8.394542, 54.71483], [8.414236, 54.735785], [8.436778, 54.748481], [8.464122, 54.754788], [8.497569, 54.756415]]], [[[8.360362, 54.948188], [8.354503, 54.912746], [8.388357, 54.894232], [8.436534, 54.887274], [8.65447, 54.893622], [8.629405, 54.882148], [8.504405, 54.886176], [8.48878, 54.881293], [8.461192, 54.868801], [8.446056, 54.866278], [8.377126, 54.866278], [8.370616, 54.868232], [8.36199, 54.876939], [8.353526, 54.87934], [8.343923, 54.879096], [8.337413, 54.87759], [8.30714, 54.865383], [8.302013, 54.862616], [8.299327, 54.855292], [8.297862, 54.835598], [8.294932, 54.831529], [8.29835, 54.776923], [8.295746, 54.759101], [8.290701, 54.745307], [8.284434, 54.742377], [8.277843, 54.756415], [8.277029, 54.782782], [8.288585, 54.891303], [8.298025, 54.912543], [8.373709, 55.03498], [8.415782, 55.065334], [8.46339, 55.050686], [8.402354, 55.048774], [8.394542, 55.04385], [8.422211, 55.042182], [8.430431, 55.030015], [8.42156, 55.016262], [8.38087, 55.003079], [8.36199, 54.986802], [8.351573, 54.966742], [8.360362, 54.948188]]], [[[8.634532, 54.542629], [8.698904, 54.55858], [8.700938, 54.547756], [8.692882, 54.523261], [8.66977, 54.501899], [8.641287, 54.492377], [8.618826, 54.492621], [8.60613, 54.499213], [8.595876, 54.513658], [8.602061, 54.529771], [8.620128, 54.537909], [8.627452, 54.539944], [8.634532, 54.542629]]], [[[7.904145, 54.180406], [7.899181, 54.178168], [7.897716, 54.182318], [7.893565, 54.183092], [7.890391, 54.187567], [7.885916, 54.19066], [7.879893, 54.193915], [7.894542, 54.194648], [7.900645, 54.19066], [7.904145, 54.180406]]], [[[7.912364, 54.192288], [7.929861, 54.195299], [7.933442, 54.189887], [7.917654, 54.186998], [7.912364, 54.192288]]]]}}, {"type": "Feature", "properties": {"name": "Belgium", "ISO3166-1-Alpha-3": "BEL", "ISO3166-1-Alpha-2": "BE"}, "geometry": {"type": "Polygon", "coordinates": [[[2.5218, 51.087541], [2.542003, 51.096869], [2.579926, 51.104804], [2.715668, 51.169501], [2.923595, 51.246487], [3.124848, 51.329657], [3.348969, 51.375149], [3.349415, 51.375223], [3.358068, 51.336713], [3.353934, 51.311908], [3.353211, 51.288602], [3.36737, 51.263487], [3.391658, 51.24677], [3.398798, 51.244698], [3.421941, 51.237985], [3.453877, 51.235633], [3.501212, 51.240284], [3.504106, 51.249741], [3.501522, 51.262402], [3.503383, 51.273952], [3.514338, 51.281031], [3.529014, 51.283331], [3.545034, 51.283925], [3.584825, 51.289532], [3.609526, 51.290436], [3.635054, 51.287827], [3.757321, 51.262324], [3.776234, 51.254521], [3.781402, 51.241421], [3.779748, 51.230311], [3.781402, 51.219872], [3.796285, 51.208762], [3.808687, 51.205325], [3.927026, 51.206255], [3.949454, 51.210777], [3.995032, 51.23323], [4.118952, 51.272401], [4.168562, 51.29687], [4.207939, 51.330589], [4.21352, 51.340537], [4.220962, 51.363817], [4.221491, 51.368001], [4.222179, 51.367743], [4.241059, 51.356594], [4.249034, 51.346666], [4.256114, 51.328437], [4.272634, 51.315823], [4.290782, 51.305894], [4.302989, 51.296088], [4.306651, 51.28974], [4.308116, 51.283637], [4.305431, 51.276597], [4.298676, 51.269599], [4.296723, 51.267564], [4.30836, 51.271226], [4.316417, 51.276842], [4.330821, 51.296088], [4.29713, 51.305162], [4.289317, 51.309149], [4.285411, 51.31802], [4.286143, 51.339667], [4.283051, 51.350084], [4.275645, 51.3581], [4.261068, 51.369379], [4.281124, 51.368947], [4.290105, 51.368752], [4.326278, 51.356427], [4.345605, 51.352293], [4.392217, 51.350407], [4.411234, 51.356737], [4.416195, 51.373971], [4.410097, 51.38379], [4.38767, 51.400533], [4.379918, 51.409525], [4.380642, 51.419653], [4.387153, 51.427456], [4.38922, 51.434588], [4.377128, 51.442882], [4.429424, 51.461976], [4.483064, 51.474327], [4.512623, 51.477376], [4.525232, 51.475929], [4.533191, 51.467583], [4.531847, 51.450866], [4.523372, 51.438412], [4.521512, 51.428645], [4.540632, 51.420067], [4.553861, 51.419291], [4.582697, 51.422599], [4.614633, 51.41756], [4.630136, 51.418206], [4.643571, 51.42141], [4.653907, 51.426216], [4.731215, 51.485618], [4.764184, 51.496238], [4.778654, 51.495359], [4.796844, 51.491018], [4.813587, 51.48412], [4.823922, 51.475645], [4.826093, 51.460555], [4.819891, 51.446215], [4.815447, 51.431074], [4.822682, 51.413685], [4.779067, 51.426423], [4.767802, 51.425389], [4.762117, 51.413375], [4.783304, 51.407638], [4.853274, 51.40614], [4.871671, 51.403039], [4.910325, 51.391903], [4.931926, 51.395624], [4.957144, 51.410997], [4.980192, 51.430531], [4.995798, 51.446706], [5.002723, 51.459005], [5.006133, 51.468307], [5.012128, 51.474327], [5.027527, 51.476807], [5.030318, 51.47443], [5.06029, 51.461976], [5.079927, 51.438541], [5.076413, 51.421901], [5.065251, 51.405907], [5.061737, 51.384255], [5.068145, 51.37454], [5.102561, 51.350665], [5.107832, 51.341984], [5.118064, 51.319918], [5.122922, 51.313381], [5.140182, 51.307386], [5.178836, 51.309505], [5.197336, 51.308342], [5.214906, 51.294338], [5.215423, 51.258733], [5.232993, 51.255916], [5.239456, 51.25693], [5.270717, 51.261833], [5.389056, 51.258707], [5.409933, 51.263539], [5.451894, 51.282116], [5.471635, 51.288085], [5.493235, 51.286535], [5.516696, 51.277233], [5.535197, 51.26204], [5.542328, 51.242661], [5.545532, 51.219924], [5.551407, 51.216767], [5.568373, 51.207651], [5.62501, 51.196902], [5.638549, 51.190907], [5.648161, 51.183957], [5.659013, 51.179074], [5.67617, 51.179177], [5.718028, 51.184603], [5.730844, 51.18375], [5.747173, 51.177601], [5.768051, 51.159462], [5.781383, 51.152409], [5.812079, 51.157318], [5.829132, 51.156465], [5.83802, 51.143727], [5.840501, 51.138921], [5.826445, 51.130162], [5.823241, 51.118741], [5.845979, 51.103393], [5.83678, 51.099492], [5.826652, 51.096908], [5.815903, 51.095875], [5.804948, 51.096624], [5.807428, 51.089389], [5.808978, 51.08634], [5.811769, 51.082309], [5.804327, 51.068589], [5.79885, 51.061484], [5.791305, 51.054998], [5.779626, 51.061303], [5.771461, 51.058125], [5.766397, 51.048436], [5.76402, 51.035181], [5.777559, 51.023553], [5.761746, 50.999162], [5.722369, 50.959423], [5.744693, 50.963247], [5.754305, 50.963092], [5.76402, 50.959423], [5.752548, 50.947227], [5.735288, 50.923973], [5.722369, 50.911674], [5.717614, 50.909245], [5.706039, 50.90661], [5.694463, 50.903664], [5.622323, 50.852659], [5.624493, 50.830284], [5.64072, 50.815039], [5.657432, 50.807641], [5.663251, 50.805065], [5.684852, 50.798503], [5.700458, 50.795557], [5.698701, 50.783775], [5.688366, 50.76083], [5.706556, 50.754216], [5.717408, 50.752821], [5.727846, 50.754164], [5.732777, 50.758851], [5.743556, 50.769099], [5.752444, 50.773439], [5.76247, 50.771011], [5.782933, 50.756696], [5.793165, 50.752149], [5.879878, 50.753544], [5.891288, 50.751246], [5.902203, 50.749048], [5.974756, 50.74755], [5.99491, 50.749927], [5.993256, 50.748066], [5.992636, 50.746258], [5.99274, 50.744449], [5.994187, 50.742589], [6.010826, 50.737059], [6.011343, 50.727447], [6.007623, 50.716905], [6.01155, 50.708534], [6.024779, 50.707552], [6.064363, 50.714477], [6.081003, 50.713495], [6.100227, 50.701299], [6.161102, 50.642181], [6.147769, 50.636755], [6.159448, 50.622389], [6.180015, 50.615516], [6.249055, 50.614431], [6.251329, 50.608437], [6.244301, 50.599548], [6.232932, 50.590763], [6.232932, 50.587146], [6.210608, 50.578671], [6.179085, 50.561979], [6.160688, 50.543583], [6.177328, 50.530198], [6.169473, 50.522499], [6.170817, 50.517951], [6.178878, 50.515781], [6.190557, 50.515212], [6.182599, 50.506582], [6.19066, 50.501828], [6.199239, 50.490408], [6.207197, 50.486325], [6.217119, 50.486015], [6.250915, 50.492681], [6.253086, 50.494077], [6.255566, 50.494593], [6.25784, 50.494077], [6.260114, 50.492681], [6.27541, 50.48803], [6.318715, 50.481674], [6.336905, 50.481003], [6.325743, 50.474026], [6.323262, 50.466016], [6.326156, 50.457025], [6.331634, 50.446896], [6.340212, 50.437853], [6.347343, 50.436974], [6.351167, 50.433564], [6.350444, 50.416872], [6.343313, 50.393308], [6.336388, 50.379923], [6.337732, 50.368089], [6.372458, 50.329436], [6.3734, 50.32308], [6.374525, 50.315483], [6.362019, 50.306956], [6.335458, 50.303856], [6.322022, 50.305406], [6.310653, 50.308248], [6.299491, 50.308868], [6.285952, 50.303856], [6.27603, 50.296104], [6.269415, 50.286492], [6.267348, 50.276416], [6.271792, 50.267424], [6.253396, 50.256778], [6.210401, 50.249027], [6.189627, 50.242722], [6.179808, 50.233007], [6.157174, 50.222724], [6.146839, 50.214042], [6.160171, 50.204534], [6.165752, 50.193165], [6.165132, 50.181899], [6.159138, 50.172443], [6.151696, 50.169342], [6.131749, 50.168308], [6.123171, 50.164898], [6.121311, 50.16159], [6.118003, 50.150377], [6.115833, 50.145467], [6.125962, 50.140196], [6.129476, 50.134047], [6.126582, 50.127329], [6.117487, 50.120456], [6.102604, 50.124745], [6.10033, 50.132652], [6.101467, 50.142108], [6.097126, 50.151307], [6.084207, 50.159317], [6.076456, 50.158645], [6.070048, 50.154201], [6.061366, 50.150738], [6.038628, 50.148413], [6.027363, 50.149447], [6.022967, 50.15082], [6.014134, 50.153581], [6.008036, 50.160919], [6.004729, 50.170479], [5.998321, 50.174975], [5.982921, 50.167068], [5.96163, 50.165621], [5.953156, 50.156371], [5.949021, 50.142677], [5.941063, 50.128311], [5.92618, 50.118337], [5.888973, 50.106607], [5.872437, 50.096892], [5.86882, 50.090535], [5.866856, 50.074309], [5.864375, 50.067488], [5.858278, 50.061803], [5.843705, 50.053638], [5.83771, 50.047437], [5.838847, 50.035862], [5.838847, 50.026457], [5.836367, 50.01855], [5.829132, 50.013589], [5.808875, 50.007801], [5.802674, 50.002479], [5.801537, 49.988681], [5.808565, 49.9831], [5.812596, 49.977571], [5.80164, 49.963825], [5.793372, 49.958812], [5.778593, 49.95659], [5.771565, 49.953541], [5.76371, 49.946823], [5.759989, 49.941604], [5.757612, 49.93654], [5.753581, 49.930183], [5.718958, 49.891374], [5.714927, 49.881866], [5.726709, 49.878197], [5.748827, 49.867293], [5.758129, 49.858198], [5.731877, 49.859955], [5.73198, 49.854167], [5.730533, 49.85117], [5.728673, 49.848845], [5.726916, 49.845227], [5.736528, 49.83944], [5.724642, 49.834272], [5.720198, 49.824712], [5.721645, 49.812775], [5.727743, 49.800217], [5.738285, 49.788848], [5.748414, 49.785644], [5.759162, 49.784456], [5.771875, 49.779392], [5.778489, 49.773035], [5.802054, 49.742856], [5.803604, 49.738154], [5.805774, 49.724201], [5.805361, 49.721876], [5.811769, 49.718517], [5.825721, 49.715778], [5.831716, 49.713607], [5.837297, 49.712936], [5.843705, 49.714331], [5.850216, 49.714021], [5.856004, 49.708078], [5.856403, 49.705807], [5.857347, 49.70043], [5.853627, 49.696296], [5.848769, 49.69273], [5.847219, 49.687201], [5.846702, 49.68069], [5.843705, 49.677486], [5.842258, 49.67392], [5.845772, 49.666582], [5.852593, 49.663223], [5.872644, 49.661724], [5.879878, 49.657745], [5.885459, 49.643534], [5.879878, 49.634853], [5.869957, 49.628858], [5.861998, 49.62276], [5.849183, 49.599713], [5.841224, 49.589687], [5.829959, 49.582763], [5.846909, 49.576717], [5.8374, 49.56111], [5.814456, 49.545142], [5.790685, 49.537753], [5.779006, 49.539613], [5.757095, 49.548398], [5.746346, 49.549431], [5.735598, 49.545711], [5.722679, 49.5346], [5.710276, 49.531086], [5.688676, 49.533515], [5.667178, 49.54044], [5.644647, 49.543799], [5.619739, 49.53553], [5.607854, 49.524937], [5.60558, 49.517754], [5.602273, 49.513723], [5.587493, 49.512431], [5.578915, 49.51393], [5.547599, 49.523438], [5.528789, 49.517961], [5.503674, 49.505093], [5.477732, 49.495223], [5.456132, 49.498944], [5.44993, 49.507832], [5.450964, 49.516772], [5.454168, 49.526177], [5.454375, 49.536616], [5.450241, 49.545762], [5.402078, 49.602451], [5.391166, 49.608817], [5.383475, 49.613304], [5.352469, 49.620693], [5.3411, 49.625137], [5.334899, 49.625809], [5.331178, 49.623122], [5.326941, 49.617644], [5.32167, 49.61258], [5.314538, 49.611133], [5.297898, 49.613252], [5.293041, 49.617179], [5.290664, 49.626378], [5.293764, 49.640537], [5.301826, 49.643896], [5.306373, 49.647513], [5.299449, 49.662499], [5.280122, 49.677899], [5.259244, 49.691335], [5.237644, 49.690973], [5.192478, 49.682808], [5.169431, 49.687201], [5.151241, 49.695986], [5.136358, 49.705339], [5.093776, 49.745337], [5.081891, 49.752727], [5.046234, 49.759393], [5.026287, 49.766731], [4.98908, 49.790554], [4.970993, 49.797065], [4.968371, 49.796981], [4.950013, 49.796393], [4.906604, 49.786471], [4.884177, 49.784146], [4.858029, 49.786575], [4.849037, 49.794171], [4.849244, 49.831585], [4.846763, 49.837528], [4.836945, 49.848018], [4.834878, 49.85303], [4.836738, 49.859128], [4.845626, 49.865846], [4.848934, 49.871066], [4.854308, 49.883313], [4.859372, 49.891684], [4.861956, 49.900314], [4.860199, 49.913337], [4.844593, 49.931734], [4.797257, 49.944291], [4.783925, 49.958295], [4.788265, 49.974263], [4.826713, 50.036017], [4.827643, 50.046714], [4.826093, 50.055034], [4.827229, 50.064077], [4.84604, 50.09069], [4.852137, 50.091621], [4.862886, 50.084076], [4.86516, 50.101594], [4.870534, 50.122265], [4.871878, 50.139783], [4.862679, 50.147586], [4.831364, 50.1434], [4.820098, 50.146449], [4.815551, 50.161332], [4.788575, 50.153374], [4.681915, 50.083921], [4.676128, 50.076066], [4.67344, 50.066196], [4.675818, 50.060201], [4.679538, 50.055189], [4.680572, 50.048316], [4.672924, 50.01638], [4.665896, 50.000515], [4.656697, 49.989095], [4.645845, 49.984495], [4.604194, 49.980206], [4.464771, 49.935609], [4.435109, 49.93225], [4.427651, 49.933572], [4.277599, 49.960156], [4.215953, 49.954408], [4.201118, 49.953024], [4.187682, 49.955505], [4.131665, 49.974987], [4.132365, 49.974946], [4.139623, 49.974522], [4.138383, 49.989198], [4.132905, 50.004494], [4.128151, 50.005786], [4.132285, 50.017568], [4.137349, 50.025061], [4.144584, 50.030797], [4.162877, 50.041805], [4.186028, 50.05245], [4.210006, 50.06015], [4.210316, 50.066713], [4.203392, 50.074671], [4.197397, 50.084076], [4.180551, 50.127226], [4.170629, 50.130481], [4.15988, 50.129396], [4.139933, 50.123557], [4.125774, 50.128156], [4.128151, 50.146243], [4.147374, 50.186343], [4.152749, 50.204534], [4.157296, 50.212698], [4.167942, 50.222465], [4.191506, 50.234299], [4.201325, 50.241534], [4.203702, 50.251973], [4.197604, 50.258484], [4.185201, 50.26546], [4.171766, 50.270886], [4.162774, 50.272953], [4.150268, 50.269543], [4.149751, 50.263135], [4.150992, 50.256262], [4.143654, 50.251611], [4.125257, 50.25714], [4.097868, 50.294812], [4.077198, 50.306646], [4.055907, 50.314553], [4.022731, 50.338117], [4.0033, 50.34406], [3.982113, 50.342613], [3.918551, 50.325456], [3.895917, 50.325301], [3.878037, 50.330779], [3.86088, 50.338479], [3.84021, 50.345197], [3.798662, 50.348452], [3.755047, 50.346334], [3.741508, 50.34313], [3.733446, 50.337239], [3.715463, 50.317653], [3.711122, 50.309333], [3.708435, 50.306336], [3.703887, 50.304321], [3.702234, 50.305251], [3.700787, 50.304683], [3.696859, 50.298223], [3.661719, 50.319307], [3.652934, 50.360183], [3.652831, 50.406847], [3.644356, 50.445501], [3.62813, 50.464363], [3.608286, 50.476507], [3.586375, 50.483483], [3.563741, 50.486532], [3.499145, 50.48679], [3.486743, 50.492681], [3.496458, 50.503792], [3.498008, 50.511853], [3.491497, 50.517073], [3.477131, 50.519863], [3.462868, 50.51914], [3.452636, 50.514851], [3.442714, 50.508494], [3.429175, 50.501828], [3.385354, 50.491648], [3.361066, 50.489787], [3.343599, 50.49294], [3.299881, 50.507461], [3.286755, 50.514075], [3.271045, 50.526943], [3.265878, 50.538312], [3.264327, 50.570196], [3.237869, 50.626472], [3.229808, 50.65541], [3.24376, 50.672102], [3.232391, 50.695925], [3.224433, 50.705175], [3.210997, 50.707965], [3.196941, 50.709206], [3.188983, 50.715097], [3.176684, 50.734114], [3.162811, 50.749939], [3.146195, 50.768892], [3.129245, 50.779072], [3.103304, 50.784085], [3.023817, 50.768262], [2.971425, 50.757833], [2.948378, 50.748686], [2.930188, 50.736232], [2.900112, 50.703108], [2.886883, 50.696648], [2.871276, 50.698767], [2.866726, 50.700091], [2.786734, 50.723365], [2.768234, 50.733235], [2.762963, 50.739385], [2.749527, 50.75959], [2.743842, 50.766205], [2.706635, 50.788787], [2.700021, 50.79628], [2.69692, 50.80305], [2.691856, 50.808838], [2.67873, 50.81323], [2.669222, 50.813902], [2.650618, 50.812248], [2.642453, 50.812455], [2.627777, 50.814419], [2.620439, 50.816486], [2.615168, 50.82217], [2.60659, 50.834831], [2.602042, 50.838087], [2.58995, 50.842014], [2.586746, 50.845425], [2.58778, 50.850024], [2.595531, 50.861134], [2.596668, 50.867646], [2.576928, 50.911519], [2.582715, 50.920666], [2.605763, 50.935238], [2.611654, 50.941233], [2.60845, 50.961128], [2.592741, 50.976114], [2.55698, 51.001177], [2.547059, 51.020479], [2.537033, 51.06461], [2.5218, 51.087541]]]}}, {"type": "Feature", "properties": {"name": "Netherlands", "ISO3166-1-Alpha-3": "NLD", "ISO3166-1-Alpha-2": "NL"}, "geometry": {"type": "MultiPolygon", "coordinates": [[[[7.194591, 53.245022], [7.197472, 53.216624], [7.198506, 53.200578], [7.195405, 53.184998], [7.188584, 53.167789], [7.174425, 53.145775], [7.171944, 53.137714], [7.172668, 53.125751], [7.176492, 53.119394], [7.181349, 53.114175], [7.18507, 53.105442], [7.194372, 53.033844], [7.192821, 52.998006], [7.183623, 52.966122], [7.161919, 52.932636], [7.079857, 52.854424], [7.072151, 52.841317], [7.061977, 52.824012], [7.053295, 52.790577], [7.043993, 52.682625], [7.036655, 52.647382], [7.018465, 52.625988], [6.982808, 52.632783], [6.967719, 52.636659], [6.91842, 52.632189], [6.8654, 52.641956], [6.770522, 52.641026], [6.737035, 52.634695], [6.719083, 52.626759], [6.701792, 52.619115], [6.710164, 52.60865], [6.7082, 52.599685], [6.703652, 52.59139], [6.703962, 52.583071], [6.71099, 52.576637], [6.743753, 52.559713], [6.688253, 52.542582], [6.671716, 52.541678], [6.684015, 52.525994], [6.687529, 52.50814], [6.688976, 52.490518], [6.695074, 52.475609], [6.714814, 52.461553], [6.741169, 52.453673], [6.820338, 52.446826], [6.872014, 52.434733], [6.90023, 52.431917], [6.926481, 52.432976], [6.951493, 52.437472], [6.960794, 52.442847], [6.966995, 52.449565], [6.9733, 52.451373], [7.034175, 52.390783], [7.048231, 52.365074], [7.039756, 52.328616], [7.019705, 52.300039], [7.012471, 52.284949], [7.011851, 52.26663], [7.020739, 52.245262], [7.0266, 52.238623], [7.029111, 52.235779], [7.02632, 52.230637], [6.981878, 52.213997], [6.97113, 52.206272], [6.947668, 52.182811], [6.927721, 52.171907], [6.88483, 52.160332], [6.8654, 52.1478], [6.843282, 52.119998], [6.830673, 52.112893], [6.771576, 52.108793], [6.765871, 52.108397], [6.749851, 52.102867], [6.732901, 52.091989], [6.72763, 52.086305], [6.719465, 52.073567], [6.711404, 52.067288], [6.699415, 52.063567], [6.688873, 52.063102], [6.679881, 52.060467], [6.672957, 52.050054], [6.675024, 52.034809], [6.69094, 52.027859], [6.712851, 52.023854], [6.77817, 52.001271], [6.804008, 51.984373], [6.809176, 51.979542], [6.811656, 51.972798], [6.810726, 51.960576], [6.805662, 51.957527], [6.798014, 51.956701], [6.789849, 51.951145], [6.767008, 51.925514], [6.743753, 51.908331], [6.716675, 51.899262], [6.628153, 51.897505], [6.528624, 51.876421], [6.479428, 51.853012], [6.462892, 51.848361], [6.442531, 51.848361], [6.378453, 51.860117], [6.386617, 51.837561], [6.382483, 51.827587], [6.344966, 51.821102], [6.341969, 51.836682], [6.325743, 51.842547], [6.287399, 51.846165], [6.282851, 51.849601], [6.271792, 51.8619], [6.264661, 51.866189], [6.256393, 51.866809], [6.22518, 51.862546], [6.191384, 51.87115], [6.159241, 51.887299], [6.126995, 51.89673], [6.092992, 51.88531], [6.105394, 51.87947], [6.142705, 51.855182], [6.156141, 51.842056], [6.140018, 51.844537], [6.116453, 51.848283], [6.084, 51.853658], [6.043279, 51.846862], [6.028913, 51.842108], [6.008243, 51.832574], [5.988916, 51.827458], [5.948091, 51.822962], [5.931451, 51.81565], [5.928041, 51.806736], [5.950778, 51.795909], [5.964111, 51.776556], [5.962354, 51.756351], [5.946056, 51.746288], [5.940133, 51.742631], [5.939306, 51.731882], [5.949228, 51.729376], [5.97827, 51.729789], [5.989742, 51.726379], [6.012067, 51.715863], [6.021989, 51.709506], [6.008553, 51.681188], [6.031497, 51.662998], [6.099193, 51.644472], [6.087514, 51.622096], [6.08214, 51.607807], [6.086481, 51.595534], [6.15304, 51.538431], [6.193348, 51.509338], [6.200479, 51.476575], [6.205337, 51.458436], [6.201719, 51.438644], [6.194071, 51.417379], [6.192727, 51.398957], [6.207817, 51.387666], [6.202029, 51.378881], [6.198929, 51.35697], [6.193554, 51.344516], [6.183632, 51.335705], [6.158208, 51.324594], [6.147769, 51.318161], [6.096506, 51.25881], [6.075422, 51.242661], [6.06519, 51.231629], [6.056612, 51.211707], [6.053718, 51.189383], [6.060849, 51.170909], [6.08431, 51.162692], [6.134126, 51.184215], [6.157071, 51.179254], [6.149113, 51.176335], [6.126272, 51.164578], [6.147252, 51.152254], [6.132369, 51.139825], [6.075422, 51.120369], [5.982921, 51.074687], [5.969485, 51.06492], [5.950262, 51.03947], [5.937963, 51.030943], [5.919566, 51.029703], [5.906233, 51.037403], [5.894348, 51.047144], [5.880498, 51.052053], [5.85249, 51.042751], [5.858174, 51.019342], [5.873574, 50.990584], [5.874607, 50.965366], [5.88825, 50.967123], [5.914192, 50.975236], [5.927731, 50.977665], [5.94158, 50.976476], [5.967832, 50.970998], [6.003695, 50.973737], [6.005762, 50.968518], [5.999664, 50.960095], [5.99584, 50.951775], [5.997287, 50.937357], [5.999871, 50.929399], [6.007519, 50.924076], [6.031084, 50.914723], [6.063743, 50.90754], [6.061779, 50.903509], [6.056508, 50.898083], [6.054648, 50.891468], [6.063123, 50.870901], [6.062813, 50.862943], [6.056715, 50.852659], [6.045553, 50.844184], [6.023022, 50.845425], [6.009276, 50.840464], [6.000491, 50.830439], [6.001421, 50.821809], [6.003592, 50.81261], [5.998321, 50.800725], [5.983955, 50.792198], [5.968762, 50.794627], [5.972999, 50.781811], [5.980647, 50.773439], [5.990569, 50.769047], [5.997081, 50.762949], [5.99491, 50.749927], [5.974756, 50.74755], [5.902203, 50.749048], [5.891288, 50.751246], [5.879878, 50.753544], [5.793165, 50.752149], [5.782933, 50.756696], [5.76247, 50.771011], [5.752444, 50.773439], [5.743556, 50.769099], [5.732777, 50.758851], [5.727846, 50.754164], [5.717408, 50.752821], [5.706556, 50.754216], [5.688366, 50.76083], [5.698701, 50.783775], [5.700458, 50.795557], [5.684852, 50.798503], [5.663251, 50.805065], [5.657432, 50.807641], [5.64072, 50.815039], [5.624493, 50.830284], [5.622323, 50.852659], [5.694463, 50.903664], [5.706039, 50.90661], [5.717614, 50.909245], [5.722369, 50.911674], [5.735288, 50.923973], [5.752548, 50.947227], [5.76402, 50.959423], [5.754305, 50.963092], [5.744693, 50.963247], [5.722369, 50.959423], [5.761746, 50.999162], [5.777559, 51.023553], [5.76402, 51.035181], [5.766397, 51.048436], [5.771461, 51.058125], [5.779626, 51.061303], [5.791305, 51.054998], [5.79885, 51.061484], [5.804327, 51.068589], [5.811769, 51.082309], [5.808978, 51.08634], [5.807428, 51.089389], [5.804948, 51.096624], [5.815903, 51.095875], [5.826652, 51.096908], [5.83678, 51.099492], [5.845979, 51.103393], [5.823241, 51.118741], [5.826445, 51.130162], [5.840501, 51.138921], [5.83802, 51.143727], [5.829132, 51.156465], [5.812079, 51.157318], [5.781383, 51.152409], [5.768051, 51.159462], [5.747173, 51.177601], [5.730844, 51.18375], [5.718028, 51.184603], [5.67617, 51.179177], [5.659013, 51.179074], [5.648161, 51.183957], [5.638549, 51.190907], [5.62501, 51.196902], [5.568373, 51.207651], [5.551407, 51.216767], [5.545532, 51.219924], [5.542328, 51.242661], [5.535197, 51.26204], [5.516696, 51.277233], [5.493235, 51.286535], [5.471635, 51.288085], [5.451894, 51.282116], [5.409933, 51.263539], [5.389056, 51.258707], [5.270717, 51.261833], [5.239456, 51.25693], [5.232993, 51.255916], [5.215423, 51.258733], [5.214906, 51.294338], [5.197336, 51.308342], [5.178836, 51.309505], [5.140182, 51.307386], [5.122922, 51.313381], [5.118064, 51.319918], [5.107832, 51.341984], [5.102561, 51.350665], [5.068145, 51.37454], [5.061737, 51.384255], [5.065251, 51.405907], [5.076413, 51.421901], [5.079927, 51.438541], [5.06029, 51.461976], [5.030318, 51.47443], [5.027527, 51.476807], [5.012128, 51.474327], [5.006133, 51.468307], [5.002723, 51.459005], [4.995798, 51.446706], [4.980192, 51.430531], [4.957144, 51.410997], [4.931926, 51.395624], [4.910325, 51.391903], [4.871671, 51.403039], [4.853274, 51.40614], [4.783304, 51.407638], [4.762117, 51.413375], [4.767802, 51.425389], [4.779067, 51.426423], [4.822682, 51.413685], [4.815447, 51.431074], [4.819891, 51.446215], [4.826093, 51.460555], [4.823922, 51.475645], [4.813587, 51.48412], [4.796844, 51.491018], [4.778654, 51.495359], [4.764184, 51.496238], [4.731215, 51.485618], [4.653907, 51.426216], [4.643571, 51.42141], [4.630136, 51.418206], [4.614633, 51.41756], [4.582697, 51.422599], [4.553861, 51.419291], [4.540632, 51.420067], [4.521512, 51.428645], [4.523372, 51.438412], [4.531847, 51.450866], [4.533191, 51.467583], [4.525232, 51.475929], [4.512623, 51.477376], [4.483064, 51.474327], [4.429424, 51.461976], [4.377128, 51.442882], [4.38922, 51.434588], [4.387153, 51.427456], [4.380642, 51.419653], [4.379918, 51.409525], [4.38767, 51.400533], [4.410097, 51.38379], [4.416195, 51.373971], [4.411234, 51.356737], [4.392217, 51.350407], [4.345605, 51.352293], [4.326278, 51.356427], [4.290105, 51.368752], [4.281124, 51.368947], [4.261068, 51.369379], [4.257091, 51.372504], [4.249034, 51.384223], [4.246349, 51.39643], [4.246837, 51.406724], [4.244884, 51.414496], [4.234711, 51.419013], [4.222992, 51.409491], [4.20102, 51.405341], [4.111095, 51.406968], [4.090343, 51.411282], [4.07016, 51.419013], [4.015147, 51.44892], [3.99879, 51.453111], [3.957042, 51.455797], [3.943126, 51.450385], [3.913422, 51.415269], [3.90211, 51.404934], [3.886729, 51.399807], [3.850759, 51.397366], [3.837901, 51.392239], [3.827159, 51.391059], [3.816417, 51.39411], [3.789073, 51.412177], [3.72877, 51.430813], [3.689708, 51.454291], [3.674001, 51.45539], [3.632579, 51.445705], [3.610037, 51.445054], [3.553396, 51.453111], [3.535411, 51.459215], [3.520193, 51.473375], [3.506847, 51.489325], [3.494802, 51.500922], [3.461925, 51.518988], [3.45102, 51.529731], [3.447032, 51.545966], [3.45753, 51.55508], [3.560395, 51.594631], [3.828868, 51.612738], [3.851085, 51.610785], [3.866059, 51.605414], [3.882172, 51.596096], [3.896495, 51.583808], [3.905772, 51.569241], [3.895274, 51.566596], [3.878266, 51.559394], [3.871593, 51.555569], [3.871593, 51.549384], [3.967296, 51.543118], [4.01588, 51.530829], [4.05714, 51.508368], [4.070323, 51.492743], [4.090017, 51.458238], [4.104828, 51.445705], [4.128754, 51.441352], [4.180837, 51.445868], [4.20045, 51.439521], [4.220225, 51.443549], [4.252778, 51.442532], [4.263845, 51.444403], [4.283214, 51.447699], [4.296723, 51.470526], [4.288585, 51.492133], [4.267751, 51.508287], [4.239757, 51.5185], [4.230479, 51.519558], [4.194672, 51.523586], [4.153331, 51.535061], [4.13795, 51.535875], [4.106293, 51.533515], [4.091319, 51.535061], [4.067231, 51.544013], [3.988129, 51.590277], [4.041189, 51.606024], [4.067719, 51.610663], [4.157237, 51.607896], [4.18336, 51.602932], [4.206879, 51.590522], [4.207286, 51.590277], [4.202647, 51.609117], [4.189952, 51.616685], [4.186127, 51.616807], [4.146658, 51.617865], [4.135997, 51.620429], [4.125987, 51.624701], [4.118012, 51.630683], [4.112966, 51.63939], [4.109874, 51.650865], [4.10963, 51.662299], [4.112641, 51.670803], [4.125662, 51.679633], [4.142914, 51.684149], [4.176931, 51.685858], [4.166352, 51.692694], [4.141124, 51.703925], [4.071544, 51.71719], [4.05714, 51.730292], [4.050792, 51.763495], [4.033946, 51.784247], [4.009776, 51.797919], [3.981456, 51.810004], [3.962576, 51.801215], [3.937185, 51.796332], [3.911388, 51.796373], [3.891856, 51.792955], [3.888194, 51.788886], [3.881114, 51.788072], [3.871593, 51.788275], [3.862315, 51.816067], [3.891368, 51.828274], [3.954112, 51.840155], [3.962657, 51.847357], [3.982188, 51.848293], [4.015636, 51.843573], [4.043468, 51.834215], [4.047618, 51.833686], [4.055024, 51.834215], [4.06544, 51.837104], [4.077647, 51.843573], [4.070079, 51.852729], [4.044607, 51.874498], [4.037852, 51.877916], [4.032074, 51.882025], [4.029796, 51.888251], [4.031993, 51.896064], [4.036632, 51.901557], [4.04127, 51.905504], [4.043468, 51.908677], [4.040212, 51.924058], [4.021169, 51.963324], [4.01002, 51.980129], [4.015636, 51.987698], [4.022472, 51.994371], [4.069021, 51.987942], [4.107677, 51.991889], [4.141856, 52.005601], [4.284679, 52.112942], [4.406912, 52.223456], [4.508149, 52.336371], [4.568614, 52.445258], [4.577322, 52.473578], [4.577322, 52.480943], [4.596934, 52.506578], [4.639334, 52.70067], [4.657074, 52.75019], [4.659841, 52.765286], [4.669444, 52.796576], [4.711681, 52.863105], [4.721365, 52.895941], [4.722423, 52.914496], [4.72641, 52.9383], [4.733897, 52.958889], [4.745453, 52.967597], [4.806977, 52.961819], [4.816905, 52.967597], [4.824392, 52.96015], [4.809418, 52.929592], [4.832774, 52.911322], [4.87379, 52.903957], [4.913097, 52.905585], [4.935802, 52.913398], [4.978282, 52.935696], [4.999034, 52.940334], [5.03891, 52.943508], [5.078136, 52.954006], [5.27947, 53.062934], [5.2942, 53.073432], [5.312755, 53.082831], [5.358897, 53.089342], [5.379242, 53.097357], [5.39975, 53.122056], [5.427094, 53.190334], [5.447439, 53.220893], [5.482595, 53.245551], [5.504242, 53.257025], [5.541026, 53.266588], [5.557872, 53.278022], [5.573497, 53.291653], [5.591563, 53.302802], [5.611827, 53.307115], [5.659679, 53.311957], [5.694591, 53.330064], [5.854747, 53.368801], [5.890798, 53.384263], [5.913748, 53.385403], [5.980805, 53.406073], [6.077322, 53.408922], [6.186046, 53.410997], [6.273936, 53.412665], [6.284353, 53.410549], [6.301931, 53.401109], [6.311534, 53.398993], [6.320079, 53.400702], [6.345551, 53.412665], [6.494395, 53.438707], [6.730235, 53.460639], [6.829112, 53.450588], [6.849783, 53.444892], [6.866873, 53.434272], [6.900564, 53.351793], [6.905772, 53.350491], [6.930024, 53.340074], [6.931895, 53.337592], [6.936697, 53.335395], [6.941661, 53.330715], [6.948578, 53.326077], [6.980154, 53.31977], [7.02003, 53.306138], [7.037771, 53.309638], [7.046235, 53.30386], [7.058279, 53.301947], [7.070079, 53.303941], [7.078624, 53.309638], [7.08546, 53.309638], [7.08546, 53.302802], [7.077485, 53.298651], [7.073497, 53.29564], [7.073741, 53.291327], [7.078624, 53.282945], [7.08074, 53.266791], [7.111095, 53.256334], [7.18336, 53.245103], [7.194591, 53.245022]]], [[[3.349415, 51.375223], [3.510916, 51.407945], [3.525727, 51.415595], [3.541352, 51.416734], [3.604666, 51.391059], [3.702159, 51.373603], [3.734223, 51.35578], [3.755544, 51.350084], [3.795909, 51.350084], [3.833995, 51.343248], [3.858165, 51.345445], [3.955821, 51.371772], [3.969249, 51.381659], [3.97462, 51.401597], [3.984141, 51.410468], [4.005707, 51.409817], [4.029063, 51.404202], [4.043468, 51.398505], [4.050059, 51.392239], [4.06129, 51.376654], [4.07016, 51.370551], [4.081309, 51.36815], [4.105479, 51.366116], [4.115489, 51.360989], [4.121918, 51.359361], [4.156505, 51.357571], [4.173676, 51.373725], [4.180024, 51.377427], [4.199555, 51.376044], [4.221491, 51.368001], [4.220962, 51.363817], [4.21352, 51.340537], [4.207939, 51.330589], [4.168562, 51.29687], [4.118952, 51.272401], [3.995032, 51.23323], [3.949454, 51.210777], [3.927026, 51.206255], [3.808687, 51.205325], [3.796285, 51.208762], [3.781402, 51.219872], [3.779748, 51.230311], [3.781402, 51.241421], [3.776234, 51.254521], [3.757321, 51.262324], [3.635054, 51.287827], [3.609526, 51.290436], [3.584825, 51.289532], [3.545034, 51.283925], [3.529014, 51.283331], [3.514338, 51.281031], [3.503383, 51.273952], [3.501522, 51.262402], [3.504106, 51.249741], [3.501212, 51.240284], [3.453877, 51.235633], [3.421941, 51.237985], [3.398798, 51.244698], [3.391658, 51.24677], [3.36737, 51.263487], [3.353211, 51.288602], [3.353934, 51.311908], [3.358068, 51.336713], [3.349415, 51.375223]]], [[[-68.211537, 12.228095], [-68.204661, 12.223212], [-68.194203, 12.213935], [-68.190012, 12.20482], [-68.201568, 12.200832], [-68.210846, 12.19009], [-68.203603, 12.137763], [-68.205312, 12.118232], [-68.213938, 12.111802], [-68.232167, 12.110745], [-68.23884, 12.10456], [-68.238352, 12.095771], [-68.228342, 12.069973], [-68.225819, 12.060248], [-68.227528, 12.050727], [-68.231842, 12.037991], [-68.237294, 12.026801], [-68.242543, 12.02204], [-68.254221, 12.023627], [-68.259674, 12.028062], [-68.280629, 12.072211], [-68.28539, 12.090074], [-68.287262, 12.108303], [-68.282826, 12.139594], [-68.282216, 12.159898], [-68.287262, 12.180325], [-68.302561, 12.202948], [-68.321278, 12.213853], [-68.369781, 12.221259], [-68.391835, 12.227769], [-68.410715, 12.240302], [-68.417388, 12.257025], [-68.40331, 12.276516], [-68.410756, 12.282701], [-68.406484, 12.294623], [-68.400054, 12.304389], [-68.390452, 12.310207], [-68.376617, 12.310045], [-68.36148, 12.302191], [-68.340443, 12.27497], [-68.331899, 12.269029], [-68.314849, 12.264838], [-68.252512, 12.235541], [-68.22053, 12.231147], [-68.211537, 12.228095]]], [[[-62.997141, 17.525621], [-62.983797, 17.517683], [-62.977254, 17.504137], [-62.965257, 17.498916], [-62.945065, 17.485384], [-62.948904, 17.472375], [-62.958723, 17.464571], [-62.981086, 17.467724], [-62.9947, 17.492133], [-62.997141, 17.525621]]], [[[4.036632, 51.685858], [4.07838, 51.678616], [4.097341, 51.670233], [4.099376, 51.65412], [4.089041, 51.644029], [4.072602, 51.636908], [4.054861, 51.632636], [3.978038, 51.623277], [3.960297, 51.623847], [3.923106, 51.632473], [3.901541, 51.641995], [3.891938, 51.655504], [3.88559, 51.668362], [3.869802, 51.676093], [3.830577, 51.685858], [3.823904, 51.689887], [3.817638, 51.695258], [3.809255, 51.69953], [3.795909, 51.700141], [3.771251, 51.68183], [3.765391, 51.678412], [3.720551, 51.676825], [3.700043, 51.680609], [3.686697, 51.692694], [3.689464, 51.725043], [3.725841, 51.739732], [3.810069, 51.747301], [3.81422, 51.748236], [3.830577, 51.747301], [3.843761, 51.742825], [3.939626, 51.741156], [3.961762, 51.738105], [3.978038, 51.730292], [4.015391, 51.701728], [4.020274, 51.696479], [4.026622, 51.691107], [4.036632, 51.685858]]], [[[4.892589, 53.111029], [4.892589, 53.104804], [4.913097, 53.104804], [4.906098, 53.091702], [4.893077, 53.076117], [4.865245, 53.050198], [4.818126, 53.02676], [4.795665, 53.000312], [4.761974, 52.99433], [4.726817, 53.003079], [4.707693, 53.028469], [4.713878, 53.054633], [4.733653, 53.084215], [4.758474, 53.108466], [4.805675, 53.133002], [4.829275, 53.162991], [4.85434, 53.18773], [4.885753, 53.186713], [4.889822, 53.180854], [4.8921, 53.175727], [4.891368, 53.170966], [4.885753, 53.166205], [4.899913, 53.15233], [4.910167, 53.134589], [4.909923, 53.118842], [4.892589, 53.111029]]], [[[4.878917, 53.220893], [4.921235, 53.25373], [4.986501, 53.289984], [5.054454, 53.313788], [5.104828, 53.309638], [5.104828, 53.302802], [5.078136, 53.302802], [5.065603, 53.298489], [5.036469, 53.291815], [4.95753, 53.245551], [4.93572, 53.225979], [4.910167, 53.21247], [4.878917, 53.220893]]], [[[5.423595, 53.430365], [5.437022, 53.436469], [5.585297, 53.453599], [5.562022, 53.434312], [5.533702, 53.428371], [5.475434, 53.426947], [5.477387, 53.423529], [5.479747, 53.416205], [5.4817, 53.412665], [5.468598, 53.408515], [5.427013, 53.40644], [5.382498, 53.39468], [5.346934, 53.389228], [5.208344, 53.352688], [5.179861, 53.353095], [5.167654, 53.368232], [5.178884, 53.385443], [5.232432, 53.396715], [5.250173, 53.40644], [5.27296, 53.406073], [5.407237, 53.422553], [5.423595, 53.430365]]], [[[5.674001, 53.467922], [5.913829, 53.473863], [5.9546, 53.461086], [5.855642, 53.447414], [5.752778, 53.447414], [5.727061, 53.443345], [5.678966, 53.430121], [5.653575, 53.433743], [5.636078, 53.448676], [5.641938, 53.463365], [5.658865, 53.471869], [5.674001, 53.467922]]], [[[6.211762, 53.508857], [6.310802, 53.514146], [6.338715, 53.508857], [6.338715, 53.502021], [6.325043, 53.502021], [6.153168, 53.468817], [6.133311, 53.453599], [6.127452, 53.459906], [6.127126, 53.46308], [6.133311, 53.467922], [6.122813, 53.481635], [6.14796, 53.494859], [6.185395, 53.504869], [6.211762, 53.508857]]], [[[6.441173, 53.556627], [6.455089, 53.558092], [6.510102, 53.543606], [6.505626, 53.543769], [6.501964, 53.542548], [6.498871, 53.539984], [6.49643, 53.5362], [6.460704, 53.543362], [6.443044, 53.549994], [6.441173, 53.556627]]], [[[-63.238433, 17.646918], [-63.230295, 17.64232], [-63.223704, 17.629218], [-63.229482, 17.618232], [-63.238393, 17.614691], [-63.251332, 17.623765], [-63.248931, 17.640367], [-63.238433, 17.646918]]]]}}]}