config_id,exp,year_train,year_test,tracks,M,draw,obs,learner,variant,control,window,n_features,n_test,fit_seconds,prereg_sha256,path,utc,pairs
c20367dc3aef,E1,2025,2025,37,1,uniform,O1,HGB,primary,,,2,11005,11.1,58970ccc7c7732eefbc9244a28b4809b3f3beb05bc9c13bd5e6803627bde93e5,E1\c20367dc3aef.npz,2026-09-30T21:46:48+00:00,2025-06-12_2025-06-24
0ae4e15a9df9,E1,2025,2025,37,1,uniform,O2,HGB,primary,,,6,11005,13.5,58970ccc7c7732eefbc9244a28b4809b3f3beb05bc9c13bd5e6803627bde93e5,E1\0ae4e15a9df9.npz,2026-09-30T21:47:01+00:00,2025-06-12_2025-06-24
25a7a0666764,E1,2025,2025,37,1,uniform,O3,HGB,primary,,,7,11005,14.0,58970ccc7c7732eefbc9244a28b4809b3f3beb05bc9c13bd5e6803627bde93e5,E1\25a7a0666764.npz,2026-09-30T21:47:15+00:00,2025-06-12_2025-06-24
5c94e312074c,E1,2025,2025,37,1,uniform,O5,HGB,primary,,,1,11005,10.3,58970ccc7c7732eefbc9244a28b4809b3f3beb05bc9c13bd5e6803627bde93e5,E1\5c94e312074c.npz,2026-09-30T21:47:26+00:00,2025-06-12_2025-06-24
40f776619cfe,E1,2025,2025,37,2,uniform,O1,HGB,primary,,,4,11005,12.1,58970ccc7c7732eefbc9244a28b4809b3f3beb05bc9c13bd5e6803627bde93e5,E1\40f776619cfe.npz,2026-09-30T21:47:38+00:00,2025-03-08_2025-03-20;2025-10-10_2025-10-22
9f31c432b60f,E1,2025,2025,37,2,uniform,O2,HGB,primary,,,12,11005,16.7,58970ccc7c7732eefbc9244a28b4809b3f3beb05bc9c13bd5e6803627bde93e5,E1\9f31c432b60f.npz,2026-09-30T21:47:54+00:00,2025-03-08_2025-03-20;2025-10-10_2025-10-22
9124d26b7936,E1,2025,2025,37,2,uniform,O3,HGB,primary,,,14,11005,17.7,58970ccc7c7732eefbc9244a28b4809b3f3beb05bc9c13bd5e6803627bde93e5,E1\9124d26b7936.npz,2026-09-30T21:48:12+00:00,2025-03-08_2025-03-20;2025-10-10_2025-10-22
8f6d69f13c8c,E1,2025,2025,37,2,uniform,O5,HGB,primary,,,2,11005,10.8,58970ccc7c7732eefbc9244a28b4809b3f3beb05bc9c13bd5e6803627bde93e5,E1\8f6d69f13c8c.npz,2026-09-30T21:48:23+00:00,2025-03-08_2025-03-20;2025-10-10_2025-10-22
dcb0ba77e526,E1,2025,2025,37,3,uniform,O1,HGB,primary,,,6,11005,13.2,58970ccc7c7732eefbc9244a28b4809b3f3beb05bc9c13bd5e6803627bde93e5,E1\dcb0ba77e526.npz,2026-09-30T21:48:36+00:00,2025-03-08_2025-03-20;2025-06-12_2025-06-24;2025-10-10_2025-10-22
23dbcdf1b280,E1,2025,2025,37,3,uniform,O2,HGB,primary,,,18,11005,20.2,58970ccc7c7732eefbc9244a28b4809b3f3beb05bc9c13bd5e6803627bde93e5,E1\23dbcdf1b280.npz,2026-09-30T21:48:56+00:00,2025-03-08_2025-03-20;2025-06-12_2025-06-24;2025-10-10_2025-10-22
d2a7034d400c,E1,2025,2025,37,3,uniform,O3,HGB,primary,,,21,11005,21.7,58970ccc7c7732eefbc9244a28b4809b3f3beb05bc9c13bd5e6803627bde93e5,E1\d2a7034d400c.npz,2026-09-30T21:49:18+00:00,2025-03-08_2025-03-20;2025-06-12_2025-06-24;2025-10-10_2025-10-22
686a35386e2a,E1,2025,2025,37,3,uniform,O5,HGB,primary,,,3,11005,11.3,58970ccc7c7732eefbc9244a28b4809b3f3beb05bc9c13bd5e6803627bde93e5,E1\686a35386e2a.npz,2026-09-30T21:49:29+00:00,2025-03-08_2025-03-20;2025-06-12_2025-06-24;2025-10-10_2025-10-22
09d3e5fe4822,E1,2025,2025,37,4,uniform,O1,HGB,primary,,,8,11005,14.2,58970ccc7c7732eefbc9244a28b4809b3f3beb05bc9c13bd5e6803627bde93e5,E1\09d3e5fe4822.npz,2026-09-30T21:49:43+00:00,2025-03-08_2025-03-20;2025-06-12_2025-06-24;2025-08-23_2025-09-04;2025-10-10_2025-10-22
3a28d726b8c3,E1,2025,2025,37,4,uniform,O2,HGB,primary,,,24,11005,22.8,58970ccc7c7732eefbc9244a28b4809b3f3beb05bc9c13bd5e6803627bde93e5,E1\3a28d726b8c3.npz,2026-09-30T21:50:06+00:00,2025-03-08_2025-03-20;2025-06-12_2025-06-24;2025-08-23_2025-09-04;2025-10-10_2025-10-22
7781cd13f2de,E1,2025,2025,37,4,uniform,O3,HGB,primary,,,28,11005,25.4,58970ccc7c7732eefbc9244a28b4809b3f3beb05bc9c13bd5e6803627bde93e5,E1\7781cd13f2de.npz,2026-09-30T21:50:32+00:00,2025-03-08_2025-03-20;2025-06-12_2025-06-24;2025-08-23_2025-09-04;2025-10-10_2025-10-22
d2770d83ee6e,E1,2025,2025,37,4,uniform,O5,HGB,primary,,,4,11005,12.1,58970ccc7c7732eefbc9244a28b4809b3f3beb05bc9c13bd5e6803627bde93e5,E1\d2770d83ee6e.npz,2026-09-30T21:50:44+00:00,2025-03-08_2025-03-20;2025-06-12_2025-06-24;2025-08-23_2025-09-04;2025-10-10_2025-10-22
04e1f556d206,E1,2025,2025,37,6,uniform,O1,HGB,primary,,,12,11005,16.8,58970ccc7c7732eefbc9244a28b4809b3f3beb05bc9c13bd5e6803627bde93e5,E1\04e1f556d206.npz,2026-09-30T21:51:01+00:00,2025-03-08_2025-03-20;2025-04-25_2025-05-07;2025-06-12_2025-06-24;2025-07-06_2025-07-18;2025-08-23_2025-09-04;2025-10-10_2025-10-22
3030f0da3bdf,E1,2025,2025,37,6,uniform,O2,HGB,primary,,,36,11005,29.5,58970ccc7c7732eefbc9244a28b4809b3f3beb05bc9c13bd5e6803627bde93e5,E1\3030f0da3bdf.npz,2026-09-30T21:51:30+00:00,2025-03-08_2025-03-20;2025-04-25_2025-05-07;2025-06-12_2025-06-24;2025-07-06_2025-07-18;2025-08-23_2025-09-04;2025-10-10_2025-10-22
e29b37d6cccc,E1,2025,2025,37,6,uniform,O3,HGB,primary,,,42,11005,33.2,58970ccc7c7732eefbc9244a28b4809b3f3beb05bc9c13bd5e6803627bde93e5,E1\e29b37d6cccc.npz,2026-09-30T21:52:03+00:00,2025-03-08_2025-03-20;2025-04-25_2025-05-07;2025-06-12_2025-06-24;2025-07-06_2025-07-18;2025-08-23_2025-09-04;2025-10-10_2025-10-22
ae8ec6f0dd09,E1,2025,2025,37,6,uniform,O5,HGB,primary,,,6,11005,13.2,58970ccc7c7732eefbc9244a28b4809b3f3beb05bc9c13bd5e6803627bde93e5,E1\ae8ec6f0dd09.npz,2026-09-30T21:52:16+00:00,2025-03-08_2025-03-20;2025-04-25_2025-05-07;2025-06-12_2025-06-24;2025-07-06_2025-07-18;2025-08-23_2025-09-04;2025-10-10_2025-10-22
712db061c93e,E1,2025,2025,37,8,uniform,O1,HGB,primary,,,16,11005,18.5,58970ccc7c7732eefbc9244a28b4809b3f3beb05bc9c13bd5e6803627bde93e5,E1\712db061c93e.npz,2026-09-30T21:52:35+00:00,2025-03-08_2025-03-20;2025-04-01_2025-04-13;2025-04-25_2025-05-07;2025-05-19_2025-05-31;2025-06-12_2025-06-24;2025-07-06_2025-07-18;2025-08-23_2025-09-04;2025-10-10_2025-10-22
fc46e6a7d38f,E1,2025,2025,37,8,uniform,O2,HGB,primary,,,48,11005,36.5,58970ccc7c7732eefbc9244a28b4809b3f3beb05bc9c13bd5e6803627bde93e5,E1\fc46e6a7d38f.npz,2026-09-30T21:53:11+00:00,2025-03-08_2025-03-20;2025-04-01_2025-04-13;2025-04-25_2025-05-07;2025-05-19_2025-05-31;2025-06-12_2025-06-24;2025-07-06_2025-07-18;2025-08-23_2025-09-04;2025-10-10_2025-10-22
5dd145f1a1c8,E1,2025,2025,37,8,uniform,O3,HGB,primary,,,56,11005,41.2,58970ccc7c7732eefbc9244a28b4809b3f3beb05bc9c13bd5e6803627bde93e5,E1\5dd145f1a1c8.npz,2026-09-30T21:53:53+00:00,2025-03-08_2025-03-20;2025-04-01_2025-04-13;2025-04-25_2025-05-07;2025-05-19_2025-05-31;2025-06-12_2025-06-24;2025-07-06_2025-07-18;2025-08-23_2025-09-04;2025-10-10_2025-10-22
d44d81b1d623,E1,2025,2025,37,8,uniform,O5,HGB,primary,,,8,11005,14.8,58970ccc7c7732eefbc9244a28b4809b3f3beb05bc9c13bd5e6803627bde93e5,E1\d44d81b1d623.npz,2026-09-30T21:54:07+00:00,2025-03-08_2025-03-20;2025-04-01_2025-04-13;2025-04-25_2025-05-07;2025-05-19_2025-05-31;2025-06-12_2025-06-24;2025-07-06_2025-07-18;2025-08-23_2025-09-04;2025-10-10_2025-10-22
22a4ccc02346,E1,2025,2025,37,9,uniform,O1,HGB,primary,,,18,11005,19.9,58970ccc7c7732eefbc9244a28b4809b3f3beb05bc9c13bd5e6803627bde93e5,E1\22a4ccc02346.npz,2026-09-30T21:54:27+00:00,2025-03-08_2025-03-20;2025-04-01_2025-04-13;2025-04-25_2025-05-07;2025-05-19_2025-05-31;2025-06-12_2025-06-24;2025-07-06_2025-07-18;2025-08-23_2025-09-04;2025-09-16_2025-09-28;2025-10-10_2025-10-22
3e434bdb2f41,E1,2025,2025,37,9,uniform,O2,HGB,primary,,,54,11005,39.3,58970ccc7c7732eefbc9244a28b4809b3f3beb05bc9c13bd5e6803627bde93e5,E1\3e434bdb2f41.npz,2026-09-30T21:55:07+00:00,2025-03-08_2025-03-20;2025-04-01_2025-04-13;2025-04-25_2025-05-07;2025-05-19_2025-05-31;2025-06-12_2025-06-24;2025-07-06_2025-07-18;2025-08-23_2025-09-04;2025-09-16_2025-09-28;2025-10-10_2025-10-22
f75af2807689,E1,2025,2025,37,9,uniform,O3,HGB,primary,,,63,11005,47.2,58970ccc7c7732eefbc9244a28b4809b3f3beb05bc9c13bd5e6803627bde93e5,E1\f75af2807689.npz,2026-09-30T21:55:54+00:00,2025-03-08_2025-03-20;2025-04-01_2025-04-13;2025-04-25_2025-05-07;2025-05-19_2025-05-31;2025-06-12_2025-06-24;2025-07-06_2025-07-18;2025-08-23_2025-09-04;2025-09-16_2025-09-28;2025-10-10_2025-10-22
488dd8f8d08b,E1,2025,2025,37,9,uniform,O5,HGB,primary,,,9,11005,16.2,58970ccc7c7732eefbc9244a28b4809b3f3beb05bc9c13bd5e6803627bde93e5,E1\488dd8f8d08b.npz,2026-09-30T21:56:10+00:00,2025-03-08_2025-03-20;2025-04-01_2025-04-13;2025-04-25_2025-05-07;2025-05-19_2025-05-31;2025-06-12_2025-06-24;2025-07-06_2025-07-18;2025-08-23_2025-09-04;2025-09-16_2025-09-28;2025-10-10_2025-10-22
4f07be2689f0,E1,2025,2025,88,1,uniform,O1,HGB,primary,,,2,11005,11.7,58970ccc7c7732eefbc9244a28b4809b3f3beb05bc9c13bd5e6803627bde93e5,E1\4f07be2689f0.npz,2026-09-30T21:56:22+00:00,2025-06-15_2025-06-27
17e31d235df6,E1,2025,2025,88,1,uniform,O2,HGB,primary,,,6,11005,13.9,58970ccc7c7732eefbc9244a28b4809b3f3beb05bc9c13bd5e6803627bde93e5,E1\17e31d235df6.npz,2026-09-30T21:56:36+00:00,2025-06-15_2025-06-27
f4f74a2e4ded,E1,2025,2025,88,1,uniform,O3,HGB,primary,,,7,11005,14.7,58970ccc7c7732eefbc9244a28b4809b3f3beb05bc9c13bd5e6803627bde93e5,E1\f4f74a2e4ded.npz,2026-09-30T21:56:50+00:00,2025-06-15_2025-06-27
69fa59382c5b,E1,2025,2025,88,1,uniform,O5,HGB,primary,,,1,11005,11.0,58970ccc7c7732eefbc9244a28b4809b3f3beb05bc9c13bd5e6803627bde93e5,E1\69fa59382c5b.npz,2026-09-30T21:57:01+00:00,2025-06-15_2025-06-27
cae439a2991d,E1,2025,2025,88,2,uniform,O1,HGB,primary,,,4,11005,12.2,58970ccc7c7732eefbc9244a28b4809b3f3beb05bc9c13bd5e6803627bde93e5,E1\cae439a2991d.npz,2026-09-30T21:57:13+00:00,2025-03-11_2025-03-23;2025-10-13_2025-10-25
fe510c3e6bb0,E1,2025,2025,88,2,uniform,O2,HGB,primary,,,12,11005,17.0,58970ccc7c7732eefbc9244a28b4809b3f3beb05bc9c13bd5e6803627bde93e5,E1\fe510c3e6bb0.npz,2026-09-30T21:57:30+00:00,2025-03-11_2025-03-23;2025-10-13_2025-10-25
8b1e6be9a5cb,E1,2025,2025,88,2,uniform,O3,HGB,primary,,,14,11005,17.9,58970ccc7c7732eefbc9244a28b4809b3f3beb05bc9c13bd5e6803627bde93e5,E1\8b1e6be9a5cb.npz,2026-09-30T21:57:48+00:00,2025-03-11_2025-03-23;2025-10-13_2025-10-25
f153c54422c2,E1,2025,2025,88,2,uniform,O5,HGB,primary,,,2,11005,10.8,58970ccc7c7732eefbc9244a28b4809b3f3beb05bc9c13bd5e6803627bde93e5,E1\f153c54422c2.npz,2026-09-30T21:57:59+00:00,2025-03-11_2025-03-23;2025-10-13_2025-10-25
9ad4dd9e06df,E1,2025,2025,88,3,uniform,O1,HGB,primary,,,6,11005,13.2,58970ccc7c7732eefbc9244a28b4809b3f3beb05bc9c13bd5e6803627bde93e5,E1\9ad4dd9e06df.npz,2026-09-30T21:58:12+00:00,2025-03-11_2025-03-23;2025-06-15_2025-06-27;2025-10-13_2025-10-25
c1094be5593a,E1,2025,2025,88,3,uniform,O2,HGB,primary,,,18,11005,20.1,58970ccc7c7732eefbc9244a28b4809b3f3beb05bc9c13bd5e6803627bde93e5,E1\c1094be5593a.npz,2026-09-30T21:58:32+00:00,2025-03-11_2025-03-23;2025-06-15_2025-06-27;2025-10-13_2025-10-25
4ed2f1b76e3d,E1,2025,2025,88,3,uniform,O3,HGB,primary,,,21,11005,22.6,58970ccc7c7732eefbc9244a28b4809b3f3beb05bc9c13bd5e6803627bde93e5,E1\4ed2f1b76e3d.npz,2026-09-30T21:58:55+00:00,2025-03-11_2025-03-23;2025-06-15_2025-06-27;2025-10-13_2025-10-25
24b5aef8cd51,E1,2025,2025,88,3,uniform,O5,HGB,primary,,,3,11005,11.3,58970ccc7c7732eefbc9244a28b4809b3f3beb05bc9c13bd5e6803627bde93e5,E1\24b5aef8cd51.npz,2026-09-30T21:59:06+00:00,2025-03-11_2025-03-23;2025-06-15_2025-06-27;2025-10-13_2025-10-25
4dc3bbbd8ec5,E1,2025,2025,88,4,uniform,O1,HGB,primary,,,8,11005,14.3,58970ccc7c7732eefbc9244a28b4809b3f3beb05bc9c13bd5e6803627bde93e5,E1\4dc3bbbd8ec5.npz,2026-09-30T21:59:21+00:00,2025-03-11_2025-03-23;2025-06-15_2025-06-27;2025-08-02_2025-08-14;2025-10-13_2025-10-25
3f293450e2e3,E1,2025,2025,88,4,uniform,O2,HGB,primary,,,24,11005,23.1,58970ccc7c7732eefbc9244a28b4809b3f3beb05bc9c13bd5e6803627bde93e5,E1\3f293450e2e3.npz,2026-09-30T21:59:44+00:00,2025-03-11_2025-03-23;2025-06-15_2025-06-27;2025-08-02_2025-08-14;2025-10-13_2025-10-25
5d1d955b5300,E1,2025,2025,88,4,uniform,O3,HGB,primary,,,28,11005,25.5,58970ccc7c7732eefbc9244a28b4809b3f3beb05bc9c13bd5e6803627bde93e5,E1\5d1d955b5300.npz,2026-09-30T22:00:09+00:00,2025-03-11_2025-03-23;2025-06-15_2025-06-27;2025-08-02_2025-08-14;2025-10-13_2025-10-25
034756cdee95,E1,2025,2025,88,4,uniform,O5,HGB,primary,,,4,11005,12.0,58970ccc7c7732eefbc9244a28b4809b3f3beb05bc9c13bd5e6803627bde93e5,E1\034756cdee95.npz,2026-09-30T22:00:21+00:00,2025-03-11_2025-03-23;2025-06-15_2025-06-27;2025-08-02_2025-08-14;2025-10-13_2025-10-25
5c6b26c7f48c,E1,2025,2025,88,6,uniform,O1,HGB,primary,,,12,11005,17.2,58970ccc7c7732eefbc9244a28b4809b3f3beb05bc9c13bd5e6803627bde93e5,E1\5c6b26c7f48c.npz,2026-09-30T22:00:39+00:00,2025-03-11_2025-03-23;2025-04-28_2025-05-10;2025-06-15_2025-06-27;2025-08-02_2025-08-14;2025-08-26_2025-09-07;2025-10-13_2025-10-25
d546f880b6b4,E1,2025,2025,88,6,uniform,O2,HGB,primary,,,36,11005,29.6,58970ccc7c7732eefbc9244a28b4809b3f3beb05bc9c13bd5e6803627bde93e5,E1\d546f880b6b4.npz,2026-09-30T22:01:08+00:00,2025-03-11_2025-03-23;2025-04-28_2025-05-10;2025-06-15_2025-06-27;2025-08-02_2025-08-14;2025-08-26_2025-09-07;2025-10-13_2025-10-25
f178b5ef155b,E1,2025,2025,88,6,uniform,O3,HGB,primary,,,42,11005,32.9,58970ccc7c7732eefbc9244a28b4809b3f3beb05bc9c13bd5e6803627bde93e5,E1\f178b5ef155b.npz,2026-09-30T22:01:41+00:00,2025-03-11_2025-03-23;2025-04-28_2025-05-10;2025-06-15_2025-06-27;2025-08-02_2025-08-14;2025-08-26_2025-09-07;2025-10-13_2025-10-25
cd7f8950dc4b,E1,2025,2025,88,6,uniform,O5,HGB,primary,,,6,11005,13.1,58970ccc7c7732eefbc9244a28b4809b3f3beb05bc9c13bd5e6803627bde93e5,E1\cd7f8950dc4b.npz,2026-09-30T22:01:54+00:00,2025-03-11_2025-03-23;2025-04-28_2025-05-10;2025-06-15_2025-06-27;2025-08-02_2025-08-14;2025-08-26_2025-09-07;2025-10-13_2025-10-25
767a363bff3d,E1,2025,2025,88,8,uniform,O1,HGB,primary,,,16,11005,19.9,58970ccc7c7732eefbc9244a28b4809b3f3beb05bc9c13bd5e6803627bde93e5,E1\767a363bff3d.npz,2026-09-30T22:02:14+00:00,2025-03-11_2025-03-23;2025-04-04_2025-04-16;2025-04-28_2025-05-10;2025-05-22_2025-06-03;2025-06-15_2025-06-27;2025-08-02_2025-08-14;2025-08-26_2025-09-07;2025-10-13_2025-10-25
3eb766f003c6,E1,2025,2025,88,8,uniform,O2,HGB,primary,,,48,11005,39.0,58970ccc7c7732eefbc9244a28b4809b3f3beb05bc9c13bd5e6803627bde93e5,E1\3eb766f003c6.npz,2026-09-30T22:02:53+00:00,2025-03-11_2025-03-23;2025-04-04_2025-04-16;2025-04-28_2025-05-10;2025-05-22_2025-06-03;2025-06-15_2025-06-27;2025-08-02_2025-08-14;2025-08-26_2025-09-07;2025-10-13_2025-10-25
c3f801b29fe0,E1,2025,2025,88,8,uniform,O3,HGB,primary,,,56,11005,43.5,58970ccc7c7732eefbc9244a28b4809b3f3beb05bc9c13bd5e6803627bde93e5,E1\c3f801b29fe0.npz,2026-09-30T22:03:37+00:00,2025-03-11_2025-03-23;2025-04-04_2025-04-16;2025-04-28_2025-05-10;2025-05-22_2025-06-03;2025-06-15_2025-06-27;2025-08-02_2025-08-14;2025-08-26_2025-09-07;2025-10-13_2025-10-25
ab04fa18f1eb,E1,2025,2025,88,8,uniform,O5,HGB,primary,,,8,11005,14.3,58970ccc7c7732eefbc9244a28b4809b3f3beb05bc9c13bd5e6803627bde93e5,E1\ab04fa18f1eb.npz,2026-09-30T22:03:51+00:00,2025-03-11_2025-03-23;2025-04-04_2025-04-16;2025-04-28_2025-05-10;2025-05-22_2025-06-03;2025-06-15_2025-06-27;2025-08-02_2025-08-14;2025-08-26_2025-09-07;2025-10-13_2025-10-25
42b26a5cb452,E1,2025,2025,88,9,uniform,O1,HGB,primary,,,18,11005,20.5,58970ccc7c7732eefbc9244a28b4809b3f3beb05bc9c13bd5e6803627bde93e5,E1\42b26a5cb452.npz,2026-09-30T22:04:11+00:00,2025-03-11_2025-03-23;2025-04-04_2025-04-16;2025-04-28_2025-05-10;2025-05-22_2025-06-03;2025-06-15_2025-06-27;2025-07-09_2025-07-21;2025-08-02_2025-08-14;2025-08-26_2025-09-07;2025-10-13_2025-10-25
61b6f2bf19b2,E1,2025,2025,88,9,uniform,O2,HGB,primary,,,54,11005,40.0,58970ccc7c7732eefbc9244a28b4809b3f3beb05bc9c13bd5e6803627bde93e5,E1\61b6f2bf19b2.npz,2026-09-30T22:04:51+00:00,2025-03-11_2025-03-23;2025-04-04_2025-04-16;2025-04-28_2025-05-10;2025-05-22_2025-06-03;2025-06-15_2025-06-27;2025-07-09_2025-07-21;2025-08-02_2025-08-14;2025-08-26_2025-09-07;2025-10-13_2025-10-25
e9002ae2f661,E1,2025,2025,88,9,uniform,O3,HGB,primary,,,63,11005,45.2,58970ccc7c7732eefbc9244a28b4809b3f3beb05bc9c13bd5e6803627bde93e5,E1\e9002ae2f661.npz,2026-09-30T22:05:37+00:00,2025-03-11_2025-03-23;2025-04-04_2025-04-16;2025-04-28_2025-05-10;2025-05-22_2025-06-03;2025-06-15_2025-06-27;2025-07-09_2025-07-21;2025-08-02_2025-08-14;2025-08-26_2025-09-07;2025-10-13_2025-10-25
30fd6f8af128,E1,2025,2025,88,9,uniform,O5,HGB,primary,,,9,11005,14.9,58970ccc7c7732eefbc9244a28b4809b3f3beb05bc9c13bd5e6803627bde93e5,E1\30fd6f8af128.npz,2026-09-30T22:05:52+00:00,2025-03-11_2025-03-23;2025-04-04_2025-04-16;2025-04-28_2025-05-10;2025-05-22_2025-06-03;2025-06-15_2025-06-27;2025-07-09_2025-07-21;2025-08-02_2025-08-14;2025-08-26_2025-09-07;2025-10-13_2025-10-25
95e66910e607,E1,2024,2024,37,1,uniform,O1,HGB,primary,,,2,11069,10.8,58970ccc7c7732eefbc9244a28b4809b3f3beb05bc9c13bd5e6803627bde93e5,E1\95e66910e607.npz,2026-09-30T22:06:05+00:00,2024-06-05_2024-06-17
9891df32eff1,E1,2024,2024,37,1,uniform,O2,HGB,primary,,,6,11069,13.0,58970ccc7c7732eefbc9244a28b4809b3f3beb05bc9c13bd5e6803627bde93e5,E1\9891df32eff1.npz,2026-09-30T22:06:18+00:00,2024-06-05_2024-06-17
0492cf64fb70,E1,2024,2024,37,1,uniform,O3,HGB,primary,,,7,11069,13.7,58970ccc7c7732eefbc9244a28b4809b3f3beb05bc9c13bd5e6803627bde93e5,E1\0492cf64fb70.npz,2026-09-30T22:06:32+00:00,2024-06-05_2024-06-17
2ecd26c3729f,E1,2024,2024,37,1,uniform,O5,HGB,primary,,,1,11069,10.4,58970ccc7c7732eefbc9244a28b4809b3f3beb05bc9c13bd5e6803627bde93e5,E1\2ecd26c3729f.npz,2026-09-30T22:06:42+00:00,2024-06-05_2024-06-17
52b6a8b6359d,E1,2024,2024,37,2,uniform,O1,HGB,primary,,,4,11069,12.3,58970ccc7c7732eefbc9244a28b4809b3f3beb05bc9c13bd5e6803627bde93e5,E1\52b6a8b6359d.npz,2026-09-30T22:06:54+00:00,2024-03-01_2024-03-13;2024-10-03_2024-10-15
170fed9c2903,E1,2024,2024,37,2,uniform,O2,HGB,primary,,,12,11069,17.4,58970ccc7c7732eefbc9244a28b4809b3f3beb05bc9c13bd5e6803627bde93e5,E1\170fed9c2903.npz,2026-09-30T22:07:12+00:00,2024-03-01_2024-03-13;2024-10-03_2024-10-15
fa1dee4b9dc2,E1,2024,2024,37,2,uniform,O3,HGB,primary,,,14,11069,17.8,58970ccc7c7732eefbc9244a28b4809b3f3beb05bc9c13bd5e6803627bde93e5,E1\fa1dee4b9dc2.npz,2026-09-30T22:07:29+00:00,2024-03-01_2024-03-13;2024-10-03_2024-10-15
14ff75d0da60,E1,2024,2024,37,2,uniform,O5,HGB,primary,,,2,11069,10.7,58970ccc7c7732eefbc9244a28b4809b3f3beb05bc9c13bd5e6803627bde93e5,E1\14ff75d0da60.npz,2026-09-30T22:07:40+00:00,2024-03-01_2024-03-13;2024-10-03_2024-10-15
f0f7dc4aba7d,E1,2024,2024,37,3,uniform,O1,HGB,primary,,,6,11069,13.1,58970ccc7c7732eefbc9244a28b4809b3f3beb05bc9c13bd5e6803627bde93e5,E1\f0f7dc4aba7d.npz,2026-09-30T22:07:53+00:00,2024-03-01_2024-03-13;2024-06-05_2024-06-17;2024-10-03_2024-10-15
d442516f37a5,E1,2024,2024,37,3,uniform,O2,HGB,primary,,,18,11069,20.1,58970ccc7c7732eefbc9244a28b4809b3f3beb05bc9c13bd5e6803627bde93e5,E1\d442516f37a5.npz,2026-09-30T22:08:13+00:00,2024-03-01_2024-03-13;2024-06-05_2024-06-17;2024-10-03_2024-10-15
27097cc15340,E1,2024,2024,37,3,uniform,O3,HGB,primary,,,21,11069,22.1,58970ccc7c7732eefbc9244a28b4809b3f3beb05bc9c13bd5e6803627bde93e5,E1\27097cc15340.npz,2026-09-30T22:08:35+00:00,2024-03-01_2024-03-13;2024-06-05_2024-06-17;2024-10-03_2024-10-15
4d2ac242c2b6,E1,2024,2024,37,3,uniform,O5,HGB,primary,,,3,11069,12.3,58970ccc7c7732eefbc9244a28b4809b3f3beb05bc9c13bd5e6803627bde93e5,E1\4d2ac242c2b6.npz,2026-09-30T22:08:48+00:00,2024-03-01_2024-03-13;2024-06-05_2024-06-17;2024-10-03_2024-10-15
52df2cd5e83e,E1,2024,2024,37,4,uniform,O1,HGB,primary,,,8,11069,15.4,58970ccc7c7732eefbc9244a28b4809b3f3beb05bc9c13bd5e6803627bde93e5,E1\52df2cd5e83e.npz,2026-09-30T22:09:03+00:00,2024-03-01_2024-03-13;2024-06-05_2024-06-17;2024-08-16_2024-08-28;2024-10-03_2024-10-15
40109a41f7f9,E1,2024,2024,37,4,uniform,O2,HGB,primary,,,24,11069,25.1,58970ccc7c7732eefbc9244a28b4809b3f3beb05bc9c13bd5e6803627bde93e5,E1\40109a41f7f9.npz,2026-09-30T22:09:28+00:00,2024-03-01_2024-03-13;2024-06-05_2024-06-17;2024-08-16_2024-08-28;2024-10-03_2024-10-15
c1caff8996b7,E1,2024,2024,37,4,uniform,O3,HGB,primary,,,28,11069,27.5,58970ccc7c7732eefbc9244a28b4809b3f3beb05bc9c13bd5e6803627bde93e5,E1\c1caff8996b7.npz,2026-09-30T22:09:56+00:00,2024-03-01_2024-03-13;2024-06-05_2024-06-17;2024-08-16_2024-08-28;2024-10-03_2024-10-15
350906f598f1,E1,2024,2024,37,4,uniform,O5,HGB,primary,,,4,11069,13.6,58970ccc7c7732eefbc9244a28b4809b3f3beb05bc9c13bd5e6803627bde93e5,E1\350906f598f1.npz,2026-09-30T22:10:09+00:00,2024-03-01_2024-03-13;2024-06-05_2024-06-17;2024-08-16_2024-08-28;2024-10-03_2024-10-15
4151275b2b75,E1,2024,2024,37,6,uniform,O1,HGB,primary,,,12,11069,17.2,58970ccc7c7732eefbc9244a28b4809b3f3beb05bc9c13bd5e6803627bde93e5,E1\4151275b2b75.npz,2026-09-30T22:10:27+00:00,2024-03-01_2024-03-13;2024-04-18_2024-04-30;2024-06-05_2024-06-17;2024-06-29_2024-07-11;2024-08-16_2024-08-28;2024-10-03_2024-10-15
4b8d48770515,E1,2024,2024,37,6,uniform,O2,HGB,primary,,,36,11069,30.0,58970ccc7c7732eefbc9244a28b4809b3f3beb05bc9c13bd5e6803627bde93e5,E1\4b8d48770515.npz,2026-09-30T22:10:57+00:00,2024-03-01_2024-03-13;2024-04-18_2024-04-30;2024-06-05_2024-06-17;2024-06-29_2024-07-11;2024-08-16_2024-08-28;2024-10-03_2024-10-15
482181c07828,E1,2024,2024,37,6,uniform,O3,HGB,primary,,,42,11069,33.0,58970ccc7c7732eefbc9244a28b4809b3f3beb05bc9c13bd5e6803627bde93e5,E1\482181c07828.npz,2026-09-30T22:11:30+00:00,2024-03-01_2024-03-13;2024-04-18_2024-04-30;2024-06-05_2024-06-17;2024-06-29_2024-07-11;2024-08-16_2024-08-28;2024-10-03_2024-10-15
fc34502a6b43,E1,2024,2024,37,6,uniform,O5,HGB,primary,,,6,11069,13.4,58970ccc7c7732eefbc9244a28b4809b3f3beb05bc9c13bd5e6803627bde93e5,E1\fc34502a6b43.npz,2026-09-30T22:11:43+00:00,2024-03-01_2024-03-13;2024-04-18_2024-04-30;2024-06-05_2024-06-17;2024-06-29_2024-07-11;2024-08-16_2024-08-28;2024-10-03_2024-10-15
2eff2fd4e56c,E1,2024,2024,37,8,uniform,O1,HGB,primary,,,16,11069,18.8,58970ccc7c7732eefbc9244a28b4809b3f3beb05bc9c13bd5e6803627bde93e5,E1\2eff2fd4e56c.npz,2026-09-30T22:12:02+00:00,2024-03-01_2024-03-13;2024-03-25_2024-04-06;2024-04-18_2024-04-30;2024-05-12_2024-05-24;2024-06-05_2024-06-17;2024-06-29_2024-07-11;2024-08-16_2024-08-28;2024-10-03_2024-10-15
48df318e4a3f,E1,2024,2024,37,8,uniform,O2,HGB,primary,,,48,11069,36.1,58970ccc7c7732eefbc9244a28b4809b3f3beb05bc9c13bd5e6803627bde93e5,E1\48df318e4a3f.npz,2026-09-30T22:12:38+00:00,2024-03-01_2024-03-13;2024-03-25_2024-04-06;2024-04-18_2024-04-30;2024-05-12_2024-05-24;2024-06-05_2024-06-17;2024-06-29_2024-07-11;2024-08-16_2024-08-28;2024-10-03_2024-10-15
fce1cae2457a,E1,2024,2024,37,8,uniform,O3,HGB,primary,,,56,11069,41.3,58970ccc7c7732eefbc9244a28b4809b3f3beb05bc9c13bd5e6803627bde93e5,E1\fce1cae2457a.npz,2026-09-30T22:13:19+00:00,2024-03-01_2024-03-13;2024-03-25_2024-04-06;2024-04-18_2024-04-30;2024-05-12_2024-05-24;2024-06-05_2024-06-17;2024-06-29_2024-07-11;2024-08-16_2024-08-28;2024-10-03_2024-10-15
c307c31a5993,E1,2024,2024,37,8,uniform,O5,HGB,primary,,,8,11069,14.3,58970ccc7c7732eefbc9244a28b4809b3f3beb05bc9c13bd5e6803627bde93e5,E1\c307c31a5993.npz,2026-09-30T22:13:33+00:00,2024-03-01_2024-03-13;2024-03-25_2024-04-06;2024-04-18_2024-04-30;2024-05-12_2024-05-24;2024-06-05_2024-06-17;2024-06-29_2024-07-11;2024-08-16_2024-08-28;2024-10-03_2024-10-15
203357ce8c14,E1,2024,2024,37,9,uniform,O1,HGB,primary,,,18,11069,20.0,58970ccc7c7732eefbc9244a28b4809b3f3beb05bc9c13bd5e6803627bde93e5,E1\203357ce8c14.npz,2026-09-30T22:13:53+00:00,2024-03-01_2024-03-13;2024-03-25_2024-04-06;2024-04-18_2024-04-30;2024-05-12_2024-05-24;2024-06-05_2024-06-17;2024-06-29_2024-07-11;2024-08-16_2024-08-28;2024-09-09_2024-09-21;2024-10-03_2024-10-15
070907ff9295,E1,2024,2024,37,9,uniform,O2,HGB,primary,,,54,11069,39.7,58970ccc7c7732eefbc9244a28b4809b3f3beb05bc9c13bd5e6803627bde93e5,E1\070907ff9295.npz,2026-09-30T22:14:33+00:00,2024-03-01_2024-03-13;2024-03-25_2024-04-06;2024-04-18_2024-04-30;2024-05-12_2024-05-24;2024-06-05_2024-06-17;2024-06-29_2024-07-11;2024-08-16_2024-08-28;2024-09-09_2024-09-21;2024-10-03_2024-10-15
5711fc20e12c,E1,2024,2024,37,9,uniform,O3,HGB,primary,,,63,11069,46.5,58970ccc7c7732eefbc9244a28b4809b3f3beb05bc9c13bd5e6803627bde93e5,E1\5711fc20e12c.npz,2026-09-30T22:15:20+00:00,2024-03-01_2024-03-13;2024-03-25_2024-04-06;2024-04-18_2024-04-30;2024-05-12_2024-05-24;2024-06-05_2024-06-17;2024-06-29_2024-07-11;2024-08-16_2024-08-28;2024-09-09_2024-09-21;2024-10-03_2024-10-15
9af0e0e0ea48,E1,2024,2024,37,9,uniform,O5,HGB,primary,,,9,11069,16.6,58970ccc7c7732eefbc9244a28b4809b3f3beb05bc9c13bd5e6803627bde93e5,E1\9af0e0e0ea48.npz,2026-09-30T22:15:36+00:00,2024-03-01_2024-03-13;2024-03-25_2024-04-06;2024-04-18_2024-04-30;2024-05-12_2024-05-24;2024-06-05_2024-06-17;2024-06-29_2024-07-11;2024-08-16_2024-08-28;2024-09-09_2024-09-21;2024-10-03_2024-10-15
69fda128810f,E1,2024,2024,88,1,uniform,O1,HGB,primary,,,2,11069,11.8,58970ccc7c7732eefbc9244a28b4809b3f3beb05bc9c13bd5e6803627bde93e5,E1\69fda128810f.npz,2026-09-30T22:15:48+00:00,2024-06-08_2024-06-20
21c0b44bf557,E1,2024,2024,88,1,uniform,O2,HGB,primary,,,6,11069,14.2,58970ccc7c7732eefbc9244a28b4809b3f3beb05bc9c13bd5e6803627bde93e5,E1\21c0b44bf557.npz,2026-09-30T22:16:02+00:00,2024-06-08_2024-06-20
03379897272e,E1,2024,2024,88,1,uniform,O3,HGB,primary,,,7,11069,14.8,58970ccc7c7732eefbc9244a28b4809b3f3beb05bc9c13bd5e6803627bde93e5,E1\03379897272e.npz,2026-09-30T22:16:17+00:00,2024-06-08_2024-06-20
47b1fad4310a,E1,2024,2024,88,1,uniform,O5,HGB,primary,,,1,11069,11.3,58970ccc7c7732eefbc9244a28b4809b3f3beb05bc9c13bd5e6803627bde93e5,E1\47b1fad4310a.npz,2026-09-30T22:16:28+00:00,2024-06-08_2024-06-20
a45da5e4ba31,E1,2024,2024,88,2,uniform,O1,HGB,primary,,,4,11069,12.9,58970ccc7c7732eefbc9244a28b4809b3f3beb05bc9c13bd5e6803627bde93e5,E1\a45da5e4ba31.npz,2026-09-30T22:16:41+00:00,2024-03-04_2024-03-16;2024-10-06_2024-10-18
f4d6c97e74a5,E1,2024,2024,88,2,uniform,O2,HGB,primary,,,12,11069,17.1,58970ccc7c7732eefbc9244a28b4809b3f3beb05bc9c13bd5e6803627bde93e5,E1\f4d6c97e74a5.npz,2026-09-30T22:16:58+00:00,2024-03-04_2024-03-16;2024-10-06_2024-10-18
dee0fbc4fc5d,E1,2024,2024,88,2,uniform,O3,HGB,primary,,,14,11069,18.0,58970ccc7c7732eefbc9244a28b4809b3f3beb05bc9c13bd5e6803627bde93e5,E1\dee0fbc4fc5d.npz,2026-09-30T22:17:16+00:00,2024-03-04_2024-03-16;2024-10-06_2024-10-18
0afc281387a9,E1,2024,2024,88,2,uniform,O5,HGB,primary,,,2,11069,10.9,58970ccc7c7732eefbc9244a28b4809b3f3beb05bc9c13bd5e6803627bde93e5,E1\0afc281387a9.npz,2026-09-30T22:17:27+00:00,2024-03-04_2024-03-16;2024-10-06_2024-10-18
cb9cb3ab45e8,E1,2024,2024,88,3,uniform,O1,HGB,primary,,,6,11069,13.4,58970ccc7c7732eefbc9244a28b4809b3f3beb05bc9c13bd5e6803627bde93e5,E1\cb9cb3ab45e8.npz,2026-09-30T22:17:41+00:00,2024-03-04_2024-03-16;2024-06-08_2024-06-20;2024-10-06_2024-10-18
820d5c51d4b1,E1,2024,2024,88,3,uniform,O2,HGB,primary,,,18,11069,20.5,58970ccc7c7732eefbc9244a28b4809b3f3beb05bc9c13bd5e6803627bde93e5,E1\820d5c51d4b1.npz,2026-09-30T22:18:01+00:00,2024-03-04_2024-03-16;2024-06-08_2024-06-20;2024-10-06_2024-10-18
2d742b4a206b,E1,2024,2024,88,3,uniform,O3,HGB,primary,,,21,11069,22.2,58970ccc7c7732eefbc9244a28b4809b3f3beb05bc9c13bd5e6803627bde93e5,E1\2d742b4a206b.npz,2026-09-30T22:18:23+00:00,2024-03-04_2024-03-16;2024-06-08_2024-06-20;2024-10-06_2024-10-18
f59acf33dd1d,E1,2024,2024,88,3,uniform,O5,HGB,primary,,,3,11069,11.5,58970ccc7c7732eefbc9244a28b4809b3f3beb05bc9c13bd5e6803627bde93e5,E1\f59acf33dd1d.npz,2026-09-30T22:18:35+00:00,2024-03-04_2024-03-16;2024-06-08_2024-06-20;2024-10-06_2024-10-18
93f1a818ac88,E1,2024,2024,88,4,uniform,O1,HGB,primary,,,8,11069,14.4,58970ccc7c7732eefbc9244a28b4809b3f3beb05bc9c13bd5e6803627bde93e5,E1\93f1a818ac88.npz,2026-09-30T22:18:49+00:00,2024-03-04_2024-03-16;2024-06-08_2024-06-20;2024-07-26_2024-08-07;2024-10-06_2024-10-18
e13e30ac5285,E1,2024,2024,88,4,uniform,O2,HGB,primary,,,24,11069,23.4,58970ccc7c7732eefbc9244a28b4809b3f3beb05bc9c13bd5e6803627bde93e5,E1\e13e30ac5285.npz,2026-09-30T22:19:13+00:00,2024-03-04_2024-03-16;2024-06-08_2024-06-20;2024-07-26_2024-08-07;2024-10-06_2024-10-18
22a4d4b9edde,E1,2024,2024,88,4,uniform,O3,HGB,primary,,,28,11069,26.0,58970ccc7c7732eefbc9244a28b4809b3f3beb05bc9c13bd5e6803627bde93e5,E1\22a4d4b9edde.npz,2026-09-30T22:19:39+00:00,2024-03-04_2024-03-16;2024-06-08_2024-06-20;2024-07-26_2024-08-07;2024-10-06_2024-10-18
8eec97b0b1a2,E1,2024,2024,88,4,uniform,O5,HGB,primary,,,4,11069,12.1,58970ccc7c7732eefbc9244a28b4809b3f3beb05bc9c13bd5e6803627bde93e5,E1\8eec97b0b1a2.npz,2026-09-30T22:19:51+00:00,2024-03-04_2024-03-16;2024-06-08_2024-06-20;2024-07-26_2024-08-07;2024-10-06_2024-10-18
aa2d64eec227,E1,2024,2024,88,6,uniform,O1,HGB,primary,,,12,11069,17.1,58970ccc7c7732eefbc9244a28b4809b3f3beb05bc9c13bd5e6803627bde93e5,E1\aa2d64eec227.npz,2026-09-30T22:20:08+00:00,2024-03-04_2024-03-16;2024-04-21_2024-05-03;2024-06-08_2024-06-20;2024-07-26_2024-08-07;2024-08-19_2024-08-31;2024-10-06_2024-10-18
dbe208efc3e2,E1,2024,2024,88,6,uniform,O2,HGB,primary,,,36,11069,30.3,58970ccc7c7732eefbc9244a28b4809b3f3beb05bc9c13bd5e6803627bde93e5,E1\dbe208efc3e2.npz,2026-09-30T22:20:38+00:00,2024-03-04_2024-03-16;2024-04-21_2024-05-03;2024-06-08_2024-06-20;2024-07-26_2024-08-07;2024-08-19_2024-08-31;2024-10-06_2024-10-18
d2270005e564,E1,2024,2024,88,6,uniform,O3,HGB,primary,,,42,11069,33.2,58970ccc7c7732eefbc9244a28b4809b3f3beb05bc9c13bd5e6803627bde93e5,E1\d2270005e564.npz,2026-09-30T22:21:11+00:00,2024-03-04_2024-03-16;2024-04-21_2024-05-03;2024-06-08_2024-06-20;2024-07-26_2024-08-07;2024-08-19_2024-08-31;2024-10-06_2024-10-18
efd43c45f308,E1,2024,2024,88,6,uniform,O5,HGB,primary,,,6,11069,13.2,58970ccc7c7732eefbc9244a28b4809b3f3beb05bc9c13bd5e6803627bde93e5,E1\efd43c45f308.npz,2026-09-30T22:21:24+00:00,2024-03-04_2024-03-16;2024-04-21_2024-05-03;2024-06-08_2024-06-20;2024-07-26_2024-08-07;2024-08-19_2024-08-31;2024-10-06_2024-10-18
b687d9c17c0b,E1,2024,2024,88,8,uniform,O1,HGB,primary,,,16,11069,19.6,58970ccc7c7732eefbc9244a28b4809b3f3beb05bc9c13bd5e6803627bde93e5,E1\b687d9c17c0b.npz,2026-09-30T22:21:44+00:00,2024-03-04_2024-03-16;2024-03-28_2024-04-09;2024-04-21_2024-05-03;2024-05-15_2024-05-27;2024-06-08_2024-06-20;2024-07-26_2024-08-07;2024-08-19_2024-08-31;2024-10-06_2024-10-18
59d1c92bea44,E1,2024,2024,88,8,uniform,O2,HGB,primary,,,48,11069,36.4,58970ccc7c7732eefbc9244a28b4809b3f3beb05bc9c13bd5e6803627bde93e5,E1\59d1c92bea44.npz,2026-09-30T22:22:20+00:00,2024-03-04_2024-03-16;2024-03-28_2024-04-09;2024-04-21_2024-05-03;2024-05-15_2024-05-27;2024-06-08_2024-06-20;2024-07-26_2024-08-07;2024-08-19_2024-08-31;2024-10-06_2024-10-18
aabdd5c5c07d,E1,2024,2024,88,8,uniform,O3,HGB,primary,,,56,11069,41.3,58970ccc7c7732eefbc9244a28b4809b3f3beb05bc9c13bd5e6803627bde93e5,E1\aabdd5c5c07d.npz,2026-09-30T22:23:02+00:00,2024-03-04_2024-03-16;2024-03-28_2024-04-09;2024-04-21_2024-05-03;2024-05-15_2024-05-27;2024-06-08_2024-06-20;2024-07-26_2024-08-07;2024-08-19_2024-08-31;2024-10-06_2024-10-18
383a8f17d348,E1,2024,2024,88,8,uniform,O5,HGB,primary,,,8,11069,14.3,58970ccc7c7732eefbc9244a28b4809b3f3beb05bc9c13bd5e6803627bde93e5,E1\383a8f17d348.npz,2026-09-30T22:23:16+00:00,2024-03-04_2024-03-16;2024-03-28_2024-04-09;2024-04-21_2024-05-03;2024-05-15_2024-05-27;2024-06-08_2024-06-20;2024-07-26_2024-08-07;2024-08-19_2024-08-31;2024-10-06_2024-10-18
671100802c7f,E1,2024,2024,88,9,uniform,O1,HGB,primary,,,18,11069,20.2,58970ccc7c7732eefbc9244a28b4809b3f3beb05bc9c13bd5e6803627bde93e5,E1\671100802c7f.npz,2026-09-30T22:23:36+00:00,2024-03-04_2024-03-16;2024-03-28_2024-04-09;2024-04-21_2024-05-03;2024-05-15_2024-05-27;2024-06-08_2024-06-20;2024-07-02_2024-07-14;2024-07-26_2024-08-07;2024-08-19_2024-08-31;2024-10-06_2024-10-18
8d18d09f88e3,E1,2024,2024,88,9,uniform,O2,HGB,primary,,,54,11069,39.9,58970ccc7c7732eefbc9244a28b4809b3f3beb05bc9c13bd5e6803627bde93e5,E1\8d18d09f88e3.npz,2026-09-30T22:24:16+00:00,2024-03-04_2024-03-16;2024-03-28_2024-04-09;2024-04-21_2024-05-03;2024-05-15_2024-05-27;2024-06-08_2024-06-20;2024-07-02_2024-07-14;2024-07-26_2024-08-07;2024-08-19_2024-08-31;2024-10-06_2024-10-18
5de48df73b21,E1,2024,2024,88,9,uniform,O3,HGB,primary,,,63,11069,45.2,58970ccc7c7732eefbc9244a28b4809b3f3beb05bc9c13bd5e6803627bde93e5,E1\5de48df73b21.npz,2026-09-30T22:25:01+00:00,2024-03-04_2024-03-16;2024-03-28_2024-04-09;2024-04-21_2024-05-03;2024-05-15_2024-05-27;2024-06-08_2024-06-20;2024-07-02_2024-07-14;2024-07-26_2024-08-07;2024-08-19_2024-08-31;2024-10-06_2024-10-18
4e591349449e,E1,2024,2024,88,9,uniform,O5,HGB,primary,,,9,11069,15.0,58970ccc7c7732eefbc9244a28b4809b3f3beb05bc9c13bd5e6803627bde93e5,E1\4e591349449e.npz,2026-09-30T22:25:16+00:00,2024-03-04_2024-03-16;2024-03-28_2024-04-09;2024-04-21_2024-05-03;2024-05-15_2024-05-27;2024-06-08_2024-06-20;2024-07-02_2024-07-14;2024-07-26_2024-08-07;2024-08-19_2024-08-31;2024-10-06_2024-10-18
e241d8058264,E11,2025,2025,37,9,0,O2,HGB,primary,perm,,54,11005,38.3,58970ccc7c7732eefbc9244a28b4809b3f3beb05bc9c13bd5e6803627bde93e5,E11\e241d8058264.npz,2026-09-30T22:25:54+00:00,2025-03-08_2025-03-20;2025-04-01_2025-04-13;2025-04-25_2025-05-07;2025-05-19_2025-05-31;2025-06-12_2025-06-24;2025-07-06_2025-07-18;2025-08-23_2025-09-04;2025-09-16_2025-09-28;2025-10-10_2025-10-22
e95886326cfb,E11,2025,2025,37,9,1,O2,HGB,primary,perm,,54,11005,37.9,58970ccc7c7732eefbc9244a28b4809b3f3beb05bc9c13bd5e6803627bde93e5,E11\e95886326cfb.npz,2026-09-30T22:26:32+00:00,2025-03-08_2025-03-20;2025-04-01_2025-04-13;2025-04-25_2025-05-07;2025-05-19_2025-05-31;2025-06-12_2025-06-24;2025-07-06_2025-07-18;2025-08-23_2025-09-04;2025-09-16_2025-09-28;2025-10-10_2025-10-22
d4353ef39e3b,E11,2025,2025,37,9,2,O2,HGB,primary,perm,,54,11005,41.1,58970ccc7c7732eefbc9244a28b4809b3f3beb05bc9c13bd5e6803627bde93e5,E11\d4353ef39e3b.npz,2026-09-30T22:27:13+00:00,2025-03-08_2025-03-20;2025-04-01_2025-04-13;2025-04-25_2025-05-07;2025-05-19_2025-05-31;2025-06-12_2025-06-24;2025-07-06_2025-07-18;2025-08-23_2025-09-04;2025-09-16_2025-09-28;2025-10-10_2025-10-22
ceaab449296d,E11,2025,2025,37,9,3,O2,HGB,primary,perm,,54,11005,40.9,58970ccc7c7732eefbc9244a28b4809b3f3beb05bc9c13bd5e6803627bde93e5,E11\ceaab449296d.npz,2026-09-30T22:27:54+00:00,2025-03-08_2025-03-20;2025-04-01_2025-04-13;2025-04-25_2025-05-07;2025-05-19_2025-05-31;2025-06-12_2025-06-24;2025-07-06_2025-07-18;2025-08-23_2025-09-04;2025-09-16_2025-09-28;2025-10-10_2025-10-22
cfde3b50df4f,E11,2025,2025,37,9,4,O2,HGB,primary,perm,,54,11005,39.1,58970ccc7c7732eefbc9244a28b4809b3f3beb05bc9c13bd5e6803627bde93e5,E11\cfde3b50df4f.npz,2026-09-30T22:28:33+00:00,2025-03-08_2025-03-20;2025-04-01_2025-04-13;2025-04-25_2025-05-07;2025-05-19_2025-05-31;2025-06-12_2025-06-24;2025-07-06_2025-07-18;2025-08-23_2025-09-04;2025-09-16_2025-09-28;2025-10-10_2025-10-22
aaf107c5189e,E11,2025,2025,37,9,5,O2,HGB,primary,perm,,54,11005,38.2,58970ccc7c7732eefbc9244a28b4809b3f3beb05bc9c13bd5e6803627bde93e5,E11\aaf107c5189e.npz,2026-09-30T22:29:12+00:00,2025-03-08_2025-03-20;2025-04-01_2025-04-13;2025-04-25_2025-05-07;2025-05-19_2025-05-31;2025-06-12_2025-06-24;2025-07-06_2025-07-18;2025-08-23_2025-09-04;2025-09-16_2025-09-28;2025-10-10_2025-10-22
3889db7ca2f5,E11,2025,2025,37,9,6,O2,HGB,primary,perm,,54,11005,38.1,58970ccc7c7732eefbc9244a28b4809b3f3beb05bc9c13bd5e6803627bde93e5,E11\3889db7ca2f5.npz,2026-09-30T22:29:50+00:00,2025-03-08_2025-03-20;2025-04-01_2025-04-13;2025-04-25_2025-05-07;2025-05-19_2025-05-31;2025-06-12_2025-06-24;2025-07-06_2025-07-18;2025-08-23_2025-09-04;2025-09-16_2025-09-28;2025-10-10_2025-10-22
baf2abfd8dc6,E11,2025,2025,37,9,7,O2,HGB,primary,perm,,54,11005,38.1,58970ccc7c7732eefbc9244a28b4809b3f3beb05bc9c13bd5e6803627bde93e5,E11\baf2abfd8dc6.npz,2026-09-30T22:30:28+00:00,2025-03-08_2025-03-20;2025-04-01_2025-04-13;2025-04-25_2025-05-07;2025-05-19_2025-05-31;2025-06-12_2025-06-24;2025-07-06_2025-07-18;2025-08-23_2025-09-04;2025-09-16_2025-09-28;2025-10-10_2025-10-22
40ad7877e933,E11,2025,2025,37,9,8,O2,HGB,primary,perm,,54,11005,38.0,58970ccc7c7732eefbc9244a28b4809b3f3beb05bc9c13bd5e6803627bde93e5,E11\40ad7877e933.npz,2026-09-30T22:31:06+00:00,2025-03-08_2025-03-20;2025-04-01_2025-04-13;2025-04-25_2025-05-07;2025-05-19_2025-05-31;2025-06-12_2025-06-24;2025-07-06_2025-07-18;2025-08-23_2025-09-04;2025-09-16_2025-09-28;2025-10-10_2025-10-22
cbae166a5ec2,E11,2025,2025,37,9,9,O2,HGB,primary,perm,,54,11005,38.1,58970ccc7c7732eefbc9244a28b4809b3f3beb05bc9c13bd5e6803627bde93e5,E11\cbae166a5ec2.npz,2026-09-30T22:31:44+00:00,2025-03-08_2025-03-20;2025-04-01_2025-04-13;2025-04-25_2025-05-07;2025-05-19_2025-05-31;2025-06-12_2025-06-24;2025-07-06_2025-07-18;2025-08-23_2025-09-04;2025-09-16_2025-09-28;2025-10-10_2025-10-22
5b8f2e59c40f,E11,2025,2025,37,9,10,O2,HGB,primary,perm,,54,11005,38.0,58970ccc7c7732eefbc9244a28b4809b3f3beb05bc9c13bd5e6803627bde93e5,E11\5b8f2e59c40f.npz,2026-09-30T22:32:22+00:00,2025-03-08_2025-03-20;2025-04-01_2025-04-13;2025-04-25_2025-05-07;2025-05-19_2025-05-31;2025-06-12_2025-06-24;2025-07-06_2025-07-18;2025-08-23_2025-09-04;2025-09-16_2025-09-28;2025-10-10_2025-10-22
a2345792ccb6,E11,2025,2025,37,9,11,O2,HGB,primary,perm,,54,11005,38.1,58970ccc7c7732eefbc9244a28b4809b3f3beb05bc9c13bd5e6803627bde93e5,E11\a2345792ccb6.npz,2026-09-30T22:33:00+00:00,2025-03-08_2025-03-20;2025-04-01_2025-04-13;2025-04-25_2025-05-07;2025-05-19_2025-05-31;2025-06-12_2025-06-24;2025-07-06_2025-07-18;2025-08-23_2025-09-04;2025-09-16_2025-09-28;2025-10-10_2025-10-22
be7a3ffa38c2,E11,2025,2025,37,9,12,O2,HGB,primary,perm,,54,11005,40.7,58970ccc7c7732eefbc9244a28b4809b3f3beb05bc9c13bd5e6803627bde93e5,E11\be7a3ffa38c2.npz,2026-09-30T22:33:41+00:00,2025-03-08_2025-03-20;2025-04-01_2025-04-13;2025-04-25_2025-05-07;2025-05-19_2025-05-31;2025-06-12_2025-06-24;2025-07-06_2025-07-18;2025-08-23_2025-09-04;2025-09-16_2025-09-28;2025-10-10_2025-10-22
4528217ffdb0,E11,2025,2025,37,9,13,O2,HGB,primary,perm,,54,11005,41.0,58970ccc7c7732eefbc9244a28b4809b3f3beb05bc9c13bd5e6803627bde93e5,E11\4528217ffdb0.npz,2026-09-30T22:34:22+00:00,2025-03-08_2025-03-20;2025-04-01_2025-04-13;2025-04-25_2025-05-07;2025-05-19_2025-05-31;2025-06-12_2025-06-24;2025-07-06_2025-07-18;2025-08-23_2025-09-04;2025-09-16_2025-09-28;2025-10-10_2025-10-22
62bad9a226b3,E11,2025,2025,37,9,14,O2,HGB,primary,perm,,54,11005,39.3,58970ccc7c7732eefbc9244a28b4809b3f3beb05bc9c13bd5e6803627bde93e5,E11\62bad9a226b3.npz,2026-09-30T22:35:01+00:00,2025-03-08_2025-03-20;2025-04-01_2025-04-13;2025-04-25_2025-05-07;2025-05-19_2025-05-31;2025-06-12_2025-06-24;2025-07-06_2025-07-18;2025-08-23_2025-09-04;2025-09-16_2025-09-28;2025-10-10_2025-10-22
82615748a19f,E11,2025,2025,37,9,15,O2,HGB,primary,perm,,54,11005,38.4,58970ccc7c7732eefbc9244a28b4809b3f3beb05bc9c13bd5e6803627bde93e5,E11\82615748a19f.npz,2026-09-30T22:35:39+00:00,2025-03-08_2025-03-20;2025-04-01_2025-04-13;2025-04-25_2025-05-07;2025-05-19_2025-05-31;2025-06-12_2025-06-24;2025-07-06_2025-07-18;2025-08-23_2025-09-04;2025-09-16_2025-09-28;2025-10-10_2025-10-22
a640b0d39578,E11,2025,2025,37,9,16,O2,HGB,primary,perm,,54,11005,38.0,58970ccc7c7732eefbc9244a28b4809b3f3beb05bc9c13bd5e6803627bde93e5,E11\a640b0d39578.npz,2026-09-30T22:36:17+00:00,2025-03-08_2025-03-20;2025-04-01_2025-04-13;2025-04-25_2025-05-07;2025-05-19_2025-05-31;2025-06-12_2025-06-24;2025-07-06_2025-07-18;2025-08-23_2025-09-04;2025-09-16_2025-09-28;2025-10-10_2025-10-22
e27baf535f52,E11,2025,2025,37,9,17,O2,HGB,primary,perm,,54,11005,38.0,58970ccc7c7732eefbc9244a28b4809b3f3beb05bc9c13bd5e6803627bde93e5,E11\e27baf535f52.npz,2026-09-30T22:36:55+00:00,2025-03-08_2025-03-20;2025-04-01_2025-04-13;2025-04-25_2025-05-07;2025-05-19_2025-05-31;2025-06-12_2025-06-24;2025-07-06_2025-07-18;2025-08-23_2025-09-04;2025-09-16_2025-09-28;2025-10-10_2025-10-22
b35652283392,E11,2025,2025,37,9,18,O2,HGB,primary,perm,,54,11005,37.9,58970ccc7c7732eefbc9244a28b4809b3f3beb05bc9c13bd5e6803627bde93e5,E11\b35652283392.npz,2026-09-30T22:37:33+00:00,2025-03-08_2025-03-20;2025-04-01_2025-04-13;2025-04-25_2025-05-07;2025-05-19_2025-05-31;2025-06-12_2025-06-24;2025-07-06_2025-07-18;2025-08-23_2025-09-04;2025-09-16_2025-09-28;2025-10-10_2025-10-22
ace4533e2851,E11,2025,2025,37,9,19,O2,HGB,primary,perm,,54,11005,38.8,58970ccc7c7732eefbc9244a28b4809b3f3beb05bc9c13bd5e6803627bde93e5,E11\ace4533e2851.npz,2026-09-30T22:38:12+00:00,2025-03-08_2025-03-20;2025-04-01_2025-04-13;2025-04-25_2025-05-07;2025-05-19_2025-05-31;2025-06-12_2025-06-24;2025-07-06_2025-07-18;2025-08-23_2025-09-04;2025-09-16_2025-09-28;2025-10-10_2025-10-22
7b7811d43d4c,E11,2025,2025,37,9,0,O3,HGB,primary,perm,,63,11005,43.2,58970ccc7c7732eefbc9244a28b4809b3f3beb05bc9c13bd5e6803627bde93e5,E11\7b7811d43d4c.npz,2026-09-30T22:38:55+00:00,2025-03-08_2025-03-20;2025-04-01_2025-04-13;2025-04-25_2025-05-07;2025-05-19_2025-05-31;2025-06-12_2025-06-24;2025-07-06_2025-07-18;2025-08-23_2025-09-04;2025-09-16_2025-09-28;2025-10-10_2025-10-22
18a7ff960276,E11,2025,2025,37,9,1,O3,HGB,primary,perm,,63,11005,43.2,58970ccc7c7732eefbc9244a28b4809b3f3beb05bc9c13bd5e6803627bde93e5,E11\18a7ff960276.npz,2026-09-30T22:39:38+00:00,2025-03-08_2025-03-20;2025-04-01_2025-04-13;2025-04-25_2025-05-07;2025-05-19_2025-05-31;2025-06-12_2025-06-24;2025-07-06_2025-07-18;2025-08-23_2025-09-04;2025-09-16_2025-09-28;2025-10-10_2025-10-22
bf9bfbddc24f,E11,2025,2025,37,9,2,O3,HGB,primary,perm,,63,11005,46.4,58970ccc7c7732eefbc9244a28b4809b3f3beb05bc9c13bd5e6803627bde93e5,E11\bf9bfbddc24f.npz,2026-09-30T22:40:25+00:00,2025-03-08_2025-03-20;2025-04-01_2025-04-13;2025-04-25_2025-05-07;2025-05-19_2025-05-31;2025-06-12_2025-06-24;2025-07-06_2025-07-18;2025-08-23_2025-09-04;2025-09-16_2025-09-28;2025-10-10_2025-10-22
16219df8b500,E11,2025,2025,37,9,3,O3,HGB,primary,perm,,63,11005,46.2,58970ccc7c7732eefbc9244a28b4809b3f3beb05bc9c13bd5e6803627bde93e5,E11\16219df8b500.npz,2026-09-30T22:41:11+00:00,2025-03-08_2025-03-20;2025-04-01_2025-04-13;2025-04-25_2025-05-07;2025-05-19_2025-05-31;2025-06-12_2025-06-24;2025-07-06_2025-07-18;2025-08-23_2025-09-04;2025-09-16_2025-09-28;2025-10-10_2025-10-22
bc2c4b4731c7,E11,2025,2025,37,9,4,O3,HGB,primary,perm,,63,11005,43.6,58970ccc7c7732eefbc9244a28b4809b3f3beb05bc9c13bd5e6803627bde93e5,E11\bc2c4b4731c7.npz,2026-09-30T22:41:55+00:00,2025-03-08_2025-03-20;2025-04-01_2025-04-13;2025-04-25_2025-05-07;2025-05-19_2025-05-31;2025-06-12_2025-06-24;2025-07-06_2025-07-18;2025-08-23_2025-09-04;2025-09-16_2025-09-28;2025-10-10_2025-10-22
8b8037ef1fcf,E11,2025,2025,37,9,5,O3,HGB,primary,perm,,63,11005,43.3,58970ccc7c7732eefbc9244a28b4809b3f3beb05bc9c13bd5e6803627bde93e5,E11\8b8037ef1fcf.npz,2026-09-30T22:42:38+00:00,2025-03-08_2025-03-20;2025-04-01_2025-04-13;2025-04-25_2025-05-07;2025-05-19_2025-05-31;2025-06-12_2025-06-24;2025-07-06_2025-07-18;2025-08-23_2025-09-04;2025-09-16_2025-09-28;2025-10-10_2025-10-22
9a9fcc990a51,E11,2025,2025,37,9,6,O3,HGB,primary,perm,,63,11005,43.5,58970ccc7c7732eefbc9244a28b4809b3f3beb05bc9c13bd5e6803627bde93e5,E11\9a9fcc990a51.npz,2026-09-30T22:43:22+00:00,2025-03-08_2025-03-20;2025-04-01_2025-04-13;2025-04-25_2025-05-07;2025-05-19_2025-05-31;2025-06-12_2025-06-24;2025-07-06_2025-07-18;2025-08-23_2025-09-04;2025-09-16_2025-09-28;2025-10-10_2025-10-22
c7b7753270a1,E11,2025,2025,37,9,7,O3,HGB,primary,perm,,63,11005,43.6,58970ccc7c7732eefbc9244a28b4809b3f3beb05bc9c13bd5e6803627bde93e5,E11\c7b7753270a1.npz,2026-09-30T22:44:05+00:00,2025-03-08_2025-03-20;2025-04-01_2025-04-13;2025-04-25_2025-05-07;2025-05-19_2025-05-31;2025-06-12_2025-06-24;2025-07-06_2025-07-18;2025-08-23_2025-09-04;2025-09-16_2025-09-28;2025-10-10_2025-10-22
ed706427590e,E11,2025,2025,37,9,8,O3,HGB,primary,perm,,63,11005,43.2,58970ccc7c7732eefbc9244a28b4809b3f3beb05bc9c13bd5e6803627bde93e5,E11\ed706427590e.npz,2026-09-30T22:44:48+00:00,2025-03-08_2025-03-20;2025-04-01_2025-04-13;2025-04-25_2025-05-07;2025-05-19_2025-05-31;2025-06-12_2025-06-24;2025-07-06_2025-07-18;2025-08-23_2025-09-04;2025-09-16_2025-09-28;2025-10-10_2025-10-22
108d8d7cec6c,E11,2025,2025,37,9,9,O3,HGB,primary,perm,,63,11005,43.4,58970ccc7c7732eefbc9244a28b4809b3f3beb05bc9c13bd5e6803627bde93e5,E11\108d8d7cec6c.npz,2026-09-30T22:45:32+00:00,2025-03-08_2025-03-20;2025-04-01_2025-04-13;2025-04-25_2025-05-07;2025-05-19_2025-05-31;2025-06-12_2025-06-24;2025-07-06_2025-07-18;2025-08-23_2025-09-04;2025-09-16_2025-09-28;2025-10-10_2025-10-22
760c2d4edaaf,E11,2025,2025,37,9,10,O3,HGB,primary,perm,,63,11005,43.3,58970ccc7c7732eefbc9244a28b4809b3f3beb05bc9c13bd5e6803627bde93e5,E11\760c2d4edaaf.npz,2026-09-30T22:46:15+00:00,2025-03-08_2025-03-20;2025-04-01_2025-04-13;2025-04-25_2025-05-07;2025-05-19_2025-05-31;2025-06-12_2025-06-24;2025-07-06_2025-07-18;2025-08-23_2025-09-04;2025-09-16_2025-09-28;2025-10-10_2025-10-22
e837c1b726f8,E11,2025,2025,37,9,11,O3,HGB,primary,perm,,63,11005,43.3,58970ccc7c7732eefbc9244a28b4809b3f3beb05bc9c13bd5e6803627bde93e5,E11\e837c1b726f8.npz,2026-09-30T22:46:58+00:00,2025-03-08_2025-03-20;2025-04-01_2025-04-13;2025-04-25_2025-05-07;2025-05-19_2025-05-31;2025-06-12_2025-06-24;2025-07-06_2025-07-18;2025-08-23_2025-09-04;2025-09-16_2025-09-28;2025-10-10_2025-10-22
02388156d67d,E11,2025,2025,37,9,12,O3,HGB,primary,perm,,63,11005,43.2,58970ccc7c7732eefbc9244a28b4809b3f3beb05bc9c13bd5e6803627bde93e5,E11\02388156d67d.npz,2026-09-30T22:47:41+00:00,2025-03-08_2025-03-20;2025-04-01_2025-04-13;2025-04-25_2025-05-07;2025-05-19_2025-05-31;2025-06-12_2025-06-24;2025-07-06_2025-07-18;2025-08-23_2025-09-04;2025-09-16_2025-09-28;2025-10-10_2025-10-22
9f0fd47fff39,E11,2025,2025,37,9,13,O3,HGB,primary,perm,,63,11005,43.3,58970ccc7c7732eefbc9244a28b4809b3f3beb05bc9c13bd5e6803627bde93e5,E11\9f0fd47fff39.npz,2026-09-30T22:48:25+00:00,2025-03-08_2025-03-20;2025-04-01_2025-04-13;2025-04-25_2025-05-07;2025-05-19_2025-05-31;2025-06-12_2025-06-24;2025-07-06_2025-07-18;2025-08-23_2025-09-04;2025-09-16_2025-09-28;2025-10-10_2025-10-22
adfac32a75ad,E11,2025,2025,37,9,14,O3,HGB,primary,perm,,63,11005,82.4,58970ccc7c7732eefbc9244a28b4809b3f3beb05bc9c13bd5e6803627bde93e5,E11\adfac32a75ad.npz,2026-09-30T22:49:47+00:00,2025-03-08_2025-03-20;2025-04-01_2025-04-13;2025-04-25_2025-05-07;2025-05-19_2025-05-31;2025-06-12_2025-06-24;2025-07-06_2025-07-18;2025-08-23_2025-09-04;2025-09-16_2025-09-28;2025-10-10_2025-10-22
f1ef5a3cd7fe,E11,2025,2025,37,9,15,O3,HGB,primary,perm,,63,11005,131.1,58970ccc7c7732eefbc9244a28b4809b3f3beb05bc9c13bd5e6803627bde93e5,E11\f1ef5a3cd7fe.npz,2026-09-30T22:51:58+00:00,2025-03-08_2025-03-20;2025-04-01_2025-04-13;2025-04-25_2025-05-07;2025-05-19_2025-05-31;2025-06-12_2025-06-24;2025-07-06_2025-07-18;2025-08-23_2025-09-04;2025-09-16_2025-09-28;2025-10-10_2025-10-22
237087be2d80,E11,2025,2025,37,9,16,O3,HGB,primary,perm,,63,11005,143.4,58970ccc7c7732eefbc9244a28b4809b3f3beb05bc9c13bd5e6803627bde93e5,E11\237087be2d80.npz,2026-09-30T22:54:22+00:00,2025-03-08_2025-03-20;2025-04-01_2025-04-13;2025-04-25_2025-05-07;2025-05-19_2025-05-31;2025-06-12_2025-06-24;2025-07-06_2025-07-18;2025-08-23_2025-09-04;2025-09-16_2025-09-28;2025-10-10_2025-10-22
bcc6289329eb,E11,2025,2025,37,9,17,O3,HGB,primary,perm,,63,11005,102.1,58970ccc7c7732eefbc9244a28b4809b3f3beb05bc9c13bd5e6803627bde93e5,E11\bcc6289329eb.npz,2026-09-30T22:56:04+00:00,2025-03-08_2025-03-20;2025-04-01_2025-04-13;2025-04-25_2025-05-07;2025-05-19_2025-05-31;2025-06-12_2025-06-24;2025-07-06_2025-07-18;2025-08-23_2025-09-04;2025-09-16_2025-09-28;2025-10-10_2025-10-22
2d7b4ef9c52f,E11,2025,2025,37,9,18,O3,HGB,primary,perm,,63,11005,44.3,58970ccc7c7732eefbc9244a28b4809b3f3beb05bc9c13bd5e6803627bde93e5,E11\2d7b4ef9c52f.npz,2026-09-30T22:56:48+00:00,2025-03-08_2025-03-20;2025-04-01_2025-04-13;2025-04-25_2025-05-07;2025-05-19_2025-05-31;2025-06-12_2025-06-24;2025-07-06_2025-07-18;2025-08-23_2025-09-04;2025-09-16_2025-09-28;2025-10-10_2025-10-22
360235cc6ad5,E11,2025,2025,37,9,19,O3,HGB,primary,perm,,63,11005,42.1,58970ccc7c7732eefbc9244a28b4809b3f3beb05bc9c13bd5e6803627bde93e5,E11\360235cc6ad5.npz,2026-09-30T22:57:30+00:00,2025-03-08_2025-03-20;2025-04-01_2025-04-13;2025-04-25_2025-05-07;2025-05-19_2025-05-31;2025-06-12_2025-06-24;2025-07-06_2025-07-18;2025-08-23_2025-09-04;2025-09-16_2025-09-28;2025-10-10_2025-10-22
5956d0fc311d,E11,2025,2025,37,9,dateperm,O2,HGB,primary,dateperm,,54,11005,34.5,58970ccc7c7732eefbc9244a28b4809b3f3beb05bc9c13bd5e6803627bde93e5,E11\5956d0fc311d.npz,2026-09-30T22:58:05+00:00,2025-03-08_2025-03-20;2025-04-01_2025-04-13;2025-04-25_2025-05-07;2025-05-19_2025-05-31;2025-06-12_2025-06-24;2025-07-06_2025-07-18;2025-08-23_2025-09-04;2025-09-16_2025-09-28;2025-10-10_2025-10-22
9dafc244f00a,E11,2025,2025,88,9,0,O2,HGB,primary,perm,,54,11005,33.2,58970ccc7c7732eefbc9244a28b4809b3f3beb05bc9c13bd5e6803627bde93e5,E11\9dafc244f00a.npz,2026-09-30T22:58:38+00:00,2025-03-11_2025-03-23;2025-04-04_2025-04-16;2025-04-28_2025-05-10;2025-05-22_2025-06-03;2025-06-15_2025-06-27;2025-07-09_2025-07-21;2025-08-02_2025-08-14;2025-08-26_2025-09-07;2025-10-13_2025-10-25
ad24e5805748,E11,2025,2025,88,9,1,O2,HGB,primary,perm,,54,11005,33.6,58970ccc7c7732eefbc9244a28b4809b3f3beb05bc9c13bd5e6803627bde93e5,E11\ad24e5805748.npz,2026-09-30T22:59:11+00:00,2025-03-11_2025-03-23;2025-04-04_2025-04-16;2025-04-28_2025-05-10;2025-05-22_2025-06-03;2025-06-15_2025-06-27;2025-07-09_2025-07-21;2025-08-02_2025-08-14;2025-08-26_2025-09-07;2025-10-13_2025-10-25
e8082e4a1c2d,E11,2025,2025,88,9,2,O2,HGB,primary,perm,,54,11005,33.1,58970ccc7c7732eefbc9244a28b4809b3f3beb05bc9c13bd5e6803627bde93e5,E11\e8082e4a1c2d.npz,2026-09-30T22:59:44+00:00,2025-03-11_2025-03-23;2025-04-04_2025-04-16;2025-04-28_2025-05-10;2025-05-22_2025-06-03;2025-06-15_2025-06-27;2025-07-09_2025-07-21;2025-08-02_2025-08-14;2025-08-26_2025-09-07;2025-10-13_2025-10-25
1b82f29c6ca4,E11,2025,2025,88,9,3,O2,HGB,primary,perm,,54,11005,34.4,58970ccc7c7732eefbc9244a28b4809b3f3beb05bc9c13bd5e6803627bde93e5,E11\1b82f29c6ca4.npz,2026-09-30T23:00:19+00:00,2025-03-11_2025-03-23;2025-04-04_2025-04-16;2025-04-28_2025-05-10;2025-05-22_2025-06-03;2025-06-15_2025-06-27;2025-07-09_2025-07-21;2025-08-02_2025-08-14;2025-08-26_2025-09-07;2025-10-13_2025-10-25
45ba3d24ac7b,E11,2025,2025,88,9,4,O2,HGB,primary,perm,,54,11005,35.2,58970ccc7c7732eefbc9244a28b4809b3f3beb05bc9c13bd5e6803627bde93e5,E11\45ba3d24ac7b.npz,2026-09-30T23:00:54+00:00,2025-03-11_2025-03-23;2025-04-04_2025-04-16;2025-04-28_2025-05-10;2025-05-22_2025-06-03;2025-06-15_2025-06-27;2025-07-09_2025-07-21;2025-08-02_2025-08-14;2025-08-26_2025-09-07;2025-10-13_2025-10-25
df7628d3defd,E11,2025,2025,88,9,5,O2,HGB,primary,perm,,54,11005,34.8,58970ccc7c7732eefbc9244a28b4809b3f3beb05bc9c13bd5e6803627bde93e5,E11\df7628d3defd.npz,2026-09-30T23:01:29+00:00,2025-03-11_2025-03-23;2025-04-04_2025-04-16;2025-04-28_2025-05-10;2025-05-22_2025-06-03;2025-06-15_2025-06-27;2025-07-09_2025-07-21;2025-08-02_2025-08-14;2025-08-26_2025-09-07;2025-10-13_2025-10-25
2a74762726ac,E11,2025,2025,88,9,6,O2,HGB,primary,perm,,54,11005,34.9,58970ccc7c7732eefbc9244a28b4809b3f3beb05bc9c13bd5e6803627bde93e5,E11\2a74762726ac.npz,2026-09-30T23:02:04+00:00,2025-03-11_2025-03-23;2025-04-04_2025-04-16;2025-04-28_2025-05-10;2025-05-22_2025-06-03;2025-06-15_2025-06-27;2025-07-09_2025-07-21;2025-08-02_2025-08-14;2025-08-26_2025-09-07;2025-10-13_2025-10-25
9d98993b387c,E11,2025,2025,88,9,7,O2,HGB,primary,perm,,54,11005,35.6,58970ccc7c7732eefbc9244a28b4809b3f3beb05bc9c13bd5e6803627bde93e5,E11\9d98993b387c.npz,2026-09-30T23:02:39+00:00,2025-03-11_2025-03-23;2025-04-04_2025-04-16;2025-04-28_2025-05-10;2025-05-22_2025-06-03;2025-06-15_2025-06-27;2025-07-09_2025-07-21;2025-08-02_2025-08-14;2025-08-26_2025-09-07;2025-10-13_2025-10-25
9459616f488e,E11,2025,2025,88,9,8,O2,HGB,primary,perm,,54,11005,35.5,58970ccc7c7732eefbc9244a28b4809b3f3beb05bc9c13bd5e6803627bde93e5,E11\9459616f488e.npz,2026-09-30T23:03:15+00:00,2025-03-11_2025-03-23;2025-04-04_2025-04-16;2025-04-28_2025-05-10;2025-05-22_2025-06-03;2025-06-15_2025-06-27;2025-07-09_2025-07-21;2025-08-02_2025-08-14;2025-08-26_2025-09-07;2025-10-13_2025-10-25
702f988d5d4c,E11,2025,2025,88,9,9,O2,HGB,primary,perm,,54,11005,36.1,58970ccc7c7732eefbc9244a28b4809b3f3beb05bc9c13bd5e6803627bde93e5,E11\702f988d5d4c.npz,2026-09-30T23:03:51+00:00,2025-03-11_2025-03-23;2025-04-04_2025-04-16;2025-04-28_2025-05-10;2025-05-22_2025-06-03;2025-06-15_2025-06-27;2025-07-09_2025-07-21;2025-08-02_2025-08-14;2025-08-26_2025-09-07;2025-10-13_2025-10-25
6276b340ee1d,E11,2025,2025,88,9,10,O2,HGB,primary,perm,,54,11005,38.5,58970ccc7c7732eefbc9244a28b4809b3f3beb05bc9c13bd5e6803627bde93e5,E11\6276b340ee1d.npz,2026-09-30T23:04:29+00:00,2025-03-11_2025-03-23;2025-04-04_2025-04-16;2025-04-28_2025-05-10;2025-05-22_2025-06-03;2025-06-15_2025-06-27;2025-07-09_2025-07-21;2025-08-02_2025-08-14;2025-08-26_2025-09-07;2025-10-13_2025-10-25
1c47707ae53d,E11,2025,2025,88,9,11,O2,HGB,primary,perm,,54,11005,38.9,58970ccc7c7732eefbc9244a28b4809b3f3beb05bc9c13bd5e6803627bde93e5,E11\1c47707ae53d.npz,2026-09-30T23:05:08+00:00,2025-03-11_2025-03-23;2025-04-04_2025-04-16;2025-04-28_2025-05-10;2025-05-22_2025-06-03;2025-06-15_2025-06-27;2025-07-09_2025-07-21;2025-08-02_2025-08-14;2025-08-26_2025-09-07;2025-10-13_2025-10-25
6273d6aaac0d,E11,2025,2025,88,9,12,O2,HGB,primary,perm,,54,11005,39.2,58970ccc7c7732eefbc9244a28b4809b3f3beb05bc9c13bd5e6803627bde93e5,E11\6273d6aaac0d.npz,2026-09-30T23:05:48+00:00,2025-03-11_2025-03-23;2025-04-04_2025-04-16;2025-04-28_2025-05-10;2025-05-22_2025-06-03;2025-06-15_2025-06-27;2025-07-09_2025-07-21;2025-08-02_2025-08-14;2025-08-26_2025-09-07;2025-10-13_2025-10-25
9236ed92206c,E11,2025,2025,88,9,13,O2,HGB,primary,perm,,54,11005,36.5,58970ccc7c7732eefbc9244a28b4809b3f3beb05bc9c13bd5e6803627bde93e5,E11\9236ed92206c.npz,2026-09-30T23:06:24+00:00,2025-03-11_2025-03-23;2025-04-04_2025-04-16;2025-04-28_2025-05-10;2025-05-22_2025-06-03;2025-06-15_2025-06-27;2025-07-09_2025-07-21;2025-08-02_2025-08-14;2025-08-26_2025-09-07;2025-10-13_2025-10-25
73f5d924fa23,E11,2025,2025,88,9,14,O2,HGB,primary,perm,,54,11005,36.2,58970ccc7c7732eefbc9244a28b4809b3f3beb05bc9c13bd5e6803627bde93e5,E11\73f5d924fa23.npz,2026-09-30T23:07:00+00:00,2025-03-11_2025-03-23;2025-04-04_2025-04-16;2025-04-28_2025-05-10;2025-05-22_2025-06-03;2025-06-15_2025-06-27;2025-07-09_2025-07-21;2025-08-02_2025-08-14;2025-08-26_2025-09-07;2025-10-13_2025-10-25
d70af59f9bc5,E11,2025,2025,88,9,15,O2,HGB,primary,perm,,54,11005,35.4,58970ccc7c7732eefbc9244a28b4809b3f3beb05bc9c13bd5e6803627bde93e5,E11\d70af59f9bc5.npz,2026-09-30T23:07:36+00:00,2025-03-11_2025-03-23;2025-04-04_2025-04-16;2025-04-28_2025-05-10;2025-05-22_2025-06-03;2025-06-15_2025-06-27;2025-07-09_2025-07-21;2025-08-02_2025-08-14;2025-08-26_2025-09-07;2025-10-13_2025-10-25
c9c444de7199,E11,2025,2025,88,9,16,O2,HGB,primary,perm,,54,11005,36.4,58970ccc7c7732eefbc9244a28b4809b3f3beb05bc9c13bd5e6803627bde93e5,E11\c9c444de7199.npz,2026-09-30T23:08:12+00:00,2025-03-11_2025-03-23;2025-04-04_2025-04-16;2025-04-28_2025-05-10;2025-05-22_2025-06-03;2025-06-15_2025-06-27;2025-07-09_2025-07-21;2025-08-02_2025-08-14;2025-08-26_2025-09-07;2025-10-13_2025-10-25
4fa9813eed7a,E11,2025,2025,88,9,17,O2,HGB,primary,perm,,54,11005,36.7,58970ccc7c7732eefbc9244a28b4809b3f3beb05bc9c13bd5e6803627bde93e5,E11\4fa9813eed7a.npz,2026-09-30T23:08:49+00:00,2025-03-11_2025-03-23;2025-04-04_2025-04-16;2025-04-28_2025-05-10;2025-05-22_2025-06-03;2025-06-15_2025-06-27;2025-07-09_2025-07-21;2025-08-02_2025-08-14;2025-08-26_2025-09-07;2025-10-13_2025-10-25
c7d93d13e7aa,E11,2025,2025,88,9,18,O2,HGB,primary,perm,,54,11005,35.0,58970ccc7c7732eefbc9244a28b4809b3f3beb05bc9c13bd5e6803627bde93e5,E11\c7d93d13e7aa.npz,2026-09-30T23:09:24+00:00,2025-03-11_2025-03-23;2025-04-04_2025-04-16;2025-04-28_2025-05-10;2025-05-22_2025-06-03;2025-06-15_2025-06-27;2025-07-09_2025-07-21;2025-08-02_2025-08-14;2025-08-26_2025-09-07;2025-10-13_2025-10-25
e214ff3c0d22,E11,2025,2025,88,9,19,O2,HGB,primary,perm,,54,11005,35.1,58970ccc7c7732eefbc9244a28b4809b3f3beb05bc9c13bd5e6803627bde93e5,E11\e214ff3c0d22.npz,2026-09-30T23:09:59+00:00,2025-03-11_2025-03-23;2025-04-04_2025-04-16;2025-04-28_2025-05-10;2025-05-22_2025-06-03;2025-06-15_2025-06-27;2025-07-09_2025-07-21;2025-08-02_2025-08-14;2025-08-26_2025-09-07;2025-10-13_2025-10-25
99a877ac13b3,E11,2025,2025,88,9,0,O3,HGB,primary,perm,,63,11005,40.9,58970ccc7c7732eefbc9244a28b4809b3f3beb05bc9c13bd5e6803627bde93e5,E11\99a877ac13b3.npz,2026-09-30T23:10:40+00:00,2025-03-11_2025-03-23;2025-04-04_2025-04-16;2025-04-28_2025-05-10;2025-05-22_2025-06-03;2025-06-15_2025-06-27;2025-07-09_2025-07-21;2025-08-02_2025-08-14;2025-08-26_2025-09-07;2025-10-13_2025-10-25
cc74ecd8256b,E11,2025,2025,88,9,1,O3,HGB,primary,perm,,63,11005,42.0,58970ccc7c7732eefbc9244a28b4809b3f3beb05bc9c13bd5e6803627bde93e5,E11\cc74ecd8256b.npz,2026-09-30T23:11:22+00:00,2025-03-11_2025-03-23;2025-04-04_2025-04-16;2025-04-28_2025-05-10;2025-05-22_2025-06-03;2025-06-15_2025-06-27;2025-07-09_2025-07-21;2025-08-02_2025-08-14;2025-08-26_2025-09-07;2025-10-13_2025-10-25
2756a7064ab8,E11,2025,2025,88,9,2,O3,HGB,primary,perm,,63,11005,42.9,58970ccc7c7732eefbc9244a28b4809b3f3beb05bc9c13bd5e6803627bde93e5,E11\2756a7064ab8.npz,2026-09-30T23:12:05+00:00,2025-03-11_2025-03-23;2025-04-04_2025-04-16;2025-04-28_2025-05-10;2025-05-22_2025-06-03;2025-06-15_2025-06-27;2025-07-09_2025-07-21;2025-08-02_2025-08-14;2025-08-26_2025-09-07;2025-10-13_2025-10-25
d3d2fe2a06cc,E11,2025,2025,88,9,3,O3,HGB,primary,perm,,63,11005,54.5,58970ccc7c7732eefbc9244a28b4809b3f3beb05bc9c13bd5e6803627bde93e5,E11\d3d2fe2a06cc.npz,2026-09-30T23:12:59+00:00,2025-03-11_2025-03-23;2025-04-04_2025-04-16;2025-04-28_2025-05-10;2025-05-22_2025-06-03;2025-06-15_2025-06-27;2025-07-09_2025-07-21;2025-08-02_2025-08-14;2025-08-26_2025-09-07;2025-10-13_2025-10-25
6f38d95ecc46,E11,2025,2025,88,9,4,O3,HGB,primary,perm,,63,11005,43.5,58970ccc7c7732eefbc9244a28b4809b3f3beb05bc9c13bd5e6803627bde93e5,E11\6f38d95ecc46.npz,2026-09-30T23:13:43+00:00,2025-03-11_2025-03-23;2025-04-04_2025-04-16;2025-04-28_2025-05-10;2025-05-22_2025-06-03;2025-06-15_2025-06-27;2025-07-09_2025-07-21;2025-08-02_2025-08-14;2025-08-26_2025-09-07;2025-10-13_2025-10-25
461d306ceb27,E11,2025,2025,88,9,5,O3,HGB,primary,perm,,63,11005,50.5,58970ccc7c7732eefbc9244a28b4809b3f3beb05bc9c13bd5e6803627bde93e5,E11\461d306ceb27.npz,2026-09-30T23:14:33+00:00,2025-03-11_2025-03-23;2025-04-04_2025-04-16;2025-04-28_2025-05-10;2025-05-22_2025-06-03;2025-06-15_2025-06-27;2025-07-09_2025-07-21;2025-08-02_2025-08-14;2025-08-26_2025-09-07;2025-10-13_2025-10-25
fa70ff97262e,E11,2025,2025,88,9,6,O3,HGB,primary,perm,,63,11005,57.5,58970ccc7c7732eefbc9244a28b4809b3f3beb05bc9c13bd5e6803627bde93e5,E11\fa70ff97262e.npz,2026-09-30T23:15:31+00:00,2025-03-11_2025-03-23;2025-04-04_2025-04-16;2025-04-28_2025-05-10;2025-05-22_2025-06-03;2025-06-15_2025-06-27;2025-07-09_2025-07-21;2025-08-02_2025-08-14;2025-08-26_2025-09-07;2025-10-13_2025-10-25
72cb85791904,E11,2025,2025,88,9,7,O3,HGB,primary,perm,,63,11005,50.5,58970ccc7c7732eefbc9244a28b4809b3f3beb05bc9c13bd5e6803627bde93e5,E11\72cb85791904.npz,2026-09-30T23:16:21+00:00,2025-03-11_2025-03-23;2025-04-04_2025-04-16;2025-04-28_2025-05-10;2025-05-22_2025-06-03;2025-06-15_2025-06-27;2025-07-09_2025-07-21;2025-08-02_2025-08-14;2025-08-26_2025-09-07;2025-10-13_2025-10-25
94d8554498f6,E11,2025,2025,88,9,8,O3,HGB,primary,perm,,63,11005,54.3,58970ccc7c7732eefbc9244a28b4809b3f3beb05bc9c13bd5e6803627bde93e5,E11\94d8554498f6.npz,2026-09-30T23:17:16+00:00,2025-03-11_2025-03-23;2025-04-04_2025-04-16;2025-04-28_2025-05-10;2025-05-22_2025-06-03;2025-06-15_2025-06-27;2025-07-09_2025-07-21;2025-08-02_2025-08-14;2025-08-26_2025-09-07;2025-10-13_2025-10-25
822dc5a2010f,E11,2025,2025,88,9,9,O3,HGB,primary,perm,,63,11005,64.1,58970ccc7c7732eefbc9244a28b4809b3f3beb05bc9c13bd5e6803627bde93e5,E11\822dc5a2010f.npz,2026-09-30T23:18:20+00:00,2025-03-11_2025-03-23;2025-04-04_2025-04-16;2025-04-28_2025-05-10;2025-05-22_2025-06-03;2025-06-15_2025-06-27;2025-07-09_2025-07-21;2025-08-02_2025-08-14;2025-08-26_2025-09-07;2025-10-13_2025-10-25
38b1245cad85,E11,2025,2025,88,9,10,O3,HGB,primary,perm,,63,11005,51.4,58970ccc7c7732eefbc9244a28b4809b3f3beb05bc9c13bd5e6803627bde93e5,E11\38b1245cad85.npz,2026-09-30T23:19:11+00:00,2025-03-11_2025-03-23;2025-04-04_2025-04-16;2025-04-28_2025-05-10;2025-05-22_2025-06-03;2025-06-15_2025-06-27;2025-07-09_2025-07-21;2025-08-02_2025-08-14;2025-08-26_2025-09-07;2025-10-13_2025-10-25
5a77635fb07c,E11,2025,2025,88,9,11,O3,HGB,primary,perm,,63,11005,51.9,58970ccc7c7732eefbc9244a28b4809b3f3beb05bc9c13bd5e6803627bde93e5,E11\5a77635fb07c.npz,2026-09-30T23:20:03+00:00,2025-03-11_2025-03-23;2025-04-04_2025-04-16;2025-04-28_2025-05-10;2025-05-22_2025-06-03;2025-06-15_2025-06-27;2025-07-09_2025-07-21;2025-08-02_2025-08-14;2025-08-26_2025-09-07;2025-10-13_2025-10-25
868a3ee94c18,E11,2025,2025,88,9,12,O3,HGB,primary,perm,,63,11005,50.0,58970ccc7c7732eefbc9244a28b4809b3f3beb05bc9c13bd5e6803627bde93e5,E11\868a3ee94c18.npz,2026-09-30T23:20:53+00:00,2025-03-11_2025-03-23;2025-04-04_2025-04-16;2025-04-28_2025-05-10;2025-05-22_2025-06-03;2025-06-15_2025-06-27;2025-07-09_2025-07-21;2025-08-02_2025-08-14;2025-08-26_2025-09-07;2025-10-13_2025-10-25
3fd27d7372c5,E11,2025,2025,88,9,13,O3,HGB,primary,perm,,63,11005,46.0,58970ccc7c7732eefbc9244a28b4809b3f3beb05bc9c13bd5e6803627bde93e5,E11\3fd27d7372c5.npz,2026-09-30T23:21:39+00:00,2025-03-11_2025-03-23;2025-04-04_2025-04-16;2025-04-28_2025-05-10;2025-05-22_2025-06-03;2025-06-15_2025-06-27;2025-07-09_2025-07-21;2025-08-02_2025-08-14;2025-08-26_2025-09-07;2025-10-13_2025-10-25
f52eae5c83c7,E11,2025,2025,88,9,14,O3,HGB,primary,perm,,63,11005,58.3,58970ccc7c7732eefbc9244a28b4809b3f3beb05bc9c13bd5e6803627bde93e5,E11\f52eae5c83c7.npz,2026-09-30T23:22:37+00:00,2025-03-11_2025-03-23;2025-04-04_2025-04-16;2025-04-28_2025-05-10;2025-05-22_2025-06-03;2025-06-15_2025-06-27;2025-07-09_2025-07-21;2025-08-02_2025-08-14;2025-08-26_2025-09-07;2025-10-13_2025-10-25
ddc5323a5d9b,E11,2025,2025,88,9,15,O3,HGB,primary,perm,,63,11005,52.0,58970ccc7c7732eefbc9244a28b4809b3f3beb05bc9c13bd5e6803627bde93e5,E11\ddc5323a5d9b.npz,2026-09-30T23:23:29+00:00,2025-03-11_2025-03-23;2025-04-04_2025-04-16;2025-04-28_2025-05-10;2025-05-22_2025-06-03;2025-06-15_2025-06-27;2025-07-09_2025-07-21;2025-08-02_2025-08-14;2025-08-26_2025-09-07;2025-10-13_2025-10-25
c9f3425d4c83,E11,2025,2025,88,9,16,O3,HGB,primary,perm,,63,11005,52.2,58970ccc7c7732eefbc9244a28b4809b3f3beb05bc9c13bd5e6803627bde93e5,E11\c9f3425d4c83.npz,2026-09-30T23:24:22+00:00,2025-03-11_2025-03-23;2025-04-04_2025-04-16;2025-04-28_2025-05-10;2025-05-22_2025-06-03;2025-06-15_2025-06-27;2025-07-09_2025-07-21;2025-08-02_2025-08-14;2025-08-26_2025-09-07;2025-10-13_2025-10-25
e4fb26cc7b74,E11,2025,2025,88,9,17,O3,HGB,primary,perm,,63,11005,53.5,58970ccc7c7732eefbc9244a28b4809b3f3beb05bc9c13bd5e6803627bde93e5,E11\e4fb26cc7b74.npz,2026-09-30T23:25:15+00:00,2025-03-11_2025-03-23;2025-04-04_2025-04-16;2025-04-28_2025-05-10;2025-05-22_2025-06-03;2025-06-15_2025-06-27;2025-07-09_2025-07-21;2025-08-02_2025-08-14;2025-08-26_2025-09-07;2025-10-13_2025-10-25
ccb4134238be,E11,2025,2025,88,9,18,O3,HGB,primary,perm,,63,11005,46.1,58970ccc7c7732eefbc9244a28b4809b3f3beb05bc9c13bd5e6803627bde93e5,E11\ccb4134238be.npz,2026-09-30T23:26:01+00:00,2025-03-11_2025-03-23;2025-04-04_2025-04-16;2025-04-28_2025-05-10;2025-05-22_2025-06-03;2025-06-15_2025-06-27;2025-07-09_2025-07-21;2025-08-02_2025-08-14;2025-08-26_2025-09-07;2025-10-13_2025-10-25
29b1ab062b52,E11,2025,2025,88,9,19,O3,HGB,primary,perm,,63,11005,58.2,58970ccc7c7732eefbc9244a28b4809b3f3beb05bc9c13bd5e6803627bde93e5,E11\29b1ab062b52.npz,2026-09-30T23:26:59+00:00,2025-03-11_2025-03-23;2025-04-04_2025-04-16;2025-04-28_2025-05-10;2025-05-22_2025-06-03;2025-06-15_2025-06-27;2025-07-09_2025-07-21;2025-08-02_2025-08-14;2025-08-26_2025-09-07;2025-10-13_2025-10-25
fdb7d6a4a379,E11,2025,2025,88,9,dateperm,O2,HGB,primary,dateperm,,54,11005,46.9,58970ccc7c7732eefbc9244a28b4809b3f3beb05bc9c13bd5e6803627bde93e5,E11\fdb7d6a4a379.npz,2026-09-30T23:27:46+00:00,2025-03-11_2025-03-23;2025-04-04_2025-04-16;2025-04-28_2025-05-10;2025-05-22_2025-06-03;2025-06-15_2025-06-27;2025-07-09_2025-07-21;2025-08-02_2025-08-14;2025-08-26_2025-09-07;2025-10-13_2025-10-25
8d44c212e3a6,E11,2025,2025,37vs88,9,trackprobe,O2,HGB,primary,trackprobe,,54,22010,28.8,58970ccc7c7732eefbc9244a28b4809b3f3beb05bc9c13bd5e6803627bde93e5,E11\8d44c212e3a6.npz,2026-09-30T23:28:15+00:00,
0b76131eb0ce,E9,2025,2024,37,1,uniform,O2,HGB,primary,,,6,11069,14.8,58970ccc7c7732eefbc9244a28b4809b3f3beb05bc9c13bd5e6803627bde93e5,E9\0b76131eb0ce.npz,2026-09-30T23:28:30+00:00,2025-06-12_2025-06-24|2024-06-05_2024-06-17
f381fef7b44e,E9,2025,2024,37,1,uniform,O3,HGB,primary,,,7,11069,15.5,58970ccc7c7732eefbc9244a28b4809b3f3beb05bc9c13bd5e6803627bde93e5,E9\f381fef7b44e.npz,2026-09-30T23:28:45+00:00,2025-06-12_2025-06-24|2024-06-05_2024-06-17
e8d83b0c02b0,E9,2025,2024,37,2,uniform,O2,HGB,primary,,,12,11069,20.1,58970ccc7c7732eefbc9244a28b4809b3f3beb05bc9c13bd5e6803627bde93e5,E9\e8d83b0c02b0.npz,2026-09-30T23:29:06+00:00,2025-03-08_2025-03-20;2025-10-10_2025-10-22|2024-03-01_2024-03-13;2024-10-03_2024-10-15
bf4599a7782a,E9,2025,2024,37,2,uniform,O3,HGB,primary,,,14,11069,21.0,58970ccc7c7732eefbc9244a28b4809b3f3beb05bc9c13bd5e6803627bde93e5,E9\bf4599a7782a.npz,2026-09-30T23:29:27+00:00,2025-03-08_2025-03-20;2025-10-10_2025-10-22|2024-03-01_2024-03-13;2024-10-03_2024-10-15
6784e8bdb6e8,E9,2025,2024,37,4,uniform,O2,HGB,primary,,,24,11069,25.1,58970ccc7c7732eefbc9244a28b4809b3f3beb05bc9c13bd5e6803627bde93e5,E9\6784e8bdb6e8.npz,2026-09-30T23:29:52+00:00,2025-03-08_2025-03-20;2025-06-12_2025-06-24;2025-08-23_2025-09-04;2025-10-10_2025-10-22|2024-03-01_2024-03-13;2024-06-05_2024-06-17;2024-08-16_2024-08-28;2024-10-03_2024-10-15
32939f865687,E9,2025,2024,37,4,uniform,O3,HGB,primary,,,28,11069,34.1,58970ccc7c7732eefbc9244a28b4809b3f3beb05bc9c13bd5e6803627bde93e5,E9\32939f865687.npz,2026-09-30T23:30:26+00:00,2025-03-08_2025-03-20;2025-06-12_2025-06-24;2025-08-23_2025-09-04;2025-10-10_2025-10-22|2024-03-01_2024-03-13;2024-06-05_2024-06-17;2024-08-16_2024-08-28;2024-10-03_2024-10-15
ef07e5b7aaea,E9,2025,2024,37,9,uniform,O2,HGB,primary,,,54,11069,51.8,58970ccc7c7732eefbc9244a28b4809b3f3beb05bc9c13bd5e6803627bde93e5,E9\ef07e5b7aaea.npz,2026-09-30T23:31:18+00:00,2025-03-08_2025-03-20;2025-04-01_2025-04-13;2025-04-25_2025-05-07;2025-05-19_2025-05-31;2025-06-12_2025-06-24;2025-07-06_2025-07-18;2025-08-23_2025-09-04;2025-09-16_2025-09-28;2025-10-10_2025-10-22|2024-03-01_2024-03-13;2024-03-25_2024-04-06;2024-04-18_2024-04-30;2024-05-12_2024-05-24;2024-06-05_2024-06-17;2024-06-29_2024-07-11;2024-08-16_2024-08-28;2024-09-09_2024-09-21;2024-10-03_2024-10-15
2186b3219dc7,E9,2025,2024,37,9,uniform,O3,HGB,primary,,,63,11069,51.1,58970ccc7c7732eefbc9244a28b4809b3f3beb05bc9c13bd5e6803627bde93e5,E9\2186b3219dc7.npz,2026-09-30T23:32:09+00:00,2025-03-08_2025-03-20;2025-04-01_2025-04-13;2025-04-25_2025-05-07;2025-05-19_2025-05-31;2025-06-12_2025-06-24;2025-07-06_2025-07-18;2025-08-23_2025-09-04;2025-09-16_2025-09-28;2025-10-10_2025-10-22|2024-03-01_2024-03-13;2024-03-25_2024-04-06;2024-04-18_2024-04-30;2024-05-12_2024-05-24;2024-06-05_2024-06-17;2024-06-29_2024-07-11;2024-08-16_2024-08-28;2024-09-09_2024-09-21;2024-10-03_2024-10-15
bbaf2debb11b,E9,2025,2024,88,1,uniform,O2,HGB,primary,,,6,11069,14.7,58970ccc7c7732eefbc9244a28b4809b3f3beb05bc9c13bd5e6803627bde93e5,E9\bbaf2debb11b.npz,2026-09-30T23:32:23+00:00,2025-06-15_2025-06-27|2024-06-08_2024-06-20
51f33a44f303,E9,2025,2024,88,1,uniform,O3,HGB,primary,,,7,11069,14.9,58970ccc7c7732eefbc9244a28b4809b3f3beb05bc9c13bd5e6803627bde93e5,E9\51f33a44f303.npz,2026-09-30T23:32:38+00:00,2025-06-15_2025-06-27|2024-06-08_2024-06-20
f20ad1626f5b,E9,2025,2024,88,2,uniform,O2,HGB,primary,,,12,11069,20.7,58970ccc7c7732eefbc9244a28b4809b3f3beb05bc9c13bd5e6803627bde93e5,E9\f20ad1626f5b.npz,2026-09-30T23:32:59+00:00,2025-03-11_2025-03-23;2025-10-13_2025-10-25|2024-03-04_2024-03-16;2024-10-06_2024-10-18
bf144161a347,E9,2025,2024,88,2,uniform,O3,HGB,primary,,,14,11069,22.3,58970ccc7c7732eefbc9244a28b4809b3f3beb05bc9c13bd5e6803627bde93e5,E9\bf144161a347.npz,2026-09-30T23:33:21+00:00,2025-03-11_2025-03-23;2025-10-13_2025-10-25|2024-03-04_2024-03-16;2024-10-06_2024-10-18
e7629b1db926,E9,2025,2024,88,4,uniform,O2,HGB,primary,,,24,11069,26.6,58970ccc7c7732eefbc9244a28b4809b3f3beb05bc9c13bd5e6803627bde93e5,E9\e7629b1db926.npz,2026-09-30T23:33:48+00:00,2025-03-11_2025-03-23;2025-06-15_2025-06-27;2025-08-02_2025-08-14;2025-10-13_2025-10-25|2024-03-04_2024-03-16;2024-06-08_2024-06-20;2024-07-26_2024-08-07;2024-10-06_2024-10-18
0578a99eb295,E9,2025,2024,88,4,uniform,O3,HGB,primary,,,28,11069,28.8,58970ccc7c7732eefbc9244a28b4809b3f3beb05bc9c13bd5e6803627bde93e5,E9\0578a99eb295.npz,2026-09-30T23:34:17+00:00,2025-03-11_2025-03-23;2025-06-15_2025-06-27;2025-08-02_2025-08-14;2025-10-13_2025-10-25|2024-03-04_2024-03-16;2024-06-08_2024-06-20;2024-07-26_2024-08-07;2024-10-06_2024-10-18
f7746590b8e9,E9,2025,2024,88,9,uniform,O2,HGB,primary,,,54,11069,58.4,58970ccc7c7732eefbc9244a28b4809b3f3beb05bc9c13bd5e6803627bde93e5,E9\f7746590b8e9.npz,2026-09-30T23:35:15+00:00,2025-03-11_2025-03-23;2025-04-04_2025-04-16;2025-04-28_2025-05-10;2025-05-22_2025-06-03;2025-06-15_2025-06-27;2025-07-09_2025-07-21;2025-08-02_2025-08-14;2025-08-26_2025-09-07;2025-10-13_2025-10-25|2024-03-04_2024-03-16;2024-03-28_2024-04-09;2024-04-21_2024-05-03;2024-05-15_2024-05-27;2024-06-08_2024-06-20;2024-07-02_2024-07-14;2024-07-26_2024-08-07;2024-08-19_2024-08-31;2024-10-06_2024-10-18
03769bcdfd9a,E9,2025,2024,88,9,uniform,O3,HGB,primary,,,63,11069,58.3,58970ccc7c7732eefbc9244a28b4809b3f3beb05bc9c13bd5e6803627bde93e5,E9\03769bcdfd9a.npz,2026-09-30T23:36:13+00:00,2025-03-11_2025-03-23;2025-04-04_2025-04-16;2025-04-28_2025-05-10;2025-05-22_2025-06-03;2025-06-15_2025-06-27;2025-07-09_2025-07-21;2025-08-02_2025-08-14;2025-08-26_2025-09-07;2025-10-13_2025-10-25|2024-03-04_2024-03-16;2024-03-28_2024-04-09;2024-04-21_2024-05-03;2024-05-15_2024-05-27;2024-06-08_2024-06-20;2024-07-02_2024-07-14;2024-07-26_2024-08-07;2024-08-19_2024-08-31;2024-10-06_2024-10-18
de62a2b3e509,E9,2024,2025,37,1,uniform,O2,HGB,primary,,,6,11005,17.4,58970ccc7c7732eefbc9244a28b4809b3f3beb05bc9c13bd5e6803627bde93e5,E9\de62a2b3e509.npz,2026-09-30T23:36:31+00:00,2024-06-05_2024-06-17|2025-06-12_2025-06-24
316ddd60ca62,E9,2024,2025,37,1,uniform,O3,HGB,primary,,,7,11005,16.1,58970ccc7c7732eefbc9244a28b4809b3f3beb05bc9c13bd5e6803627bde93e5,E9\316ddd60ca62.npz,2026-09-30T23:36:47+00:00,2024-06-05_2024-06-17|2025-06-12_2025-06-24
190b6bc8a791,E9,2024,2025,37,2,uniform,O2,HGB,primary,,,12,11005,21.2,58970ccc7c7732eefbc9244a28b4809b3f3beb05bc9c13bd5e6803627bde93e5,E9\190b6bc8a791.npz,2026-09-30T23:37:08+00:00,2024-03-01_2024-03-13;2024-10-03_2024-10-15|2025-03-08_2025-03-20;2025-10-10_2025-10-22
06e90be03da5,E9,2024,2025,37,2,uniform,O3,HGB,primary,,,14,11005,21.2,58970ccc7c7732eefbc9244a28b4809b3f3beb05bc9c13bd5e6803627bde93e5,E9\06e90be03da5.npz,2026-09-30T23:37:29+00:00,2024-03-01_2024-03-13;2024-10-03_2024-10-15|2025-03-08_2025-03-20;2025-10-10_2025-10-22
b7c9719621ca,E9,2024,2025,37,4,uniform,O2,HGB,primary,,,24,11005,27.5,58970ccc7c7732eefbc9244a28b4809b3f3beb05bc9c13bd5e6803627bde93e5,E9\b7c9719621ca.npz,2026-09-30T23:37:57+00:00,2024-03-01_2024-03-13;2024-06-05_2024-06-17;2024-08-16_2024-08-28;2024-10-03_2024-10-15|2025-03-08_2025-03-20;2025-06-12_2025-06-24;2025-08-23_2025-09-04;2025-10-10_2025-10-22
ea0773966e2f,E9,2024,2025,37,4,uniform,O3,HGB,primary,,,28,11005,32.1,58970ccc7c7732eefbc9244a28b4809b3f3beb05bc9c13bd5e6803627bde93e5,E9\ea0773966e2f.npz,2026-09-30T23:38:29+00:00,2024-03-01_2024-03-13;2024-06-05_2024-06-17;2024-08-16_2024-08-28;2024-10-03_2024-10-15|2025-03-08_2025-03-20;2025-06-12_2025-06-24;2025-08-23_2025-09-04;2025-10-10_2025-10-22
39fcfd932a3a,E9,2024,2025,37,9,uniform,O2,HGB,primary,,,54,11005,44.7,58970ccc7c7732eefbc9244a28b4809b3f3beb05bc9c13bd5e6803627bde93e5,E9\39fcfd932a3a.npz,2026-09-30T23:39:14+00:00,2024-03-01_2024-03-13;2024-03-25_2024-04-06;2024-04-18_2024-04-30;2024-05-12_2024-05-24;2024-06-05_2024-06-17;2024-06-29_2024-07-11;2024-08-16_2024-08-28;2024-09-09_2024-09-21;2024-10-03_2024-10-15|2025-03-08_2025-03-20;2025-04-01_2025-04-13;2025-04-25_2025-05-07;2025-05-19_2025-05-31;2025-06-12_2025-06-24;2025-07-06_2025-07-18;2025-08-23_2025-09-04;2025-09-16_2025-09-28;2025-10-10_2025-10-22
649005b6ea34,E9,2024,2025,37,9,uniform,O3,HGB,primary,,,63,11005,53.5,58970ccc7c7732eefbc9244a28b4809b3f3beb05bc9c13bd5e6803627bde93e5,E9\649005b6ea34.npz,2026-09-30T23:40:07+00:00,2024-03-01_2024-03-13;2024-03-25_2024-04-06;2024-04-18_2024-04-30;2024-05-12_2024-05-24;2024-06-05_2024-06-17;2024-06-29_2024-07-11;2024-08-16_2024-08-28;2024-09-09_2024-09-21;2024-10-03_2024-10-15|2025-03-08_2025-03-20;2025-04-01_2025-04-13;2025-04-25_2025-05-07;2025-05-19_2025-05-31;2025-06-12_2025-06-24;2025-07-06_2025-07-18;2025-08-23_2025-09-04;2025-09-16_2025-09-28;2025-10-10_2025-10-22
6d533b7a61d4,E9,2024,2025,88,1,uniform,O2,HGB,primary,,,6,11005,16.2,58970ccc7c7732eefbc9244a28b4809b3f3beb05bc9c13bd5e6803627bde93e5,E9\6d533b7a61d4.npz,2026-09-30T23:40:23+00:00,2024-06-08_2024-06-20|2025-06-15_2025-06-27
47bb2f00465c,E9,2024,2025,88,1,uniform,O3,HGB,primary,,,7,11005,17.5,58970ccc7c7732eefbc9244a28b4809b3f3beb05bc9c13bd5e6803627bde93e5,E9\47bb2f00465c.npz,2026-09-30T23:40:41+00:00,2024-06-08_2024-06-20|2025-06-15_2025-06-27
0e3b5a8b48ef,E9,2024,2025,88,2,uniform,O2,HGB,primary,,,12,11005,18.1,58970ccc7c7732eefbc9244a28b4809b3f3beb05bc9c13bd5e6803627bde93e5,E9\0e3b5a8b48ef.npz,2026-09-30T23:40:59+00:00,2024-03-04_2024-03-16;2024-10-06_2024-10-18|2025-03-11_2025-03-23;2025-10-13_2025-10-25
f519783db498,E9,2024,2025,88,2,uniform,O3,HGB,primary,,,14,11005,25.4,58970ccc7c7732eefbc9244a28b4809b3f3beb05bc9c13bd5e6803627bde93e5,E9\f519783db498.npz,2026-09-30T23:41:24+00:00,2024-03-04_2024-03-16;2024-10-06_2024-10-18|2025-03-11_2025-03-23;2025-10-13_2025-10-25
d0bf5707d63a,E9,2024,2025,88,4,uniform,O2,HGB,primary,,,24,11005,27.7,58970ccc7c7732eefbc9244a28b4809b3f3beb05bc9c13bd5e6803627bde93e5,E9\d0bf5707d63a.npz,2026-09-30T23:41:52+00:00,2024-03-04_2024-03-16;2024-06-08_2024-06-20;2024-07-26_2024-08-07;2024-10-06_2024-10-18|2025-03-11_2025-03-23;2025-06-15_2025-06-27;2025-08-02_2025-08-14;2025-10-13_2025-10-25
9f7990a3f000,E9,2024,2025,88,4,uniform,O3,HGB,primary,,,28,11005,30.2,58970ccc7c7732eefbc9244a28b4809b3f3beb05bc9c13bd5e6803627bde93e5,E9\9f7990a3f000.npz,2026-09-30T23:42:22+00:00,2024-03-04_2024-03-16;2024-06-08_2024-06-20;2024-07-26_2024-08-07;2024-10-06_2024-10-18|2025-03-11_2025-03-23;2025-06-15_2025-06-27;2025-08-02_2025-08-14;2025-10-13_2025-10-25
db5f0208141e,E9,2024,2025,88,9,uniform,O2,HGB,primary,,,54,11005,47.0,58970ccc7c7732eefbc9244a28b4809b3f3beb05bc9c13bd5e6803627bde93e5,E9\db5f0208141e.npz,2026-09-30T23:43:09+00:00,2024-03-04_2024-03-16;2024-03-28_2024-04-09;2024-04-21_2024-05-03;2024-05-15_2024-05-27;2024-06-08_2024-06-20;2024-07-02_2024-07-14;2024-07-26_2024-08-07;2024-08-19_2024-08-31;2024-10-06_2024-10-18|2025-03-11_2025-03-23;2025-04-04_2025-04-16;2025-04-28_2025-05-10;2025-05-22_2025-06-03;2025-06-15_2025-06-27;2025-07-09_2025-07-21;2025-08-02_2025-08-14;2025-08-26_2025-09-07;2025-10-13_2025-10-25
1410027d2fdd,E9,2024,2025,88,9,uniform,O3,HGB,primary,,,63,11005,51.5,58970ccc7c7732eefbc9244a28b4809b3f3beb05bc9c13bd5e6803627bde93e5,E9\1410027d2fdd.npz,2026-09-30T23:44:01+00:00,2024-03-04_2024-03-16;2024-03-28_2024-04-09;2024-04-21_2024-05-03;2024-05-15_2024-05-27;2024-06-08_2024-06-20;2024-07-02_2024-07-14;2024-07-26_2024-08-07;2024-08-19_2024-08-31;2024-10-06_2024-10-18|2025-03-11_2025-03-23;2025-04-04_2025-04-16;2025-04-28_2025-05-10;2025-05-22_2025-06-03;2025-06-15_2025-06-27;2025-07-09_2025-07-21;2025-08-02_2025-08-14;2025-08-26_2025-09-07;2025-10-13_2025-10-25
789610f30653,E5,2025,2025,37+88,2,uniform,O2,HGB,primary,,,12,11005,18.5,58970ccc7c7732eefbc9244a28b4809b3f3beb05bc9c13bd5e6803627bde93e5,E5\789610f30653.npz,2026-09-30T23:44:19+00:00,"{""37"": [""2025-06-12_2025-06-24""], ""88"": [""2025-06-15_2025-06-27""]}"
336e6f332264,E5,2025,2025,37+88,2,uniform,O3,HGB,primary,,,14,11005,22.0,58970ccc7c7732eefbc9244a28b4809b3f3beb05bc9c13bd5e6803627bde93e5,E5\336e6f332264.npz,2026-09-30T23:44:41+00:00,"{""37"": [""2025-06-12_2025-06-24""], ""88"": [""2025-06-15_2025-06-27""]}"
dad9b7484a68,E5,2025,2025,37+88,4,uniform,O2,HGB,primary,,,24,11005,30.1,58970ccc7c7732eefbc9244a28b4809b3f3beb05bc9c13bd5e6803627bde93e5,E5\dad9b7484a68.npz,2026-09-30T23:45:11+00:00,"{""37"": [""2025-03-08_2025-03-20"", ""2025-10-10_2025-10-22""], ""88"": [""2025-03-11_2025-03-23"", ""2025-10-13_2025-10-25""]}"
386dbf4122cb,E5,2025,2025,37+88,4,uniform,O3,HGB,primary,,,28,11005,30.0,58970ccc7c7732eefbc9244a28b4809b3f3beb05bc9c13bd5e6803627bde93e5,E5\386dbf4122cb.npz,2026-09-30T23:45:41+00:00,"{""37"": [""2025-03-08_2025-03-20"", ""2025-10-10_2025-10-22""], ""88"": [""2025-03-11_2025-03-23"", ""2025-10-13_2025-10-25""]}"
7cf229072fe1,E5,2025,2025,37+88,6,uniform,O2,HGB,primary,,,36,11005,34.2,58970ccc7c7732eefbc9244a28b4809b3f3beb05bc9c13bd5e6803627bde93e5,E5\7cf229072fe1.npz,2026-09-30T23:46:15+00:00,"{""37"": [""2025-03-08_2025-03-20"", ""2025-06-12_2025-06-24"", ""2025-10-10_2025-10-22""], ""88"": [""2025-03-11_2025-03-23"", ""2025-06-15_2025-06-27"", ""2025-10-13_2025-10-25""]}"
18df956396c5,E5,2025,2025,37+88,6,uniform,O3,HGB,primary,,,42,11005,36.9,58970ccc7c7732eefbc9244a28b4809b3f3beb05bc9c13bd5e6803627bde93e5,E5\18df956396c5.npz,2026-09-30T23:46:52+00:00,"{""37"": [""2025-03-08_2025-03-20"", ""2025-06-12_2025-06-24"", ""2025-10-10_2025-10-22""], ""88"": [""2025-03-11_2025-03-23"", ""2025-06-15_2025-06-27"", ""2025-10-13_2025-10-25""]}"
ecb0d472dca3,E5,2025,2025,37+88,8,uniform,O2,HGB,primary,,,48,11005,46.6,58970ccc7c7732eefbc9244a28b4809b3f3beb05bc9c13bd5e6803627bde93e5,E5\ecb0d472dca3.npz,2026-09-30T23:47:39+00:00,"{""37"": [""2025-03-08_2025-03-20"", ""2025-06-12_2025-06-24"", ""2025-08-23_2025-09-04"", ""2025-10-10_2025-10-22""], ""88"": [""2025-03-11_2025-03-23"", ""2025-06-15_2025-06-27"", ""2025-08-02_2025-08-14"", ""2025-10-13_2025-10-25""]}"
fcc24377ae50,E5,2025,2025,37+88,8,uniform,O3,HGB,primary,,,56,11005,48.5,58970ccc7c7732eefbc9244a28b4809b3f3beb05bc9c13bd5e6803627bde93e5,E5\fcc24377ae50.npz,2026-09-30T23:48:27+00:00,"{""37"": [""2025-03-08_2025-03-20"", ""2025-06-12_2025-06-24"", ""2025-08-23_2025-09-04"", ""2025-10-10_2025-10-22""], ""88"": [""2025-03-11_2025-03-23"", ""2025-06-15_2025-06-27"", ""2025-08-02_2025-08-14"", ""2025-10-13_2025-10-25""]}"
31ce23f446ea,E5,2024,2024,37+88,2,uniform,O2,HGB,primary,,,12,11069,18.1,58970ccc7c7732eefbc9244a28b4809b3f3beb05bc9c13bd5e6803627bde93e5,E5\31ce23f446ea.npz,2026-09-30T23:48:46+00:00,"{""37"": [""2024-06-05_2024-06-17""], ""88"": [""2024-06-08_2024-06-20""]}"
4330bbf57d82,E5,2024,2024,37+88,2,uniform,O3,HGB,primary,,,14,11069,17.6,58970ccc7c7732eefbc9244a28b4809b3f3beb05bc9c13bd5e6803627bde93e5,E5\4330bbf57d82.npz,2026-09-30T23:49:03+00:00,"{""37"": [""2024-06-05_2024-06-17""], ""88"": [""2024-06-08_2024-06-20""]}"
974251a5472d,E5,2024,2024,37+88,4,uniform,O2,HGB,primary,,,24,11069,23.3,58970ccc7c7732eefbc9244a28b4809b3f3beb05bc9c13bd5e6803627bde93e5,E5\974251a5472d.npz,2026-09-30T23:49:26+00:00,"{""37"": [""2024-03-01_2024-03-13"", ""2024-10-03_2024-10-15""], ""88"": [""2024-03-04_2024-03-16"", ""2024-10-06_2024-10-18""]}"
1df57f1942ff,E5,2024,2024,37+88,4,uniform,O3,HGB,primary,,,28,11069,26.1,58970ccc7c7732eefbc9244a28b4809b3f3beb05bc9c13bd5e6803627bde93e5,E5\1df57f1942ff.npz,2026-09-30T23:49:53+00:00,"{""37"": [""2024-03-01_2024-03-13"", ""2024-10-03_2024-10-15""], ""88"": [""2024-03-04_2024-03-16"", ""2024-10-06_2024-10-18""]}"
00429afcd86c,E5,2024,2024,37+88,6,uniform,O2,HGB,primary,,,36,11069,29.4,58970ccc7c7732eefbc9244a28b4809b3f3beb05bc9c13bd5e6803627bde93e5,E5\00429afcd86c.npz,2026-09-30T23:50:22+00:00,"{""37"": [""2024-03-01_2024-03-13"", ""2024-06-05_2024-06-17"", ""2024-10-03_2024-10-15""], ""88"": [""2024-03-04_2024-03-16"", ""2024-06-08_2024-06-20"", ""2024-10-06_2024-10-18""]}"
57085692d1b5,E5,2024,2024,37+88,6,uniform,O3,HGB,primary,,,42,11069,32.3,58970ccc7c7732eefbc9244a28b4809b3f3beb05bc9c13bd5e6803627bde93e5,E5\57085692d1b5.npz,2026-09-30T23:50:54+00:00,"{""37"": [""2024-03-01_2024-03-13"", ""2024-06-05_2024-06-17"", ""2024-10-03_2024-10-15""], ""88"": [""2024-03-04_2024-03-16"", ""2024-06-08_2024-06-20"", ""2024-10-06_2024-10-18""]}"
e4ddfad62416,E5,2024,2024,37+88,8,uniform,O2,HGB,primary,,,48,11069,34.7,58970ccc7c7732eefbc9244a28b4809b3f3beb05bc9c13bd5e6803627bde93e5,E5\e4ddfad62416.npz,2026-09-30T23:51:29+00:00,"{""37"": [""2024-03-01_2024-03-13"", ""2024-06-05_2024-06-17"", ""2024-08-16_2024-08-28"", ""2024-10-03_2024-10-15""], ""88"": [""2024-03-04_2024-03-16"", ""2024-06-08_2024-06-20"", ""2024-07-26_2024-08-07"", ""2024-10-06_2024-10-18""]}"
10fe11ffb8c0,E5,2024,2024,37+88,8,uniform,O3,HGB,primary,,,56,11069,39.6,58970ccc7c7732eefbc9244a28b4809b3f3beb05bc9c13bd5e6803627bde93e5,E5\10fe11ffb8c0.npz,2026-09-30T23:52:09+00:00,"{""37"": [""2024-03-01_2024-03-13"", ""2024-06-05_2024-06-17"", ""2024-08-16_2024-08-28"", ""2024-10-03_2024-10-15""], ""88"": [""2024-03-04_2024-03-16"", ""2024-06-08_2024-06-20"", ""2024-07-26_2024-08-07"", ""2024-10-06_2024-10-18""]}"
a793ddfa5ee0,E10,2025,2025,37,1,uniform,O2,RF,primary,,,6,11005,4.1,58970ccc7c7732eefbc9244a28b4809b3f3beb05bc9c13bd5e6803627bde93e5,E10\a793ddfa5ee0.npz,2026-09-30T23:52:13+00:00,2025-06-12_2025-06-24
f6954ca98025,E10,2025,2025,37,1,uniform,O2,LR,primary,,,6,11005,0.2,58970ccc7c7732eefbc9244a28b4809b3f3beb05bc9c13bd5e6803627bde93e5,E10\f6954ca98025.npz,2026-09-30T23:52:13+00:00,2025-06-12_2025-06-24
d1af5b1bfea8,E10,2025,2025,37,1,uniform,O3,RF,primary,,,7,11005,4.0,58970ccc7c7732eefbc9244a28b4809b3f3beb05bc9c13bd5e6803627bde93e5,E10\d1af5b1bfea8.npz,2026-09-30T23:52:17+00:00,2025-06-12_2025-06-24
e4cfabb5017f,E10,2025,2025,37,1,uniform,O3,LR,primary,,,7,11005,0.2,58970ccc7c7732eefbc9244a28b4809b3f3beb05bc9c13bd5e6803627bde93e5,E10\e4cfabb5017f.npz,2026-09-30T23:52:17+00:00,2025-06-12_2025-06-24
cb2da87db382,E10,2025,2025,37,2,uniform,O2,RF,primary,,,12,11005,4.4,58970ccc7c7732eefbc9244a28b4809b3f3beb05bc9c13bd5e6803627bde93e5,E10\cb2da87db382.npz,2026-09-30T23:52:22+00:00,2025-03-08_2025-03-20;2025-10-10_2025-10-22
375b68777dd4,E10,2025,2025,37,2,uniform,O2,LR,primary,,,12,11005,0.2,58970ccc7c7732eefbc9244a28b4809b3f3beb05bc9c13bd5e6803627bde93e5,E10\375b68777dd4.npz,2026-09-30T23:52:22+00:00,2025-03-08_2025-03-20;2025-10-10_2025-10-22
3fdc8c30ac9c,E10,2025,2025,37,2,uniform,O3,RF,primary,,,14,11005,4.4,58970ccc7c7732eefbc9244a28b4809b3f3beb05bc9c13bd5e6803627bde93e5,E10\3fdc8c30ac9c.npz,2026-09-30T23:52:26+00:00,2025-03-08_2025-03-20;2025-10-10_2025-10-22
0fd4a2f2da88,E10,2025,2025,37,2,uniform,O3,LR,primary,,,14,11005,0.2,58970ccc7c7732eefbc9244a28b4809b3f3beb05bc9c13bd5e6803627bde93e5,E10\0fd4a2f2da88.npz,2026-09-30T23:52:26+00:00,2025-03-08_2025-03-20;2025-10-10_2025-10-22
6fcf4f860e70,E10,2025,2025,37,4,uniform,O2,RF,primary,,,24,11005,4.7,58970ccc7c7732eefbc9244a28b4809b3f3beb05bc9c13bd5e6803627bde93e5,E10\6fcf4f860e70.npz,2026-09-30T23:52:31+00:00,2025-03-08_2025-03-20;2025-06-12_2025-06-24;2025-08-23_2025-09-04;2025-10-10_2025-10-22
7efa4beb61f3,E10,2025,2025,37,4,uniform,O2,LR,primary,,,24,11005,0.6,58970ccc7c7732eefbc9244a28b4809b3f3beb05bc9c13bd5e6803627bde93e5,E10\7efa4beb61f3.npz,2026-09-30T23:52:32+00:00,2025-03-08_2025-03-20;2025-06-12_2025-06-24;2025-08-23_2025-09-04;2025-10-10_2025-10-22
a2d340fee169,E10,2025,2025,37,4,uniform,O3,RF,primary,,,28,11005,5.1,58970ccc7c7732eefbc9244a28b4809b3f3beb05bc9c13bd5e6803627bde93e5,E10\a2d340fee169.npz,2026-09-30T23:52:37+00:00,2025-03-08_2025-03-20;2025-06-12_2025-06-24;2025-08-23_2025-09-04;2025-10-10_2025-10-22
cde505a714aa,E10,2025,2025,37,4,uniform,O3,LR,primary,,,28,11005,0.5,58970ccc7c7732eefbc9244a28b4809b3f3beb05bc9c13bd5e6803627bde93e5,E10\cde505a714aa.npz,2026-09-30T23:52:37+00:00,2025-03-08_2025-03-20;2025-06-12_2025-06-24;2025-08-23_2025-09-04;2025-10-10_2025-10-22
71c724d830aa,E10,2025,2025,37,9,uniform,O2,RF,primary,,,54,11005,5.9,58970ccc7c7732eefbc9244a28b4809b3f3beb05bc9c13bd5e6803627bde93e5,E10\71c724d830aa.npz,2026-09-30T23:52:43+00:00,2025-03-08_2025-03-20;2025-04-01_2025-04-13;2025-04-25_2025-05-07;2025-05-19_2025-05-31;2025-06-12_2025-06-24;2025-07-06_2025-07-18;2025-08-23_2025-09-04;2025-09-16_2025-09-28;2025-10-10_2025-10-22
9849d08df3ac,E10,2025,2025,37,9,uniform,O2,LR,primary,,,54,11005,1.0,58970ccc7c7732eefbc9244a28b4809b3f3beb05bc9c13bd5e6803627bde93e5,E10\9849d08df3ac.npz,2026-09-30T23:52:44+00:00,2025-03-08_2025-03-20;2025-04-01_2025-04-13;2025-04-25_2025-05-07;2025-05-19_2025-05-31;2025-06-12_2025-06-24;2025-07-06_2025-07-18;2025-08-23_2025-09-04;2025-09-16_2025-09-28;2025-10-10_2025-10-22
7e474e530651,E10,2025,2025,37,9,uniform,O3,RF,primary,,,63,11005,6.0,58970ccc7c7732eefbc9244a28b4809b3f3beb05bc9c13bd5e6803627bde93e5,E10\7e474e530651.npz,2026-09-30T23:52:50+00:00,2025-03-08_2025-03-20;2025-04-01_2025-04-13;2025-04-25_2025-05-07;2025-05-19_2025-05-31;2025-06-12_2025-06-24;2025-07-06_2025-07-18;2025-08-23_2025-09-04;2025-09-16_2025-09-28;2025-10-10_2025-10-22
04144b9d5c6e,E10,2025,2025,37,9,uniform,O3,LR,primary,,,63,11005,1.0,58970ccc7c7732eefbc9244a28b4809b3f3beb05bc9c13bd5e6803627bde93e5,E10\04144b9d5c6e.npz,2026-09-30T23:52:51+00:00,2025-03-08_2025-03-20;2025-04-01_2025-04-13;2025-04-25_2025-05-07;2025-05-19_2025-05-31;2025-06-12_2025-06-24;2025-07-06_2025-07-18;2025-08-23_2025-09-04;2025-09-16_2025-09-28;2025-10-10_2025-10-22
b72e1d6ba558,E10,2025,2025,88,1,uniform,O2,RF,primary,,,6,11005,4.1,58970ccc7c7732eefbc9244a28b4809b3f3beb05bc9c13bd5e6803627bde93e5,E10\b72e1d6ba558.npz,2026-09-30T23:52:55+00:00,2025-06-15_2025-06-27
8629f8b43853,E10,2025,2025,88,1,uniform,O2,LR,primary,,,6,11005,0.2,58970ccc7c7732eefbc9244a28b4809b3f3beb05bc9c13bd5e6803627bde93e5,E10\8629f8b43853.npz,2026-09-30T23:52:55+00:00,2025-06-15_2025-06-27
d69f3647a3d5,E10,2025,2025,88,1,uniform,O3,RF,primary,,,7,11005,4.0,58970ccc7c7732eefbc9244a28b4809b3f3beb05bc9c13bd5e6803627bde93e5,E10\d69f3647a3d5.npz,2026-09-30T23:53:00+00:00,2025-06-15_2025-06-27
9fbd4b54f0bb,E10,2025,2025,88,1,uniform,O3,LR,primary,,,7,11005,0.2,58970ccc7c7732eefbc9244a28b4809b3f3beb05bc9c13bd5e6803627bde93e5,E10\9fbd4b54f0bb.npz,2026-09-30T23:53:00+00:00,2025-06-15_2025-06-27
60f514ffb1a7,E10,2025,2025,88,2,uniform,O2,RF,primary,,,12,11005,4.4,58970ccc7c7732eefbc9244a28b4809b3f3beb05bc9c13bd5e6803627bde93e5,E10\60f514ffb1a7.npz,2026-09-30T23:53:04+00:00,2025-03-11_2025-03-23;2025-10-13_2025-10-25
b228474d8d8e,E10,2025,2025,88,2,uniform,O2,LR,primary,,,12,11005,0.2,58970ccc7c7732eefbc9244a28b4809b3f3beb05bc9c13bd5e6803627bde93e5,E10\b228474d8d8e.npz,2026-09-30T23:53:04+00:00,2025-03-11_2025-03-23;2025-10-13_2025-10-25
86a3dc2903cb,E10,2025,2025,88,2,uniform,O3,RF,primary,,,14,11005,4.4,58970ccc7c7732eefbc9244a28b4809b3f3beb05bc9c13bd5e6803627bde93e5,E10\86a3dc2903cb.npz,2026-09-30T23:53:09+00:00,2025-03-11_2025-03-23;2025-10-13_2025-10-25
7b66a9901de8,E10,2025,2025,88,2,uniform,O3,LR,primary,,,14,11005,0.2,58970ccc7c7732eefbc9244a28b4809b3f3beb05bc9c13bd5e6803627bde93e5,E10\7b66a9901de8.npz,2026-09-30T23:53:09+00:00,2025-03-11_2025-03-23;2025-10-13_2025-10-25
4f6e424f52ad,E10,2025,2025,88,4,uniform,O2,RF,primary,,,24,11005,4.8,58970ccc7c7732eefbc9244a28b4809b3f3beb05bc9c13bd5e6803627bde93e5,E10\4f6e424f52ad.npz,2026-09-30T23:53:14+00:00,2025-03-11_2025-03-23;2025-06-15_2025-06-27;2025-08-02_2025-08-14;2025-10-13_2025-10-25
f449eb853f76,E10,2025,2025,88,4,uniform,O2,LR,primary,,,24,11005,0.4,58970ccc7c7732eefbc9244a28b4809b3f3beb05bc9c13bd5e6803627bde93e5,E10\f449eb853f76.npz,2026-09-30T23:53:14+00:00,2025-03-11_2025-03-23;2025-06-15_2025-06-27;2025-08-02_2025-08-14;2025-10-13_2025-10-25
cc32d545e4ab,E10,2025,2025,88,4,uniform,O3,RF,primary,,,28,11005,5.1,58970ccc7c7732eefbc9244a28b4809b3f3beb05bc9c13bd5e6803627bde93e5,E10\cc32d545e4ab.npz,2026-09-30T23:53:19+00:00,2025-03-11_2025-03-23;2025-06-15_2025-06-27;2025-08-02_2025-08-14;2025-10-13_2025-10-25
9c8dd11d2b55,E10,2025,2025,88,4,uniform,O3,LR,primary,,,28,11005,0.4,58970ccc7c7732eefbc9244a28b4809b3f3beb05bc9c13bd5e6803627bde93e5,E10\9c8dd11d2b55.npz,2026-09-30T23:53:20+00:00,2025-03-11_2025-03-23;2025-06-15_2025-06-27;2025-08-02_2025-08-14;2025-10-13_2025-10-25
b69f46bbba2e,E10,2025,2025,88,9,uniform,O2,RF,primary,,,54,11005,5.9,58970ccc7c7732eefbc9244a28b4809b3f3beb05bc9c13bd5e6803627bde93e5,E10\b69f46bbba2e.npz,2026-09-30T23:53:26+00:00,2025-03-11_2025-03-23;2025-04-04_2025-04-16;2025-04-28_2025-05-10;2025-05-22_2025-06-03;2025-06-15_2025-06-27;2025-07-09_2025-07-21;2025-08-02_2025-08-14;2025-08-26_2025-09-07;2025-10-13_2025-10-25
ce671ce8f76f,E10,2025,2025,88,9,uniform,O2,LR,primary,,,54,11005,0.9,58970ccc7c7732eefbc9244a28b4809b3f3beb05bc9c13bd5e6803627bde93e5,E10\ce671ce8f76f.npz,2026-09-30T23:53:26+00:00,2025-03-11_2025-03-23;2025-04-04_2025-04-16;2025-04-28_2025-05-10;2025-05-22_2025-06-03;2025-06-15_2025-06-27;2025-07-09_2025-07-21;2025-08-02_2025-08-14;2025-08-26_2025-09-07;2025-10-13_2025-10-25
f7ee0cf48021,E10,2025,2025,88,9,uniform,O3,RF,primary,,,63,11005,6.0,58970ccc7c7732eefbc9244a28b4809b3f3beb05bc9c13bd5e6803627bde93e5,E10\f7ee0cf48021.npz,2026-09-30T23:53:32+00:00,2025-03-11_2025-03-23;2025-04-04_2025-04-16;2025-04-28_2025-05-10;2025-05-22_2025-06-03;2025-06-15_2025-06-27;2025-07-09_2025-07-21;2025-08-02_2025-08-14;2025-08-26_2025-09-07;2025-10-13_2025-10-25
dfed55de3ceb,E10,2025,2025,88,9,uniform,O3,LR,primary,,,63,11005,1.2,58970ccc7c7732eefbc9244a28b4809b3f3beb05bc9c13bd5e6803627bde93e5,E10\dfed55de3ceb.npz,2026-09-30T23:53:34+00:00,2025-03-11_2025-03-23;2025-04-04_2025-04-16;2025-04-28_2025-05-10;2025-05-22_2025-06-03;2025-06-15_2025-06-27;2025-07-09_2025-07-21;2025-08-02_2025-08-14;2025-08-26_2025-09-07;2025-10-13_2025-10-25
ca6b33aa11af,E10,2024,2024,37,1,uniform,O2,RF,primary,,,6,11069,4.1,58970ccc7c7732eefbc9244a28b4809b3f3beb05bc9c13bd5e6803627bde93e5,E10\ca6b33aa11af.npz,2026-09-30T23:53:38+00:00,2024-06-05_2024-06-17
4a41bad3ad5c,E10,2024,2024,37,1,uniform,O2,LR,primary,,,6,11069,0.2,58970ccc7c7732eefbc9244a28b4809b3f3beb05bc9c13bd5e6803627bde93e5,E10\4a41bad3ad5c.npz,2026-09-30T23:53:38+00:00,2024-06-05_2024-06-17
dca82736d1f0,E10,2024,2024,37,1,uniform,O3,RF,primary,,,7,11069,4.0,58970ccc7c7732eefbc9244a28b4809b3f3beb05bc9c13bd5e6803627bde93e5,E10\dca82736d1f0.npz,2026-09-30T23:53:42+00:00,2024-06-05_2024-06-17
6d636e708586,E10,2024,2024,37,1,uniform,O3,LR,primary,,,7,11069,0.2,58970ccc7c7732eefbc9244a28b4809b3f3beb05bc9c13bd5e6803627bde93e5,E10\6d636e708586.npz,2026-09-30T23:53:42+00:00,2024-06-05_2024-06-17
52190a43a231,E10,2024,2024,37,2,uniform,O2,RF,primary,,,12,11069,4.3,58970ccc7c7732eefbc9244a28b4809b3f3beb05bc9c13bd5e6803627bde93e5,E10\52190a43a231.npz,2026-09-30T23:53:46+00:00,2024-03-01_2024-03-13;2024-10-03_2024-10-15
d6a23f8054b4,E10,2024,2024,37,2,uniform,O2,LR,primary,,,12,11069,0.2,58970ccc7c7732eefbc9244a28b4809b3f3beb05bc9c13bd5e6803627bde93e5,E10\d6a23f8054b4.npz,2026-09-30T23:53:47+00:00,2024-03-01_2024-03-13;2024-10-03_2024-10-15
55acbb754df9,E10,2024,2024,37,2,uniform,O3,RF,primary,,,14,11069,4.3,58970ccc7c7732eefbc9244a28b4809b3f3beb05bc9c13bd5e6803627bde93e5,E10\55acbb754df9.npz,2026-09-30T23:53:51+00:00,2024-03-01_2024-03-13;2024-10-03_2024-10-15
714ebc120e72,E10,2024,2024,37,2,uniform,O3,LR,primary,,,14,11069,0.2,58970ccc7c7732eefbc9244a28b4809b3f3beb05bc9c13bd5e6803627bde93e5,E10\714ebc120e72.npz,2026-09-30T23:53:51+00:00,2024-03-01_2024-03-13;2024-10-03_2024-10-15
5b93a2465ccc,E10,2024,2024,37,4,uniform,O2,RF,primary,,,24,11069,4.8,58970ccc7c7732eefbc9244a28b4809b3f3beb05bc9c13bd5e6803627bde93e5,E10\5b93a2465ccc.npz,2026-09-30T23:53:56+00:00,2024-03-01_2024-03-13;2024-06-05_2024-06-17;2024-08-16_2024-08-28;2024-10-03_2024-10-15
182ebc1f3238,E10,2024,2024,37,4,uniform,O2,LR,primary,,,24,11069,0.5,58970ccc7c7732eefbc9244a28b4809b3f3beb05bc9c13bd5e6803627bde93e5,E10\182ebc1f3238.npz,2026-09-30T23:53:56+00:00,2024-03-01_2024-03-13;2024-06-05_2024-06-17;2024-08-16_2024-08-28;2024-10-03_2024-10-15
0576179bd482,E10,2024,2024,37,4,uniform,O3,RF,primary,,,28,11069,5.1,58970ccc7c7732eefbc9244a28b4809b3f3beb05bc9c13bd5e6803627bde93e5,E10\0576179bd482.npz,2026-09-30T23:54:02+00:00,2024-03-01_2024-03-13;2024-06-05_2024-06-17;2024-08-16_2024-08-28;2024-10-03_2024-10-15
1dc7d547a037,E10,2024,2024,37,4,uniform,O3,LR,primary,,,28,11069,0.5,58970ccc7c7732eefbc9244a28b4809b3f3beb05bc9c13bd5e6803627bde93e5,E10\1dc7d547a037.npz,2026-09-30T23:54:02+00:00,2024-03-01_2024-03-13;2024-06-05_2024-06-17;2024-08-16_2024-08-28;2024-10-03_2024-10-15
e879a112b24f,E10,2024,2024,37,9,uniform,O2,RF,primary,,,54,11069,6.0,58970ccc7c7732eefbc9244a28b4809b3f3beb05bc9c13bd5e6803627bde93e5,E10\e879a112b24f.npz,2026-09-30T23:54:08+00:00,2024-03-01_2024-03-13;2024-03-25_2024-04-06;2024-04-18_2024-04-30;2024-05-12_2024-05-24;2024-06-05_2024-06-17;2024-06-29_2024-07-11;2024-08-16_2024-08-28;2024-09-09_2024-09-21;2024-10-03_2024-10-15
cc31f8856685,E10,2024,2024,37,9,uniform,O2,LR,primary,,,54,11069,0.9,58970ccc7c7732eefbc9244a28b4809b3f3beb05bc9c13bd5e6803627bde93e5,E10\cc31f8856685.npz,2026-09-30T23:54:09+00:00,2024-03-01_2024-03-13;2024-03-25_2024-04-06;2024-04-18_2024-04-30;2024-05-12_2024-05-24;2024-06-05_2024-06-17;2024-06-29_2024-07-11;2024-08-16_2024-08-28;2024-09-09_2024-09-21;2024-10-03_2024-10-15
574d4d3312f0,E10,2024,2024,37,9,uniform,O3,RF,primary,,,63,11069,6.0,58970ccc7c7732eefbc9244a28b4809b3f3beb05bc9c13bd5e6803627bde93e5,E10\574d4d3312f0.npz,2026-09-30T23:54:15+00:00,2024-03-01_2024-03-13;2024-03-25_2024-04-06;2024-04-18_2024-04-30;2024-05-12_2024-05-24;2024-06-05_2024-06-17;2024-06-29_2024-07-11;2024-08-16_2024-08-28;2024-09-09_2024-09-21;2024-10-03_2024-10-15
f61f5c93662b,E10,2024,2024,37,9,uniform,O3,LR,primary,,,63,11069,0.8,58970ccc7c7732eefbc9244a28b4809b3f3beb05bc9c13bd5e6803627bde93e5,E10\f61f5c93662b.npz,2026-09-30T23:54:16+00:00,2024-03-01_2024-03-13;2024-03-25_2024-04-06;2024-04-18_2024-04-30;2024-05-12_2024-05-24;2024-06-05_2024-06-17;2024-06-29_2024-07-11;2024-08-16_2024-08-28;2024-09-09_2024-09-21;2024-10-03_2024-10-15
8db218fdb382,E10,2024,2024,88,1,uniform,O2,RF,primary,,,6,11069,4.1,58970ccc7c7732eefbc9244a28b4809b3f3beb05bc9c13bd5e6803627bde93e5,E10\8db218fdb382.npz,2026-09-30T23:54:20+00:00,2024-06-08_2024-06-20
43780e6a1139,E10,2024,2024,88,1,uniform,O2,LR,primary,,,6,11069,0.1,58970ccc7c7732eefbc9244a28b4809b3f3beb05bc9c13bd5e6803627bde93e5,E10\43780e6a1139.npz,2026-09-30T23:54:20+00:00,2024-06-08_2024-06-20
483135140a11,E10,2024,2024,88,1,uniform,O3,RF,primary,,,7,11069,4.1,58970ccc7c7732eefbc9244a28b4809b3f3beb05bc9c13bd5e6803627bde93e5,E10\483135140a11.npz,2026-09-30T23:54:24+00:00,2024-06-08_2024-06-20
c279b409ca73,E10,2024,2024,88,1,uniform,O3,LR,primary,,,7,11069,0.1,58970ccc7c7732eefbc9244a28b4809b3f3beb05bc9c13bd5e6803627bde93e5,E10\c279b409ca73.npz,2026-09-30T23:54:24+00:00,2024-06-08_2024-06-20
7d98da27b003,E10,2024,2024,88,2,uniform,O2,RF,primary,,,12,11069,4.3,58970ccc7c7732eefbc9244a28b4809b3f3beb05bc9c13bd5e6803627bde93e5,E10\7d98da27b003.npz,2026-09-30T23:54:28+00:00,2024-03-04_2024-03-16;2024-10-06_2024-10-18
cf39fbc08b74,E10,2024,2024,88,2,uniform,O2,LR,primary,,,12,11069,0.2,58970ccc7c7732eefbc9244a28b4809b3f3beb05bc9c13bd5e6803627bde93e5,E10\cf39fbc08b74.npz,2026-09-30T23:54:29+00:00,2024-03-04_2024-03-16;2024-10-06_2024-10-18
36af0334f499,E10,2024,2024,88,2,uniform,O3,RF,primary,,,14,11069,4.3,58970ccc7c7732eefbc9244a28b4809b3f3beb05bc9c13bd5e6803627bde93e5,E10\36af0334f499.npz,2026-09-30T23:54:33+00:00,2024-03-04_2024-03-16;2024-10-06_2024-10-18
45b148f815c4,E10,2024,2024,88,2,uniform,O3,LR,primary,,,14,11069,0.2,58970ccc7c7732eefbc9244a28b4809b3f3beb05bc9c13bd5e6803627bde93e5,E10\45b148f815c4.npz,2026-09-30T23:54:33+00:00,2024-03-04_2024-03-16;2024-10-06_2024-10-18
61296d9599b3,E10,2024,2024,88,4,uniform,O2,RF,primary,,,24,11069,4.8,58970ccc7c7732eefbc9244a28b4809b3f3beb05bc9c13bd5e6803627bde93e5,E10\61296d9599b3.npz,2026-09-30T23:54:38+00:00,2024-03-04_2024-03-16;2024-06-08_2024-06-20;2024-07-26_2024-08-07;2024-10-06_2024-10-18
fa6940945fb6,E10,2024,2024,88,4,uniform,O2,LR,primary,,,24,11069,0.3,58970ccc7c7732eefbc9244a28b4809b3f3beb05bc9c13bd5e6803627bde93e5,E10\fa6940945fb6.npz,2026-09-30T23:54:38+00:00,2024-03-04_2024-03-16;2024-06-08_2024-06-20;2024-07-26_2024-08-07;2024-10-06_2024-10-18
c263423c537d,E10,2024,2024,88,4,uniform,O3,RF,primary,,,28,11069,5.2,58970ccc7c7732eefbc9244a28b4809b3f3beb05bc9c13bd5e6803627bde93e5,E10\c263423c537d.npz,2026-09-30T23:54:43+00:00,2024-03-04_2024-03-16;2024-06-08_2024-06-20;2024-07-26_2024-08-07;2024-10-06_2024-10-18
0930b510e8a4,E10,2024,2024,88,4,uniform,O3,LR,primary,,,28,11069,0.3,58970ccc7c7732eefbc9244a28b4809b3f3beb05bc9c13bd5e6803627bde93e5,E10\0930b510e8a4.npz,2026-09-30T23:54:44+00:00,2024-03-04_2024-03-16;2024-06-08_2024-06-20;2024-07-26_2024-08-07;2024-10-06_2024-10-18
46c26afd9d79,E10,2024,2024,88,9,uniform,O2,RF,primary,,,54,11069,6.0,58970ccc7c7732eefbc9244a28b4809b3f3beb05bc9c13bd5e6803627bde93e5,E10\46c26afd9d79.npz,2026-09-30T23:54:50+00:00,2024-03-04_2024-03-16;2024-03-28_2024-04-09;2024-04-21_2024-05-03;2024-05-15_2024-05-27;2024-06-08_2024-06-20;2024-07-02_2024-07-14;2024-07-26_2024-08-07;2024-08-19_2024-08-31;2024-10-06_2024-10-18
de246801d68d,E10,2024,2024,88,9,uniform,O2,LR,primary,,,54,11069,0.8,58970ccc7c7732eefbc9244a28b4809b3f3beb05bc9c13bd5e6803627bde93e5,E10\de246801d68d.npz,2026-09-30T23:54:51+00:00,2024-03-04_2024-03-16;2024-03-28_2024-04-09;2024-04-21_2024-05-03;2024-05-15_2024-05-27;2024-06-08_2024-06-20;2024-07-02_2024-07-14;2024-07-26_2024-08-07;2024-08-19_2024-08-31;2024-10-06_2024-10-18
282851b7ecb6,E10,2024,2024,88,9,uniform,O3,RF,primary,,,63,11069,6.1,58970ccc7c7732eefbc9244a28b4809b3f3beb05bc9c13bd5e6803627bde93e5,E10\282851b7ecb6.npz,2026-09-30T23:54:57+00:00,2024-03-04_2024-03-16;2024-03-28_2024-04-09;2024-04-21_2024-05-03;2024-05-15_2024-05-27;2024-06-08_2024-06-20;2024-07-02_2024-07-14;2024-07-26_2024-08-07;2024-08-19_2024-08-31;2024-10-06_2024-10-18
1b01a1d171c2,E10,2024,2024,88,9,uniform,O3,LR,primary,,,63,11069,0.8,58970ccc7c7732eefbc9244a28b4809b3f3beb05bc9c13bd5e6803627bde93e5,E10\1b01a1d171c2.npz,2026-09-30T23:54:57+00:00,2024-03-04_2024-03-16;2024-03-28_2024-04-09;2024-04-21_2024-05-03;2024-05-15_2024-05-27;2024-06-08_2024-06-20;2024-07-02_2024-07-14;2024-07-26_2024-08-07;2024-08-19_2024-08-31;2024-10-06_2024-10-18
5820e0b356ac,E10,2025,2025,37,2,uniform,O2,HGB,permissive,,,12,11043,16.5,58970ccc7c7732eefbc9244a28b4809b3f3beb05bc9c13bd5e6803627bde93e5,E10\5820e0b356ac.npz,2026-09-30T23:55:14+00:00,2025-03-08_2025-03-20;2025-10-10_2025-10-22
2ec4c679ae9c,E10,2025,2025,37,2,uniform,O3,HGB,permissive,,,14,11043,17.5,58970ccc7c7732eefbc9244a28b4809b3f3beb05bc9c13bd5e6803627bde93e5,E10\2ec4c679ae9c.npz,2026-09-30T23:55:31+00:00,2025-03-08_2025-03-20;2025-10-10_2025-10-22
00fe5843f392,E10,2025,2025,37,9,uniform,O2,HGB,permissive,,,54,11043,37.7,58970ccc7c7732eefbc9244a28b4809b3f3beb05bc9c13bd5e6803627bde93e5,E10\00fe5843f392.npz,2026-09-30T23:56:09+00:00,2025-03-08_2025-03-20;2025-04-01_2025-04-13;2025-04-25_2025-05-07;2025-05-19_2025-05-31;2025-06-12_2025-06-24;2025-07-06_2025-07-18;2025-08-23_2025-09-04;2025-09-16_2025-09-28;2025-10-10_2025-10-22
dd03774b368c,E10,2025,2025,37,9,uniform,O3,HGB,permissive,,,63,11043,42.5,58970ccc7c7732eefbc9244a28b4809b3f3beb05bc9c13bd5e6803627bde93e5,E10\dd03774b368c.npz,2026-09-30T23:56:52+00:00,2025-03-08_2025-03-20;2025-04-01_2025-04-13;2025-04-25_2025-05-07;2025-05-19_2025-05-31;2025-06-12_2025-06-24;2025-07-06_2025-07-18;2025-08-23_2025-09-04;2025-09-16_2025-09-28;2025-10-10_2025-10-22
c166f5bff9c8,E10,2025,2025,88,2,uniform,O2,HGB,permissive,,,12,11043,16.5,58970ccc7c7732eefbc9244a28b4809b3f3beb05bc9c13bd5e6803627bde93e5,E10\c166f5bff9c8.npz,2026-09-30T23:57:08+00:00,2025-03-11_2025-03-23;2025-10-13_2025-10-25
070a01a1ab1f,E10,2025,2025,88,2,uniform,O3,HGB,permissive,,,14,11043,17.6,58970ccc7c7732eefbc9244a28b4809b3f3beb05bc9c13bd5e6803627bde93e5,E10\070a01a1ab1f.npz,2026-09-30T23:57:26+00:00,2025-03-11_2025-03-23;2025-10-13_2025-10-25
cf4901f729ea,E10,2025,2025,88,9,uniform,O2,HGB,permissive,,,54,11043,37.8,58970ccc7c7732eefbc9244a28b4809b3f3beb05bc9c13bd5e6803627bde93e5,E10\cf4901f729ea.npz,2026-09-30T23:58:03+00:00,2025-03-11_2025-03-23;2025-04-04_2025-04-16;2025-04-28_2025-05-10;2025-05-22_2025-06-03;2025-06-15_2025-06-27;2025-07-09_2025-07-21;2025-08-02_2025-08-14;2025-08-26_2025-09-07;2025-10-13_2025-10-25
c9625a3343e6,E10,2025,2025,88,9,uniform,O3,HGB,permissive,,,63,11043,43.6,58970ccc7c7732eefbc9244a28b4809b3f3beb05bc9c13bd5e6803627bde93e5,E10\c9625a3343e6.npz,2026-09-30T23:58:47+00:00,2025-03-11_2025-03-23;2025-04-04_2025-04-16;2025-04-28_2025-05-10;2025-05-22_2025-06-03;2025-06-15_2025-06-27;2025-07-09_2025-07-21;2025-08-02_2025-08-14;2025-08-26_2025-09-07;2025-10-13_2025-10-25
37ffdaa6ad30,E10,2025,2025,37,2,uniform,O2,HGB,other8,,,12,12746,19.2,58970ccc7c7732eefbc9244a28b4809b3f3beb05bc9c13bd5e6803627bde93e5,E10\37ffdaa6ad30.npz,2026-09-30T23:59:06+00:00,2025-03-08_2025-03-20;2025-10-10_2025-10-22
6e029ed86b63,E10,2025,2025,37,2,uniform,O3,HGB,other8,,,14,12746,20.4,58970ccc7c7732eefbc9244a28b4809b3f3beb05bc9c13bd5e6803627bde93e5,E10\6e029ed86b63.npz,2026-09-30T23:59:27+00:00,2025-03-08_2025-03-20;2025-10-10_2025-10-22
1b3b9ee71a47,E10,2025,2025,37,9,uniform,O2,HGB,other8,,,54,12746,44.8,58970ccc7c7732eefbc9244a28b4809b3f3beb05bc9c13bd5e6803627bde93e5,E10\1b3b9ee71a47.npz,2026-10-01T00:00:11+00:00,2025-03-08_2025-03-20;2025-04-01_2025-04-13;2025-04-25_2025-05-07;2025-05-19_2025-05-31;2025-06-12_2025-06-24;2025-07-06_2025-07-18;2025-08-23_2025-09-04;2025-09-16_2025-09-28;2025-10-10_2025-10-22
55c8346aa9e6,E10,2025,2025,37,9,uniform,O3,HGB,other8,,,63,12746,47.8,58970ccc7c7732eefbc9244a28b4809b3f3beb05bc9c13bd5e6803627bde93e5,E10\55c8346aa9e6.npz,2026-10-01T00:00:59+00:00,2025-03-08_2025-03-20;2025-04-01_2025-04-13;2025-04-25_2025-05-07;2025-05-19_2025-05-31;2025-06-12_2025-06-24;2025-07-06_2025-07-18;2025-08-23_2025-09-04;2025-09-16_2025-09-28;2025-10-10_2025-10-22
2768a4b65176,E10,2025,2025,88,2,uniform,O2,HGB,other8,,,12,12746,18.8,58970ccc7c7732eefbc9244a28b4809b3f3beb05bc9c13bd5e6803627bde93e5,E10\2768a4b65176.npz,2026-10-01T00:01:18+00:00,2025-03-11_2025-03-23;2025-10-13_2025-10-25
0f95101249d8,E10,2025,2025,88,2,uniform,O3,HGB,other8,,,14,12746,18.2,58970ccc7c7732eefbc9244a28b4809b3f3beb05bc9c13bd5e6803627bde93e5,E10\0f95101249d8.npz,2026-10-01T00:01:36+00:00,2025-03-11_2025-03-23;2025-10-13_2025-10-25
7313a03c4a51,E10,2025,2025,88,9,uniform,O2,HGB,other8,,,54,12746,39.7,58970ccc7c7732eefbc9244a28b4809b3f3beb05bc9c13bd5e6803627bde93e5,E10\7313a03c4a51.npz,2026-10-01T00:02:16+00:00,2025-03-11_2025-03-23;2025-04-04_2025-04-16;2025-04-28_2025-05-10;2025-05-22_2025-06-03;2025-06-15_2025-06-27;2025-07-09_2025-07-21;2025-08-02_2025-08-14;2025-08-26_2025-09-07;2025-10-13_2025-10-25
6ab1a4074fb0,E10,2025,2025,88,9,uniform,O3,HGB,other8,,,63,12746,46.2,58970ccc7c7732eefbc9244a28b4809b3f3beb05bc9c13bd5e6803627bde93e5,E10\6ab1a4074fb0.npz,2026-10-01T00:03:02+00:00,2025-03-11_2025-03-23;2025-04-04_2025-04-16;2025-04-28_2025-05-10;2025-05-22_2025-06-03;2025-06-15_2025-06-27;2025-07-09_2025-07-21;2025-08-02_2025-08-14;2025-08-26_2025-09-07;2025-10-13_2025-10-25
f80508f457be,E10,2025,2025,37,2,uniform,O2,HGB,buffer0,,,12,11005,21.0,58970ccc7c7732eefbc9244a28b4809b3f3beb05bc9c13bd5e6803627bde93e5,E10\f80508f457be.npz,2026-10-01T00:03:23+00:00,2025-03-08_2025-03-20;2025-10-10_2025-10-22
8c6ec41170e2,E10,2025,2025,37,2,uniform,O3,HGB,buffer0,,,14,11005,20.1,58970ccc7c7732eefbc9244a28b4809b3f3beb05bc9c13bd5e6803627bde93e5,E10\8c6ec41170e2.npz,2026-10-01T00:03:43+00:00,2025-03-08_2025-03-20;2025-10-10_2025-10-22
6c02449d727b,E10,2025,2025,37,9,uniform,O2,HGB,buffer0,,,54,11005,43.7,58970ccc7c7732eefbc9244a28b4809b3f3beb05bc9c13bd5e6803627bde93e5,E10\6c02449d727b.npz,2026-10-01T00:04:27+00:00,2025-03-08_2025-03-20;2025-04-01_2025-04-13;2025-04-25_2025-05-07;2025-05-19_2025-05-31;2025-06-12_2025-06-24;2025-07-06_2025-07-18;2025-08-23_2025-09-04;2025-09-16_2025-09-28;2025-10-10_2025-10-22
01170636afc9,E10,2025,2025,37,9,uniform,O3,HGB,buffer0,,,63,11005,52.5,58970ccc7c7732eefbc9244a28b4809b3f3beb05bc9c13bd5e6803627bde93e5,E10\01170636afc9.npz,2026-10-01T00:05:19+00:00,2025-03-08_2025-03-20;2025-04-01_2025-04-13;2025-04-25_2025-05-07;2025-05-19_2025-05-31;2025-06-12_2025-06-24;2025-07-06_2025-07-18;2025-08-23_2025-09-04;2025-09-16_2025-09-28;2025-10-10_2025-10-22
d01266840a2e,E10,2025,2025,88,2,uniform,O2,HGB,buffer0,,,12,11005,22.0,58970ccc7c7732eefbc9244a28b4809b3f3beb05bc9c13bd5e6803627bde93e5,E10\d01266840a2e.npz,2026-10-01T00:05:41+00:00,2025-03-11_2025-03-23;2025-10-13_2025-10-25
a169253083c9,E10,2025,2025,88,2,uniform,O3,HGB,buffer0,,,14,11005,20.1,58970ccc7c7732eefbc9244a28b4809b3f3beb05bc9c13bd5e6803627bde93e5,E10\a169253083c9.npz,2026-10-01T00:06:02+00:00,2025-03-11_2025-03-23;2025-10-13_2025-10-25
be3e9f2c98c1,E10,2025,2025,88,9,uniform,O2,HGB,buffer0,,,54,11005,44.8,58970ccc7c7732eefbc9244a28b4809b3f3beb05bc9c13bd5e6803627bde93e5,E10\be3e9f2c98c1.npz,2026-10-01T00:06:46+00:00,2025-03-11_2025-03-23;2025-04-04_2025-04-16;2025-04-28_2025-05-10;2025-05-22_2025-06-03;2025-06-15_2025-06-27;2025-07-09_2025-07-21;2025-08-02_2025-08-14;2025-08-26_2025-09-07;2025-10-13_2025-10-25
75ad96376937,E10,2025,2025,88,9,uniform,O3,HGB,buffer0,,,63,11005,49.8,58970ccc7c7732eefbc9244a28b4809b3f3beb05bc9c13bd5e6803627bde93e5,E10\75ad96376937.npz,2026-10-01T00:07:36+00:00,2025-03-11_2025-03-23;2025-04-04_2025-04-16;2025-04-28_2025-05-10;2025-05-22_2025-06-03;2025-06-15_2025-06-27;2025-07-09_2025-07-21;2025-08-02_2025-08-14;2025-08-26_2025-09-07;2025-10-13_2025-10-25
e43557757752,E3,2025,2025,37,1,0,O2,HGB,primary,,,6,11005,14.5,58970ccc7c7732eefbc9244a28b4809b3f3beb05bc9c13bd5e6803627bde93e5,E3\e43557757752.npz,2026-10-01T00:07:51+00:00,2025-09-16_2025-09-28
772db67df751,E3,2025,2025,37,1,0,O3,HGB,primary,,,7,11005,18.9,58970ccc7c7732eefbc9244a28b4809b3f3beb05bc9c13bd5e6803627bde93e5,E3\772db67df751.npz,2026-10-01T00:08:10+00:00,2025-09-16_2025-09-28
1bc1dfe689e5,E3,2025,2025,37,1,1,O2,HGB,primary,,,6,11005,18.7,58970ccc7c7732eefbc9244a28b4809b3f3beb05bc9c13bd5e6803627bde93e5,E3\1bc1dfe689e5.npz,2026-10-01T00:08:28+00:00,2025-05-19_2025-05-31
c9b15d3de74b,E3,2025,2025,37,1,1,O3,HGB,primary,,,7,11005,15.2,58970ccc7c7732eefbc9244a28b4809b3f3beb05bc9c13bd5e6803627bde93e5,E3\c9b15d3de74b.npz,2026-10-01T00:08:44+00:00,2025-05-19_2025-05-31
c2746fff8087,E3,2025,2025,37,1,2,O2,HGB,primary,,,6,11005,15.3,58970ccc7c7732eefbc9244a28b4809b3f3beb05bc9c13bd5e6803627bde93e5,E3\c2746fff8087.npz,2026-10-01T00:08:59+00:00,2025-06-12_2025-06-24
8d0b31ac39c4,E3,2025,2025,37,1,2,O3,HGB,primary,,,7,11005,14.8,58970ccc7c7732eefbc9244a28b4809b3f3beb05bc9c13bd5e6803627bde93e5,E3\8d0b31ac39c4.npz,2026-10-01T00:09:14+00:00,2025-06-12_2025-06-24
9888106e54f2,E3,2025,2025,37,1,3,O2,HGB,primary,,,6,11005,13.8,58970ccc7c7732eefbc9244a28b4809b3f3beb05bc9c13bd5e6803627bde93e5,E3\9888106e54f2.npz,2026-10-01T00:09:27+00:00,2025-04-25_2025-05-07
2dac5474b5cf,E3,2025,2025,37,1,3,O3,HGB,primary,,,7,11005,13.0,58970ccc7c7732eefbc9244a28b4809b3f3beb05bc9c13bd5e6803627bde93e5,E3\2dac5474b5cf.npz,2026-10-01T00:09:40+00:00,2025-04-25_2025-05-07
3f5044e33f90,E3,2025,2025,37,1,4,O2,HGB,primary,,,6,11005,12.1,58970ccc7c7732eefbc9244a28b4809b3f3beb05bc9c13bd5e6803627bde93e5,E3\3f5044e33f90.npz,2026-10-01T00:09:53+00:00,2025-03-08_2025-03-20
f43d0bb88cfb,E3,2025,2025,37,1,4,O3,HGB,primary,,,7,11005,13.7,58970ccc7c7732eefbc9244a28b4809b3f3beb05bc9c13bd5e6803627bde93e5,E3\f43d0bb88cfb.npz,2026-10-01T00:10:06+00:00,2025-03-08_2025-03-20
ea9a99a315da,E3,2025,2025,37,1,5,O2,HGB,primary,,,6,11005,30.3,58970ccc7c7732eefbc9244a28b4809b3f3beb05bc9c13bd5e6803627bde93e5,E3\ea9a99a315da.npz,2026-10-01T00:10:37+00:00,2025-04-01_2025-04-13
0ffe68bc8c5f,E3,2025,2025,37,1,5,O3,HGB,primary,,,7,11005,31.1,58970ccc7c7732eefbc9244a28b4809b3f3beb05bc9c13bd5e6803627bde93e5,E3\0ffe68bc8c5f.npz,2026-10-01T00:11:08+00:00,2025-04-01_2025-04-13
2976cfee79d4,E3,2025,2025,37,1,6,O2,HGB,primary,,,6,11005,20.3,58970ccc7c7732eefbc9244a28b4809b3f3beb05bc9c13bd5e6803627bde93e5,E3\2976cfee79d4.npz,2026-10-01T00:11:28+00:00,2025-07-06_2025-07-18
6f5a07aecbd3,E3,2025,2025,37,1,6,O3,HGB,primary,,,7,11005,17.2,58970ccc7c7732eefbc9244a28b4809b3f3beb05bc9c13bd5e6803627bde93e5,E3\6f5a07aecbd3.npz,2026-10-01T00:11:45+00:00,2025-07-06_2025-07-18
0baaaed9df72,E3,2025,2025,37,1,7,O2,HGB,primary,,,6,11005,14.1,58970ccc7c7732eefbc9244a28b4809b3f3beb05bc9c13bd5e6803627bde93e5,E3\0baaaed9df72.npz,2026-10-01T00:11:59+00:00,2025-10-10_2025-10-22
d17c4e6d6094,E3,2025,2025,37,1,7,O3,HGB,primary,,,7,11005,14.3,58970ccc7c7732eefbc9244a28b4809b3f3beb05bc9c13bd5e6803627bde93e5,E3\d17c4e6d6094.npz,2026-10-01T00:12:14+00:00,2025-10-10_2025-10-22
c46b3de101bc,E3,2025,2025,37,1,8,O2,HGB,primary,,,6,11005,12.9,58970ccc7c7732eefbc9244a28b4809b3f3beb05bc9c13bd5e6803627bde93e5,E3\c46b3de101bc.npz,2026-10-01T00:12:27+00:00,2025-08-23_2025-09-04
7a723f0dedea,E3,2025,2025,37,1,8,O3,HGB,primary,,,7,11005,13.0,58970ccc7c7732eefbc9244a28b4809b3f3beb05bc9c13bd5e6803627bde93e5,E3\7a723f0dedea.npz,2026-10-01T00:12:39+00:00,2025-08-23_2025-09-04
8e4b0e1f4359,E3,2025,2025,37,2,0,O2,HGB,primary,,,12,11005,17.0,58970ccc7c7732eefbc9244a28b4809b3f3beb05bc9c13bd5e6803627bde93e5,E3\8e4b0e1f4359.npz,2026-10-01T00:12:56+00:00,2025-07-06_2025-07-18;2025-08-23_2025-09-04
30ad871a8b9e,E3,2025,2025,37,2,0,O3,HGB,primary,,,14,11005,19.2,58970ccc7c7732eefbc9244a28b4809b3f3beb05bc9c13bd5e6803627bde93e5,E3\30ad871a8b9e.npz,2026-10-01T00:13:16+00:00,2025-07-06_2025-07-18;2025-08-23_2025-09-04
383d517d827a,E3,2025,2025,37,2,1,O2,HGB,primary,,,12,11005,17.1,58970ccc7c7732eefbc9244a28b4809b3f3beb05bc9c13bd5e6803627bde93e5,E3\383d517d827a.npz,2026-10-01T00:13:33+00:00,2025-04-25_2025-05-07;2025-10-10_2025-10-22
acdd199a6b13,E3,2025,2025,37,2,1,O3,HGB,primary,,,14,11005,16.8,58970ccc7c7732eefbc9244a28b4809b3f3beb05bc9c13bd5e6803627bde93e5,E3\acdd199a6b13.npz,2026-10-01T00:13:50+00:00,2025-04-25_2025-05-07;2025-10-10_2025-10-22
01dd346e78da,E3,2025,2025,37,2,2,O2,HGB,primary,,,12,11005,15.5,58970ccc7c7732eefbc9244a28b4809b3f3beb05bc9c13bd5e6803627bde93e5,E3\01dd346e78da.npz,2026-10-01T00:14:05+00:00,2025-04-01_2025-04-13;2025-04-25_2025-05-07
06709c71f506,E3,2025,2025,37,2,2,O3,HGB,primary,,,14,11005,17.1,58970ccc7c7732eefbc9244a28b4809b3f3beb05bc9c13bd5e6803627bde93e5,E3\06709c71f506.npz,2026-10-01T00:14:22+00:00,2025-04-01_2025-04-13;2025-04-25_2025-05-07
8378bca38201,E3,2025,2025,37,2,3,O2,HGB,primary,,,12,11005,21.5,58970ccc7c7732eefbc9244a28b4809b3f3beb05bc9c13bd5e6803627bde93e5,E3\8378bca38201.npz,2026-10-01T00:14:44+00:00,2025-03-08_2025-03-20;2025-04-25_2025-05-07
d2e98d13734d,E3,2025,2025,37,2,3,O3,HGB,primary,,,14,11005,22.4,58970ccc7c7732eefbc9244a28b4809b3f3beb05bc9c13bd5e6803627bde93e5,E3\d2e98d13734d.npz,2026-10-01T00:15:06+00:00,2025-03-08_2025-03-20;2025-04-25_2025-05-07
bf63e2f88053,E3,2025,2025,37,2,4,O2,HGB,primary,,,12,11005,21.5,58970ccc7c7732eefbc9244a28b4809b3f3beb05bc9c13bd5e6803627bde93e5,E3\bf63e2f88053.npz,2026-10-01T00:15:28+00:00,2025-03-08_2025-03-20;2025-09-16_2025-09-28
0a66c281afdc,E3,2025,2025,37,2,4,O3,HGB,primary,,,14,11005,18.6,58970ccc7c7732eefbc9244a28b4809b3f3beb05bc9c13bd5e6803627bde93e5,E3\0a66c281afdc.npz,2026-10-01T00:15:46+00:00,2025-03-08_2025-03-20;2025-09-16_2025-09-28
81f006763ead,E3,2025,2025,37,2,5,O2,HGB,primary,,,12,11005,17.2,58970ccc7c7732eefbc9244a28b4809b3f3beb05bc9c13bd5e6803627bde93e5,E3\81f006763ead.npz,2026-10-01T00:16:03+00:00,2025-04-25_2025-05-07;2025-07-06_2025-07-18
e129d0f16a9e,E3,2025,2025,37,2,5,O3,HGB,primary,,,14,11005,18.0,58970ccc7c7732eefbc9244a28b4809b3f3beb05bc9c13bd5e6803627bde93e5,E3\e129d0f16a9e.npz,2026-10-01T00:16:21+00:00,2025-04-25_2025-05-07;2025-07-06_2025-07-18
90975f3b0ffc,E3,2025,2025,37,2,6,O2,HGB,primary,,,12,11005,16.5,58970ccc7c7732eefbc9244a28b4809b3f3beb05bc9c13bd5e6803627bde93e5,E3\90975f3b0ffc.npz,2026-10-01T00:16:38+00:00,2025-04-01_2025-04-13;2025-10-10_2025-10-22
376fa458fdae,E3,2025,2025,37,2,6,O3,HGB,primary,,,14,11005,19.6,58970ccc7c7732eefbc9244a28b4809b3f3beb05bc9c13bd5e6803627bde93e5,E3\376fa458fdae.npz,2026-10-01T00:16:58+00:00,2025-04-01_2025-04-13;2025-10-10_2025-10-22
34acd2142b4c,E3,2025,2025,37,2,7,O2,HGB,primary,,,12,11005,20.1,58970ccc7c7732eefbc9244a28b4809b3f3beb05bc9c13bd5e6803627bde93e5,E3\34acd2142b4c.npz,2026-10-01T00:17:18+00:00,2025-04-25_2025-05-07;2025-06-12_2025-06-24
80cf4cd8ca5e,E3,2025,2025,37,2,7,O3,HGB,primary,,,14,11005,20.9,58970ccc7c7732eefbc9244a28b4809b3f3beb05bc9c13bd5e6803627bde93e5,E3\80cf4cd8ca5e.npz,2026-10-01T00:17:38+00:00,2025-04-25_2025-05-07;2025-06-12_2025-06-24
9c3b8768c744,E3,2025,2025,37,2,8,O2,HGB,primary,,,12,11005,17.0,58970ccc7c7732eefbc9244a28b4809b3f3beb05bc9c13bd5e6803627bde93e5,E3\9c3b8768c744.npz,2026-10-01T00:17:55+00:00,2025-04-01_2025-04-13;2025-07-06_2025-07-18
127d8e4dfe19,E3,2025,2025,37,2,8,O3,HGB,primary,,,14,11005,18.7,58970ccc7c7732eefbc9244a28b4809b3f3beb05bc9c13bd5e6803627bde93e5,E3\127d8e4dfe19.npz,2026-10-01T00:18:14+00:00,2025-04-01_2025-04-13;2025-07-06_2025-07-18
bbf1a47048db,E3,2025,2025,37,2,9,O2,HGB,primary,,,12,11005,22.3,58970ccc7c7732eefbc9244a28b4809b3f3beb05bc9c13bd5e6803627bde93e5,E3\bbf1a47048db.npz,2026-10-01T00:18:36+00:00,2025-06-12_2025-06-24;2025-10-10_2025-10-22
b067f9f7129a,E3,2025,2025,37,2,9,O3,HGB,primary,,,14,11005,22.7,58970ccc7c7732eefbc9244a28b4809b3f3beb05bc9c13bd5e6803627bde93e5,E3\b067f9f7129a.npz,2026-10-01T00:18:59+00:00,2025-06-12_2025-06-24;2025-10-10_2025-10-22
08e2e8193839,E3,2025,2025,37,2,10,O2,HGB,primary,,,12,11005,20.4,58970ccc7c7732eefbc9244a28b4809b3f3beb05bc9c13bd5e6803627bde93e5,E3\08e2e8193839.npz,2026-10-01T00:19:20+00:00,2025-05-19_2025-05-31;2025-07-06_2025-07-18
ce3c516f4f5d,E3,2025,2025,37,2,10,O3,HGB,primary,,,14,11005,18.0,58970ccc7c7732eefbc9244a28b4809b3f3beb05bc9c13bd5e6803627bde93e5,E3\ce3c516f4f5d.npz,2026-10-01T00:19:38+00:00,2025-05-19_2025-05-31;2025-07-06_2025-07-18
0f4599dc7562,E3,2025,2025,37,2,11,O2,HGB,primary,,,12,11005,17.1,58970ccc7c7732eefbc9244a28b4809b3f3beb05bc9c13bd5e6803627bde93e5,E3\0f4599dc7562.npz,2026-10-01T00:19:55+00:00,2025-03-08_2025-03-20;2025-04-01_2025-04-13
67fb5350312d,E3,2025,2025,37,2,11,O3,HGB,primary,,,14,11005,18.3,58970ccc7c7732eefbc9244a28b4809b3f3beb05bc9c13bd5e6803627bde93e5,E3\67fb5350312d.npz,2026-10-01T00:20:13+00:00,2025-03-08_2025-03-20;2025-04-01_2025-04-13
e055cd4d1f54,E3,2025,2025,37,2,12,O2,HGB,primary,,,12,11005,16.2,58970ccc7c7732eefbc9244a28b4809b3f3beb05bc9c13bd5e6803627bde93e5,E3\e055cd4d1f54.npz,2026-10-01T00:20:29+00:00,2025-04-01_2025-04-13;2025-09-16_2025-09-28
6ae947e8dc48,E3,2025,2025,37,2,12,O3,HGB,primary,,,14,11005,17.2,58970ccc7c7732eefbc9244a28b4809b3f3beb05bc9c13bd5e6803627bde93e5,E3\6ae947e8dc48.npz,2026-10-01T00:20:46+00:00,2025-04-01_2025-04-13;2025-09-16_2025-09-28
88b5754c62a6,E3,2025,2025,37,2,13,O2,HGB,primary,,,12,11005,17.6,58970ccc7c7732eefbc9244a28b4809b3f3beb05bc9c13bd5e6803627bde93e5,E3\88b5754c62a6.npz,2026-10-01T00:21:04+00:00,2025-08-23_2025-09-04;2025-10-10_2025-10-22
3bf06db4ec5c,E3,2025,2025,37,2,13,O3,HGB,primary,,,14,11005,18.3,58970ccc7c7732eefbc9244a28b4809b3f3beb05bc9c13bd5e6803627bde93e5,E3\3bf06db4ec5c.npz,2026-10-01T00:21:22+00:00,2025-08-23_2025-09-04;2025-10-10_2025-10-22
35b4693d5c55,E3,2025,2025,37,2,14,O2,HGB,primary,,,12,11005,16.3,58970ccc7c7732eefbc9244a28b4809b3f3beb05bc9c13bd5e6803627bde93e5,E3\35b4693d5c55.npz,2026-10-01T00:21:39+00:00,2025-04-25_2025-05-07;2025-05-19_2025-05-31
00183b2e72af,E3,2025,2025,37,2,14,O3,HGB,primary,,,14,11005,16.2,58970ccc7c7732eefbc9244a28b4809b3f3beb05bc9c13bd5e6803627bde93e5,E3\00183b2e72af.npz,2026-10-01T00:21:55+00:00,2025-04-25_2025-05-07;2025-05-19_2025-05-31
75873122e51d,E3,2025,2025,37,2,15,O2,HGB,primary,,,12,11005,15.0,58970ccc7c7732eefbc9244a28b4809b3f3beb05bc9c13bd5e6803627bde93e5,E3\75873122e51d.npz,2026-10-01T00:22:10+00:00,2025-05-19_2025-05-31;2025-09-16_2025-09-28
b670722206bf,E3,2025,2025,37,2,15,O3,HGB,primary,,,14,11005,16.9,58970ccc7c7732eefbc9244a28b4809b3f3beb05bc9c13bd5e6803627bde93e5,E3\b670722206bf.npz,2026-10-01T00:22:27+00:00,2025-05-19_2025-05-31;2025-09-16_2025-09-28
693a0398ca88,E3,2025,2025,37,2,16,O2,HGB,primary,,,12,11005,20.9,58970ccc7c7732eefbc9244a28b4809b3f3beb05bc9c13bd5e6803627bde93e5,E3\693a0398ca88.npz,2026-10-01T00:22:48+00:00,2025-03-08_2025-03-20;2025-05-19_2025-05-31
5c3b44bcc818,E3,2025,2025,37,2,16,O3,HGB,primary,,,14,11005,23.5,58970ccc7c7732eefbc9244a28b4809b3f3beb05bc9c13bd5e6803627bde93e5,E3\5c3b44bcc818.npz,2026-10-01T00:23:11+00:00,2025-03-08_2025-03-20;2025-05-19_2025-05-31
564a87f33fbb,E3,2025,2025,37,2,17,O2,HGB,primary,,,12,11005,28.3,58970ccc7c7732eefbc9244a28b4809b3f3beb05bc9c13bd5e6803627bde93e5,E3\564a87f33fbb.npz,2026-10-01T00:23:40+00:00,2025-08-23_2025-09-04;2025-09-16_2025-09-28
169ec2b63c43,E3,2025,2025,37,2,17,O3,HGB,primary,,,14,11005,20.6,58970ccc7c7732eefbc9244a28b4809b3f3beb05bc9c13bd5e6803627bde93e5,E3\169ec2b63c43.npz,2026-10-01T00:24:00+00:00,2025-08-23_2025-09-04;2025-09-16_2025-09-28
9423246966ab,E3,2025,2025,37,2,18,O2,HGB,primary,,,12,11005,19.6,58970ccc7c7732eefbc9244a28b4809b3f3beb05bc9c13bd5e6803627bde93e5,E3\9423246966ab.npz,2026-10-01T00:24:20+00:00,2025-06-12_2025-06-24;2025-09-16_2025-09-28
e2cb6831d9e7,E3,2025,2025,37,2,18,O3,HGB,primary,,,14,11005,21.0,58970ccc7c7732eefbc9244a28b4809b3f3beb05bc9c13bd5e6803627bde93e5,E3\e2cb6831d9e7.npz,2026-10-01T00:24:41+00:00,2025-06-12_2025-06-24;2025-09-16_2025-09-28
4d547ed6157f,E3,2025,2025,37,2,19,O2,HGB,primary,,,12,11005,16.1,58970ccc7c7732eefbc9244a28b4809b3f3beb05bc9c13bd5e6803627bde93e5,E3\4d547ed6157f.npz,2026-10-01T00:24:57+00:00,2025-04-25_2025-05-07;2025-08-23_2025-09-04
f9d8fb4c1c80,E3,2025,2025,37,2,19,O3,HGB,primary,,,14,11005,17.8,58970ccc7c7732eefbc9244a28b4809b3f3beb05bc9c13bd5e6803627bde93e5,E3\f9d8fb4c1c80.npz,2026-10-01T00:25:15+00:00,2025-04-25_2025-05-07;2025-08-23_2025-09-04
40bedf458139,E3,2025,2025,37,3,0,O2,HGB,primary,,,18,11005,20.1,58970ccc7c7732eefbc9244a28b4809b3f3beb05bc9c13bd5e6803627bde93e5,E3\40bedf458139.npz,2026-10-01T00:25:35+00:00,2025-04-25_2025-05-07;2025-07-06_2025-07-18;2025-08-23_2025-09-04
017df7447de8,E3,2025,2025,37,3,0,O3,HGB,primary,,,21,11005,22.4,58970ccc7c7732eefbc9244a28b4809b3f3beb05bc9c13bd5e6803627bde93e5,E3\017df7447de8.npz,2026-10-01T00:25:57+00:00,2025-04-25_2025-05-07;2025-07-06_2025-07-18;2025-08-23_2025-09-04
0fc8a27340c5,E3,2025,2025,37,3,1,O2,HGB,primary,,,18,11005,23.2,58970ccc7c7732eefbc9244a28b4809b3f3beb05bc9c13bd5e6803627bde93e5,E3\0fc8a27340c5.npz,2026-10-01T00:26:20+00:00,2025-03-08_2025-03-20;2025-06-12_2025-06-24;2025-10-10_2025-10-22
6f6676fcec7a,E3,2025,2025,37,3,1,O3,HGB,primary,,,21,11005,21.8,58970ccc7c7732eefbc9244a28b4809b3f3beb05bc9c13bd5e6803627bde93e5,E3\6f6676fcec7a.npz,2026-10-01T00:26:42+00:00,2025-03-08_2025-03-20;2025-06-12_2025-06-24;2025-10-10_2025-10-22
1f7a6e9379b3,E3,2025,2025,37,3,2,O2,HGB,primary,,,18,11005,19.9,58970ccc7c7732eefbc9244a28b4809b3f3beb05bc9c13bd5e6803627bde93e5,E3\1f7a6e9379b3.npz,2026-10-01T00:27:02+00:00,2025-06-12_2025-06-24;2025-09-16_2025-09-28;2025-10-10_2025-10-22
399aa1cfc6e2,E3,2025,2025,37,3,2,O3,HGB,primary,,,21,11005,21.3,58970ccc7c7732eefbc9244a28b4809b3f3beb05bc9c13bd5e6803627bde93e5,E3\399aa1cfc6e2.npz,2026-10-01T00:27:24+00:00,2025-06-12_2025-06-24;2025-09-16_2025-09-28;2025-10-10_2025-10-22
bd5a99a93f39,E3,2025,2025,37,3,3,O2,HGB,primary,,,18,11005,24.1,58970ccc7c7732eefbc9244a28b4809b3f3beb05bc9c13bd5e6803627bde93e5,E3\bd5a99a93f39.npz,2026-10-01T00:27:48+00:00,2025-04-25_2025-05-07;2025-09-16_2025-09-28;2025-10-10_2025-10-22
79fa5a54c73b,E3,2025,2025,37,3,3,O3,HGB,primary,,,21,11005,22.8,58970ccc7c7732eefbc9244a28b4809b3f3beb05bc9c13bd5e6803627bde93e5,E3\79fa5a54c73b.npz,2026-10-01T00:28:10+00:00,2025-04-25_2025-05-07;2025-09-16_2025-09-28;2025-10-10_2025-10-22
14139a4a62d0,E3,2025,2025,37,3,4,O2,HGB,primary,,,18,11005,20.9,58970ccc7c7732eefbc9244a28b4809b3f3beb05bc9c13bd5e6803627bde93e5,E3\14139a4a62d0.npz,2026-10-01T00:28:31+00:00,2025-08-23_2025-09-04;2025-09-16_2025-09-28;2025-10-10_2025-10-22
f2023aefffec,E3,2025,2025,37,3,4,O3,HGB,primary,,,21,11005,21.3,58970ccc7c7732eefbc9244a28b4809b3f3beb05bc9c13bd5e6803627bde93e5,E3\f2023aefffec.npz,2026-10-01T00:28:53+00:00,2025-08-23_2025-09-04;2025-09-16_2025-09-28;2025-10-10_2025-10-22
8901dc5a1162,E3,2025,2025,37,3,5,O2,HGB,primary,,,18,11005,25.1,58970ccc7c7732eefbc9244a28b4809b3f3beb05bc9c13bd5e6803627bde93e5,E3\8901dc5a1162.npz,2026-10-01T00:29:18+00:00,2025-05-19_2025-05-31;2025-08-23_2025-09-04;2025-10-10_2025-10-22
66a9c2613bbb,E3,2025,2025,37,3,5,O3,HGB,primary,,,21,11005,22.3,58970ccc7c7732eefbc9244a28b4809b3f3beb05bc9c13bd5e6803627bde93e5,E3\66a9c2613bbb.npz,2026-10-01T00:29:40+00:00,2025-05-19_2025-05-31;2025-08-23_2025-09-04;2025-10-10_2025-10-22
caf17a5708b8,E3,2025,2025,37,3,6,O2,HGB,primary,,,18,11005,22.1,58970ccc7c7732eefbc9244a28b4809b3f3beb05bc9c13bd5e6803627bde93e5,E3\caf17a5708b8.npz,2026-10-01T00:30:02+00:00,2025-05-19_2025-05-31;2025-07-06_2025-07-18;2025-10-10_2025-10-22
f9b4cd0ef286,E3,2025,2025,37,3,6,O3,HGB,primary,,,21,11005,24.3,58970ccc7c7732eefbc9244a28b4809b3f3beb05bc9c13bd5e6803627bde93e5,E3\f9b4cd0ef286.npz,2026-10-01T00:30:27+00:00,2025-05-19_2025-05-31;2025-07-06_2025-07-18;2025-10-10_2025-10-22
2ea8af9cddf1,E3,2025,2025,37,3,7,O2,HGB,primary,,,18,11005,29.8,58970ccc7c7732eefbc9244a28b4809b3f3beb05bc9c13bd5e6803627bde93e5,E3\2ea8af9cddf1.npz,2026-10-01T00:30:56+00:00,2025-04-01_2025-04-13;2025-04-25_2025-05-07;2025-06-12_2025-06-24
9c6a139d9f21,E3,2025,2025,37,3,7,O3,HGB,primary,,,21,11005,25.3,58970ccc7c7732eefbc9244a28b4809b3f3beb05bc9c13bd5e6803627bde93e5,E3\9c6a139d9f21.npz,2026-10-01T00:31:22+00:00,2025-04-01_2025-04-13;2025-04-25_2025-05-07;2025-06-12_2025-06-24
01a370364dcb,E3,2025,2025,37,3,8,O2,HGB,primary,,,18,11005,20.5,58970ccc7c7732eefbc9244a28b4809b3f3beb05bc9c13bd5e6803627bde93e5,E3\01a370364dcb.npz,2026-10-01T00:31:42+00:00,2025-04-01_2025-04-13;2025-05-19_2025-05-31;2025-06-12_2025-06-24
072fd6d4e27c,E3,2025,2025,37,3,8,O3,HGB,primary,,,21,11005,20.4,58970ccc7c7732eefbc9244a28b4809b3f3beb05bc9c13bd5e6803627bde93e5,E3\072fd6d4e27c.npz,2026-10-01T00:32:03+00:00,2025-04-01_2025-04-13;2025-05-19_2025-05-31;2025-06-12_2025-06-24
f43f6d872eb0,E3,2025,2025,37,3,9,O2,HGB,primary,,,18,11005,25.4,58970ccc7c7732eefbc9244a28b4809b3f3beb05bc9c13bd5e6803627bde93e5,E3\f43f6d872eb0.npz,2026-10-01T00:32:28+00:00,2025-03-08_2025-03-20;2025-04-01_2025-04-13;2025-07-06_2025-07-18
35035e8beb83,E3,2025,2025,37,3,9,O3,HGB,primary,,,21,11005,23.0,58970ccc7c7732eefbc9244a28b4809b3f3beb05bc9c13bd5e6803627bde93e5,E3\35035e8beb83.npz,2026-10-01T00:32:51+00:00,2025-03-08_2025-03-20;2025-04-01_2025-04-13;2025-07-06_2025-07-18
3a8ff2084bbe,E3,2025,2025,37,3,10,O2,HGB,primary,,,18,11005,19.4,58970ccc7c7732eefbc9244a28b4809b3f3beb05bc9c13bd5e6803627bde93e5,E3\3a8ff2084bbe.npz,2026-10-01T00:33:10+00:00,2025-05-19_2025-05-31;2025-06-12_2025-06-24;2025-07-06_2025-07-18
91c45d269b37,E3,2025,2025,37,3,10,O3,HGB,primary,,,21,11005,22.6,58970ccc7c7732eefbc9244a28b4809b3f3beb05bc9c13bd5e6803627bde93e5,E3\91c45d269b37.npz,2026-10-01T00:33:33+00:00,2025-05-19_2025-05-31;2025-06-12_2025-06-24;2025-07-06_2025-07-18
d320c9bd0b1b,E3,2025,2025,37,3,11,O2,HGB,primary,,,18,11005,19.1,58970ccc7c7732eefbc9244a28b4809b3f3beb05bc9c13bd5e6803627bde93e5,E3\d320c9bd0b1b.npz,2026-10-01T00:33:52+00:00,2025-04-01_2025-04-13;2025-04-25_2025-05-07;2025-07-06_2025-07-18
29e5adf3055c,E3,2025,2025,37,3,11,O3,HGB,primary,,,21,11005,22.5,58970ccc7c7732eefbc9244a28b4809b3f3beb05bc9c13bd5e6803627bde93e5,E3\29e5adf3055c.npz,2026-10-01T00:34:15+00:00,2025-04-01_2025-04-13;2025-04-25_2025-05-07;2025-07-06_2025-07-18
3559c66f98c0,E3,2025,2025,37,3,12,O2,HGB,primary,,,18,11005,22.9,58970ccc7c7732eefbc9244a28b4809b3f3beb05bc9c13bd5e6803627bde93e5,E3\3559c66f98c0.npz,2026-10-01T00:34:38+00:00,2025-04-25_2025-05-07;2025-06-12_2025-06-24;2025-09-16_2025-09-28
38539e23a894,E3,2025,2025,37,3,12,O3,HGB,primary,,,21,11005,21.4,58970ccc7c7732eefbc9244a28b4809b3f3beb05bc9c13bd5e6803627bde93e5,E3\38539e23a894.npz,2026-10-01T00:34:59+00:00,2025-04-25_2025-05-07;2025-06-12_2025-06-24;2025-09-16_2025-09-28
807086d30cb3,E3,2025,2025,37,3,13,O2,HGB,primary,,,18,11005,20.2,58970ccc7c7732eefbc9244a28b4809b3f3beb05bc9c13bd5e6803627bde93e5,E3\807086d30cb3.npz,2026-10-01T00:35:19+00:00,2025-03-08_2025-03-20;2025-04-01_2025-04-13;2025-05-19_2025-05-31
e77663a6b0ee,E3,2025,2025,37,3,13,O3,HGB,primary,,,21,11005,22.3,58970ccc7c7732eefbc9244a28b4809b3f3beb05bc9c13bd5e6803627bde93e5,E3\e77663a6b0ee.npz,2026-10-01T00:35:41+00:00,2025-03-08_2025-03-20;2025-04-01_2025-04-13;2025-05-19_2025-05-31
ca779fe8d96a,E3,2025,2025,37,3,14,O2,HGB,primary,,,18,11005,19.6,58970ccc7c7732eefbc9244a28b4809b3f3beb05bc9c13bd5e6803627bde93e5,E3\ca779fe8d96a.npz,2026-10-01T00:36:01+00:00,2025-03-08_2025-03-20;2025-06-12_2025-06-24;2025-07-06_2025-07-18
4be36dd15616,E3,2025,2025,37,3,14,O3,HGB,primary,,,21,11005,28.9,58970ccc7c7732eefbc9244a28b4809b3f3beb05bc9c13bd5e6803627bde93e5,E3\4be36dd15616.npz,2026-10-01T00:36:30+00:00,2025-03-08_2025-03-20;2025-06-12_2025-06-24;2025-07-06_2025-07-18
17106106f180,E3,2025,2025,37,3,15,O2,HGB,primary,,,18,11005,22.7,58970ccc7c7732eefbc9244a28b4809b3f3beb05bc9c13bd5e6803627bde93e5,E3\17106106f180.npz,2026-10-01T00:36:53+00:00,2025-04-01_2025-04-13;2025-06-12_2025-06-24;2025-07-06_2025-07-18
64167f724ac5,E3,2025,2025,37,3,15,O3,HGB,primary,,,21,11005,24.3,58970ccc7c7732eefbc9244a28b4809b3f3beb05bc9c13bd5e6803627bde93e5,E3\64167f724ac5.npz,2026-10-01T00:37:17+00:00,2025-04-01_2025-04-13;2025-06-12_2025-06-24;2025-07-06_2025-07-18
0abeed566c1d,E3,2025,2025,37,3,16,O2,HGB,primary,,,18,11005,22.7,58970ccc7c7732eefbc9244a28b4809b3f3beb05bc9c13bd5e6803627bde93e5,E3\0abeed566c1d.npz,2026-10-01T00:37:40+00:00,2025-07-06_2025-07-18;2025-08-23_2025-09-04;2025-10-10_2025-10-22
7119ec3ad9e7,E3,2025,2025,37,3,16,O3,HGB,primary,,,21,11005,22.2,58970ccc7c7732eefbc9244a28b4809b3f3beb05bc9c13bd5e6803627bde93e5,E3\7119ec3ad9e7.npz,2026-10-01T00:38:02+00:00,2025-07-06_2025-07-18;2025-08-23_2025-09-04;2025-10-10_2025-10-22
0a6c561334fa,E3,2025,2025,37,3,17,O2,HGB,primary,,,18,11005,25.6,58970ccc7c7732eefbc9244a28b4809b3f3beb05bc9c13bd5e6803627bde93e5,E3\0a6c561334fa.npz,2026-10-01T00:38:27+00:00,2025-05-19_2025-05-31;2025-06-12_2025-06-24;2025-09-16_2025-09-28
ae88890710d9,E3,2025,2025,37,3,17,O3,HGB,primary,,,21,11005,22.8,58970ccc7c7732eefbc9244a28b4809b3f3beb05bc9c13bd5e6803627bde93e5,E3\ae88890710d9.npz,2026-10-01T00:38:50+00:00,2025-05-19_2025-05-31;2025-06-12_2025-06-24;2025-09-16_2025-09-28
23bc4c272000,E3,2025,2025,37,3,18,O2,HGB,primary,,,18,11005,20.2,58970ccc7c7732eefbc9244a28b4809b3f3beb05bc9c13bd5e6803627bde93e5,E3\23bc4c272000.npz,2026-10-01T00:39:10+00:00,2025-03-08_2025-03-20;2025-07-06_2025-07-18;2025-08-23_2025-09-04
4b9113f2bbfa,E3,2025,2025,37,3,18,O3,HGB,primary,,,21,11005,22.2,58970ccc7c7732eefbc9244a28b4809b3f3beb05bc9c13bd5e6803627bde93e5,E3\4b9113f2bbfa.npz,2026-10-01T00:39:32+00:00,2025-03-08_2025-03-20;2025-07-06_2025-07-18;2025-08-23_2025-09-04
c0a8e2bd13a0,E3,2025,2025,37,3,19,O2,HGB,primary,,,18,11005,19.3,58970ccc7c7732eefbc9244a28b4809b3f3beb05bc9c13bd5e6803627bde93e5,E3\c0a8e2bd13a0.npz,2026-10-01T00:39:52+00:00,2025-07-06_2025-07-18;2025-08-23_2025-09-04;2025-09-16_2025-09-28
bbb06381690f,E3,2025,2025,37,3,19,O3,HGB,primary,,,21,11005,19.2,58970ccc7c7732eefbc9244a28b4809b3f3beb05bc9c13bd5e6803627bde93e5,E3\bbb06381690f.npz,2026-10-01T00:40:11+00:00,2025-07-06_2025-07-18;2025-08-23_2025-09-04;2025-09-16_2025-09-28
03cd7e7b329e,E3,2025,2025,37,4,0,O2,HGB,primary,,,24,11005,24.2,58970ccc7c7732eefbc9244a28b4809b3f3beb05bc9c13bd5e6803627bde93e5,E3\03cd7e7b329e.npz,2026-10-01T00:40:35+00:00,2025-06-12_2025-06-24;2025-07-06_2025-07-18;2025-08-23_2025-09-04;2025-10-10_2025-10-22
7c42e8f6b56c,E3,2025,2025,37,4,0,O3,HGB,primary,,,28,11005,28.8,58970ccc7c7732eefbc9244a28b4809b3f3beb05bc9c13bd5e6803627bde93e5,E3\7c42e8f6b56c.npz,2026-10-01T00:41:04+00:00,2025-06-12_2025-06-24;2025-07-06_2025-07-18;2025-08-23_2025-09-04;2025-10-10_2025-10-22
f7ee19a874e4,E3,2025,2025,37,4,1,O2,HGB,primary,,,24,11005,26.7,58970ccc7c7732eefbc9244a28b4809b3f3beb05bc9c13bd5e6803627bde93e5,E3\f7ee19a874e4.npz,2026-10-01T00:41:30+00:00,2025-03-08_2025-03-20;2025-05-19_2025-05-31;2025-06-12_2025-06-24;2025-10-10_2025-10-22
5b8115dc6985,E3,2025,2025,37,4,1,O3,HGB,primary,,,28,11005,25.6,58970ccc7c7732eefbc9244a28b4809b3f3beb05bc9c13bd5e6803627bde93e5,E3\5b8115dc6985.npz,2026-10-01T00:41:56+00:00,2025-03-08_2025-03-20;2025-05-19_2025-05-31;2025-06-12_2025-06-24;2025-10-10_2025-10-22
205dd493cca9,E3,2025,2025,37,4,2,O2,HGB,primary,,,24,11005,23.6,58970ccc7c7732eefbc9244a28b4809b3f3beb05bc9c13bd5e6803627bde93e5,E3\205dd493cca9.npz,2026-10-01T00:42:20+00:00,2025-03-08_2025-03-20;2025-04-01_2025-04-13;2025-04-25_2025-05-07;2025-10-10_2025-10-22
6ecaade145ce,E3,2025,2025,37,4,2,O3,HGB,primary,,,28,11005,24.7,58970ccc7c7732eefbc9244a28b4809b3f3beb05bc9c13bd5e6803627bde93e5,E3\6ecaade145ce.npz,2026-10-01T00:42:44+00:00,2025-03-08_2025-03-20;2025-04-01_2025-04-13;2025-04-25_2025-05-07;2025-10-10_2025-10-22
c3f04fd70d33,E3,2025,2025,37,4,3,O2,HGB,primary,,,24,11005,21.7,58970ccc7c7732eefbc9244a28b4809b3f3beb05bc9c13bd5e6803627bde93e5,E3\c3f04fd70d33.npz,2026-10-01T00:43:06+00:00,2025-04-01_2025-04-13;2025-04-25_2025-05-07;2025-08-23_2025-09-04;2025-09-16_2025-09-28
865de773681f,E3,2025,2025,37,4,3,O3,HGB,primary,,,28,11005,26.3,58970ccc7c7732eefbc9244a28b4809b3f3beb05bc9c13bd5e6803627bde93e5,E3\865de773681f.npz,2026-10-01T00:43:32+00:00,2025-04-01_2025-04-13;2025-04-25_2025-05-07;2025-08-23_2025-09-04;2025-09-16_2025-09-28
adb76b4162f2,E3,2025,2025,37,4,4,O2,HGB,primary,,,24,11005,22.0,58970ccc7c7732eefbc9244a28b4809b3f3beb05bc9c13bd5e6803627bde93e5,E3\adb76b4162f2.npz,2026-10-01T00:43:54+00:00,2025-04-01_2025-04-13;2025-06-12_2025-06-24;2025-07-06_2025-07-18;2025-10-10_2025-10-22
d8abc860e443,E3,2025,2025,37,4,4,O3,HGB,primary,,,28,11005,22.4,58970ccc7c7732eefbc9244a28b4809b3f3beb05bc9c13bd5e6803627bde93e5,E3\d8abc860e443.npz,2026-10-01T00:44:17+00:00,2025-04-01_2025-04-13;2025-06-12_2025-06-24;2025-07-06_2025-07-18;2025-10-10_2025-10-22
8474c5ac81c8,E3,2025,2025,37,4,5,O2,HGB,primary,,,24,11005,24.5,58970ccc7c7732eefbc9244a28b4809b3f3beb05bc9c13bd5e6803627bde93e5,E3\8474c5ac81c8.npz,2026-10-01T00:44:41+00:00,2025-04-01_2025-04-13;2025-07-06_2025-07-18;2025-08-23_2025-09-04;2025-09-16_2025-09-28
576447c575d0,E3,2025,2025,37,4,5,O3,HGB,primary,,,28,11005,30.0,58970ccc7c7732eefbc9244a28b4809b3f3beb05bc9c13bd5e6803627bde93e5,E3\576447c575d0.npz,2026-10-01T00:45:11+00:00,2025-04-01_2025-04-13;2025-07-06_2025-07-18;2025-08-23_2025-09-04;2025-09-16_2025-09-28
a2f66c698a40,E3,2025,2025,37,4,6,O2,HGB,primary,,,24,11005,27.0,58970ccc7c7732eefbc9244a28b4809b3f3beb05bc9c13bd5e6803627bde93e5,E3\a2f66c698a40.npz,2026-10-01T00:45:38+00:00,2025-03-08_2025-03-20;2025-04-01_2025-04-13;2025-05-19_2025-05-31;2025-08-23_2025-09-04
d611e700e04f,E3,2025,2025,37,4,6,O3,HGB,primary,,,28,11005,25.8,58970ccc7c7732eefbc9244a28b4809b3f3beb05bc9c13bd5e6803627bde93e5,E3\d611e700e04f.npz,2026-10-01T00:46:04+00:00,2025-03-08_2025-03-20;2025-04-01_2025-04-13;2025-05-19_2025-05-31;2025-08-23_2025-09-04
0d420e191d9a,E3,2025,2025,37,4,7,O2,HGB,primary,,,24,11005,23.2,58970ccc7c7732eefbc9244a28b4809b3f3beb05bc9c13bd5e6803627bde93e5,E3\0d420e191d9a.npz,2026-10-01T00:46:27+00:00,2025-04-25_2025-05-07;2025-05-19_2025-05-31;2025-07-06_2025-07-18;2025-10-10_2025-10-22
bcd381f682f4,E3,2025,2025,37,4,7,O3,HGB,primary,,,28,11005,23.6,58970ccc7c7732eefbc9244a28b4809b3f3beb05bc9c13bd5e6803627bde93e5,E3\bcd381f682f4.npz,2026-10-01T00:46:51+00:00,2025-04-25_2025-05-07;2025-05-19_2025-05-31;2025-07-06_2025-07-18;2025-10-10_2025-10-22
1c0aedde6b4a,E3,2025,2025,37,4,8,O2,HGB,primary,,,24,11005,22.1,58970ccc7c7732eefbc9244a28b4809b3f3beb05bc9c13bd5e6803627bde93e5,E3\1c0aedde6b4a.npz,2026-10-01T00:47:13+00:00,2025-05-19_2025-05-31;2025-06-12_2025-06-24;2025-09-16_2025-09-28;2025-10-10_2025-10-22
a68d9218cba7,E3,2025,2025,37,4,8,O3,HGB,primary,,,28,11005,25.3,58970ccc7c7732eefbc9244a28b4809b3f3beb05bc9c13bd5e6803627bde93e5,E3\a68d9218cba7.npz,2026-10-01T00:47:38+00:00,2025-05-19_2025-05-31;2025-06-12_2025-06-24;2025-09-16_2025-09-28;2025-10-10_2025-10-22
547fe5a1b4f2,E3,2025,2025,37,4,9,O2,HGB,primary,,,24,11005,22.2,58970ccc7c7732eefbc9244a28b4809b3f3beb05bc9c13bd5e6803627bde93e5,E3\547fe5a1b4f2.npz,2026-10-01T00:48:00+00:00,2025-03-08_2025-03-20;2025-04-25_2025-05-07;2025-06-12_2025-06-24;2025-09-16_2025-09-28
7443ea11423c,E3,2025,2025,37,4,9,O3,HGB,primary,,,28,11005,30.8,58970ccc7c7732eefbc9244a28b4809b3f3beb05bc9c13bd5e6803627bde93e5,E3\7443ea11423c.npz,2026-10-01T00:48:31+00:00,2025-03-08_2025-03-20;2025-04-25_2025-05-07;2025-06-12_2025-06-24;2025-09-16_2025-09-28
189f64ee5d6f,E3,2025,2025,37,4,10,O2,HGB,primary,,,24,11005,44.5,58970ccc7c7732eefbc9244a28b4809b3f3beb05bc9c13bd5e6803627bde93e5,E3\189f64ee5d6f.npz,2026-10-01T00:49:16+00:00,2025-04-25_2025-05-07;2025-06-12_2025-06-24;2025-07-06_2025-07-18;2025-08-23_2025-09-04
83358f3743de,E3,2025,2025,37,4,10,O3,HGB,primary,,,28,11005,29.0,58970ccc7c7732eefbc9244a28b4809b3f3beb05bc9c13bd5e6803627bde93e5,E3\83358f3743de.npz,2026-10-01T00:49:45+00:00,2025-04-25_2025-05-07;2025-06-12_2025-06-24;2025-07-06_2025-07-18;2025-08-23_2025-09-04
3cc87d26b06b,E3,2025,2025,37,4,11,O2,HGB,primary,,,24,11005,23.2,58970ccc7c7732eefbc9244a28b4809b3f3beb05bc9c13bd5e6803627bde93e5,E3\3cc87d26b06b.npz,2026-10-01T00:50:08+00:00,2025-03-08_2025-03-20;2025-04-25_2025-05-07;2025-05-19_2025-05-31;2025-07-06_2025-07-18
1ee3b9ae990e,E3,2025,2025,37,4,11,O3,HGB,primary,,,28,11005,25.4,58970ccc7c7732eefbc9244a28b4809b3f3beb05bc9c13bd5e6803627bde93e5,E3\1ee3b9ae990e.npz,2026-10-01T00:50:33+00:00,2025-03-08_2025-03-20;2025-04-25_2025-05-07;2025-05-19_2025-05-31;2025-07-06_2025-07-18
0f8ca403a289,E3,2025,2025,37,4,12,O2,HGB,primary,,,24,11005,21.0,58970ccc7c7732eefbc9244a28b4809b3f3beb05bc9c13bd5e6803627bde93e5,E3\0f8ca403a289.npz,2026-10-01T00:50:54+00:00,2025-04-01_2025-04-13;2025-07-06_2025-07-18;2025-09-16_2025-09-28;2025-10-10_2025-10-22
93650eadcc11,E3,2025,2025,37,4,12,O3,HGB,primary,,,28,11005,25.1,58970ccc7c7732eefbc9244a28b4809b3f3beb05bc9c13bd5e6803627bde93e5,E3\93650eadcc11.npz,2026-10-01T00:51:20+00:00,2025-04-01_2025-04-13;2025-07-06_2025-07-18;2025-09-16_2025-09-28;2025-10-10_2025-10-22
f66f29d58876,E3,2025,2025,37,4,13,O2,HGB,primary,,,24,11005,23.0,58970ccc7c7732eefbc9244a28b4809b3f3beb05bc9c13bd5e6803627bde93e5,E3\f66f29d58876.npz,2026-10-01T00:51:43+00:00,2025-04-01_2025-04-13;2025-04-25_2025-05-07;2025-08-23_2025-09-04;2025-10-10_2025-10-22
a812d8929d49,E3,2025,2025,37,4,13,O3,HGB,primary,,,28,11005,23.2,58970ccc7c7732eefbc9244a28b4809b3f3beb05bc9c13bd5e6803627bde93e5,E3\a812d8929d49.npz,2026-10-01T00:52:06+00:00,2025-04-01_2025-04-13;2025-04-25_2025-05-07;2025-08-23_2025-09-04;2025-10-10_2025-10-22
1bec16a95174,E3,2025,2025,37,4,14,O2,HGB,primary,,,24,11005,22.7,58970ccc7c7732eefbc9244a28b4809b3f3beb05bc9c13bd5e6803627bde93e5,E3\1bec16a95174.npz,2026-10-01T00:52:28+00:00,2025-03-08_2025-03-20;2025-05-19_2025-05-31;2025-06-12_2025-06-24;2025-07-06_2025-07-18
261aa817cf1c,E3,2025,2025,37,4,14,O3,HGB,primary,,,28,11005,29.3,58970ccc7c7732eefbc9244a28b4809b3f3beb05bc9c13bd5e6803627bde93e5,E3\261aa817cf1c.npz,2026-10-01T00:52:58+00:00,2025-03-08_2025-03-20;2025-05-19_2025-05-31;2025-06-12_2025-06-24;2025-07-06_2025-07-18
c4130508bdbc,E3,2025,2025,37,4,15,O2,HGB,primary,,,24,11005,27.6,58970ccc7c7732eefbc9244a28b4809b3f3beb05bc9c13bd5e6803627bde93e5,E3\c4130508bdbc.npz,2026-10-01T00:53:25+00:00,2025-05-19_2025-05-31;2025-08-23_2025-09-04;2025-09-16_2025-09-28;2025-10-10_2025-10-22
a6e046faf638,E3,2025,2025,37,4,15,O3,HGB,primary,,,28,11005,25.6,58970ccc7c7732eefbc9244a28b4809b3f3beb05bc9c13bd5e6803627bde93e5,E3\a6e046faf638.npz,2026-10-01T00:53:51+00:00,2025-05-19_2025-05-31;2025-08-23_2025-09-04;2025-09-16_2025-09-28;2025-10-10_2025-10-22
e5ab7b9f98b0,E3,2025,2025,37,4,16,O2,HGB,primary,,,24,11005,22.8,58970ccc7c7732eefbc9244a28b4809b3f3beb05bc9c13bd5e6803627bde93e5,E3\e5ab7b9f98b0.npz,2026-10-01T00:54:14+00:00,2025-04-01_2025-04-13;2025-06-12_2025-06-24;2025-08-23_2025-09-04;2025-10-10_2025-10-22
1a95d1b0232a,E3,2025,2025,37,4,16,O3,HGB,primary,,,28,11005,25.2,58970ccc7c7732eefbc9244a28b4809b3f3beb05bc9c13bd5e6803627bde93e5,E3\1a95d1b0232a.npz,2026-10-01T00:54:39+00:00,2025-04-01_2025-04-13;2025-06-12_2025-06-24;2025-08-23_2025-09-04;2025-10-10_2025-10-22
7cc43fab838e,E3,2025,2025,37,4,17,O2,HGB,primary,,,24,11005,21.7,58970ccc7c7732eefbc9244a28b4809b3f3beb05bc9c13bd5e6803627bde93e5,E3\7cc43fab838e.npz,2026-10-01T00:55:01+00:00,2025-03-08_2025-03-20;2025-07-06_2025-07-18;2025-09-16_2025-09-28;2025-10-10_2025-10-22
e4ad30c5ae3c,E3,2025,2025,37,4,17,O3,HGB,primary,,,28,11005,25.4,58970ccc7c7732eefbc9244a28b4809b3f3beb05bc9c13bd5e6803627bde93e5,E3\e4ad30c5ae3c.npz,2026-10-01T00:55:26+00:00,2025-03-08_2025-03-20;2025-07-06_2025-07-18;2025-09-16_2025-09-28;2025-10-10_2025-10-22
820eb31a9fb2,E3,2025,2025,37,4,18,O2,HGB,primary,,,24,11005,23.4,58970ccc7c7732eefbc9244a28b4809b3f3beb05bc9c13bd5e6803627bde93e5,E3\820eb31a9fb2.npz,2026-10-01T00:55:50+00:00,2025-04-25_2025-05-07;2025-07-06_2025-07-18;2025-08-23_2025-09-04;2025-09-16_2025-09-28
b086c53f8b38,E3,2025,2025,37,4,18,O3,HGB,primary,,,28,11005,24.9,58970ccc7c7732eefbc9244a28b4809b3f3beb05bc9c13bd5e6803627bde93e5,E3\b086c53f8b38.npz,2026-10-01T00:56:15+00:00,2025-04-25_2025-05-07;2025-07-06_2025-07-18;2025-08-23_2025-09-04;2025-09-16_2025-09-28
27c4e5e638d9,E3,2025,2025,37,4,19,O2,HGB,primary,,,24,11005,23.0,58970ccc7c7732eefbc9244a28b4809b3f3beb05bc9c13bd5e6803627bde93e5,E3\27c4e5e638d9.npz,2026-10-01T00:56:38+00:00,2025-03-08_2025-03-20;2025-05-19_2025-05-31;2025-06-12_2025-06-24;2025-09-16_2025-09-28
f719164b5543,E3,2025,2025,37,4,19,O3,HGB,primary,,,28,11005,25.2,58970ccc7c7732eefbc9244a28b4809b3f3beb05bc9c13bd5e6803627bde93e5,E3\f719164b5543.npz,2026-10-01T00:57:03+00:00,2025-03-08_2025-03-20;2025-05-19_2025-05-31;2025-06-12_2025-06-24;2025-09-16_2025-09-28
4373ec7e221e,E3,2025,2025,37,6,0,O2,HGB,primary,,,36,11005,29.6,58970ccc7c7732eefbc9244a28b4809b3f3beb05bc9c13bd5e6803627bde93e5,E3\4373ec7e221e.npz,2026-10-01T00:57:32+00:00,2025-03-08_2025-03-20;2025-04-01_2025-04-13;2025-04-25_2025-05-07;2025-06-12_2025-06-24;2025-08-23_2025-09-04;2025-10-10_2025-10-22
73f5e26f0b88,E3,2025,2025,37,6,0,O3,HGB,primary,,,42,11005,32.2,58970ccc7c7732eefbc9244a28b4809b3f3beb05bc9c13bd5e6803627bde93e5,E3\73f5e26f0b88.npz,2026-10-01T00:58:04+00:00,2025-03-08_2025-03-20;2025-04-01_2025-04-13;2025-04-25_2025-05-07;2025-06-12_2025-06-24;2025-08-23_2025-09-04;2025-10-10_2025-10-22
e79ffe90ebe1,E3,2025,2025,37,6,1,O2,HGB,primary,,,36,11005,29.4,58970ccc7c7732eefbc9244a28b4809b3f3beb05bc9c13bd5e6803627bde93e5,E3\e79ffe90ebe1.npz,2026-10-01T00:58:34+00:00,2025-04-01_2025-04-13;2025-04-25_2025-05-07;2025-05-19_2025-05-31;2025-07-06_2025-07-18;2025-09-16_2025-09-28;2025-10-10_2025-10-22
16a800482ba2,E3,2025,2025,37,6,1,O3,HGB,primary,,,42,11005,32.4,58970ccc7c7732eefbc9244a28b4809b3f3beb05bc9c13bd5e6803627bde93e5,E3\16a800482ba2.npz,2026-10-01T00:59:06+00:00,2025-04-01_2025-04-13;2025-04-25_2025-05-07;2025-05-19_2025-05-31;2025-07-06_2025-07-18;2025-09-16_2025-09-28;2025-10-10_2025-10-22
cc0ebbd7fdc8,E3,2025,2025,37,6,2,O2,HGB,primary,,,36,11005,31.8,58970ccc7c7732eefbc9244a28b4809b3f3beb05bc9c13bd5e6803627bde93e5,E3\cc0ebbd7fdc8.npz,2026-10-01T00:59:38+00:00,2025-04-01_2025-04-13;2025-04-25_2025-05-07;2025-06-12_2025-06-24;2025-08-23_2025-09-04;2025-09-16_2025-09-28;2025-10-10_2025-10-22
37847171ca51,E3,2025,2025,37,6,2,O3,HGB,primary,,,42,11005,34.0,58970ccc7c7732eefbc9244a28b4809b3f3beb05bc9c13bd5e6803627bde93e5,E3\37847171ca51.npz,2026-10-01T01:00:12+00:00,2025-04-01_2025-04-13;2025-04-25_2025-05-07;2025-06-12_2025-06-24;2025-08-23_2025-09-04;2025-09-16_2025-09-28;2025-10-10_2025-10-22
e82403b32704,E3,2025,2025,37,6,3,O2,HGB,primary,,,36,11005,28.1,58970ccc7c7732eefbc9244a28b4809b3f3beb05bc9c13bd5e6803627bde93e5,E3\e82403b32704.npz,2026-10-01T01:00:40+00:00,2025-04-01_2025-04-13;2025-04-25_2025-05-07;2025-05-19_2025-05-31;2025-06-12_2025-06-24;2025-08-23_2025-09-04;2025-10-10_2025-10-22
f415d5b89910,E3,2025,2025,37,6,3,O3,HGB,primary,,,42,11005,29.9,58970ccc7c7732eefbc9244a28b4809b3f3beb05bc9c13bd5e6803627bde93e5,E3\f415d5b89910.npz,2026-10-01T01:01:10+00:00,2025-04-01_2025-04-13;2025-04-25_2025-05-07;2025-05-19_2025-05-31;2025-06-12_2025-06-24;2025-08-23_2025-09-04;2025-10-10_2025-10-22
6d0d94d36f75,E3,2025,2025,37,6,4,O2,HGB,primary,,,36,11005,31.1,58970ccc7c7732eefbc9244a28b4809b3f3beb05bc9c13bd5e6803627bde93e5,E3\6d0d94d36f75.npz,2026-10-01T01:01:41+00:00,2025-03-08_2025-03-20;2025-04-01_2025-04-13;2025-07-06_2025-07-18;2025-08-23_2025-09-04;2025-09-16_2025-09-28;2025-10-10_2025-10-22
eb1887d4d4ad,E3,2025,2025,37,6,4,O3,HGB,primary,,,42,11005,33.6,58970ccc7c7732eefbc9244a28b4809b3f3beb05bc9c13bd5e6803627bde93e5,E3\eb1887d4d4ad.npz,2026-10-01T01:02:15+00:00,2025-03-08_2025-03-20;2025-04-01_2025-04-13;2025-07-06_2025-07-18;2025-08-23_2025-09-04;2025-09-16_2025-09-28;2025-10-10_2025-10-22
ef74d8191968,E3,2025,2025,37,6,5,O2,HGB,primary,,,36,11005,29.5,58970ccc7c7732eefbc9244a28b4809b3f3beb05bc9c13bd5e6803627bde93e5,E3\ef74d8191968.npz,2026-10-01T01:02:44+00:00,2025-03-08_2025-03-20;2025-04-01_2025-04-13;2025-04-25_2025-05-07;2025-05-19_2025-05-31;2025-07-06_2025-07-18;2025-10-10_2025-10-22
231e34d143c3,E3,2025,2025,37,6,5,O3,HGB,primary,,,42,11005,32.1,58970ccc7c7732eefbc9244a28b4809b3f3beb05bc9c13bd5e6803627bde93e5,E3\231e34d143c3.npz,2026-10-01T01:03:16+00:00,2025-03-08_2025-03-20;2025-04-01_2025-04-13;2025-04-25_2025-05-07;2025-05-19_2025-05-31;2025-07-06_2025-07-18;2025-10-10_2025-10-22
ecb52ab632f3,E3,2025,2025,37,6,6,O2,HGB,primary,,,36,11005,29.3,58970ccc7c7732eefbc9244a28b4809b3f3beb05bc9c13bd5e6803627bde93e5,E3\ecb52ab632f3.npz,2026-10-01T01:03:46+00:00,2025-04-01_2025-04-13;2025-04-25_2025-05-07;2025-05-19_2025-05-31;2025-07-06_2025-07-18;2025-08-23_2025-09-04;2025-09-16_2025-09-28
4f80c48bed4f,E3,2025,2025,37,6,6,O3,HGB,primary,,,42,11005,32.5,58970ccc7c7732eefbc9244a28b4809b3f3beb05bc9c13bd5e6803627bde93e5,E3\4f80c48bed4f.npz,2026-10-01T01:04:18+00:00,2025-04-01_2025-04-13;2025-04-25_2025-05-07;2025-05-19_2025-05-31;2025-07-06_2025-07-18;2025-08-23_2025-09-04;2025-09-16_2025-09-28
37227d54217d,E3,2025,2025,37,6,7,O2,HGB,primary,,,36,11005,28.5,58970ccc7c7732eefbc9244a28b4809b3f3beb05bc9c13bd5e6803627bde93e5,E3\37227d54217d.npz,2026-10-01T01:04:47+00:00,2025-04-25_2025-05-07;2025-05-19_2025-05-31;2025-06-12_2025-06-24;2025-07-06_2025-07-18;2025-09-16_2025-09-28;2025-10-10_2025-10-22
66ace64e5011,E3,2025,2025,37,6,7,O3,HGB,primary,,,42,11005,31.4,58970ccc7c7732eefbc9244a28b4809b3f3beb05bc9c13bd5e6803627bde93e5,E3\66ace64e5011.npz,2026-10-01T01:05:18+00:00,2025-04-25_2025-05-07;2025-05-19_2025-05-31;2025-06-12_2025-06-24;2025-07-06_2025-07-18;2025-09-16_2025-09-28;2025-10-10_2025-10-22
9d0b6e92269e,E3,2025,2025,37,6,8,O2,HGB,primary,,,36,11005,29.7,58970ccc7c7732eefbc9244a28b4809b3f3beb05bc9c13bd5e6803627bde93e5,E3\9d0b6e92269e.npz,2026-10-01T01:05:48+00:00,2025-04-01_2025-04-13;2025-05-19_2025-05-31;2025-07-06_2025-07-18;2025-08-23_2025-09-04;2025-09-16_2025-09-28;2025-10-10_2025-10-22
337d41717d3c,E3,2025,2025,37,6,8,O3,HGB,primary,,,42,11005,36.2,58970ccc7c7732eefbc9244a28b4809b3f3beb05bc9c13bd5e6803627bde93e5,E3\337d41717d3c.npz,2026-10-01T01:06:24+00:00,2025-04-01_2025-04-13;2025-05-19_2025-05-31;2025-07-06_2025-07-18;2025-08-23_2025-09-04;2025-09-16_2025-09-28;2025-10-10_2025-10-22
8cf424c2c431,E3,2025,2025,37,6,9,O2,HGB,primary,,,36,11005,27.7,58970ccc7c7732eefbc9244a28b4809b3f3beb05bc9c13bd5e6803627bde93e5,E3\8cf424c2c431.npz,2026-10-01T01:06:52+00:00,2025-03-08_2025-03-20;2025-04-01_2025-04-13;2025-05-19_2025-05-31;2025-06-12_2025-06-24;2025-07-06_2025-07-18;2025-09-16_2025-09-28
52b1cef70b6a,E3,2025,2025,37,6,9,O3,HGB,primary,,,42,11005,30.7,58970ccc7c7732eefbc9244a28b4809b3f3beb05bc9c13bd5e6803627bde93e5,E3\52b1cef70b6a.npz,2026-10-01T01:07:23+00:00,2025-03-08_2025-03-20;2025-04-01_2025-04-13;2025-05-19_2025-05-31;2025-06-12_2025-06-24;2025-07-06_2025-07-18;2025-09-16_2025-09-28
11c85a5e4165,E3,2025,2025,37,6,10,O2,HGB,primary,,,36,11005,25.6,58970ccc7c7732eefbc9244a28b4809b3f3beb05bc9c13bd5e6803627bde93e5,E3\11c85a5e4165.npz,2026-10-01T01:07:48+00:00,2025-03-08_2025-03-20;2025-05-19_2025-05-31;2025-06-12_2025-06-24;2025-07-06_2025-07-18;2025-08-23_2025-09-04;2025-10-10_2025-10-22
879078a765f3,E3,2025,2025,37,6,10,O3,HGB,primary,,,42,11005,28.0,58970ccc7c7732eefbc9244a28b4809b3f3beb05bc9c13bd5e6803627bde93e5,E3\879078a765f3.npz,2026-10-01T01:08:16+00:00,2025-03-08_2025-03-20;2025-05-19_2025-05-31;2025-06-12_2025-06-24;2025-07-06_2025-07-18;2025-08-23_2025-09-04;2025-10-10_2025-10-22
e710c12e82b4,E3,2025,2025,37,6,11,O2,HGB,primary,,,36,11005,25.5,58970ccc7c7732eefbc9244a28b4809b3f3beb05bc9c13bd5e6803627bde93e5,E3\e710c12e82b4.npz,2026-10-01T01:08:42+00:00,2025-04-01_2025-04-13;2025-04-25_2025-05-07;2025-05-19_2025-05-31;2025-06-12_2025-06-24;2025-07-06_2025-07-18;2025-09-16_2025-09-28
4b47bd100734,E3,2025,2025,37,6,11,O3,HGB,primary,,,42,11005,28.1,58970ccc7c7732eefbc9244a28b4809b3f3beb05bc9c13bd5e6803627bde93e5,E3\4b47bd100734.npz,2026-10-01T01:09:10+00:00,2025-04-01_2025-04-13;2025-04-25_2025-05-07;2025-05-19_2025-05-31;2025-06-12_2025-06-24;2025-07-06_2025-07-18;2025-09-16_2025-09-28
ff063c984f70,E3,2025,2025,37,6,12,O2,HGB,primary,,,36,11005,25.3,58970ccc7c7732eefbc9244a28b4809b3f3beb05bc9c13bd5e6803627bde93e5,E3\ff063c984f70.npz,2026-10-01T01:09:35+00:00,2025-04-25_2025-05-07;2025-05-19_2025-05-31;2025-07-06_2025-07-18;2025-08-23_2025-09-04;2025-09-16_2025-09-28;2025-10-10_2025-10-22
821d8b8f2b3a,E3,2025,2025,37,6,12,O3,HGB,primary,,,42,11005,28.0,58970ccc7c7732eefbc9244a28b4809b3f3beb05bc9c13bd5e6803627bde93e5,E3\821d8b8f2b3a.npz,2026-10-01T01:10:03+00:00,2025-04-25_2025-05-07;2025-05-19_2025-05-31;2025-07-06_2025-07-18;2025-08-23_2025-09-04;2025-09-16_2025-09-28;2025-10-10_2025-10-22
f99e74ce7f51,E3,2025,2025,37,6,13,O2,HGB,primary,,,36,11005,25.6,58970ccc7c7732eefbc9244a28b4809b3f3beb05bc9c13bd5e6803627bde93e5,E3\f99e74ce7f51.npz,2026-10-01T01:10:29+00:00,2025-03-08_2025-03-20;2025-04-01_2025-04-13;2025-04-25_2025-05-07;2025-05-19_2025-05-31;2025-07-06_2025-07-18;2025-09-16_2025-09-28
9c9ea6b2a6ac,E3,2025,2025,37,6,13,O3,HGB,primary,,,42,11005,28.2,58970ccc7c7732eefbc9244a28b4809b3f3beb05bc9c13bd5e6803627bde93e5,E3\9c9ea6b2a6ac.npz,2026-10-01T01:10:57+00:00,2025-03-08_2025-03-20;2025-04-01_2025-04-13;2025-04-25_2025-05-07;2025-05-19_2025-05-31;2025-07-06_2025-07-18;2025-09-16_2025-09-28
82ef0004a5e2,E3,2025,2025,37,6,14,O2,HGB,primary,,,36,11005,28.3,58970ccc7c7732eefbc9244a28b4809b3f3beb05bc9c13bd5e6803627bde93e5,E3\82ef0004a5e2.npz,2026-10-01T01:11:25+00:00,2025-03-08_2025-03-20;2025-04-01_2025-04-13;2025-05-19_2025-05-31;2025-06-12_2025-06-24;2025-08-23_2025-09-04;2025-10-10_2025-10-22
789a3a765a96,E3,2025,2025,37,6,14,O3,HGB,primary,,,42,11005,32.0,58970ccc7c7732eefbc9244a28b4809b3f3beb05bc9c13bd5e6803627bde93e5,E3\789a3a765a96.npz,2026-10-01T01:11:57+00:00,2025-03-08_2025-03-20;2025-04-01_2025-04-13;2025-05-19_2025-05-31;2025-06-12_2025-06-24;2025-08-23_2025-09-04;2025-10-10_2025-10-22
97367e884600,E3,2025,2025,37,6,15,O2,HGB,primary,,,36,11005,29.2,58970ccc7c7732eefbc9244a28b4809b3f3beb05bc9c13bd5e6803627bde93e5,E3\97367e884600.npz,2026-10-01T01:12:26+00:00,2025-04-01_2025-04-13;2025-04-25_2025-05-07;2025-05-19_2025-05-31;2025-06-12_2025-06-24;2025-07-06_2025-07-18;2025-10-10_2025-10-22
8444d1e10aa0,E3,2025,2025,37,6,15,O3,HGB,primary,,,42,11005,31.7,58970ccc7c7732eefbc9244a28b4809b3f3beb05bc9c13bd5e6803627bde93e5,E3\8444d1e10aa0.npz,2026-10-01T01:12:58+00:00,2025-04-01_2025-04-13;2025-04-25_2025-05-07;2025-05-19_2025-05-31;2025-06-12_2025-06-24;2025-07-06_2025-07-18;2025-10-10_2025-10-22
92a9148b83b1,E3,2025,2025,37,6,16,O2,HGB,primary,,,36,11005,30.0,58970ccc7c7732eefbc9244a28b4809b3f3beb05bc9c13bd5e6803627bde93e5,E3\92a9148b83b1.npz,2026-10-01T01:13:28+00:00,2025-03-08_2025-03-20;2025-04-01_2025-04-13;2025-04-25_2025-05-07;2025-05-19_2025-05-31;2025-06-12_2025-06-24;2025-08-23_2025-09-04
0575019ed705,E3,2025,2025,37,6,16,O3,HGB,primary,,,42,11005,32.7,58970ccc7c7732eefbc9244a28b4809b3f3beb05bc9c13bd5e6803627bde93e5,E3\0575019ed705.npz,2026-10-01T01:14:01+00:00,2025-03-08_2025-03-20;2025-04-01_2025-04-13;2025-04-25_2025-05-07;2025-05-19_2025-05-31;2025-06-12_2025-06-24;2025-08-23_2025-09-04
6b12c2550275,E3,2025,2025,37,6,17,O2,HGB,primary,,,36,11005,28.9,58970ccc7c7732eefbc9244a28b4809b3f3beb05bc9c13bd5e6803627bde93e5,E3\6b12c2550275.npz,2026-10-01T01:14:30+00:00,2025-03-08_2025-03-20;2025-04-01_2025-04-13;2025-05-19_2025-05-31;2025-07-06_2025-07-18;2025-09-16_2025-09-28;2025-10-10_2025-10-22
2def6739192f,E3,2025,2025,37,6,17,O3,HGB,primary,,,42,11005,32.3,58970ccc7c7732eefbc9244a28b4809b3f3beb05bc9c13bd5e6803627bde93e5,E3\2def6739192f.npz,2026-10-01T01:15:02+00:00,2025-03-08_2025-03-20;2025-04-01_2025-04-13;2025-05-19_2025-05-31;2025-07-06_2025-07-18;2025-09-16_2025-09-28;2025-10-10_2025-10-22
1cf21f78f68e,E3,2025,2025,37,6,18,O2,HGB,primary,,,36,11005,29.0,58970ccc7c7732eefbc9244a28b4809b3f3beb05bc9c13bd5e6803627bde93e5,E3\1cf21f78f68e.npz,2026-10-01T01:15:31+00:00,2025-03-08_2025-03-20;2025-04-25_2025-05-07;2025-05-19_2025-05-31;2025-06-12_2025-06-24;2025-07-06_2025-07-18;2025-10-10_2025-10-22
a5be2174feb4,E3,2025,2025,37,6,18,O3,HGB,primary,,,42,11005,32.3,58970ccc7c7732eefbc9244a28b4809b3f3beb05bc9c13bd5e6803627bde93e5,E3\a5be2174feb4.npz,2026-10-01T01:16:03+00:00,2025-03-08_2025-03-20;2025-04-25_2025-05-07;2025-05-19_2025-05-31;2025-06-12_2025-06-24;2025-07-06_2025-07-18;2025-10-10_2025-10-22
00187aea982c,E3,2025,2025,37,6,19,O2,HGB,primary,,,36,11005,27.9,58970ccc7c7732eefbc9244a28b4809b3f3beb05bc9c13bd5e6803627bde93e5,E3\00187aea982c.npz,2026-10-01T01:16:31+00:00,2025-03-08_2025-03-20;2025-05-19_2025-05-31;2025-06-12_2025-06-24;2025-08-23_2025-09-04;2025-09-16_2025-09-28;2025-10-10_2025-10-22
abc552c6c4e8,E3,2025,2025,37,6,19,O3,HGB,primary,,,42,11005,28.1,58970ccc7c7732eefbc9244a28b4809b3f3beb05bc9c13bd5e6803627bde93e5,E3\abc552c6c4e8.npz,2026-10-01T01:16:59+00:00,2025-03-08_2025-03-20;2025-05-19_2025-05-31;2025-06-12_2025-06-24;2025-08-23_2025-09-04;2025-09-16_2025-09-28;2025-10-10_2025-10-22
e535a30362dd,E3,2025,2025,37,8,0,O2,HGB,primary,,,48,11005,31.6,58970ccc7c7732eefbc9244a28b4809b3f3beb05bc9c13bd5e6803627bde93e5,E3\e535a30362dd.npz,2026-10-01T01:17:31+00:00,2025-03-08_2025-03-20;2025-04-01_2025-04-13;2025-04-25_2025-05-07;2025-05-19_2025-05-31;2025-06-12_2025-06-24;2025-07-06_2025-07-18;2025-08-23_2025-09-04;2025-09-16_2025-09-28
c11fb25b8cc2,E3,2025,2025,37,8,0,O3,HGB,primary,,,56,11005,37.2,58970ccc7c7732eefbc9244a28b4809b3f3beb05bc9c13bd5e6803627bde93e5,E3\c11fb25b8cc2.npz,2026-10-01T01:18:08+00:00,2025-03-08_2025-03-20;2025-04-01_2025-04-13;2025-04-25_2025-05-07;2025-05-19_2025-05-31;2025-06-12_2025-06-24;2025-07-06_2025-07-18;2025-08-23_2025-09-04;2025-09-16_2025-09-28
55100620a481,E3,2025,2025,37,8,1,O2,HGB,primary,,,48,11005,33.3,58970ccc7c7732eefbc9244a28b4809b3f3beb05bc9c13bd5e6803627bde93e5,E3\55100620a481.npz,2026-10-01T01:18:41+00:00,2025-03-08_2025-03-20;2025-04-01_2025-04-13;2025-04-25_2025-05-07;2025-05-19_2025-05-31;2025-07-06_2025-07-18;2025-08-23_2025-09-04;2025-09-16_2025-09-28;2025-10-10_2025-10-22
665f8cc286ab,E3,2025,2025,37,8,1,O3,HGB,primary,,,56,11005,37.7,58970ccc7c7732eefbc9244a28b4809b3f3beb05bc9c13bd5e6803627bde93e5,E3\665f8cc286ab.npz,2026-10-01T01:19:19+00:00,2025-03-08_2025-03-20;2025-04-01_2025-04-13;2025-04-25_2025-05-07;2025-05-19_2025-05-31;2025-07-06_2025-07-18;2025-08-23_2025-09-04;2025-09-16_2025-09-28;2025-10-10_2025-10-22
238de574ca64,E3,2025,2025,37,8,2,O2,HGB,primary,,,48,11005,30.9,58970ccc7c7732eefbc9244a28b4809b3f3beb05bc9c13bd5e6803627bde93e5,E3\238de574ca64.npz,2026-10-01T01:19:50+00:00,2025-03-08_2025-03-20;2025-04-25_2025-05-07;2025-05-19_2025-05-31;2025-06-12_2025-06-24;2025-07-06_2025-07-18;2025-08-23_2025-09-04;2025-09-16_2025-09-28;2025-10-10_2025-10-22
1d1595abb0a2,E3,2025,2025,37,8,2,O3,HGB,primary,,,56,11005,34.1,58970ccc7c7732eefbc9244a28b4809b3f3beb05bc9c13bd5e6803627bde93e5,E3\1d1595abb0a2.npz,2026-10-01T01:20:24+00:00,2025-03-08_2025-03-20;2025-04-25_2025-05-07;2025-05-19_2025-05-31;2025-06-12_2025-06-24;2025-07-06_2025-07-18;2025-08-23_2025-09-04;2025-09-16_2025-09-28;2025-10-10_2025-10-22
c6fff77162fa,E3,2025,2025,37,8,3,O2,HGB,primary,,,48,11005,31.3,58970ccc7c7732eefbc9244a28b4809b3f3beb05bc9c13bd5e6803627bde93e5,E3\c6fff77162fa.npz,2026-10-01T01:20:55+00:00,2025-03-08_2025-03-20;2025-04-01_2025-04-13;2025-04-25_2025-05-07;2025-05-19_2025-05-31;2025-06-12_2025-06-24;2025-07-06_2025-07-18;2025-08-23_2025-09-04;2025-10-10_2025-10-22
6f0e6018af2c,E3,2025,2025,37,8,3,O3,HGB,primary,,,56,11005,39.1,58970ccc7c7732eefbc9244a28b4809b3f3beb05bc9c13bd5e6803627bde93e5,E3\6f0e6018af2c.npz,2026-10-01T01:21:34+00:00,2025-03-08_2025-03-20;2025-04-01_2025-04-13;2025-04-25_2025-05-07;2025-05-19_2025-05-31;2025-06-12_2025-06-24;2025-07-06_2025-07-18;2025-08-23_2025-09-04;2025-10-10_2025-10-22
5d15abba08b0,E3,2025,2025,37,8,4,O2,HGB,primary,,,48,11005,35.5,58970ccc7c7732eefbc9244a28b4809b3f3beb05bc9c13bd5e6803627bde93e5,E3\5d15abba08b0.npz,2026-10-01T01:22:10+00:00,2025-03-08_2025-03-20;2025-04-01_2025-04-13;2025-04-25_2025-05-07;2025-05-19_2025-05-31;2025-06-12_2025-06-24;2025-08-23_2025-09-04;2025-09-16_2025-09-28;2025-10-10_2025-10-22
4b58cd9023b7,E3,2025,2025,37,8,4,O3,HGB,primary,,,56,11005,38.8,58970ccc7c7732eefbc9244a28b4809b3f3beb05bc9c13bd5e6803627bde93e5,E3\4b58cd9023b7.npz,2026-10-01T01:22:49+00:00,2025-03-08_2025-03-20;2025-04-01_2025-04-13;2025-04-25_2025-05-07;2025-05-19_2025-05-31;2025-06-12_2025-06-24;2025-08-23_2025-09-04;2025-09-16_2025-09-28;2025-10-10_2025-10-22
8446ec000069,E3,2025,2025,37,8,5,O2,HGB,primary,,,48,11005,34.5,58970ccc7c7732eefbc9244a28b4809b3f3beb05bc9c13bd5e6803627bde93e5,E3\8446ec000069.npz,2026-10-01T01:23:23+00:00,2025-03-08_2025-03-20;2025-04-01_2025-04-13;2025-04-25_2025-05-07;2025-05-19_2025-05-31;2025-06-12_2025-06-24;2025-07-06_2025-07-18;2025-09-16_2025-09-28;2025-10-10_2025-10-22
90c79e3ebf07,E3,2025,2025,37,8,5,O3,HGB,primary,,,56,11005,41.2,58970ccc7c7732eefbc9244a28b4809b3f3beb05bc9c13bd5e6803627bde93e5,E3\90c79e3ebf07.npz,2026-10-01T01:24:04+00:00,2025-03-08_2025-03-20;2025-04-01_2025-04-13;2025-04-25_2025-05-07;2025-05-19_2025-05-31;2025-06-12_2025-06-24;2025-07-06_2025-07-18;2025-09-16_2025-09-28;2025-10-10_2025-10-22
4bf5c082c968,E3,2025,2025,37,8,6,O2,HGB,primary,,,48,11005,38.4,58970ccc7c7732eefbc9244a28b4809b3f3beb05bc9c13bd5e6803627bde93e5,E3\4bf5c082c968.npz,2026-10-01T01:24:43+00:00,2025-04-01_2025-04-13;2025-04-25_2025-05-07;2025-05-19_2025-05-31;2025-06-12_2025-06-24;2025-07-06_2025-07-18;2025-08-23_2025-09-04;2025-09-16_2025-09-28;2025-10-10_2025-10-22
0d7701cfdc60,E3,2025,2025,37,8,6,O3,HGB,primary,,,56,11005,42.7,58970ccc7c7732eefbc9244a28b4809b3f3beb05bc9c13bd5e6803627bde93e5,E3\0d7701cfdc60.npz,2026-10-01T01:25:25+00:00,2025-04-01_2025-04-13;2025-04-25_2025-05-07;2025-05-19_2025-05-31;2025-06-12_2025-06-24;2025-07-06_2025-07-18;2025-08-23_2025-09-04;2025-09-16_2025-09-28;2025-10-10_2025-10-22
dc8c8086af5c,E3,2025,2025,37,8,7,O2,HGB,primary,,,48,11005,35.2,58970ccc7c7732eefbc9244a28b4809b3f3beb05bc9c13bd5e6803627bde93e5,E3\dc8c8086af5c.npz,2026-10-01T01:26:01+00:00,2025-03-08_2025-03-20;2025-04-01_2025-04-13;2025-04-25_2025-05-07;2025-06-12_2025-06-24;2025-07-06_2025-07-18;2025-08-23_2025-09-04;2025-09-16_2025-09-28;2025-10-10_2025-10-22
fca76cde143a,E3,2025,2025,37,8,7,O3,HGB,primary,,,56,11005,35.6,58970ccc7c7732eefbc9244a28b4809b3f3beb05bc9c13bd5e6803627bde93e5,E3\fca76cde143a.npz,2026-10-01T01:26:36+00:00,2025-03-08_2025-03-20;2025-04-01_2025-04-13;2025-04-25_2025-05-07;2025-06-12_2025-06-24;2025-07-06_2025-07-18;2025-08-23_2025-09-04;2025-09-16_2025-09-28;2025-10-10_2025-10-22
96f4894d2841,E3,2025,2025,37,8,8,O2,HGB,primary,,,48,11005,30.5,58970ccc7c7732eefbc9244a28b4809b3f3beb05bc9c13bd5e6803627bde93e5,E3\96f4894d2841.npz,2026-10-01T01:27:07+00:00,2025-03-08_2025-03-20;2025-04-01_2025-04-13;2025-05-19_2025-05-31;2025-06-12_2025-06-24;2025-07-06_2025-07-18;2025-08-23_2025-09-04;2025-09-16_2025-09-28;2025-10-10_2025-10-22
36a94fe6e684,E3,2025,2025,37,8,8,O3,HGB,primary,,,56,11005,34.3,58970ccc7c7732eefbc9244a28b4809b3f3beb05bc9c13bd5e6803627bde93e5,E3\36a94fe6e684.npz,2026-10-01T01:27:41+00:00,2025-03-08_2025-03-20;2025-04-01_2025-04-13;2025-05-19_2025-05-31;2025-06-12_2025-06-24;2025-07-06_2025-07-18;2025-08-23_2025-09-04;2025-09-16_2025-09-28;2025-10-10_2025-10-22
011dfa500d63,E3,2025,2025,88,1,0,O2,HGB,primary,,,6,11005,11.5,58970ccc7c7732eefbc9244a28b4809b3f3beb05bc9c13bd5e6803627bde93e5,E3\011dfa500d63.npz,2026-10-01T01:27:53+00:00,2025-06-15_2025-06-27
248b22d81ea3,E3,2025,2025,88,1,0,O3,HGB,primary,,,7,11005,12.2,58970ccc7c7732eefbc9244a28b4809b3f3beb05bc9c13bd5e6803627bde93e5,E3\248b22d81ea3.npz,2026-10-01T01:28:05+00:00,2025-06-15_2025-06-27
c6a44b1e73bd,E3,2025,2025,88,1,1,O2,HGB,primary,,,6,11005,11.6,58970ccc7c7732eefbc9244a28b4809b3f3beb05bc9c13bd5e6803627bde93e5,E3\c6a44b1e73bd.npz,2026-10-01T01:28:16+00:00,2025-04-04_2025-04-16
84e67f6dd9a9,E3,2025,2025,88,1,1,O3,HGB,primary,,,7,11005,12.0,58970ccc7c7732eefbc9244a28b4809b3f3beb05bc9c13bd5e6803627bde93e5,E3\84e67f6dd9a9.npz,2026-10-01T01:28:28+00:00,2025-04-04_2025-04-16
707d0314665b,E3,2025,2025,88,1,2,O2,HGB,primary,,,6,11005,11.9,58970ccc7c7732eefbc9244a28b4809b3f3beb05bc9c13bd5e6803627bde93e5,E3\707d0314665b.npz,2026-10-01T01:28:40+00:00,2025-10-13_2025-10-25
2497b2d07cf6,E3,2025,2025,88,1,2,O3,HGB,primary,,,7,11005,12.7,58970ccc7c7732eefbc9244a28b4809b3f3beb05bc9c13bd5e6803627bde93e5,E3\2497b2d07cf6.npz,2026-10-01T01:28:53+00:00,2025-10-13_2025-10-25
d5910d8b5166,E3,2025,2025,88,1,3,O2,HGB,primary,,,6,11005,11.8,58970ccc7c7732eefbc9244a28b4809b3f3beb05bc9c13bd5e6803627bde93e5,E3\d5910d8b5166.npz,2026-10-01T01:29:05+00:00,2025-07-09_2025-07-21
103b1a75c137,E3,2025,2025,88,1,3,O3,HGB,primary,,,7,11005,12.1,58970ccc7c7732eefbc9244a28b4809b3f3beb05bc9c13bd5e6803627bde93e5,E3\103b1a75c137.npz,2026-10-01T01:29:17+00:00,2025-07-09_2025-07-21
e6b4210e4a22,E3,2025,2025,88,1,4,O2,HGB,primary,,,6,11005,11.7,58970ccc7c7732eefbc9244a28b4809b3f3beb05bc9c13bd5e6803627bde93e5,E3\e6b4210e4a22.npz,2026-10-01T01:29:29+00:00,2025-05-22_2025-06-03
5c8c6cb7df43,E3,2025,2025,88,1,4,O3,HGB,primary,,,7,11005,12.1,58970ccc7c7732eefbc9244a28b4809b3f3beb05bc9c13bd5e6803627bde93e5,E3\5c8c6cb7df43.npz,2026-10-01T01:29:41+00:00,2025-05-22_2025-06-03
fe0776bef557,E3,2025,2025,88,1,5,O2,HGB,primary,,,6,11005,11.5,58970ccc7c7732eefbc9244a28b4809b3f3beb05bc9c13bd5e6803627bde93e5,E3\fe0776bef557.npz,2026-10-01T01:29:52+00:00,2025-08-02_2025-08-14
b3000e16f4cc,E3,2025,2025,88,1,5,O3,HGB,primary,,,7,11005,12.3,58970ccc7c7732eefbc9244a28b4809b3f3beb05bc9c13bd5e6803627bde93e5,E3\b3000e16f4cc.npz,2026-10-01T01:30:05+00:00,2025-08-02_2025-08-14
f7ef33f46261,E3,2025,2025,88,1,6,O2,HGB,primary,,,6,11005,11.6,58970ccc7c7732eefbc9244a28b4809b3f3beb05bc9c13bd5e6803627bde93e5,E3\f7ef33f46261.npz,2026-10-01T01:30:16+00:00,2025-08-26_2025-09-07
523b617a5350,E3,2025,2025,88,1,6,O3,HGB,primary,,,7,11005,12.6,58970ccc7c7732eefbc9244a28b4809b3f3beb05bc9c13bd5e6803627bde93e5,E3\523b617a5350.npz,2026-10-01T01:30:29+00:00,2025-08-26_2025-09-07
abc5485a0407,E3,2025,2025,88,1,7,O2,HGB,primary,,,6,11005,12.7,58970ccc7c7732eefbc9244a28b4809b3f3beb05bc9c13bd5e6803627bde93e5,E3\abc5485a0407.npz,2026-10-01T01:30:41+00:00,2025-04-28_2025-05-10
fe83dd6ce7ed,E3,2025,2025,88,1,7,O3,HGB,primary,,,7,11005,12.7,58970ccc7c7732eefbc9244a28b4809b3f3beb05bc9c13bd5e6803627bde93e5,E3\fe83dd6ce7ed.npz,2026-10-01T01:30:54+00:00,2025-04-28_2025-05-10
b83792640954,E3,2025,2025,88,1,8,O2,HGB,primary,,,6,11005,12.1,58970ccc7c7732eefbc9244a28b4809b3f3beb05bc9c13bd5e6803627bde93e5,E3\b83792640954.npz,2026-10-01T01:31:06+00:00,2025-03-11_2025-03-23
f876c52bc740,E3,2025,2025,88,1,8,O3,HGB,primary,,,7,11005,12.2,58970ccc7c7732eefbc9244a28b4809b3f3beb05bc9c13bd5e6803627bde93e5,E3\f876c52bc740.npz,2026-10-01T01:31:18+00:00,2025-03-11_2025-03-23
a00e41c9e6e1,E3,2025,2025,88,2,0,O2,HGB,primary,,,12,11005,16.4,58970ccc7c7732eefbc9244a28b4809b3f3beb05bc9c13bd5e6803627bde93e5,E3\a00e41c9e6e1.npz,2026-10-01T01:31:35+00:00,2025-06-15_2025-06-27;2025-10-13_2025-10-25
0b5e3e4d08d9,E3,2025,2025,88,2,0,O3,HGB,primary,,,14,11005,248.2,58970ccc7c7732eefbc9244a28b4809b3f3beb05bc9c13bd5e6803627bde93e5,E3\0b5e3e4d08d9.npz,2026-10-01T01:35:43+00:00,2025-06-15_2025-06-27;2025-10-13_2025-10-25
ef2d7cf4fc43,E3,2025,2025,88,2,1,O2,HGB,primary,,,12,11005,292.3,58970ccc7c7732eefbc9244a28b4809b3f3beb05bc9c13bd5e6803627bde93e5,E3\ef2d7cf4fc43.npz,2026-10-01T01:40:35+00:00,2025-04-04_2025-04-16;2025-08-26_2025-09-07
b03f34b87aed,E3,2025,2025,88,2,1,O3,HGB,primary,,,14,11005,254.5,58970ccc7c7732eefbc9244a28b4809b3f3beb05bc9c13bd5e6803627bde93e5,E3\b03f34b87aed.npz,2026-10-01T01:44:50+00:00,2025-04-04_2025-04-16;2025-08-26_2025-09-07
559b9781b14c,E3,2025,2025,88,2,2,O2,HGB,primary,,,12,11005,304.6,58970ccc7c7732eefbc9244a28b4809b3f3beb05bc9c13bd5e6803627bde93e5,E3\559b9781b14c.npz,2026-10-01T01:49:54+00:00,2025-04-04_2025-04-16;2025-10-13_2025-10-25
0ea5e7c96c1d,E3,2025,2025,88,2,2,O3,HGB,primary,,,14,11005,258.9,58970ccc7c7732eefbc9244a28b4809b3f3beb05bc9c13bd5e6803627bde93e5,E3\0ea5e7c96c1d.npz,2026-10-01T01:54:13+00:00,2025-04-04_2025-04-16;2025-10-13_2025-10-25
443651bcc947,E3,2025,2025,88,2,3,O2,HGB,primary,,,12,11005,248.6,58970ccc7c7732eefbc9244a28b4809b3f3beb05bc9c13bd5e6803627bde93e5,E3\443651bcc947.npz,2026-10-01T01:58:22+00:00,2025-03-11_2025-03-23;2025-04-04_2025-04-16
16a64d9985b6,E3,2025,2025,88,2,3,O3,HGB,primary,,,14,11005,248.8,58970ccc7c7732eefbc9244a28b4809b3f3beb05bc9c13bd5e6803627bde93e5,E3\16a64d9985b6.npz,2026-10-01T02:02:31+00:00,2025-03-11_2025-03-23;2025-04-04_2025-04-16
5fab60928b45,E3,2025,2025,88,2,4,O2,HGB,primary,,,12,11005,240.6,58970ccc7c7732eefbc9244a28b4809b3f3beb05bc9c13bd5e6803627bde93e5,E3\5fab60928b45.npz,2026-10-01T02:06:31+00:00,2025-05-22_2025-06-03;2025-08-26_2025-09-07
277273f07604,E3,2025,2025,88,2,4,O3,HGB,primary,,,14,11005,304.0,58970ccc7c7732eefbc9244a28b4809b3f3beb05bc9c13bd5e6803627bde93e5,E3\277273f07604.npz,2026-10-01T02:11:35+00:00,2025-05-22_2025-06-03;2025-08-26_2025-09-07
ca45ebe1bf02,E3,2025,2025,88,2,5,O2,HGB,primary,,,12,11005,244.4,58970ccc7c7732eefbc9244a28b4809b3f3beb05bc9c13bd5e6803627bde93e5,E3\ca45ebe1bf02.npz,2026-10-01T02:15:40+00:00,2025-04-28_2025-05-10;2025-06-15_2025-06-27
b5dc99b226f3,E3,2025,2025,88,2,5,O3,HGB,primary,,,14,11005,254.2,58970ccc7c7732eefbc9244a28b4809b3f3beb05bc9c13bd5e6803627bde93e5,E3\b5dc99b226f3.npz,2026-10-01T02:19:54+00:00,2025-04-28_2025-05-10;2025-06-15_2025-06-27
3e21296a9dbe,E3,2025,2025,88,2,6,O2,HGB,primary,,,12,11005,233.3,58970ccc7c7732eefbc9244a28b4809b3f3beb05bc9c13bd5e6803627bde93e5,E3\3e21296a9dbe.npz,2026-10-01T02:23:47+00:00,2025-04-04_2025-04-16;2025-08-02_2025-08-14
417dfb1f4e7b,E3,2025,2025,88,2,6,O3,HGB,primary,,,14,11005,235.3,58970ccc7c7732eefbc9244a28b4809b3f3beb05bc9c13bd5e6803627bde93e5,E3\417dfb1f4e7b.npz,2026-10-01T02:27:42+00:00,2025-04-04_2025-04-16;2025-08-02_2025-08-14
31e638b6f9dd,E3,2025,2025,88,2,7,O2,HGB,primary,,,12,11005,289.8,58970ccc7c7732eefbc9244a28b4809b3f3beb05bc9c13bd5e6803627bde93e5,E3\31e638b6f9dd.npz,2026-10-01T02:32:32+00:00,2025-04-04_2025-04-16;2025-04-28_2025-05-10
c27d0a578a84,E3,2025,2025,88,2,7,O3,HGB,primary,,,14,11005,256.1,58970ccc7c7732eefbc9244a28b4809b3f3beb05bc9c13bd5e6803627bde93e5,E3\c27d0a578a84.npz,2026-10-01T02:36:48+00:00,2025-04-04_2025-04-16;2025-04-28_2025-05-10
0a50c565537b,E3,2025,2025,88,2,8,O2,HGB,primary,,,12,11005,261.1,58970ccc7c7732eefbc9244a28b4809b3f3beb05bc9c13bd5e6803627bde93e5,E3\0a50c565537b.npz,2026-10-01T02:41:09+00:00,2025-08-26_2025-09-07;2025-10-13_2025-10-25
0e39d7e3536d,E3,2025,2025,88,2,8,O3,HGB,primary,,,14,11005,313.0,58970ccc7c7732eefbc9244a28b4809b3f3beb05bc9c13bd5e6803627bde93e5,E3\0e39d7e3536d.npz,2026-10-01T02:46:22+00:00,2025-08-26_2025-09-07;2025-10-13_2025-10-25
363ac316978d,E3,2025,2025,88,2,9,O2,HGB,primary,,,12,11005,258.0,58970ccc7c7732eefbc9244a28b4809b3f3beb05bc9c13bd5e6803627bde93e5,E3\363ac316978d.npz,2026-10-01T02:50:40+00:00,2025-06-15_2025-06-27;2025-07-09_2025-07-21
1661f78df7ce,E3,2025,2025,88,2,9,O3,HGB,primary,,,14,11005,307.4,58970ccc7c7732eefbc9244a28b4809b3f3beb05bc9c13bd5e6803627bde93e5,E3\1661f78df7ce.npz,2026-10-01T02:55:48+00:00,2025-06-15_2025-06-27;2025-07-09_2025-07-21
6b9df67d03fb,E3,2025,2025,88,2,10,O2,HGB,primary,,,12,11005,284.9,58970ccc7c7732eefbc9244a28b4809b3f3beb05bc9c13bd5e6803627bde93e5,E3\6b9df67d03fb.npz,2026-10-01T03:00:33+00:00,2025-03-11_2025-03-23;2025-07-09_2025-07-21
b4280b749552,E3,2025,2025,88,2,10,O3,HGB,primary,,,14,11005,265.8,58970ccc7c7732eefbc9244a28b4809b3f3beb05bc9c13bd5e6803627bde93e5,E3\b4280b749552.npz,2026-10-01T03:04:58+00:00,2025-03-11_2025-03-23;2025-07-09_2025-07-21
828298800afe,E3,2025,2025,88,2,11,O2,HGB,primary,,,12,11005,242.7,58970ccc7c7732eefbc9244a28b4809b3f3beb05bc9c13bd5e6803627bde93e5,E3\828298800afe.npz,2026-10-01T03:09:01+00:00,2025-04-28_2025-05-10;2025-10-13_2025-10-25
4fdba6cb5ece,E3,2025,2025,88,2,11,O3,HGB,primary,,,14,11005,286.3,58970ccc7c7732eefbc9244a28b4809b3f3beb05bc9c13bd5e6803627bde93e5,E3\4fdba6cb5ece.npz,2026-10-01T03:13:47+00:00,2025-04-28_2025-05-10;2025-10-13_2025-10-25
892e949bfcbd,E3,2025,2025,88,2,12,O2,HGB,primary,,,12,11005,253.6,58970ccc7c7732eefbc9244a28b4809b3f3beb05bc9c13bd5e6803627bde93e5,E3\892e949bfcbd.npz,2026-10-01T03:18:01+00:00,2025-07-09_2025-07-21;2025-08-02_2025-08-14
86a89d527dc0,E3,2025,2025,88,2,12,O3,HGB,primary,,,14,11005,260.8,58970ccc7c7732eefbc9244a28b4809b3f3beb05bc9c13bd5e6803627bde93e5,E3\86a89d527dc0.npz,2026-10-01T03:22:22+00:00,2025-07-09_2025-07-21;2025-08-02_2025-08-14
3ff256343d02,E3,2025,2025,88,2,13,O2,HGB,primary,,,12,11005,238.4,58970ccc7c7732eefbc9244a28b4809b3f3beb05bc9c13bd5e6803627bde93e5,E3\3ff256343d02.npz,2026-10-01T03:26:20+00:00,2025-03-11_2025-03-23;2025-10-13_2025-10-25
6f9a77911471,E3,2025,2025,88,2,13,O3,HGB,primary,,,14,11005,243.6,58970ccc7c7732eefbc9244a28b4809b3f3beb05bc9c13bd5e6803627bde93e5,E3\6f9a77911471.npz,2026-10-01T03:30:24+00:00,2025-03-11_2025-03-23;2025-10-13_2025-10-25
7cb7130c903e,E3,2025,2025,88,2,14,O2,HGB,primary,,,12,11005,294.6,58970ccc7c7732eefbc9244a28b4809b3f3beb05bc9c13bd5e6803627bde93e5,E3\7cb7130c903e.npz,2026-10-01T03:35:18+00:00,2025-07-09_2025-07-21;2025-10-13_2025-10-25
987885d97962,E3,2025,2025,88,2,14,O3,HGB,primary,,,14,11005,268.9,58970ccc7c7732eefbc9244a28b4809b3f3beb05bc9c13bd5e6803627bde93e5,E3\987885d97962.npz,2026-10-01T03:39:47+00:00,2025-07-09_2025-07-21;2025-10-13_2025-10-25
43aad6383b48,E3,2025,2025,88,2,15,O2,HGB,primary,,,12,11005,262.7,58970ccc7c7732eefbc9244a28b4809b3f3beb05bc9c13bd5e6803627bde93e5,E3\43aad6383b48.npz,2026-10-01T03:44:10+00:00,2025-04-28_2025-05-10;2025-08-02_2025-08-14
a108ea998b9d,E3,2025,2025,88,2,15,O3,HGB,primary,,,14,11005,319.8,58970ccc7c7732eefbc9244a28b4809b3f3beb05bc9c13bd5e6803627bde93e5,E3\a108ea998b9d.npz,2026-10-01T03:49:30+00:00,2025-04-28_2025-05-10;2025-08-02_2025-08-14
cd7c4501a6f2,E3,2025,2025,88,2,16,O2,HGB,primary,,,12,11005,246.2,58970ccc7c7732eefbc9244a28b4809b3f3beb05bc9c13bd5e6803627bde93e5,E3\cd7c4501a6f2.npz,2026-10-01T03:53:36+00:00,2025-06-15_2025-06-27;2025-08-26_2025-09-07
b558bfe6da5c,E3,2025,2025,88,2,16,O3,HGB,primary,,,14,11005,295.0,58970ccc7c7732eefbc9244a28b4809b3f3beb05bc9c13bd5e6803627bde93e5,E3\b558bfe6da5c.npz,2026-10-01T03:58:31+00:00,2025-06-15_2025-06-27;2025-08-26_2025-09-07
5585d7857b92,E3,2025,2025,88,2,17,O2,HGB,primary,,,12,11005,248.4,58970ccc7c7732eefbc9244a28b4809b3f3beb05bc9c13bd5e6803627bde93e5,E3\5585d7857b92.npz,2026-10-01T04:02:39+00:00,2025-04-04_2025-04-16;2025-05-22_2025-06-03
bec51a0e6a8b,E3,2025,2025,88,2,17,O3,HGB,primary,,,14,11005,310.2,58970ccc7c7732eefbc9244a28b4809b3f3beb05bc9c13bd5e6803627bde93e5,E3\bec51a0e6a8b.npz,2026-10-01T04:07:49+00:00,2025-04-04_2025-04-16;2025-05-22_2025-06-03
7b9fd8206704,E3,2025,2025,88,2,18,O2,HGB,primary,,,12,11005,245.2,58970ccc7c7732eefbc9244a28b4809b3f3beb05bc9c13bd5e6803627bde93e5,E3\7b9fd8206704.npz,2026-10-01T04:11:55+00:00,2025-03-11_2025-03-23;2025-08-26_2025-09-07
3b9e4f69082b,E3,2025,2025,88,2,18,O3,HGB,primary,,,14,11005,261.7,58970ccc7c7732eefbc9244a28b4809b3f3beb05bc9c13bd5e6803627bde93e5,E3\3b9e4f69082b.npz,2026-10-01T04:16:16+00:00,2025-03-11_2025-03-23;2025-08-26_2025-09-07
0ecf3739868e,E3,2025,2025,88,2,19,O2,HGB,primary,,,12,11005,239.1,58970ccc7c7732eefbc9244a28b4809b3f3beb05bc9c13bd5e6803627bde93e5,E3\0ecf3739868e.npz,2026-10-01T04:20:15+00:00,2025-05-22_2025-06-03;2025-06-15_2025-06-27
c7aa730373a7,E3,2025,2025,88,2,19,O3,HGB,primary,,,14,11005,259.3,58970ccc7c7732eefbc9244a28b4809b3f3beb05bc9c13bd5e6803627bde93e5,E3\c7aa730373a7.npz,2026-10-01T04:24:35+00:00,2025-05-22_2025-06-03;2025-06-15_2025-06-27
0937ce73ac55,E3,2025,2025,88,3,0,O2,HGB,primary,,,18,11005,262.2,58970ccc7c7732eefbc9244a28b4809b3f3beb05bc9c13bd5e6803627bde93e5,E3\0937ce73ac55.npz,2026-10-01T04:28:57+00:00,2025-05-22_2025-06-03;2025-08-02_2025-08-14;2025-08-26_2025-09-07
9d2e0dd2394a,E3,2025,2025,88,3,0,O3,HGB,primary,,,21,11005,267.4,58970ccc7c7732eefbc9244a28b4809b3f3beb05bc9c13bd5e6803627bde93e5,E3\9d2e0dd2394a.npz,2026-10-01T04:33:24+00:00,2025-05-22_2025-06-03;2025-08-02_2025-08-14;2025-08-26_2025-09-07
140d5c5249dc,E3,2025,2025,88,3,1,O2,HGB,primary,,,18,11005,263.3,58970ccc7c7732eefbc9244a28b4809b3f3beb05bc9c13bd5e6803627bde93e5,E3\140d5c5249dc.npz,2026-10-01T04:37:48+00:00,2025-05-22_2025-06-03;2025-08-02_2025-08-14;2025-10-13_2025-10-25
2f2a850846ce,E3,2025,2025,88,3,1,O3,HGB,primary,,,21,11005,305.3,58970ccc7c7732eefbc9244a28b4809b3f3beb05bc9c13bd5e6803627bde93e5,E3\2f2a850846ce.npz,2026-10-01T04:42:53+00:00,2025-05-22_2025-06-03;2025-08-02_2025-08-14;2025-10-13_2025-10-25
dc9bf22420c5,E3,2025,2025,88,3,2,O2,HGB,primary,,,18,11005,249.3,58970ccc7c7732eefbc9244a28b4809b3f3beb05bc9c13bd5e6803627bde93e5,E3\dc9bf22420c5.npz,2026-10-01T04:47:02+00:00,2025-03-11_2025-03-23;2025-04-04_2025-04-16;2025-08-26_2025-09-07
c3dd171455c6,E3,2025,2025,88,3,2,O3,HGB,primary,,,21,11005,269.3,58970ccc7c7732eefbc9244a28b4809b3f3beb05bc9c13bd5e6803627bde93e5,E3\c3dd171455c6.npz,2026-10-01T04:51:32+00:00,2025-03-11_2025-03-23;2025-04-04_2025-04-16;2025-08-26_2025-09-07
53c4d08d8a52,E3,2025,2025,88,3,3,O2,HGB,primary,,,18,11005,262.7,58970ccc7c7732eefbc9244a28b4809b3f3beb05bc9c13bd5e6803627bde93e5,E3\53c4d08d8a52.npz,2026-10-01T04:55:54+00:00,2025-04-04_2025-04-16;2025-07-09_2025-07-21;2025-10-13_2025-10-25
eb2681eac6d6,E3,2025,2025,88,3,3,O3,HGB,primary,,,21,11005,312.9,58970ccc7c7732eefbc9244a28b4809b3f3beb05bc9c13bd5e6803627bde93e5,E3\eb2681eac6d6.npz,2026-10-01T05:01:07+00:00,2025-04-04_2025-04-16;2025-07-09_2025-07-21;2025-10-13_2025-10-25
d3aca2a38b1d,E3,2025,2025,88,3,4,O2,HGB,primary,,,18,11005,267.9,58970ccc7c7732eefbc9244a28b4809b3f3beb05bc9c13bd5e6803627bde93e5,E3\d3aca2a38b1d.npz,2026-10-01T05:05:35+00:00,2025-04-04_2025-04-16;2025-05-22_2025-06-03;2025-06-15_2025-06-27
d5101632f4f7,E3,2025,2025,88,3,4,O3,HGB,primary,,,21,11005,308.2,58970ccc7c7732eefbc9244a28b4809b3f3beb05bc9c13bd5e6803627bde93e5,E3\d5101632f4f7.npz,2026-10-01T05:10:43+00:00,2025-04-04_2025-04-16;2025-05-22_2025-06-03;2025-06-15_2025-06-27
2f1b50bde2fa,E3,2025,2025,88,3,5,O2,HGB,primary,,,18,11005,254.7,58970ccc7c7732eefbc9244a28b4809b3f3beb05bc9c13bd5e6803627bde93e5,E3\2f1b50bde2fa.npz,2026-10-01T05:14:58+00:00,2025-06-15_2025-06-27;2025-08-02_2025-08-14;2025-10-13_2025-10-25
d872b64a89e8,E3,2025,2025,88,3,5,O3,HGB,primary,,,21,11005,264.7,58970ccc7c7732eefbc9244a28b4809b3f3beb05bc9c13bd5e6803627bde93e5,E3\d872b64a89e8.npz,2026-10-01T05:19:23+00:00,2025-06-15_2025-06-27;2025-08-02_2025-08-14;2025-10-13_2025-10-25
89e06ec90d24,E3,2025,2025,88,3,6,O2,HGB,primary,,,18,11005,320.5,58970ccc7c7732eefbc9244a28b4809b3f3beb05bc9c13bd5e6803627bde93e5,E3\89e06ec90d24.npz,2026-10-01T05:24:43+00:00,2025-03-11_2025-03-23;2025-04-04_2025-04-16;2025-04-28_2025-05-10
9a6fe8d23079,E3,2025,2025,88,3,6,O3,HGB,primary,,,21,11005,255.4,58970ccc7c7732eefbc9244a28b4809b3f3beb05bc9c13bd5e6803627bde93e5,E3\9a6fe8d23079.npz,2026-10-01T05:28:59+00:00,2025-03-11_2025-03-23;2025-04-04_2025-04-16;2025-04-28_2025-05-10
e5fe9a7007df,E3,2025,2025,88,3,7,O2,HGB,primary,,,18,11005,249.9,58970ccc7c7732eefbc9244a28b4809b3f3beb05bc9c13bd5e6803627bde93e5,E3\e5fe9a7007df.npz,2026-10-01T05:33:08+00:00,2025-08-02_2025-08-14;2025-08-26_2025-09-07;2025-10-13_2025-10-25
4896cd7a81c3,E3,2025,2025,88,3,7,O3,HGB,primary,,,21,11005,310.3,58970ccc7c7732eefbc9244a28b4809b3f3beb05bc9c13bd5e6803627bde93e5,E3\4896cd7a81c3.npz,2026-10-01T05:38:19+00:00,2025-08-02_2025-08-14;2025-08-26_2025-09-07;2025-10-13_2025-10-25
484f5cc60855,E3,2025,2025,88,3,8,O2,HGB,primary,,,18,11005,246.5,58970ccc7c7732eefbc9244a28b4809b3f3beb05bc9c13bd5e6803627bde93e5,E3\484f5cc60855.npz,2026-10-01T05:42:25+00:00,2025-04-28_2025-05-10;2025-08-26_2025-09-07;2025-10-13_2025-10-25
580c0dfab28b,E3,2025,2025,88,3,8,O3,HGB,primary,,,21,11005,265.3,58970ccc7c7732eefbc9244a28b4809b3f3beb05bc9c13bd5e6803627bde93e5,E3\580c0dfab28b.npz,2026-10-01T05:46:50+00:00,2025-04-28_2025-05-10;2025-08-26_2025-09-07;2025-10-13_2025-10-25
23dcf08d4b3e,E3,2025,2025,88,3,9,O2,HGB,primary,,,18,11005,323.8,58970ccc7c7732eefbc9244a28b4809b3f3beb05bc9c13bd5e6803627bde93e5,E3\23dcf08d4b3e.npz,2026-10-01T05:52:14+00:00,2025-03-11_2025-03-23;2025-04-04_2025-04-16;2025-06-15_2025-06-27
da01c0749fe1,E3,2025,2025,88,3,9,O3,HGB,primary,,,21,11005,271.4,58970ccc7c7732eefbc9244a28b4809b3f3beb05bc9c13bd5e6803627bde93e5,E3\da01c0749fe1.npz,2026-10-01T05:56:46+00:00,2025-03-11_2025-03-23;2025-04-04_2025-04-16;2025-06-15_2025-06-27
a8f3f9ec26ee,E3,2025,2025,88,3,10,O2,HGB,primary,,,18,11005,295.6,58970ccc7c7732eefbc9244a28b4809b3f3beb05bc9c13bd5e6803627bde93e5,E3\a8f3f9ec26ee.npz,2026-10-01T06:01:41+00:00,2025-03-11_2025-03-23;2025-05-22_2025-06-03;2025-10-13_2025-10-25
cb254182751c,E3,2025,2025,88,3,10,O3,HGB,primary,,,21,11005,273.2,58970ccc7c7732eefbc9244a28b4809b3f3beb05bc9c13bd5e6803627bde93e5,E3\cb254182751c.npz,2026-10-01T06:06:15+00:00,2025-03-11_2025-03-23;2025-05-22_2025-06-03;2025-10-13_2025-10-25
911361325620,E3,2025,2025,88,3,11,O2,HGB,primary,,,18,11005,261.0,58970ccc7c7732eefbc9244a28b4809b3f3beb05bc9c13bd5e6803627bde93e5,E3\911361325620.npz,2026-10-01T06:10:35+00:00,2025-03-11_2025-03-23;2025-06-15_2025-06-27;2025-08-02_2025-08-14
20031177f931,E3,2025,2025,88,3,11,O3,HGB,primary,,,21,11005,314.9,58970ccc7c7732eefbc9244a28b4809b3f3beb05bc9c13bd5e6803627bde93e5,E3\20031177f931.npz,2026-10-01T06:15:50+00:00,2025-03-11_2025-03-23;2025-06-15_2025-06-27;2025-08-02_2025-08-14
2f2556995665,E3,2025,2025,88,3,12,O2,HGB,primary,,,18,11005,270.5,58970ccc7c7732eefbc9244a28b4809b3f3beb05bc9c13bd5e6803627bde93e5,E3\2f2556995665.npz,2026-10-01T06:20:21+00:00,2025-04-28_2025-05-10;2025-07-09_2025-07-21;2025-08-26_2025-09-07
e68920d02acd,E3,2025,2025,88,3,12,O3,HGB,primary,,,21,11005,336.6,58970ccc7c7732eefbc9244a28b4809b3f3beb05bc9c13bd5e6803627bde93e5,E3\e68920d02acd.npz,2026-10-01T06:25:57+00:00,2025-04-28_2025-05-10;2025-07-09_2025-07-21;2025-08-26_2025-09-07
3b8e1a6f32c1,E3,2025,2025,88,3,13,O2,HGB,primary,,,18,11005,256.7,58970ccc7c7732eefbc9244a28b4809b3f3beb05bc9c13bd5e6803627bde93e5,E3\3b8e1a6f32c1.npz,2026-10-01T06:30:14+00:00,2025-04-04_2025-04-16;2025-08-26_2025-09-07;2025-10-13_2025-10-25
65a178a97b34,E3,2025,2025,88,3,13,O3,HGB,primary,,,21,11005,252.8,58970ccc7c7732eefbc9244a28b4809b3f3beb05bc9c13bd5e6803627bde93e5,E3\65a178a97b34.npz,2026-10-01T06:34:27+00:00,2025-04-04_2025-04-16;2025-08-26_2025-09-07;2025-10-13_2025-10-25
ee47a40e1153,E3,2025,2025,88,3,14,O2,HGB,primary,,,18,11005,293.7,58970ccc7c7732eefbc9244a28b4809b3f3beb05bc9c13bd5e6803627bde93e5,E3\ee47a40e1153.npz,2026-10-01T06:39:21+00:00,2025-03-11_2025-03-23;2025-04-04_2025-04-16;2025-07-09_2025-07-21
72fcf4160ca6,E3,2025,2025,88,3,14,O3,HGB,primary,,,21,11005,291.8,58970ccc7c7732eefbc9244a28b4809b3f3beb05bc9c13bd5e6803627bde93e5,E3\72fcf4160ca6.npz,2026-10-01T06:44:12+00:00,2025-03-11_2025-03-23;2025-04-04_2025-04-16;2025-07-09_2025-07-21
8acb867a2117,E3,2025,2025,88,3,15,O2,HGB,primary,,,18,11005,289.4,58970ccc7c7732eefbc9244a28b4809b3f3beb05bc9c13bd5e6803627bde93e5,E3\8acb867a2117.npz,2026-10-01T06:49:02+00:00,2025-03-11_2025-03-23;2025-04-28_2025-05-10;2025-08-02_2025-08-14
af0b80840c17,E3,2025,2025,88,3,15,O3,HGB,primary,,,21,11005,327.2,58970ccc7c7732eefbc9244a28b4809b3f3beb05bc9c13bd5e6803627bde93e5,E3\af0b80840c17.npz,2026-10-01T06:54:29+00:00,2025-03-11_2025-03-23;2025-04-28_2025-05-10;2025-08-02_2025-08-14
557b2355874e,E3,2025,2025,88,3,16,O2,HGB,primary,,,18,11005,240.6,58970ccc7c7732eefbc9244a28b4809b3f3beb05bc9c13bd5e6803627bde93e5,E3\557b2355874e.npz,2026-10-01T06:58:30+00:00,2025-04-04_2025-04-16;2025-04-28_2025-05-10;2025-05-22_2025-06-03
5aeec29c4a09,E3,2025,2025,88,3,16,O3,HGB,primary,,,21,11005,295.6,58970ccc7c7732eefbc9244a28b4809b3f3beb05bc9c13bd5e6803627bde93e5,E3\5aeec29c4a09.npz,2026-10-01T07:03:25+00:00,2025-04-04_2025-04-16;2025-04-28_2025-05-10;2025-05-22_2025-06-03
498deaa69f38,E3,2025,2025,88,3,17,O2,HGB,primary,,,18,11005,222.0,58970ccc7c7732eefbc9244a28b4809b3f3beb05bc9c13bd5e6803627bde93e5,E3\498deaa69f38.npz,2026-10-01T07:07:07+00:00,2025-04-04_2025-04-16;2025-04-28_2025-05-10;2025-07-09_2025-07-21
3292be7d496b,E3,2025,2025,88,3,17,O3,HGB,primary,,,21,11005,262.7,58970ccc7c7732eefbc9244a28b4809b3f3beb05bc9c13bd5e6803627bde93e5,E3\3292be7d496b.npz,2026-10-01T07:11:30+00:00,2025-04-04_2025-04-16;2025-04-28_2025-05-10;2025-07-09_2025-07-21
98989b503b65,E3,2025,2025,88,3,18,O2,HGB,primary,,,18,11005,294.1,58970ccc7c7732eefbc9244a28b4809b3f3beb05bc9c13bd5e6803627bde93e5,E3\98989b503b65.npz,2026-10-01T07:16:24+00:00,2025-07-09_2025-07-21;2025-08-02_2025-08-14;2025-08-26_2025-09-07
da4bad27b547,E3,2025,2025,88,3,18,O3,HGB,primary,,,21,11005,262.2,58970ccc7c7732eefbc9244a28b4809b3f3beb05bc9c13bd5e6803627bde93e5,E3\da4bad27b547.npz,2026-10-01T07:20:46+00:00,2025-07-09_2025-07-21;2025-08-02_2025-08-14;2025-08-26_2025-09-07
fc49b14919c0,E3,2025,2025,88,3,19,O2,HGB,primary,,,18,11005,269.8,58970ccc7c7732eefbc9244a28b4809b3f3beb05bc9c13bd5e6803627bde93e5,E3\fc49b14919c0.npz,2026-10-01T07:25:16+00:00,2025-03-11_2025-03-23;2025-04-28_2025-05-10;2025-05-22_2025-06-03
3d91b00c3b87,E3,2025,2025,88,3,19,O3,HGB,primary,,,21,11005,325.4,58970ccc7c7732eefbc9244a28b4809b3f3beb05bc9c13bd5e6803627bde93e5,E3\3d91b00c3b87.npz,2026-10-01T07:30:41+00:00,2025-03-11_2025-03-23;2025-04-28_2025-05-10;2025-05-22_2025-06-03
e132d32dfd14,E3,2025,2025,88,4,0,O2,HGB,primary,,,24,11005,272.3,58970ccc7c7732eefbc9244a28b4809b3f3beb05bc9c13bd5e6803627bde93e5,E3\e132d32dfd14.npz,2026-10-01T07:35:14+00:00,2025-05-22_2025-06-03;2025-06-15_2025-06-27;2025-07-09_2025-07-21;2025-08-26_2025-09-07
488df14b8668,E3,2025,2025,88,4,0,O3,HGB,primary,,,28,11005,433.6,58970ccc7c7732eefbc9244a28b4809b3f3beb05bc9c13bd5e6803627bde93e5,E3\488df14b8668.npz,2026-10-01T07:42:27+00:00,2025-05-22_2025-06-03;2025-06-15_2025-06-27;2025-07-09_2025-07-21;2025-08-26_2025-09-07
3e88a4147427,E3,2025,2025,88,4,1,O2,HGB,primary,,,24,11005,301.9,58970ccc7c7732eefbc9244a28b4809b3f3beb05bc9c13bd5e6803627bde93e5,E3\3e88a4147427.npz,2026-10-01T07:47:29+00:00,2025-03-11_2025-03-23;2025-06-15_2025-06-27;2025-07-09_2025-07-21;2025-08-26_2025-09-07
a9d1505f5f66,E3,2025,2025,88,4,1,O3,HGB,primary,,,28,11005,277.7,58970ccc7c7732eefbc9244a28b4809b3f3beb05bc9c13bd5e6803627bde93e5,E3\a9d1505f5f66.npz,2026-10-01T07:52:07+00:00,2025-03-11_2025-03-23;2025-06-15_2025-06-27;2025-07-09_2025-07-21;2025-08-26_2025-09-07
350fbd6ef078,E3,2025,2025,88,4,2,O2,HGB,primary,,,24,11005,327.7,58970ccc7c7732eefbc9244a28b4809b3f3beb05bc9c13bd5e6803627bde93e5,E3\350fbd6ef078.npz,2026-10-01T07:57:35+00:00,2025-05-22_2025-06-03;2025-06-15_2025-06-27;2025-08-02_2025-08-14;2025-08-26_2025-09-07
03589f3e462e,E3,2025,2025,88,4,2,O3,HGB,primary,,,28,11005,280.9,58970ccc7c7732eefbc9244a28b4809b3f3beb05bc9c13bd5e6803627bde93e5,E3\03589f3e462e.npz,2026-10-01T08:02:16+00:00,2025-05-22_2025-06-03;2025-06-15_2025-06-27;2025-08-02_2025-08-14;2025-08-26_2025-09-07
213d2fea27bc,E3,2025,2025,88,4,3,O2,HGB,primary,,,24,11005,295.2,58970ccc7c7732eefbc9244a28b4809b3f3beb05bc9c13bd5e6803627bde93e5,E3\213d2fea27bc.npz,2026-10-01T08:07:11+00:00,2025-03-11_2025-03-23;2025-08-02_2025-08-14;2025-08-26_2025-09-07;2025-10-13_2025-10-25
7b99ec87dc42,E3,2025,2025,88,4,3,O3,HGB,primary,,,28,11005,333.6,58970ccc7c7732eefbc9244a28b4809b3f3beb05bc9c13bd5e6803627bde93e5,E3\7b99ec87dc42.npz,2026-10-01T08:12:44+00:00,2025-03-11_2025-03-23;2025-08-02_2025-08-14;2025-08-26_2025-09-07;2025-10-13_2025-10-25
ef49bb04bf71,E3,2025,2025,88,4,4,O2,HGB,primary,,,24,11005,296.0,58970ccc7c7732eefbc9244a28b4809b3f3beb05bc9c13bd5e6803627bde93e5,E3\ef49bb04bf71.npz,2026-10-01T08:17:40+00:00,2025-03-11_2025-03-23;2025-04-28_2025-05-10;2025-08-02_2025-08-14;2025-08-26_2025-09-07
e205ba9de110,E3,2025,2025,88,4,4,O3,HGB,primary,,,28,11005,349.4,58970ccc7c7732eefbc9244a28b4809b3f3beb05bc9c13bd5e6803627bde93e5,E3\e205ba9de110.npz,2026-10-01T08:23:30+00:00,2025-03-11_2025-03-23;2025-04-28_2025-05-10;2025-08-02_2025-08-14;2025-08-26_2025-09-07
2bdd509ea37c,E3,2025,2025,88,4,5,O2,HGB,primary,,,24,11005,269.7,58970ccc7c7732eefbc9244a28b4809b3f3beb05bc9c13bd5e6803627bde93e5,E3\2bdd509ea37c.npz,2026-10-01T08:27:59+00:00,2025-03-11_2025-03-23;2025-04-28_2025-05-10;2025-05-22_2025-06-03;2025-07-09_2025-07-21
059d52bb203a,E3,2025,2025,88,4,5,O3,HGB,primary,,,28,11005,282.6,58970ccc7c7732eefbc9244a28b4809b3f3beb05bc9c13bd5e6803627bde93e5,E3\059d52bb203a.npz,2026-10-01T08:32:42+00:00,2025-03-11_2025-03-23;2025-04-28_2025-05-10;2025-05-22_2025-06-03;2025-07-09_2025-07-21
e0bedebceba4,E3,2025,2025,88,4,6,O2,HGB,primary,,,24,11005,310.8,58970ccc7c7732eefbc9244a28b4809b3f3beb05bc9c13bd5e6803627bde93e5,E3\e0bedebceba4.npz,2026-10-01T08:37:53+00:00,2025-04-04_2025-04-16;2025-05-22_2025-06-03;2025-07-09_2025-07-21;2025-08-26_2025-09-07
a3e6e511f143,E3,2025,2025,88,4,6,O3,HGB,primary,,,28,11005,268.9,58970ccc7c7732eefbc9244a28b4809b3f3beb05bc9c13bd5e6803627bde93e5,E3\a3e6e511f143.npz,2026-10-01T08:42:22+00:00,2025-04-04_2025-04-16;2025-05-22_2025-06-03;2025-07-09_2025-07-21;2025-08-26_2025-09-07
d911a888e841,E3,2025,2025,88,4,7,O2,HGB,primary,,,24,11005,291.1,58970ccc7c7732eefbc9244a28b4809b3f3beb05bc9c13bd5e6803627bde93e5,E3\d911a888e841.npz,2026-10-01T08:47:13+00:00,2025-04-04_2025-04-16;2025-04-28_2025-05-10;2025-05-22_2025-06-03;2025-07-09_2025-07-21
7445b1017ed4,E3,2025,2025,88,4,7,O3,HGB,primary,,,28,11005,221.6,58970ccc7c7732eefbc9244a28b4809b3f3beb05bc9c13bd5e6803627bde93e5,E3\7445b1017ed4.npz,2026-10-01T08:50:54+00:00,2025-04-04_2025-04-16;2025-04-28_2025-05-10;2025-05-22_2025-06-03;2025-07-09_2025-07-21
0e419ec26bb0,E3,2025,2025,88,4,8,O2,HGB,primary,,,24,11005,215.8,58970ccc7c7732eefbc9244a28b4809b3f3beb05bc9c13bd5e6803627bde93e5,E3\0e419ec26bb0.npz,2026-10-01T08:54:30+00:00,2025-04-04_2025-04-16;2025-05-22_2025-06-03;2025-08-02_2025-08-14;2025-10-13_2025-10-25
8950e3596987,E3,2025,2025,88,4,8,O3,HGB,primary,,,28,11005,246.0,58970ccc7c7732eefbc9244a28b4809b3f3beb05bc9c13bd5e6803627bde93e5,E3\8950e3596987.npz,2026-10-01T08:58:36+00:00,2025-04-04_2025-04-16;2025-05-22_2025-06-03;2025-08-02_2025-08-14;2025-10-13_2025-10-25
199b33d4c19c,E3,2025,2025,88,4,9,O2,HGB,primary,,,24,11005,254.5,58970ccc7c7732eefbc9244a28b4809b3f3beb05bc9c13bd5e6803627bde93e5,E3\199b33d4c19c.npz,2026-10-01T09:02:51+00:00,2025-03-11_2025-03-23;2025-05-22_2025-06-03;2025-08-26_2025-09-07;2025-10-13_2025-10-25
ce192684d8e6,E3,2025,2025,88,4,9,O3,HGB,primary,,,28,11005,266.9,58970ccc7c7732eefbc9244a28b4809b3f3beb05bc9c13bd5e6803627bde93e5,E3\ce192684d8e6.npz,2026-10-01T09:07:18+00:00,2025-03-11_2025-03-23;2025-05-22_2025-06-03;2025-08-26_2025-09-07;2025-10-13_2025-10-25
559cfc8d6a33,E3,2025,2025,88,4,10,O2,HGB,primary,,,24,11005,271.5,58970ccc7c7732eefbc9244a28b4809b3f3beb05bc9c13bd5e6803627bde93e5,E3\559cfc8d6a33.npz,2026-10-01T09:11:49+00:00,2025-04-28_2025-05-10;2025-06-15_2025-06-27;2025-08-02_2025-08-14;2025-10-13_2025-10-25
b2ce0ca41729,E3,2025,2025,88,4,10,O3,HGB,primary,,,28,11005,237.3,58970ccc7c7732eefbc9244a28b4809b3f3beb05bc9c13bd5e6803627bde93e5,E3\b2ce0ca41729.npz,2026-10-01T09:15:46+00:00,2025-04-28_2025-05-10;2025-06-15_2025-06-27;2025-08-02_2025-08-14;2025-10-13_2025-10-25
82ff311a59b6,E3,2025,2025,88,4,11,O2,HGB,primary,,,24,11005,189.6,58970ccc7c7732eefbc9244a28b4809b3f3beb05bc9c13bd5e6803627bde93e5,E3\82ff311a59b6.npz,2026-10-01T09:18:56+00:00,2025-04-28_2025-05-10;2025-05-22_2025-06-03;2025-07-09_2025-07-21;2025-10-13_2025-10-25
4ab6fd82e401,E3,2025,2025,88,4,11,O3,HGB,primary,,,28,11005,210.0,58970ccc7c7732eefbc9244a28b4809b3f3beb05bc9c13bd5e6803627bde93e5,E3\4ab6fd82e401.npz,2026-10-01T09:22:26+00:00,2025-04-28_2025-05-10;2025-05-22_2025-06-03;2025-07-09_2025-07-21;2025-10-13_2025-10-25
e9fadaaff1ea,E3,2025,2025,88,4,12,O2,HGB,primary,,,24,11005,252.8,58970ccc7c7732eefbc9244a28b4809b3f3beb05bc9c13bd5e6803627bde93e5,E3\e9fadaaff1ea.npz,2026-10-01T09:26:39+00:00,2025-05-22_2025-06-03;2025-07-09_2025-07-21;2025-08-02_2025-08-14;2025-08-26_2025-09-07
b2f9e744452d,E3,2025,2025,88,4,12,O3,HGB,primary,,,28,11005,236.2,58970ccc7c7732eefbc9244a28b4809b3f3beb05bc9c13bd5e6803627bde93e5,E3\b2f9e744452d.npz,2026-10-01T09:30:35+00:00,2025-05-22_2025-06-03;2025-07-09_2025-07-21;2025-08-02_2025-08-14;2025-08-26_2025-09-07
d66f5a0d8b4e,E3,2025,2025,88,4,13,O2,HGB,primary,,,24,11005,229.5,58970ccc7c7732eefbc9244a28b4809b3f3beb05bc9c13bd5e6803627bde93e5,E3\d66f5a0d8b4e.npz,2026-10-01T09:34:24+00:00,2025-04-04_2025-04-16;2025-04-28_2025-05-10;2025-06-15_2025-06-27;2025-07-09_2025-07-21
c0136100c084,E3,2025,2025,88,4,13,O3,HGB,primary,,,28,11005,272.5,58970ccc7c7732eefbc9244a28b4809b3f3beb05bc9c13bd5e6803627bde93e5,E3\c0136100c084.npz,2026-10-01T09:38:57+00:00,2025-04-04_2025-04-16;2025-04-28_2025-05-10;2025-06-15_2025-06-27;2025-07-09_2025-07-21
6bfb47eb834c,E3,2025,2025,88,4,14,O2,HGB,primary,,,24,11005,224.7,58970ccc7c7732eefbc9244a28b4809b3f3beb05bc9c13bd5e6803627bde93e5,E3\6bfb47eb834c.npz,2026-10-01T09:42:42+00:00,2025-04-04_2025-04-16;2025-04-28_2025-05-10;2025-06-15_2025-06-27;2025-08-26_2025-09-07
52d1e6411f34,E3,2025,2025,88,4,14,O3,HGB,primary,,,28,11005,208.5,58970ccc7c7732eefbc9244a28b4809b3f3beb05bc9c13bd5e6803627bde93e5,E3\52d1e6411f34.npz,2026-10-01T09:46:10+00:00,2025-04-04_2025-04-16;2025-04-28_2025-05-10;2025-06-15_2025-06-27;2025-08-26_2025-09-07
955d92db9e41,E3,2025,2025,88,4,15,O2,HGB,primary,,,24,11005,222.8,58970ccc7c7732eefbc9244a28b4809b3f3beb05bc9c13bd5e6803627bde93e5,E3\955d92db9e41.npz,2026-10-01T09:49:53+00:00,2025-03-11_2025-03-23;2025-04-04_2025-04-16;2025-07-09_2025-07-21;2025-08-26_2025-09-07
593d77e17f11,E3,2025,2025,88,4,15,O3,HGB,primary,,,28,11005,276.7,58970ccc7c7732eefbc9244a28b4809b3f3beb05bc9c13bd5e6803627bde93e5,E3\593d77e17f11.npz,2026-10-01T09:54:30+00:00,2025-03-11_2025-03-23;2025-04-04_2025-04-16;2025-07-09_2025-07-21;2025-08-26_2025-09-07
4bd67f9ad473,E3,2025,2025,88,4,16,O2,HGB,primary,,,24,11005,250.9,58970ccc7c7732eefbc9244a28b4809b3f3beb05bc9c13bd5e6803627bde93e5,E3\4bd67f9ad473.npz,2026-10-01T09:58:41+00:00,2025-03-11_2025-03-23;2025-04-28_2025-05-10;2025-08-26_2025-09-07;2025-10-13_2025-10-25
3805280df922,E3,2025,2025,88,4,16,O3,HGB,primary,,,28,11005,184.1,58970ccc7c7732eefbc9244a28b4809b3f3beb05bc9c13bd5e6803627bde93e5,E3\3805280df922.npz,2026-10-01T10:01:45+00:00,2025-03-11_2025-03-23;2025-04-28_2025-05-10;2025-08-26_2025-09-07;2025-10-13_2025-10-25
1b202c396ee1,E3,2025,2025,88,4,17,O2,HGB,primary,,,24,11005,136.7,58970ccc7c7732eefbc9244a28b4809b3f3beb05bc9c13bd5e6803627bde93e5,E3\1b202c396ee1.npz,2026-10-01T10:04:01+00:00,2025-04-28_2025-05-10;2025-05-22_2025-06-03;2025-08-26_2025-09-07;2025-10-13_2025-10-25
f8f21da8baf7,E3,2025,2025,88,4,17,O3,HGB,primary,,,28,11005,192.1,58970ccc7c7732eefbc9244a28b4809b3f3beb05bc9c13bd5e6803627bde93e5,E3\f8f21da8baf7.npz,2026-10-01T10:07:13+00:00,2025-04-28_2025-05-10;2025-05-22_2025-06-03;2025-08-26_2025-09-07;2025-10-13_2025-10-25
9d95a04982cd,E3,2025,2025,88,4,18,O2,HGB,primary,,,24,11005,177.4,58970ccc7c7732eefbc9244a28b4809b3f3beb05bc9c13bd5e6803627bde93e5,E3\9d95a04982cd.npz,2026-10-01T10:10:11+00:00,2025-04-28_2025-05-10;2025-08-02_2025-08-14;2025-08-26_2025-09-07;2025-10-13_2025-10-25
360b3339126d,E3,2025,2025,88,4,18,O3,HGB,primary,,,28,11005,152.5,58970ccc7c7732eefbc9244a28b4809b3f3beb05bc9c13bd5e6803627bde93e5,E3\360b3339126d.npz,2026-10-01T10:12:43+00:00,2025-04-28_2025-05-10;2025-08-02_2025-08-14;2025-08-26_2025-09-07;2025-10-13_2025-10-25
371d53445f8e,E3,2025,2025,88,4,19,O2,HGB,primary,,,24,11005,141.4,58970ccc7c7732eefbc9244a28b4809b3f3beb05bc9c13bd5e6803627bde93e5,E3\371d53445f8e.npz,2026-10-01T10:15:05+00:00,2025-03-11_2025-03-23;2025-05-22_2025-06-03;2025-06-15_2025-06-27;2025-08-26_2025-09-07
561b4636fdcd,E3,2025,2025,88,4,19,O3,HGB,primary,,,28,11005,111.9,58970ccc7c7732eefbc9244a28b4809b3f3beb05bc9c13bd5e6803627bde93e5,E3\561b4636fdcd.npz,2026-10-01T10:16:57+00:00,2025-03-11_2025-03-23;2025-05-22_2025-06-03;2025-06-15_2025-06-27;2025-08-26_2025-09-07
ba029d5d50a7,E3,2025,2025,88,6,0,O2,HGB,primary,,,36,11005,30.8,58970ccc7c7732eefbc9244a28b4809b3f3beb05bc9c13bd5e6803627bde93e5,E3\ba029d5d50a7.npz,2026-10-01T10:17:27+00:00,2025-03-11_2025-03-23;2025-04-28_2025-05-10;2025-05-22_2025-06-03;2025-07-09_2025-07-21;2025-08-26_2025-09-07;2025-10-13_2025-10-25
2b999f80065d,E3,2025,2025,88,6,0,O3,HGB,primary,,,42,11005,35.5,58970ccc7c7732eefbc9244a28b4809b3f3beb05bc9c13bd5e6803627bde93e5,E3\2b999f80065d.npz,2026-10-01T10:18:03+00:00,2025-03-11_2025-03-23;2025-04-28_2025-05-10;2025-05-22_2025-06-03;2025-07-09_2025-07-21;2025-08-26_2025-09-07;2025-10-13_2025-10-25
18898da2a30d,E3,2025,2025,88,6,1,O2,HGB,primary,,,36,11005,32.3,58970ccc7c7732eefbc9244a28b4809b3f3beb05bc9c13bd5e6803627bde93e5,E3\18898da2a30d.npz,2026-10-01T10:18:35+00:00,2025-03-11_2025-03-23;2025-04-04_2025-04-16;2025-04-28_2025-05-10;2025-06-15_2025-06-27;2025-07-09_2025-07-21;2025-08-02_2025-08-14
8878a1b0d51c,E3,2025,2025,88,6,1,O3,HGB,primary,,,42,11005,35.0,58970ccc7c7732eefbc9244a28b4809b3f3beb05bc9c13bd5e6803627bde93e5,E3\8878a1b0d51c.npz,2026-10-01T10:19:10+00:00,2025-03-11_2025-03-23;2025-04-04_2025-04-16;2025-04-28_2025-05-10;2025-06-15_2025-06-27;2025-07-09_2025-07-21;2025-08-02_2025-08-14
1ffbfc649169,E3,2025,2025,88,6,2,O2,HGB,primary,,,36,11005,30.4,58970ccc7c7732eefbc9244a28b4809b3f3beb05bc9c13bd5e6803627bde93e5,E3\1ffbfc649169.npz,2026-10-01T10:19:41+00:00,2025-03-11_2025-03-23;2025-04-04_2025-04-16;2025-04-28_2025-05-10;2025-08-02_2025-08-14;2025-08-26_2025-09-07;2025-10-13_2025-10-25
376bd904ef00,E3,2025,2025,88,6,2,O3,HGB,primary,,,42,11005,33.6,58970ccc7c7732eefbc9244a28b4809b3f3beb05bc9c13bd5e6803627bde93e5,E3\376bd904ef00.npz,2026-10-01T10:20:14+00:00,2025-03-11_2025-03-23;2025-04-04_2025-04-16;2025-04-28_2025-05-10;2025-08-02_2025-08-14;2025-08-26_2025-09-07;2025-10-13_2025-10-25
f0a9b8bc2a4e,E3,2025,2025,88,6,3,O2,HGB,primary,,,36,11005,30.0,58970ccc7c7732eefbc9244a28b4809b3f3beb05bc9c13bd5e6803627bde93e5,E3\f0a9b8bc2a4e.npz,2026-10-01T10:20:44+00:00,2025-04-28_2025-05-10;2025-05-22_2025-06-03;2025-06-15_2025-06-27;2025-07-09_2025-07-21;2025-08-02_2025-08-14;2025-10-13_2025-10-25
f5b7b38447af,E3,2025,2025,88,6,3,O3,HGB,primary,,,42,11005,33.0,58970ccc7c7732eefbc9244a28b4809b3f3beb05bc9c13bd5e6803627bde93e5,E3\f5b7b38447af.npz,2026-10-01T10:21:17+00:00,2025-04-28_2025-05-10;2025-05-22_2025-06-03;2025-06-15_2025-06-27;2025-07-09_2025-07-21;2025-08-02_2025-08-14;2025-10-13_2025-10-25
9100d3d96630,E3,2025,2025,88,6,4,O2,HGB,primary,,,36,11005,29.8,58970ccc7c7732eefbc9244a28b4809b3f3beb05bc9c13bd5e6803627bde93e5,E3\9100d3d96630.npz,2026-10-01T10:21:47+00:00,2025-03-11_2025-03-23;2025-04-28_2025-05-10;2025-05-22_2025-06-03;2025-06-15_2025-06-27;2025-08-02_2025-08-14;2025-08-26_2025-09-07
249f85fd729b,E3,2025,2025,88,6,4,O3,HGB,primary,,,42,11005,33.1,58970ccc7c7732eefbc9244a28b4809b3f3beb05bc9c13bd5e6803627bde93e5,E3\249f85fd729b.npz,2026-10-01T10:22:20+00:00,2025-03-11_2025-03-23;2025-04-28_2025-05-10;2025-05-22_2025-06-03;2025-06-15_2025-06-27;2025-08-02_2025-08-14;2025-08-26_2025-09-07
df5fc9d2a979,E3,2025,2025,88,6,5,O2,HGB,primary,,,36,11005,30.4,58970ccc7c7732eefbc9244a28b4809b3f3beb05bc9c13bd5e6803627bde93e5,E3\df5fc9d2a979.npz,2026-10-01T10:22:51+00:00,2025-04-04_2025-04-16;2025-04-28_2025-05-10;2025-05-22_2025-06-03;2025-06-15_2025-06-27;2025-08-02_2025-08-14;2025-10-13_2025-10-25
a5ab9c2d77c0,E3,2025,2025,88,6,5,O3,HGB,primary,,,42,11005,36.1,58970ccc7c7732eefbc9244a28b4809b3f3beb05bc9c13bd5e6803627bde93e5,E3\a5ab9c2d77c0.npz,2026-10-01T10:23:27+00:00,2025-04-04_2025-04-16;2025-04-28_2025-05-10;2025-05-22_2025-06-03;2025-06-15_2025-06-27;2025-08-02_2025-08-14;2025-10-13_2025-10-25
6762cc2bd202,E3,2025,2025,88,6,6,O2,HGB,primary,,,36,11005,35.5,58970ccc7c7732eefbc9244a28b4809b3f3beb05bc9c13bd5e6803627bde93e5,E3\6762cc2bd202.npz,2026-10-01T10:24:02+00:00,2025-03-11_2025-03-23;2025-04-04_2025-04-16;2025-05-22_2025-06-03;2025-06-15_2025-06-27;2025-07-09_2025-07-21;2025-08-26_2025-09-07
e45decba3a58,E3,2025,2025,88,6,6,O3,HGB,primary,,,42,11005,38.1,58970ccc7c7732eefbc9244a28b4809b3f3beb05bc9c13bd5e6803627bde93e5,E3\e45decba3a58.npz,2026-10-01T10:24:40+00:00,2025-03-11_2025-03-23;2025-04-04_2025-04-16;2025-05-22_2025-06-03;2025-06-15_2025-06-27;2025-07-09_2025-07-21;2025-08-26_2025-09-07
eaca60c6e37d,E3,2025,2025,88,6,7,O2,HGB,primary,,,36,11005,34.0,58970ccc7c7732eefbc9244a28b4809b3f3beb05bc9c13bd5e6803627bde93e5,E3\eaca60c6e37d.npz,2026-10-01T10:25:14+00:00,2025-04-04_2025-04-16;2025-04-28_2025-05-10;2025-05-22_2025-06-03;2025-06-15_2025-06-27;2025-07-09_2025-07-21;2025-10-13_2025-10-25
0bacdffda70f,E3,2025,2025,88,6,7,O3,HGB,primary,,,42,11005,32.9,58970ccc7c7732eefbc9244a28b4809b3f3beb05bc9c13bd5e6803627bde93e5,E3\0bacdffda70f.npz,2026-10-01T10:25:47+00:00,2025-04-04_2025-04-16;2025-04-28_2025-05-10;2025-05-22_2025-06-03;2025-06-15_2025-06-27;2025-07-09_2025-07-21;2025-10-13_2025-10-25
1f3e4362de81,E3,2025,2025,88,6,8,O2,HGB,primary,,,36,11005,29.8,58970ccc7c7732eefbc9244a28b4809b3f3beb05bc9c13bd5e6803627bde93e5,E3\1f3e4362de81.npz,2026-10-01T10:26:17+00:00,2025-03-11_2025-03-23;2025-04-04_2025-04-16;2025-04-28_2025-05-10;2025-06-15_2025-06-27;2025-07-09_2025-07-21;2025-08-26_2025-09-07
6b86545f5bdc,E3,2025,2025,88,6,8,O3,HGB,primary,,,42,11005,33.1,58970ccc7c7732eefbc9244a28b4809b3f3beb05bc9c13bd5e6803627bde93e5,E3\6b86545f5bdc.npz,2026-10-01T10:26:50+00:00,2025-03-11_2025-03-23;2025-04-04_2025-04-16;2025-04-28_2025-05-10;2025-06-15_2025-06-27;2025-07-09_2025-07-21;2025-08-26_2025-09-07
b1cb7766620c,E3,2025,2025,88,6,9,O2,HGB,primary,,,36,11005,29.6,58970ccc7c7732eefbc9244a28b4809b3f3beb05bc9c13bd5e6803627bde93e5,E3\b1cb7766620c.npz,2026-10-01T10:27:20+00:00,2025-03-11_2025-03-23;2025-04-28_2025-05-10;2025-06-15_2025-06-27;2025-07-09_2025-07-21;2025-08-02_2025-08-14;2025-10-13_2025-10-25
c62a937a4ad2,E3,2025,2025,88,6,9,O3,HGB,primary,,,42,11005,33.2,58970ccc7c7732eefbc9244a28b4809b3f3beb05bc9c13bd5e6803627bde93e5,E3\c62a937a4ad2.npz,2026-10-01T10:27:53+00:00,2025-03-11_2025-03-23;2025-04-28_2025-05-10;2025-06-15_2025-06-27;2025-07-09_2025-07-21;2025-08-02_2025-08-14;2025-10-13_2025-10-25
653a9f0629e7,E3,2025,2025,88,6,10,O2,HGB,primary,,,36,11005,29.6,58970ccc7c7732eefbc9244a28b4809b3f3beb05bc9c13bd5e6803627bde93e5,E3\653a9f0629e7.npz,2026-10-01T10:28:22+00:00,2025-03-11_2025-03-23;2025-04-04_2025-04-16;2025-04-28_2025-05-10;2025-05-22_2025-06-03;2025-07-09_2025-07-21;2025-08-02_2025-08-14
7dc6f3d32bc4,E3,2025,2025,88,6,10,O3,HGB,primary,,,42,11005,33.1,58970ccc7c7732eefbc9244a28b4809b3f3beb05bc9c13bd5e6803627bde93e5,E3\7dc6f3d32bc4.npz,2026-10-01T10:28:55+00:00,2025-03-11_2025-03-23;2025-04-04_2025-04-16;2025-04-28_2025-05-10;2025-05-22_2025-06-03;2025-07-09_2025-07-21;2025-08-02_2025-08-14
15f4434c6b60,E3,2025,2025,88,6,11,O2,HGB,primary,,,36,11005,32.1,58970ccc7c7732eefbc9244a28b4809b3f3beb05bc9c13bd5e6803627bde93e5,E3\15f4434c6b60.npz,2026-10-01T10:29:27+00:00,2025-03-11_2025-03-23;2025-04-04_2025-04-16;2025-04-28_2025-05-10;2025-07-09_2025-07-21;2025-08-26_2025-09-07;2025-10-13_2025-10-25
26ef56cdd2bc,E3,2025,2025,88,6,11,O3,HGB,primary,,,42,11005,35.8,58970ccc7c7732eefbc9244a28b4809b3f3beb05bc9c13bd5e6803627bde93e5,E3\26ef56cdd2bc.npz,2026-10-01T10:30:03+00:00,2025-03-11_2025-03-23;2025-04-04_2025-04-16;2025-04-28_2025-05-10;2025-07-09_2025-07-21;2025-08-26_2025-09-07;2025-10-13_2025-10-25
920b76806c36,E3,2025,2025,88,6,12,O2,HGB,primary,,,36,11005,33.2,58970ccc7c7732eefbc9244a28b4809b3f3beb05bc9c13bd5e6803627bde93e5,E3\920b76806c36.npz,2026-10-01T10:30:37+00:00,2025-03-11_2025-03-23;2025-04-28_2025-05-10;2025-05-22_2025-06-03;2025-06-15_2025-06-27;2025-07-09_2025-07-21;2025-10-13_2025-10-25
e6d734bf43a4,E3,2025,2025,88,6,12,O3,HGB,primary,,,42,11005,33.6,58970ccc7c7732eefbc9244a28b4809b3f3beb05bc9c13bd5e6803627bde93e5,E3\e6d734bf43a4.npz,2026-10-01T10:31:10+00:00,2025-03-11_2025-03-23;2025-04-28_2025-05-10;2025-05-22_2025-06-03;2025-06-15_2025-06-27;2025-07-09_2025-07-21;2025-10-13_2025-10-25
c2f73e2b761e,E3,2025,2025,88,6,13,O2,HGB,primary,,,36,11005,29.9,58970ccc7c7732eefbc9244a28b4809b3f3beb05bc9c13bd5e6803627bde93e5,E3\c2f73e2b761e.npz,2026-10-01T10:31:40+00:00,2025-03-11_2025-03-23;2025-04-28_2025-05-10;2025-05-22_2025-06-03;2025-06-15_2025-06-27;2025-07-09_2025-07-21;2025-08-26_2025-09-07
b35a088ab790,E3,2025,2025,88,6,13,O3,HGB,primary,,,42,11005,33.1,58970ccc7c7732eefbc9244a28b4809b3f3beb05bc9c13bd5e6803627bde93e5,E3\b35a088ab790.npz,2026-10-01T10:32:13+00:00,2025-03-11_2025-03-23;2025-04-28_2025-05-10;2025-05-22_2025-06-03;2025-06-15_2025-06-27;2025-07-09_2025-07-21;2025-08-26_2025-09-07
bab1cb73c9c9,E3,2025,2025,88,6,14,O2,HGB,primary,,,36,11005,30.1,58970ccc7c7732eefbc9244a28b4809b3f3beb05bc9c13bd5e6803627bde93e5,E3\bab1cb73c9c9.npz,2026-10-01T10:32:43+00:00,2025-04-28_2025-05-10;2025-05-22_2025-06-03;2025-07-09_2025-07-21;2025-08-02_2025-08-14;2025-08-26_2025-09-07;2025-10-13_2025-10-25
db1d3851ed3a,E3,2025,2025,88,6,14,O3,HGB,primary,,,42,11005,32.7,58970ccc7c7732eefbc9244a28b4809b3f3beb05bc9c13bd5e6803627bde93e5,E3\db1d3851ed3a.npz,2026-10-01T10:33:16+00:00,2025-04-28_2025-05-10;2025-05-22_2025-06-03;2025-07-09_2025-07-21;2025-08-02_2025-08-14;2025-08-26_2025-09-07;2025-10-13_2025-10-25
2810fc1942e0,E3,2025,2025,88,6,15,O2,HGB,primary,,,36,11005,29.7,58970ccc7c7732eefbc9244a28b4809b3f3beb05bc9c13bd5e6803627bde93e5,E3\2810fc1942e0.npz,2026-10-01T10:33:46+00:00,2025-04-04_2025-04-16;2025-04-28_2025-05-10;2025-05-22_2025-06-03;2025-08-02_2025-08-14;2025-08-26_2025-09-07;2025-10-13_2025-10-25
dbd9b1b86908,E3,2025,2025,88,6,15,O3,HGB,primary,,,42,11005,33.1,58970ccc7c7732eefbc9244a28b4809b3f3beb05bc9c13bd5e6803627bde93e5,E3\dbd9b1b86908.npz,2026-10-01T10:34:19+00:00,2025-04-04_2025-04-16;2025-04-28_2025-05-10;2025-05-22_2025-06-03;2025-08-02_2025-08-14;2025-08-26_2025-09-07;2025-10-13_2025-10-25
96cfad1624ec,E3,2025,2025,88,6,16,O2,HGB,primary,,,36,11005,29.4,58970ccc7c7732eefbc9244a28b4809b3f3beb05bc9c13bd5e6803627bde93e5,E3\96cfad1624ec.npz,2026-10-01T10:34:48+00:00,2025-04-04_2025-04-16;2025-04-28_2025-05-10;2025-06-15_2025-06-27;2025-08-02_2025-08-14;2025-08-26_2025-09-07;2025-10-13_2025-10-25
a90d961b3b28,E3,2025,2025,88,6,16,O3,HGB,primary,,,42,11005,32.9,58970ccc7c7732eefbc9244a28b4809b3f3beb05bc9c13bd5e6803627bde93e5,E3\a90d961b3b28.npz,2026-10-01T10:35:21+00:00,2025-04-04_2025-04-16;2025-04-28_2025-05-10;2025-06-15_2025-06-27;2025-08-02_2025-08-14;2025-08-26_2025-09-07;2025-10-13_2025-10-25
c3ba94e20680,E3,2025,2025,88,6,17,O2,HGB,primary,,,36,11005,30.2,58970ccc7c7732eefbc9244a28b4809b3f3beb05bc9c13bd5e6803627bde93e5,E3\c3ba94e20680.npz,2026-10-01T10:35:51+00:00,2025-04-04_2025-04-16;2025-05-22_2025-06-03;2025-06-15_2025-06-27;2025-08-02_2025-08-14;2025-08-26_2025-09-07;2025-10-13_2025-10-25
b4d4dd8c7b45,E3,2025,2025,88,6,17,O3,HGB,primary,,,42,11005,33.0,58970ccc7c7732eefbc9244a28b4809b3f3beb05bc9c13bd5e6803627bde93e5,E3\b4d4dd8c7b45.npz,2026-10-01T10:36:24+00:00,2025-04-04_2025-04-16;2025-05-22_2025-06-03;2025-06-15_2025-06-27;2025-08-02_2025-08-14;2025-08-26_2025-09-07;2025-10-13_2025-10-25
d42c0af6734d,E3,2025,2025,88,6,18,O2,HGB,primary,,,36,11005,30.2,58970ccc7c7732eefbc9244a28b4809b3f3beb05bc9c13bd5e6803627bde93e5,E3\d42c0af6734d.npz,2026-10-01T10:36:54+00:00,2025-03-11_2025-03-23;2025-04-28_2025-05-10;2025-07-09_2025-07-21;2025-08-02_2025-08-14;2025-08-26_2025-09-07;2025-10-13_2025-10-25
e9aa732fb1e6,E3,2025,2025,88,6,18,O3,HGB,primary,,,42,11005,34.1,58970ccc7c7732eefbc9244a28b4809b3f3beb05bc9c13bd5e6803627bde93e5,E3\e9aa732fb1e6.npz,2026-10-01T10:37:28+00:00,2025-03-11_2025-03-23;2025-04-28_2025-05-10;2025-07-09_2025-07-21;2025-08-02_2025-08-14;2025-08-26_2025-09-07;2025-10-13_2025-10-25
7b96a7228d04,E3,2025,2025,88,6,19,O2,HGB,primary,,,36,11005,29.9,58970ccc7c7732eefbc9244a28b4809b3f3beb05bc9c13bd5e6803627bde93e5,E3\7b96a7228d04.npz,2026-10-01T10:37:58+00:00,2025-03-11_2025-03-23;2025-04-04_2025-04-16;2025-05-22_2025-06-03;2025-08-02_2025-08-14;2025-08-26_2025-09-07;2025-10-13_2025-10-25
b9272150e1e7,E3,2025,2025,88,6,19,O3,HGB,primary,,,42,11005,33.0,58970ccc7c7732eefbc9244a28b4809b3f3beb05bc9c13bd5e6803627bde93e5,E3\b9272150e1e7.npz,2026-10-01T10:38:31+00:00,2025-03-11_2025-03-23;2025-04-04_2025-04-16;2025-05-22_2025-06-03;2025-08-02_2025-08-14;2025-08-26_2025-09-07;2025-10-13_2025-10-25
02e917c6b2e5,E3,2025,2025,88,8,0,O2,HGB,primary,,,48,11005,35.8,58970ccc7c7732eefbc9244a28b4809b3f3beb05bc9c13bd5e6803627bde93e5,E3\02e917c6b2e5.npz,2026-10-01T10:39:07+00:00,2025-04-04_2025-04-16;2025-04-28_2025-05-10;2025-05-22_2025-06-03;2025-06-15_2025-06-27;2025-07-09_2025-07-21;2025-08-02_2025-08-14;2025-08-26_2025-09-07;2025-10-13_2025-10-25
10f20b331aa2,E3,2025,2025,88,8,0,O3,HGB,primary,,,56,11005,40.4,58970ccc7c7732eefbc9244a28b4809b3f3beb05bc9c13bd5e6803627bde93e5,E3\10f20b331aa2.npz,2026-10-01T10:39:48+00:00,2025-04-04_2025-04-16;2025-04-28_2025-05-10;2025-05-22_2025-06-03;2025-06-15_2025-06-27;2025-07-09_2025-07-21;2025-08-02_2025-08-14;2025-08-26_2025-09-07;2025-10-13_2025-10-25
1fe8e51a4f5a,E3,2025,2025,88,8,1,O2,HGB,primary,,,48,11005,36.0,58970ccc7c7732eefbc9244a28b4809b3f3beb05bc9c13bd5e6803627bde93e5,E3\1fe8e51a4f5a.npz,2026-10-01T10:40:24+00:00,2025-03-11_2025-03-23;2025-04-04_2025-04-16;2025-04-28_2025-05-10;2025-05-22_2025-06-03;2025-06-15_2025-06-27;2025-07-09_2025-07-21;2025-08-26_2025-09-07;2025-10-13_2025-10-25
c402dc46cff1,E3,2025,2025,88,8,1,O3,HGB,primary,,,56,11005,43.2,58970ccc7c7732eefbc9244a28b4809b3f3beb05bc9c13bd5e6803627bde93e5,E3\c402dc46cff1.npz,2026-10-01T10:41:07+00:00,2025-03-11_2025-03-23;2025-04-04_2025-04-16;2025-04-28_2025-05-10;2025-05-22_2025-06-03;2025-06-15_2025-06-27;2025-07-09_2025-07-21;2025-08-26_2025-09-07;2025-10-13_2025-10-25
b27e70289856,E3,2025,2025,88,8,2,O2,HGB,primary,,,48,11005,38.9,58970ccc7c7732eefbc9244a28b4809b3f3beb05bc9c13bd5e6803627bde93e5,E3\b27e70289856.npz,2026-10-01T10:41:46+00:00,2025-03-11_2025-03-23;2025-04-04_2025-04-16;2025-04-28_2025-05-10;2025-05-22_2025-06-03;2025-06-15_2025-06-27;2025-07-09_2025-07-21;2025-08-02_2025-08-14;2025-08-26_2025-09-07
e8225e7a46ff,E3,2025,2025,88,8,2,O3,HGB,primary,,,56,11005,43.3,58970ccc7c7732eefbc9244a28b4809b3f3beb05bc9c13bd5e6803627bde93e5,E3\e8225e7a46ff.npz,2026-10-01T10:42:29+00:00,2025-03-11_2025-03-23;2025-04-04_2025-04-16;2025-04-28_2025-05-10;2025-05-22_2025-06-03;2025-06-15_2025-06-27;2025-07-09_2025-07-21;2025-08-02_2025-08-14;2025-08-26_2025-09-07
09f95bfb1b4b,E3,2025,2025,88,8,3,O2,HGB,primary,,,48,11005,36.2,58970ccc7c7732eefbc9244a28b4809b3f3beb05bc9c13bd5e6803627bde93e5,E3\09f95bfb1b4b.npz,2026-10-01T10:43:05+00:00,2025-03-11_2025-03-23;2025-04-04_2025-04-16;2025-04-28_2025-05-10;2025-06-15_2025-06-27;2025-07-09_2025-07-21;2025-08-02_2025-08-14;2025-08-26_2025-09-07;2025-10-13_2025-10-25
655b3e25f620,E3,2025,2025,88,8,3,O3,HGB,primary,,,56,11005,40.3,58970ccc7c7732eefbc9244a28b4809b3f3beb05bc9c13bd5e6803627bde93e5,E3\655b3e25f620.npz,2026-10-01T10:43:45+00:00,2025-03-11_2025-03-23;2025-04-04_2025-04-16;2025-04-28_2025-05-10;2025-06-15_2025-06-27;2025-07-09_2025-07-21;2025-08-02_2025-08-14;2025-08-26_2025-09-07;2025-10-13_2025-10-25
bdc98ff88773,E3,2025,2025,88,8,4,O2,HGB,primary,,,48,11005,35.9,58970ccc7c7732eefbc9244a28b4809b3f3beb05bc9c13bd5e6803627bde93e5,E3\bdc98ff88773.npz,2026-10-01T10:44:21+00:00,2025-03-11_2025-03-23;2025-04-04_2025-04-16;2025-05-22_2025-06-03;2025-06-15_2025-06-27;2025-07-09_2025-07-21;2025-08-02_2025-08-14;2025-08-26_2025-09-07;2025-10-13_2025-10-25
3117d5545460,E3,2025,2025,88,8,4,O3,HGB,primary,,,56,11005,40.3,58970ccc7c7732eefbc9244a28b4809b3f3beb05bc9c13bd5e6803627bde93e5,E3\3117d5545460.npz,2026-10-01T10:45:02+00:00,2025-03-11_2025-03-23;2025-04-04_2025-04-16;2025-05-22_2025-06-03;2025-06-15_2025-06-27;2025-07-09_2025-07-21;2025-08-02_2025-08-14;2025-08-26_2025-09-07;2025-10-13_2025-10-25
c6941a6adc16,E3,2025,2025,88,8,5,O2,HGB,primary,,,48,11005,35.8,58970ccc7c7732eefbc9244a28b4809b3f3beb05bc9c13bd5e6803627bde93e5,E3\c6941a6adc16.npz,2026-10-01T10:45:37+00:00,2025-03-11_2025-03-23;2025-04-28_2025-05-10;2025-05-22_2025-06-03;2025-06-15_2025-06-27;2025-07-09_2025-07-21;2025-08-02_2025-08-14;2025-08-26_2025-09-07;2025-10-13_2025-10-25
1e9eeff9787e,E3,2025,2025,88,8,5,O3,HGB,primary,,,56,11005,40.2,58970ccc7c7732eefbc9244a28b4809b3f3beb05bc9c13bd5e6803627bde93e5,E3\1e9eeff9787e.npz,2026-10-01T10:46:18+00:00,2025-03-11_2025-03-23;2025-04-28_2025-05-10;2025-05-22_2025-06-03;2025-06-15_2025-06-27;2025-07-09_2025-07-21;2025-08-02_2025-08-14;2025-08-26_2025-09-07;2025-10-13_2025-10-25
7e504ef4e778,E3,2025,2025,88,8,6,O2,HGB,primary,,,48,11005,36.0,58970ccc7c7732eefbc9244a28b4809b3f3beb05bc9c13bd5e6803627bde93e5,E3\7e504ef4e778.npz,2026-10-01T10:46:54+00:00,2025-03-11_2025-03-23;2025-04-04_2025-04-16;2025-04-28_2025-05-10;2025-05-22_2025-06-03;2025-07-09_2025-07-21;2025-08-02_2025-08-14;2025-08-26_2025-09-07;2025-10-13_2025-10-25
56cd090032f6,E3,2025,2025,88,8,6,O3,HGB,primary,,,56,11005,43.3,58970ccc7c7732eefbc9244a28b4809b3f3beb05bc9c13bd5e6803627bde93e5,E3\56cd090032f6.npz,2026-10-01T10:47:37+00:00,2025-03-11_2025-03-23;2025-04-04_2025-04-16;2025-04-28_2025-05-10;2025-05-22_2025-06-03;2025-07-09_2025-07-21;2025-08-02_2025-08-14;2025-08-26_2025-09-07;2025-10-13_2025-10-25
246f65a63305,E3,2025,2025,88,8,7,O2,HGB,primary,,,48,11005,38.5,58970ccc7c7732eefbc9244a28b4809b3f3beb05bc9c13bd5e6803627bde93e5,E3\246f65a63305.npz,2026-10-01T10:48:15+00:00,2025-03-11_2025-03-23;2025-04-04_2025-04-16;2025-04-28_2025-05-10;2025-05-22_2025-06-03;2025-06-15_2025-06-27;2025-07-09_2025-07-21;2025-08-02_2025-08-14;2025-10-13_2025-10-25
1d2db2c864d7,E3,2025,2025,88,8,7,O3,HGB,primary,,,56,11005,42.2,58970ccc7c7732eefbc9244a28b4809b3f3beb05bc9c13bd5e6803627bde93e5,E3\1d2db2c864d7.npz,2026-10-01T10:48:58+00:00,2025-03-11_2025-03-23;2025-04-04_2025-04-16;2025-04-28_2025-05-10;2025-05-22_2025-06-03;2025-06-15_2025-06-27;2025-07-09_2025-07-21;2025-08-02_2025-08-14;2025-10-13_2025-10-25
a6d086e60e00,E3,2025,2025,88,8,8,O2,HGB,primary,,,48,11005,36.5,58970ccc7c7732eefbc9244a28b4809b3f3beb05bc9c13bd5e6803627bde93e5,E3\a6d086e60e00.npz,2026-10-01T10:49:34+00:00,2025-03-11_2025-03-23;2025-04-04_2025-04-16;2025-04-28_2025-05-10;2025-05-22_2025-06-03;2025-06-15_2025-06-27;2025-08-02_2025-08-14;2025-08-26_2025-09-07;2025-10-13_2025-10-25
a2030873aa6c,E3,2025,2025,88,8,8,O3,HGB,primary,,,56,11005,40.2,58970ccc7c7732eefbc9244a28b4809b3f3beb05bc9c13bd5e6803627bde93e5,E3\a2030873aa6c.npz,2026-10-01T10:50:14+00:00,2025-03-11_2025-03-23;2025-04-04_2025-04-16;2025-04-28_2025-05-10;2025-05-22_2025-06-03;2025-06-15_2025-06-27;2025-08-02_2025-08-14;2025-08-26_2025-09-07;2025-10-13_2025-10-25
89d0590bba30,E3,2024,2024,37,1,0,O2,HGB,primary,,,6,11069,13.1,58970ccc7c7732eefbc9244a28b4809b3f3beb05bc9c13bd5e6803627bde93e5,E3\89d0590bba30.npz,2026-10-01T10:50:27+00:00,2024-08-16_2024-08-28
72e9742eecee,E3,2024,2024,37,1,0,O3,HGB,primary,,,7,11069,13.9,58970ccc7c7732eefbc9244a28b4809b3f3beb05bc9c13bd5e6803627bde93e5,E3\72e9742eecee.npz,2026-10-01T10:50:41+00:00,2024-08-16_2024-08-28
d69c0e5f058a,E3,2024,2024,37,1,1,O2,HGB,primary,,,6,11069,13.0,58970ccc7c7732eefbc9244a28b4809b3f3beb05bc9c13bd5e6803627bde93e5,E3\d69c0e5f058a.npz,2026-10-01T10:50:54+00:00,2024-06-29_2024-07-11
dda8246d81eb,E3,2024,2024,37,1,1,O3,HGB,primary,,,7,11069,13.6,58970ccc7c7732eefbc9244a28b4809b3f3beb05bc9c13bd5e6803627bde93e5,E3\dda8246d81eb.npz,2026-10-01T10:51:08+00:00,2024-06-29_2024-07-11
7bffb76a2859,E3,2024,2024,37,1,2,O2,HGB,primary,,,6,11069,12.9,58970ccc7c7732eefbc9244a28b4809b3f3beb05bc9c13bd5e6803627bde93e5,E3\7bffb76a2859.npz,2026-10-01T10:51:21+00:00,2024-05-12_2024-05-24
4c7dc3e221e2,E3,2024,2024,37,1,2,O3,HGB,primary,,,7,11069,13.3,58970ccc7c7732eefbc9244a28b4809b3f3beb05bc9c13bd5e6803627bde93e5,E3\4c7dc3e221e2.npz,2026-10-01T10:51:34+00:00,2024-05-12_2024-05-24
9cf0d89a2946,E3,2024,2024,37,1,3,O2,HGB,primary,,,6,11069,13.0,58970ccc7c7732eefbc9244a28b4809b3f3beb05bc9c13bd5e6803627bde93e5,E3\9cf0d89a2946.npz,2026-10-01T10:51:47+00:00,2024-04-18_2024-04-30
c46d7840f767,E3,2024,2024,37,1,3,O3,HGB,primary,,,7,11069,13.6,58970ccc7c7732eefbc9244a28b4809b3f3beb05bc9c13bd5e6803627bde93e5,E3\c46d7840f767.npz,2026-10-01T10:52:01+00:00,2024-04-18_2024-04-30
f383b4f39881,E3,2024,2024,37,1,4,O2,HGB,primary,,,6,11069,13.0,58970ccc7c7732eefbc9244a28b4809b3f3beb05bc9c13bd5e6803627bde93e5,E3\f383b4f39881.npz,2026-10-01T10:52:14+00:00,2024-03-01_2024-03-13
f8aa82cf0999,E3,2024,2024,37,1,4,O3,HGB,primary,,,7,11069,13.5,58970ccc7c7732eefbc9244a28b4809b3f3beb05bc9c13bd5e6803627bde93e5,E3\f8aa82cf0999.npz,2026-10-01T10:52:27+00:00,2024-03-01_2024-03-13
7b67680ff95e,E3,2024,2024,37,1,5,O2,HGB,primary,,,6,11069,12.9,58970ccc7c7732eefbc9244a28b4809b3f3beb05bc9c13bd5e6803627bde93e5,E3\7b67680ff95e.npz,2026-10-01T10:52:40+00:00,2024-06-05_2024-06-17
7e3c6df3ca59,E3,2024,2024,37,1,5,O3,HGB,primary,,,7,11069,13.4,58970ccc7c7732eefbc9244a28b4809b3f3beb05bc9c13bd5e6803627bde93e5,E3\7e3c6df3ca59.npz,2026-10-01T10:52:54+00:00,2024-06-05_2024-06-17
272ae9e332c0,E3,2024,2024,37,1,6,O2,HGB,primary,,,6,11069,12.9,58970ccc7c7732eefbc9244a28b4809b3f3beb05bc9c13bd5e6803627bde93e5,E3\272ae9e332c0.npz,2026-10-01T10:53:06+00:00,2024-10-03_2024-10-15
141ba4faaf84,E3,2024,2024,37,1,6,O3,HGB,primary,,,7,11069,13.7,58970ccc7c7732eefbc9244a28b4809b3f3beb05bc9c13bd5e6803627bde93e5,E3\141ba4faaf84.npz,2026-10-01T10:53:20+00:00,2024-10-03_2024-10-15
455c9c0fc828,E3,2024,2024,37,1,7,O2,HGB,primary,,,6,11069,13.0,58970ccc7c7732eefbc9244a28b4809b3f3beb05bc9c13bd5e6803627bde93e5,E3\455c9c0fc828.npz,2026-10-01T10:53:33+00:00,2024-09-09_2024-09-21
c82524b0dab2,E3,2024,2024,37,1,7,O3,HGB,primary,,,7,11069,14.1,58970ccc7c7732eefbc9244a28b4809b3f3beb05bc9c13bd5e6803627bde93e5,E3\c82524b0dab2.npz,2026-10-01T10:53:47+00:00,2024-09-09_2024-09-21
2919950f9e4e,E3,2024,2024,37,1,8,O2,HGB,primary,,,6,11069,12.9,58970ccc7c7732eefbc9244a28b4809b3f3beb05bc9c13bd5e6803627bde93e5,E3\2919950f9e4e.npz,2026-10-01T10:54:00+00:00,2024-03-25_2024-04-06
45cd1e3ac718,E3,2024,2024,37,1,8,O3,HGB,primary,,,7,11069,13.7,58970ccc7c7732eefbc9244a28b4809b3f3beb05bc9c13bd5e6803627bde93e5,E3\45cd1e3ac718.npz,2026-10-01T10:54:14+00:00,2024-03-25_2024-04-06
bddd37040273,E3,2024,2024,37,2,0,O2,HGB,primary,,,12,11069,16.5,58970ccc7c7732eefbc9244a28b4809b3f3beb05bc9c13bd5e6803627bde93e5,E3\bddd37040273.npz,2026-10-01T10:54:30+00:00,2024-04-18_2024-04-30;2024-05-12_2024-05-24
bcf8a831ebc1,E3,2024,2024,37,2,0,O3,HGB,primary,,,14,11069,17.4,58970ccc7c7732eefbc9244a28b4809b3f3beb05bc9c13bd5e6803627bde93e5,E3\bcf8a831ebc1.npz,2026-10-01T10:54:48+00:00,2024-04-18_2024-04-30;2024-05-12_2024-05-24
f2e417c6843d,E3,2024,2024,37,2,1,O2,HGB,primary,,,12,11069,16.5,58970ccc7c7732eefbc9244a28b4809b3f3beb05bc9c13bd5e6803627bde93e5,E3\f2e417c6843d.npz,2026-10-01T10:55:04+00:00,2024-05-12_2024-05-24;2024-10-03_2024-10-15
92d1a3b9f78e,E3,2024,2024,37,2,1,O3,HGB,primary,,,14,11069,17.9,58970ccc7c7732eefbc9244a28b4809b3f3beb05bc9c13bd5e6803627bde93e5,E3\92d1a3b9f78e.npz,2026-10-01T10:55:22+00:00,2024-05-12_2024-05-24;2024-10-03_2024-10-15
b8cc31f7dbe1,E3,2024,2024,37,2,2,O2,HGB,primary,,,12,11069,16.6,58970ccc7c7732eefbc9244a28b4809b3f3beb05bc9c13bd5e6803627bde93e5,E3\b8cc31f7dbe1.npz,2026-10-01T10:55:39+00:00,2024-03-25_2024-04-06;2024-05-12_2024-05-24
d61742bccb05,E3,2024,2024,37,2,2,O3,HGB,primary,,,14,11069,17.5,58970ccc7c7732eefbc9244a28b4809b3f3beb05bc9c13bd5e6803627bde93e5,E3\d61742bccb05.npz,2026-10-01T10:55:56+00:00,2024-03-25_2024-04-06;2024-05-12_2024-05-24
f84d3155f704,E3,2024,2024,37,2,3,O2,HGB,primary,,,12,11069,16.6,58970ccc7c7732eefbc9244a28b4809b3f3beb05bc9c13bd5e6803627bde93e5,E3\f84d3155f704.npz,2026-10-01T10:56:13+00:00,2024-03-25_2024-04-06;2024-09-09_2024-09-21
1958bbe17ff3,E3,2024,2024,37,2,3,O3,HGB,primary,,,14,11069,18.0,58970ccc7c7732eefbc9244a28b4809b3f3beb05bc9c13bd5e6803627bde93e5,E3\1958bbe17ff3.npz,2026-10-01T10:56:31+00:00,2024-03-25_2024-04-06;2024-09-09_2024-09-21
af076a30a8a3,E3,2024,2024,37,2,4,O2,HGB,primary,,,12,11069,16.9,58970ccc7c7732eefbc9244a28b4809b3f3beb05bc9c13bd5e6803627bde93e5,E3\af076a30a8a3.npz,2026-10-01T10:56:48+00:00,2024-03-25_2024-04-06;2024-06-05_2024-06-17
026ae8f28171,E3,2024,2024,37,2,4,O3,HGB,primary,,,14,11069,17.7,58970ccc7c7732eefbc9244a28b4809b3f3beb05bc9c13bd5e6803627bde93e5,E3\026ae8f28171.npz,2026-10-01T10:57:05+00:00,2024-03-25_2024-04-06;2024-06-05_2024-06-17
18643d4fd17e,E3,2024,2024,37,2,5,O2,HGB,primary,,,12,11069,16.8,58970ccc7c7732eefbc9244a28b4809b3f3beb05bc9c13bd5e6803627bde93e5,E3\18643d4fd17e.npz,2026-10-01T10:57:22+00:00,2024-03-01_2024-03-13;2024-10-03_2024-10-15
6b773d4107e7,E3,2024,2024,37,2,5,O3,HGB,primary,,,14,11069,17.7,58970ccc7c7732eefbc9244a28b4809b3f3beb05bc9c13bd5e6803627bde93e5,E3\6b773d4107e7.npz,2026-10-01T10:57:40+00:00,2024-03-01_2024-03-13;2024-10-03_2024-10-15
f4c13c2a5460,E3,2024,2024,37,2,6,O2,HGB,primary,,,12,11069,16.7,58970ccc7c7732eefbc9244a28b4809b3f3beb05bc9c13bd5e6803627bde93e5,E3\f4c13c2a5460.npz,2026-10-01T10:57:57+00:00,2024-04-18_2024-04-30;2024-06-29_2024-07-11
d47971e564a5,E3,2024,2024,37,2,6,O3,HGB,primary,,,14,11069,17.9,58970ccc7c7732eefbc9244a28b4809b3f3beb05bc9c13bd5e6803627bde93e5,E3\d47971e564a5.npz,2026-10-01T10:58:14+00:00,2024-04-18_2024-04-30;2024-06-29_2024-07-11
56391d4e5ef9,E3,2024,2024,37,2,7,O2,HGB,primary,,,12,11069,16.7,58970ccc7c7732eefbc9244a28b4809b3f3beb05bc9c13bd5e6803627bde93e5,E3\56391d4e5ef9.npz,2026-10-01T10:58:31+00:00,2024-08-16_2024-08-28;2024-10-03_2024-10-15
42c85c7e23a7,E3,2024,2024,37,2,7,O3,HGB,primary,,,14,11069,19.0,58970ccc7c7732eefbc9244a28b4809b3f3beb05bc9c13bd5e6803627bde93e5,E3\42c85c7e23a7.npz,2026-10-01T10:58:50+00:00,2024-08-16_2024-08-28;2024-10-03_2024-10-15
6a089bed6bb6,E3,2024,2024,37,2,8,O2,HGB,primary,,,12,11069,18.2,58970ccc7c7732eefbc9244a28b4809b3f3beb05bc9c13bd5e6803627bde93e5,E3\6a089bed6bb6.npz,2026-10-01T10:59:08+00:00,2024-06-05_2024-06-17;2024-08-16_2024-08-28
b40900a8d314,E3,2024,2024,37,2,8,O3,HGB,primary,,,14,11069,19.5,58970ccc7c7732eefbc9244a28b4809b3f3beb05bc9c13bd5e6803627bde93e5,E3\b40900a8d314.npz,2026-10-01T10:59:28+00:00,2024-06-05_2024-06-17;2024-08-16_2024-08-28
8c738e108206,E3,2024,2024,37,2,9,O2,HGB,primary,,,12,11069,18.0,58970ccc7c7732eefbc9244a28b4809b3f3beb05bc9c13bd5e6803627bde93e5,E3\8c738e108206.npz,2026-10-01T10:59:46+00:00,2024-04-18_2024-04-30;2024-08-16_2024-08-28
7ed90fbf3827,E3,2024,2024,37,2,9,O3,HGB,primary,,,14,11069,19.2,58970ccc7c7732eefbc9244a28b4809b3f3beb05bc9c13bd5e6803627bde93e5,E3\7ed90fbf3827.npz,2026-10-01T11:00:05+00:00,2024-04-18_2024-04-30;2024-08-16_2024-08-28
3384a5c161bd,E3,2024,2024,37,3,0,O2,HGB,primary,,,18,11069,21.0,58970ccc7c7732eefbc9244a28b4809b3f3beb05bc9c13bd5e6803627bde93e5,E3\3384a5c161bd.npz,2026-10-01T11:00:26+00:00,2024-04-18_2024-04-30;2024-05-12_2024-05-24;2024-10-03_2024-10-15
67d837a901d3,E3,2024,2024,37,3,0,O3,HGB,primary,,,21,11069,21.9,58970ccc7c7732eefbc9244a28b4809b3f3beb05bc9c13bd5e6803627bde93e5,E3\67d837a901d3.npz,2026-10-01T11:00:48+00:00,2024-04-18_2024-04-30;2024-05-12_2024-05-24;2024-10-03_2024-10-15
4fdeac43b8de,E3,2024,2024,37,3,1,O2,HGB,primary,,,18,11069,20.0,58970ccc7c7732eefbc9244a28b4809b3f3beb05bc9c13bd5e6803627bde93e5,E3\4fdeac43b8de.npz,2026-10-01T11:01:08+00:00,2024-03-01_2024-03-13;2024-05-12_2024-05-24;2024-08-16_2024-08-28
4206c7768d15,E3,2024,2024,37,3,1,O3,HGB,primary,,,21,11069,22.1,58970ccc7c7732eefbc9244a28b4809b3f3beb05bc9c13bd5e6803627bde93e5,E3\4206c7768d15.npz,2026-10-01T11:01:30+00:00,2024-03-01_2024-03-13;2024-05-12_2024-05-24;2024-08-16_2024-08-28
152a8d92f11a,E3,2024,2024,37,3,2,O2,HGB,primary,,,18,11069,19.8,58970ccc7c7732eefbc9244a28b4809b3f3beb05bc9c13bd5e6803627bde93e5,E3\152a8d92f11a.npz,2026-10-01T11:01:50+00:00,2024-03-25_2024-04-06;2024-04-18_2024-04-30;2024-08-16_2024-08-28
16945355d3ca,E3,2024,2024,37,3,2,O3,HGB,primary,,,21,11069,21.9,58970ccc7c7732eefbc9244a28b4809b3f3beb05bc9c13bd5e6803627bde93e5,E3\16945355d3ca.npz,2026-10-01T11:02:12+00:00,2024-03-25_2024-04-06;2024-04-18_2024-04-30;2024-08-16_2024-08-28
1ecaa5d02022,E3,2024,2024,37,3,3,O2,HGB,primary,,,18,11069,19.9,58970ccc7c7732eefbc9244a28b4809b3f3beb05bc9c13bd5e6803627bde93e5,E3\1ecaa5d02022.npz,2026-10-01T11:02:32+00:00,2024-08-16_2024-08-28;2024-09-09_2024-09-21;2024-10-03_2024-10-15
b32386569644,E3,2024,2024,37,3,3,O3,HGB,primary,,,21,11069,21.6,58970ccc7c7732eefbc9244a28b4809b3f3beb05bc9c13bd5e6803627bde93e5,E3\b32386569644.npz,2026-10-01T11:02:53+00:00,2024-08-16_2024-08-28;2024-09-09_2024-09-21;2024-10-03_2024-10-15
378a98ccdacc,E3,2024,2024,37,3,4,O2,HGB,primary,,,18,11069,20.0,58970ccc7c7732eefbc9244a28b4809b3f3beb05bc9c13bd5e6803627bde93e5,E3\378a98ccdacc.npz,2026-10-01T11:03:13+00:00,2024-05-12_2024-05-24;2024-06-05_2024-06-17;2024-10-03_2024-10-15
f987e0f07ae7,E3,2024,2024,37,3,4,O3,HGB,primary,,,21,11069,21.6,58970ccc7c7732eefbc9244a28b4809b3f3beb05bc9c13bd5e6803627bde93e5,E3\f987e0f07ae7.npz,2026-10-01T11:03:35+00:00,2024-05-12_2024-05-24;2024-06-05_2024-06-17;2024-10-03_2024-10-15
b9704c4b2c0e,E3,2024,2024,37,3,5,O2,HGB,primary,,,18,11069,19.8,58970ccc7c7732eefbc9244a28b4809b3f3beb05bc9c13bd5e6803627bde93e5,E3\b9704c4b2c0e.npz,2026-10-01T11:03:54+00:00,2024-05-12_2024-05-24;2024-06-29_2024-07-11;2024-09-09_2024-09-21
f83bcc5cd33a,E3,2024,2024,37,3,5,O3,HGB,primary,,,21,11069,21.5,58970ccc7c7732eefbc9244a28b4809b3f3beb05bc9c13bd5e6803627bde93e5,E3\f83bcc5cd33a.npz,2026-10-01T11:04:16+00:00,2024-05-12_2024-05-24;2024-06-29_2024-07-11;2024-09-09_2024-09-21
3e1ef1f7ada6,E3,2024,2024,37,3,6,O2,HGB,primary,,,18,11069,19.9,58970ccc7c7732eefbc9244a28b4809b3f3beb05bc9c13bd5e6803627bde93e5,E3\3e1ef1f7ada6.npz,2026-10-01T11:04:36+00:00,2024-04-18_2024-04-30;2024-05-12_2024-05-24;2024-08-16_2024-08-28
072c0598fb68,E3,2024,2024,37,3,6,O3,HGB,primary,,,21,11069,21.5,58970ccc7c7732eefbc9244a28b4809b3f3beb05bc9c13bd5e6803627bde93e5,E3\072c0598fb68.npz,2026-10-01T11:04:57+00:00,2024-04-18_2024-04-30;2024-05-12_2024-05-24;2024-08-16_2024-08-28
762c4023ef61,E3,2024,2024,37,3,7,O2,HGB,primary,,,18,11069,20.4,58970ccc7c7732eefbc9244a28b4809b3f3beb05bc9c13bd5e6803627bde93e5,E3\762c4023ef61.npz,2026-10-01T11:05:18+00:00,2024-03-25_2024-04-06;2024-06-05_2024-06-17;2024-08-16_2024-08-28
e4c31297811e,E3,2024,2024,37,3,7,O3,HGB,primary,,,21,11069,21.7,58970ccc7c7732eefbc9244a28b4809b3f3beb05bc9c13bd5e6803627bde93e5,E3\e4c31297811e.npz,2026-10-01T11:05:39+00:00,2024-03-25_2024-04-06;2024-06-05_2024-06-17;2024-08-16_2024-08-28
a2ad8b6e63f6,E3,2024,2024,37,3,8,O2,HGB,primary,,,18,11069,19.7,58970ccc7c7732eefbc9244a28b4809b3f3beb05bc9c13bd5e6803627bde93e5,E3\a2ad8b6e63f6.npz,2026-10-01T11:05:59+00:00,2024-04-18_2024-04-30;2024-06-29_2024-07-11;2024-10-03_2024-10-15
bbc5b2752af7,E3,2024,2024,37,3,8,O3,HGB,primary,,,21,11069,21.5,58970ccc7c7732eefbc9244a28b4809b3f3beb05bc9c13bd5e6803627bde93e5,E3\bbc5b2752af7.npz,2026-10-01T11:06:21+00:00,2024-04-18_2024-04-30;2024-06-29_2024-07-11;2024-10-03_2024-10-15
b9f2b008d703,E3,2024,2024,37,3,9,O2,HGB,primary,,,18,11069,20.2,58970ccc7c7732eefbc9244a28b4809b3f3beb05bc9c13bd5e6803627bde93e5,E3\b9f2b008d703.npz,2026-10-01T11:06:41+00:00,2024-03-01_2024-03-13;2024-05-12_2024-05-24;2024-06-05_2024-06-17
e6cd8ac577cc,E3,2024,2024,37,3,9,O3,HGB,primary,,,21,11069,21.7,58970ccc7c7732eefbc9244a28b4809b3f3beb05bc9c13bd5e6803627bde93e5,E3\e6cd8ac577cc.npz,2026-10-01T11:07:03+00:00,2024-03-01_2024-03-13;2024-05-12_2024-05-24;2024-06-05_2024-06-17
2535cad561d2,E3,2024,2024,37,4,0,O2,HGB,primary,,,24,11069,23.1,58970ccc7c7732eefbc9244a28b4809b3f3beb05bc9c13bd5e6803627bde93e5,E3\2535cad561d2.npz,2026-10-01T11:07:26+00:00,2024-03-25_2024-04-06;2024-04-18_2024-04-30;2024-08-16_2024-08-28;2024-10-03_2024-10-15
a2c0265b838a,E3,2024,2024,37,4,0,O3,HGB,primary,,,28,11069,26.2,58970ccc7c7732eefbc9244a28b4809b3f3beb05bc9c13bd5e6803627bde93e5,E3\a2c0265b838a.npz,2026-10-01T11:07:52+00:00,2024-03-25_2024-04-06;2024-04-18_2024-04-30;2024-08-16_2024-08-28;2024-10-03_2024-10-15
19f0bfff339c,E3,2024,2024,37,4,1,O2,HGB,primary,,,24,11069,23.2,58970ccc7c7732eefbc9244a28b4809b3f3beb05bc9c13bd5e6803627bde93e5,E3\19f0bfff339c.npz,2026-10-01T11:08:15+00:00,2024-03-25_2024-04-06;2024-06-05_2024-06-17;2024-08-16_2024-08-28;2024-09-09_2024-09-21
0d6c05bd8736,E3,2024,2024,37,4,1,O3,HGB,primary,,,28,11069,26.3,58970ccc7c7732eefbc9244a28b4809b3f3beb05bc9c13bd5e6803627bde93e5,E3\0d6c05bd8736.npz,2026-10-01T11:08:41+00:00,2024-03-25_2024-04-06;2024-06-05_2024-06-17;2024-08-16_2024-08-28;2024-09-09_2024-09-21
420e8aaadc71,E3,2024,2024,37,4,2,O2,HGB,primary,,,24,11069,22.7,58970ccc7c7732eefbc9244a28b4809b3f3beb05bc9c13bd5e6803627bde93e5,E3\420e8aaadc71.npz,2026-10-01T11:09:04+00:00,2024-03-01_2024-03-13;2024-06-05_2024-06-17;2024-06-29_2024-07-11;2024-10-03_2024-10-15
aea78f2ec75a,E3,2024,2024,37,4,2,O3,HGB,primary,,,28,11069,25.8,58970ccc7c7732eefbc9244a28b4809b3f3beb05bc9c13bd5e6803627bde93e5,E3\aea78f2ec75a.npz,2026-10-01T11:09:30+00:00,2024-03-01_2024-03-13;2024-06-05_2024-06-17;2024-06-29_2024-07-11;2024-10-03_2024-10-15
afbf6ec02990,E3,2024,2024,37,4,3,O2,HGB,primary,,,24,11069,23.1,58970ccc7c7732eefbc9244a28b4809b3f3beb05bc9c13bd5e6803627bde93e5,E3\afbf6ec02990.npz,2026-10-01T11:09:53+00:00,2024-03-25_2024-04-06;2024-04-18_2024-04-30;2024-09-09_2024-09-21;2024-10-03_2024-10-15
5db215007301,E3,2024,2024,37,4,3,O3,HGB,primary,,,28,11069,27.1,58970ccc7c7732eefbc9244a28b4809b3f3beb05bc9c13bd5e6803627bde93e5,E3\5db215007301.npz,2026-10-01T11:10:20+00:00,2024-03-25_2024-04-06;2024-04-18_2024-04-30;2024-09-09_2024-09-21;2024-10-03_2024-10-15
faa7b76a8d8a,E3,2024,2024,37,4,4,O2,HGB,primary,,,24,11069,25.7,58970ccc7c7732eefbc9244a28b4809b3f3beb05bc9c13bd5e6803627bde93e5,E3\faa7b76a8d8a.npz,2026-10-01T11:10:46+00:00,2024-03-25_2024-04-06;2024-04-18_2024-04-30;2024-05-12_2024-05-24;2024-10-03_2024-10-15
12f465f63000,E3,2024,2024,37,4,4,O3,HGB,primary,,,28,11069,28.1,58970ccc7c7732eefbc9244a28b4809b3f3beb05bc9c13bd5e6803627bde93e5,E3\12f465f63000.npz,2026-10-01T11:11:14+00:00,2024-03-25_2024-04-06;2024-04-18_2024-04-30;2024-05-12_2024-05-24;2024-10-03_2024-10-15
1d33a34fb5c6,E3,2024,2024,37,4,5,O2,HGB,primary,,,24,11069,25.3,58970ccc7c7732eefbc9244a28b4809b3f3beb05bc9c13bd5e6803627bde93e5,E3\1d33a34fb5c6.npz,2026-10-01T11:11:39+00:00,2024-03-25_2024-04-06;2024-05-12_2024-05-24;2024-08-16_2024-08-28;2024-10-03_2024-10-15
26edccae3127,E3,2024,2024,37,4,5,O3,HGB,primary,,,28,11069,26.4,58970ccc7c7732eefbc9244a28b4809b3f3beb05bc9c13bd5e6803627bde93e5,E3\26edccae3127.npz,2026-10-01T11:12:06+00:00,2024-03-25_2024-04-06;2024-05-12_2024-05-24;2024-08-16_2024-08-28;2024-10-03_2024-10-15
92309e496270,E3,2024,2024,37,4,6,O2,HGB,primary,,,24,11069,23.4,58970ccc7c7732eefbc9244a28b4809b3f3beb05bc9c13bd5e6803627bde93e5,E3\92309e496270.npz,2026-10-01T11:12:29+00:00,2024-04-18_2024-04-30;2024-05-12_2024-05-24;2024-06-05_2024-06-17;2024-10-03_2024-10-15
fcfa9cddcde9,E3,2024,2024,37,4,6,O3,HGB,primary,,,28,11069,26.1,58970ccc7c7732eefbc9244a28b4809b3f3beb05bc9c13bd5e6803627bde93e5,E3\fcfa9cddcde9.npz,2026-10-01T11:12:55+00:00,2024-04-18_2024-04-30;2024-05-12_2024-05-24;2024-06-05_2024-06-17;2024-10-03_2024-10-15
1aeec44c468a,E3,2024,2024,37,4,7,O2,HGB,primary,,,24,11069,23.1,58970ccc7c7732eefbc9244a28b4809b3f3beb05bc9c13bd5e6803627bde93e5,E3\1aeec44c468a.npz,2026-10-01T11:13:18+00:00,2024-03-01_2024-03-13;2024-03-25_2024-04-06;2024-06-29_2024-07-11;2024-10-03_2024-10-15
99c8da43754e,E3,2024,2024,37,4,7,O3,HGB,primary,,,28,11069,25.9,58970ccc7c7732eefbc9244a28b4809b3f3beb05bc9c13bd5e6803627bde93e5,E3\99c8da43754e.npz,2026-10-01T11:13:44+00:00,2024-03-01_2024-03-13;2024-03-25_2024-04-06;2024-06-29_2024-07-11;2024-10-03_2024-10-15
22d9f8e2b749,E3,2024,2024,37,4,8,O2,HGB,primary,,,24,11069,23.2,58970ccc7c7732eefbc9244a28b4809b3f3beb05bc9c13bd5e6803627bde93e5,E3\22d9f8e2b749.npz,2026-10-01T11:14:07+00:00,2024-03-01_2024-03-13;2024-05-12_2024-05-24;2024-06-05_2024-06-17;2024-09-09_2024-09-21
0af518af3f06,E3,2024,2024,37,4,8,O3,HGB,primary,,,28,11069,26.0,58970ccc7c7732eefbc9244a28b4809b3f3beb05bc9c13bd5e6803627bde93e5,E3\0af518af3f06.npz,2026-10-01T11:14:33+00:00,2024-03-01_2024-03-13;2024-05-12_2024-05-24;2024-06-05_2024-06-17;2024-09-09_2024-09-21
dceffe554f3f,E3,2024,2024,37,4,9,O2,HGB,primary,,,24,11069,23.3,58970ccc7c7732eefbc9244a28b4809b3f3beb05bc9c13bd5e6803627bde93e5,E3\dceffe554f3f.npz,2026-10-01T11:14:57+00:00,2024-03-01_2024-03-13;2024-03-25_2024-04-06;2024-06-29_2024-07-11;2024-09-09_2024-09-21
3d0c41f603e1,E3,2024,2024,37,4,9,O3,HGB,primary,,,28,11069,25.8,58970ccc7c7732eefbc9244a28b4809b3f3beb05bc9c13bd5e6803627bde93e5,E3\3d0c41f603e1.npz,2026-10-01T11:15:23+00:00,2024-03-01_2024-03-13;2024-03-25_2024-04-06;2024-06-29_2024-07-11;2024-09-09_2024-09-21
ff26d3ca554f,E3,2024,2024,37,6,0,O2,HGB,primary,,,36,11069,30.1,58970ccc7c7732eefbc9244a28b4809b3f3beb05bc9c13bd5e6803627bde93e5,E3\ff26d3ca554f.npz,2026-10-01T11:15:53+00:00,2024-03-01_2024-03-13;2024-03-25_2024-04-06;2024-04-18_2024-04-30;2024-05-12_2024-05-24;2024-08-16_2024-08-28;2024-09-09_2024-09-21
336d14b5f90c,E3,2024,2024,37,6,0,O3,HGB,primary,,,42,11069,33.3,58970ccc7c7732eefbc9244a28b4809b3f3beb05bc9c13bd5e6803627bde93e5,E3\336d14b5f90c.npz,2026-10-01T11:16:26+00:00,2024-03-01_2024-03-13;2024-03-25_2024-04-06;2024-04-18_2024-04-30;2024-05-12_2024-05-24;2024-08-16_2024-08-28;2024-09-09_2024-09-21
987efe2206cb,E3,2024,2024,37,6,1,O2,HGB,primary,,,36,11069,30.2,58970ccc7c7732eefbc9244a28b4809b3f3beb05bc9c13bd5e6803627bde93e5,E3\987efe2206cb.npz,2026-10-01T11:16:56+00:00,2024-03-25_2024-04-06;2024-05-12_2024-05-24;2024-06-05_2024-06-17;2024-06-29_2024-07-11;2024-08-16_2024-08-28;2024-09-09_2024-09-21
9a586da0f3f1,E3,2024,2024,37,6,1,O3,HGB,primary,,,42,11069,33.0,58970ccc7c7732eefbc9244a28b4809b3f3beb05bc9c13bd5e6803627bde93e5,E3\9a586da0f3f1.npz,2026-10-01T11:17:29+00:00,2024-03-25_2024-04-06;2024-05-12_2024-05-24;2024-06-05_2024-06-17;2024-06-29_2024-07-11;2024-08-16_2024-08-28;2024-09-09_2024-09-21
8729e766889f,E3,2024,2024,37,6,2,O2,HGB,primary,,,36,11069,29.7,58970ccc7c7732eefbc9244a28b4809b3f3beb05bc9c13bd5e6803627bde93e5,E3\8729e766889f.npz,2026-10-01T11:17:59+00:00,2024-04-18_2024-04-30;2024-05-12_2024-05-24;2024-06-05_2024-06-17;2024-08-16_2024-08-28;2024-09-09_2024-09-21;2024-10-03_2024-10-15
2e9c38f295a2,E3,2024,2024,37,6,2,O3,HGB,primary,,,42,11069,33.1,58970ccc7c7732eefbc9244a28b4809b3f3beb05bc9c13bd5e6803627bde93e5,E3\2e9c38f295a2.npz,2026-10-01T11:18:32+00:00,2024-04-18_2024-04-30;2024-05-12_2024-05-24;2024-06-05_2024-06-17;2024-08-16_2024-08-28;2024-09-09_2024-09-21;2024-10-03_2024-10-15
b453c114c142,E3,2024,2024,37,6,3,O2,HGB,primary,,,36,11069,30.0,58970ccc7c7732eefbc9244a28b4809b3f3beb05bc9c13bd5e6803627bde93e5,E3\b453c114c142.npz,2026-10-01T11:19:02+00:00,2024-03-01_2024-03-13;2024-03-25_2024-04-06;2024-04-18_2024-04-30;2024-05-12_2024-05-24;2024-06-29_2024-07-11;2024-08-16_2024-08-28
ce78c62b7b92,E3,2024,2024,37,6,3,O3,HGB,primary,,,42,11069,33.3,58970ccc7c7732eefbc9244a28b4809b3f3beb05bc9c13bd5e6803627bde93e5,E3\ce78c62b7b92.npz,2026-10-01T11:19:35+00:00,2024-03-01_2024-03-13;2024-03-25_2024-04-06;2024-04-18_2024-04-30;2024-05-12_2024-05-24;2024-06-29_2024-07-11;2024-08-16_2024-08-28
ab3b3fe1063c,E3,2024,2024,37,6,4,O2,HGB,primary,,,36,11069,29.8,58970ccc7c7732eefbc9244a28b4809b3f3beb05bc9c13bd5e6803627bde93e5,E3\ab3b3fe1063c.npz,2026-10-01T11:20:05+00:00,2024-03-01_2024-03-13;2024-03-25_2024-04-06;2024-04-18_2024-04-30;2024-05-12_2024-05-24;2024-06-29_2024-07-11;2024-10-03_2024-10-15
7ccb601b1266,E3,2024,2024,37,6,4,O3,HGB,primary,,,42,11069,33.5,58970ccc7c7732eefbc9244a28b4809b3f3beb05bc9c13bd5e6803627bde93e5,E3\7ccb601b1266.npz,2026-10-01T11:20:39+00:00,2024-03-01_2024-03-13;2024-03-25_2024-04-06;2024-04-18_2024-04-30;2024-05-12_2024-05-24;2024-06-29_2024-07-11;2024-10-03_2024-10-15
a2d256ee31b1,E3,2024,2024,37,6,5,O2,HGB,primary,,,36,11069,30.0,58970ccc7c7732eefbc9244a28b4809b3f3beb05bc9c13bd5e6803627bde93e5,E3\a2d256ee31b1.npz,2026-10-01T11:21:09+00:00,2024-03-25_2024-04-06;2024-04-18_2024-04-30;2024-05-12_2024-05-24;2024-06-29_2024-07-11;2024-09-09_2024-09-21;2024-10-03_2024-10-15
84c58e99ac56,E3,2024,2024,37,6,5,O3,HGB,primary,,,42,11069,33.2,58970ccc7c7732eefbc9244a28b4809b3f3beb05bc9c13bd5e6803627bde93e5,E3\84c58e99ac56.npz,2026-10-01T11:21:42+00:00,2024-03-25_2024-04-06;2024-04-18_2024-04-30;2024-05-12_2024-05-24;2024-06-29_2024-07-11;2024-09-09_2024-09-21;2024-10-03_2024-10-15
cbcb2d364d79,E3,2024,2024,37,6,6,O2,HGB,primary,,,36,11069,32.9,58970ccc7c7732eefbc9244a28b4809b3f3beb05bc9c13bd5e6803627bde93e5,E3\cbcb2d364d79.npz,2026-10-01T11:22:15+00:00,2024-03-01_2024-03-13;2024-03-25_2024-04-06;2024-05-12_2024-05-24;2024-06-05_2024-06-17;2024-06-29_2024-07-11;2024-10-03_2024-10-15
2fb46131a574,E3,2024,2024,37,6,6,O3,HGB,primary,,,42,11069,36.0,58970ccc7c7732eefbc9244a28b4809b3f3beb05bc9c13bd5e6803627bde93e5,E3\2fb46131a574.npz,2026-10-01T11:22:51+00:00,2024-03-01_2024-03-13;2024-03-25_2024-04-06;2024-05-12_2024-05-24;2024-06-05_2024-06-17;2024-06-29_2024-07-11;2024-10-03_2024-10-15
c42ac42a8ceb,E3,2024,2024,37,6,7,O2,HGB,primary,,,36,11069,32.4,58970ccc7c7732eefbc9244a28b4809b3f3beb05bc9c13bd5e6803627bde93e5,E3\c42ac42a8ceb.npz,2026-10-01T11:23:23+00:00,2024-03-01_2024-03-13;2024-04-18_2024-04-30;2024-05-12_2024-05-24;2024-06-05_2024-06-17;2024-06-29_2024-07-11;2024-10-03_2024-10-15
573139420a18,E3,2024,2024,37,6,7,O3,HGB,primary,,,42,11069,33.5,58970ccc7c7732eefbc9244a28b4809b3f3beb05bc9c13bd5e6803627bde93e5,E3\573139420a18.npz,2026-10-01T11:23:57+00:00,2024-03-01_2024-03-13;2024-04-18_2024-04-30;2024-05-12_2024-05-24;2024-06-05_2024-06-17;2024-06-29_2024-07-11;2024-10-03_2024-10-15
6a86394b96c5,E3,2024,2024,37,6,8,O2,HGB,primary,,,36,11069,30.1,58970ccc7c7732eefbc9244a28b4809b3f3beb05bc9c13bd5e6803627bde93e5,E3\6a86394b96c5.npz,2026-10-01T11:24:27+00:00,2024-03-01_2024-03-13;2024-04-18_2024-04-30;2024-05-12_2024-05-24;2024-06-05_2024-06-17;2024-08-16_2024-08-28;2024-09-09_2024-09-21
f81053e9fde9,E3,2024,2024,37,6,8,O3,HGB,primary,,,42,11069,36.1,58970ccc7c7732eefbc9244a28b4809b3f3beb05bc9c13bd5e6803627bde93e5,E3\f81053e9fde9.npz,2026-10-01T11:25:03+00:00,2024-03-01_2024-03-13;2024-04-18_2024-04-30;2024-05-12_2024-05-24;2024-06-05_2024-06-17;2024-08-16_2024-08-28;2024-09-09_2024-09-21
b8d0863f5ce2,E3,2024,2024,37,6,9,O2,HGB,primary,,,36,11069,31.2,58970ccc7c7732eefbc9244a28b4809b3f3beb05bc9c13bd5e6803627bde93e5,E3\b8d0863f5ce2.npz,2026-10-01T11:25:34+00:00,2024-04-18_2024-04-30;2024-06-05_2024-06-17;2024-06-29_2024-07-11;2024-08-16_2024-08-28;2024-09-09_2024-09-21;2024-10-03_2024-10-15
7f897e9d45b5,E3,2024,2024,37,6,9,O3,HGB,primary,,,42,11069,33.5,58970ccc7c7732eefbc9244a28b4809b3f3beb05bc9c13bd5e6803627bde93e5,E3\7f897e9d45b5.npz,2026-10-01T11:26:07+00:00,2024-04-18_2024-04-30;2024-06-05_2024-06-17;2024-06-29_2024-07-11;2024-08-16_2024-08-28;2024-09-09_2024-09-21;2024-10-03_2024-10-15
0db5a55e8107,E3,2024,2024,37,8,0,O2,HGB,primary,,,48,11069,35.2,58970ccc7c7732eefbc9244a28b4809b3f3beb05bc9c13bd5e6803627bde93e5,E3\0db5a55e8107.npz,2026-10-01T11:26:43+00:00,2024-03-01_2024-03-13;2024-03-25_2024-04-06;2024-04-18_2024-04-30;2024-05-12_2024-05-24;2024-06-05_2024-06-17;2024-06-29_2024-07-11;2024-08-16_2024-08-28;2024-09-09_2024-09-21
511327e24fe1,E3,2024,2024,37,8,0,O3,HGB,primary,,,56,11069,39.6,58970ccc7c7732eefbc9244a28b4809b3f3beb05bc9c13bd5e6803627bde93e5,E3\511327e24fe1.npz,2026-10-01T11:27:22+00:00,2024-03-01_2024-03-13;2024-03-25_2024-04-06;2024-04-18_2024-04-30;2024-05-12_2024-05-24;2024-06-05_2024-06-17;2024-06-29_2024-07-11;2024-08-16_2024-08-28;2024-09-09_2024-09-21
dc2419088074,E3,2024,2024,37,8,1,O2,HGB,primary,,,48,11069,35.2,58970ccc7c7732eefbc9244a28b4809b3f3beb05bc9c13bd5e6803627bde93e5,E3\dc2419088074.npz,2026-10-01T11:27:57+00:00,2024-03-01_2024-03-13;2024-04-18_2024-04-30;2024-05-12_2024-05-24;2024-06-05_2024-06-17;2024-06-29_2024-07-11;2024-08-16_2024-08-28;2024-09-09_2024-09-21;2024-10-03_2024-10-15
a87171784584,E3,2024,2024,37,8,1,O3,HGB,primary,,,56,11069,40.3,58970ccc7c7732eefbc9244a28b4809b3f3beb05bc9c13bd5e6803627bde93e5,E3\a87171784584.npz,2026-10-01T11:28:38+00:00,2024-03-01_2024-03-13;2024-04-18_2024-04-30;2024-05-12_2024-05-24;2024-06-05_2024-06-17;2024-06-29_2024-07-11;2024-08-16_2024-08-28;2024-09-09_2024-09-21;2024-10-03_2024-10-15
1942c7c5e7da,E3,2024,2024,37,8,2,O2,HGB,primary,,,48,11069,35.7,58970ccc7c7732eefbc9244a28b4809b3f3beb05bc9c13bd5e6803627bde93e5,E3\1942c7c5e7da.npz,2026-10-01T11:29:14+00:00,2024-03-01_2024-03-13;2024-03-25_2024-04-06;2024-04-18_2024-04-30;2024-05-12_2024-05-24;2024-06-05_2024-06-17;2024-06-29_2024-07-11;2024-08-16_2024-08-28;2024-10-03_2024-10-15
a5c5942ca682,E3,2024,2024,37,8,2,O3,HGB,primary,,,56,11069,40.3,58970ccc7c7732eefbc9244a28b4809b3f3beb05bc9c13bd5e6803627bde93e5,E3\a5c5942ca682.npz,2026-10-01T11:29:54+00:00,2024-03-01_2024-03-13;2024-03-25_2024-04-06;2024-04-18_2024-04-30;2024-05-12_2024-05-24;2024-06-05_2024-06-17;2024-06-29_2024-07-11;2024-08-16_2024-08-28;2024-10-03_2024-10-15
d3258fdc5d85,E3,2024,2024,37,8,3,O2,HGB,primary,,,48,11069,35.9,58970ccc7c7732eefbc9244a28b4809b3f3beb05bc9c13bd5e6803627bde93e5,E3\d3258fdc5d85.npz,2026-10-01T11:30:30+00:00,2024-03-01_2024-03-13;2024-03-25_2024-04-06;2024-04-18_2024-04-30;2024-05-12_2024-05-24;2024-06-05_2024-06-17;2024-06-29_2024-07-11;2024-09-09_2024-09-21;2024-10-03_2024-10-15
5f15c855d7dc,E3,2024,2024,37,8,3,O3,HGB,primary,,,56,11069,40.7,58970ccc7c7732eefbc9244a28b4809b3f3beb05bc9c13bd5e6803627bde93e5,E3\5f15c855d7dc.npz,2026-10-01T11:31:10+00:00,2024-03-01_2024-03-13;2024-03-25_2024-04-06;2024-04-18_2024-04-30;2024-05-12_2024-05-24;2024-06-05_2024-06-17;2024-06-29_2024-07-11;2024-09-09_2024-09-21;2024-10-03_2024-10-15
725ce1bb7a78,E3,2024,2024,37,8,4,O2,HGB,primary,,,48,11069,35.9,58970ccc7c7732eefbc9244a28b4809b3f3beb05bc9c13bd5e6803627bde93e5,E3\725ce1bb7a78.npz,2026-10-01T11:31:46+00:00,2024-03-01_2024-03-13;2024-03-25_2024-04-06;2024-05-12_2024-05-24;2024-06-05_2024-06-17;2024-06-29_2024-07-11;2024-08-16_2024-08-28;2024-09-09_2024-09-21;2024-10-03_2024-10-15
0e59e4b229fc,E3,2024,2024,37,8,4,O3,HGB,primary,,,56,11069,40.3,58970ccc7c7732eefbc9244a28b4809b3f3beb05bc9c13bd5e6803627bde93e5,E3\0e59e4b229fc.npz,2026-10-01T11:32:27+00:00,2024-03-01_2024-03-13;2024-03-25_2024-04-06;2024-05-12_2024-05-24;2024-06-05_2024-06-17;2024-06-29_2024-07-11;2024-08-16_2024-08-28;2024-09-09_2024-09-21;2024-10-03_2024-10-15
bc94c3255ebd,E3,2024,2024,37,8,5,O2,HGB,primary,,,48,11069,35.7,58970ccc7c7732eefbc9244a28b4809b3f3beb05bc9c13bd5e6803627bde93e5,E3\bc94c3255ebd.npz,2026-10-01T11:33:02+00:00,2024-03-25_2024-04-06;2024-04-18_2024-04-30;2024-05-12_2024-05-24;2024-06-05_2024-06-17;2024-06-29_2024-07-11;2024-08-16_2024-08-28;2024-09-09_2024-09-21;2024-10-03_2024-10-15
f5ef707a4236,E3,2024,2024,37,8,5,O3,HGB,primary,,,56,11069,43.3,58970ccc7c7732eefbc9244a28b4809b3f3beb05bc9c13bd5e6803627bde93e5,E3\f5ef707a4236.npz,2026-10-01T11:33:46+00:00,2024-03-25_2024-04-06;2024-04-18_2024-04-30;2024-05-12_2024-05-24;2024-06-05_2024-06-17;2024-06-29_2024-07-11;2024-08-16_2024-08-28;2024-09-09_2024-09-21;2024-10-03_2024-10-15
92bec26a0333,E3,2024,2024,37,8,6,O2,HGB,primary,,,48,11069,39.5,58970ccc7c7732eefbc9244a28b4809b3f3beb05bc9c13bd5e6803627bde93e5,E3\92bec26a0333.npz,2026-10-01T11:34:25+00:00,2024-03-01_2024-03-13;2024-03-25_2024-04-06;2024-04-18_2024-04-30;2024-05-12_2024-05-24;2024-06-05_2024-06-17;2024-08-16_2024-08-28;2024-09-09_2024-09-21;2024-10-03_2024-10-15
6542f9d56b7d,E3,2024,2024,37,8,6,O3,HGB,primary,,,56,11069,42.6,58970ccc7c7732eefbc9244a28b4809b3f3beb05bc9c13bd5e6803627bde93e5,E3\6542f9d56b7d.npz,2026-10-01T11:35:08+00:00,2024-03-01_2024-03-13;2024-03-25_2024-04-06;2024-04-18_2024-04-30;2024-05-12_2024-05-24;2024-06-05_2024-06-17;2024-08-16_2024-08-28;2024-09-09_2024-09-21;2024-10-03_2024-10-15
fa56472ff519,E3,2024,2024,37,8,7,O2,HGB,primary,,,48,11069,36.1,58970ccc7c7732eefbc9244a28b4809b3f3beb05bc9c13bd5e6803627bde93e5,E3\fa56472ff519.npz,2026-10-01T11:35:44+00:00,2024-03-01_2024-03-13;2024-03-25_2024-04-06;2024-04-18_2024-04-30;2024-06-05_2024-06-17;2024-06-29_2024-07-11;2024-08-16_2024-08-28;2024-09-09_2024-09-21;2024-10-03_2024-10-15
3ab911de6a75,E3,2024,2024,37,8,7,O3,HGB,primary,,,56,11069,40.6,58970ccc7c7732eefbc9244a28b4809b3f3beb05bc9c13bd5e6803627bde93e5,E3\3ab911de6a75.npz,2026-10-01T11:36:24+00:00,2024-03-01_2024-03-13;2024-03-25_2024-04-06;2024-04-18_2024-04-30;2024-06-05_2024-06-17;2024-06-29_2024-07-11;2024-08-16_2024-08-28;2024-09-09_2024-09-21;2024-10-03_2024-10-15
77b26365259e,E3,2024,2024,37,8,8,O2,HGB,primary,,,48,11069,35.7,58970ccc7c7732eefbc9244a28b4809b3f3beb05bc9c13bd5e6803627bde93e5,E3\77b26365259e.npz,2026-10-01T11:37:00+00:00,2024-03-01_2024-03-13;2024-03-25_2024-04-06;2024-04-18_2024-04-30;2024-05-12_2024-05-24;2024-06-29_2024-07-11;2024-08-16_2024-08-28;2024-09-09_2024-09-21;2024-10-03_2024-10-15
042438b35158,E3,2024,2024,37,8,8,O3,HGB,primary,,,56,11069,40.1,58970ccc7c7732eefbc9244a28b4809b3f3beb05bc9c13bd5e6803627bde93e5,E3\042438b35158.npz,2026-10-01T11:37:40+00:00,2024-03-01_2024-03-13;2024-03-25_2024-04-06;2024-04-18_2024-04-30;2024-05-12_2024-05-24;2024-06-29_2024-07-11;2024-08-16_2024-08-28;2024-09-09_2024-09-21;2024-10-03_2024-10-15
814f0ebefecf,E3,2024,2024,88,1,0,O2,HGB,primary,,,6,11069,13.0,58970ccc7c7732eefbc9244a28b4809b3f3beb05bc9c13bd5e6803627bde93e5,E3\814f0ebefecf.npz,2026-10-01T11:37:53+00:00,2024-03-28_2024-04-09
533a267e5d10,E3,2024,2024,88,1,0,O3,HGB,primary,,,7,11069,13.3,58970ccc7c7732eefbc9244a28b4809b3f3beb05bc9c13bd5e6803627bde93e5,E3\533a267e5d10.npz,2026-10-01T11:38:06+00:00,2024-03-28_2024-04-09
cea2255f459e,E3,2024,2024,88,1,1,O2,HGB,primary,,,6,11069,13.2,58970ccc7c7732eefbc9244a28b4809b3f3beb05bc9c13bd5e6803627bde93e5,E3\cea2255f459e.npz,2026-10-01T11:38:20+00:00,2024-04-21_2024-05-03
fc5fa1bee68c,E3,2024,2024,88,1,1,O3,HGB,primary,,,7,11069,13.6,58970ccc7c7732eefbc9244a28b4809b3f3beb05bc9c13bd5e6803627bde93e5,E3\fc5fa1bee68c.npz,2026-10-01T11:38:33+00:00,2024-04-21_2024-05-03
171f276343c3,E3,2024,2024,88,1,2,O2,HGB,primary,,,6,11069,13.1,58970ccc7c7732eefbc9244a28b4809b3f3beb05bc9c13bd5e6803627bde93e5,E3\171f276343c3.npz,2026-10-01T11:38:46+00:00,2024-07-26_2024-08-07
330384152291,E3,2024,2024,88,1,2,O3,HGB,primary,,,7,11069,14.1,58970ccc7c7732eefbc9244a28b4809b3f3beb05bc9c13bd5e6803627bde93e5,E3\330384152291.npz,2026-10-01T11:39:00+00:00,2024-07-26_2024-08-07
21cf32fa664a,E3,2024,2024,88,1,3,O2,HGB,primary,,,6,11069,13.1,58970ccc7c7732eefbc9244a28b4809b3f3beb05bc9c13bd5e6803627bde93e5,E3\21cf32fa664a.npz,2026-10-01T11:39:13+00:00,2024-07-02_2024-07-14
0cb482935476,E3,2024,2024,88,1,3,O3,HGB,primary,,,7,11069,13.5,58970ccc7c7732eefbc9244a28b4809b3f3beb05bc9c13bd5e6803627bde93e5,E3\0cb482935476.npz,2026-10-01T11:39:27+00:00,2024-07-02_2024-07-14
fd9b2877be1b,E3,2024,2024,88,1,4,O2,HGB,primary,,,6,11069,13.1,58970ccc7c7732eefbc9244a28b4809b3f3beb05bc9c13bd5e6803627bde93e5,E3\fd9b2877be1b.npz,2026-10-01T11:39:40+00:00,2024-06-08_2024-06-20
2efce99d0d29,E3,2024,2024,88,1,4,O3,HGB,primary,,,7,11069,14.2,58970ccc7c7732eefbc9244a28b4809b3f3beb05bc9c13bd5e6803627bde93e5,E3\2efce99d0d29.npz,2026-10-01T11:39:54+00:00,2024-06-08_2024-06-20
578968fc519c,E3,2024,2024,88,1,5,O2,HGB,primary,,,6,11069,13.1,58970ccc7c7732eefbc9244a28b4809b3f3beb05bc9c13bd5e6803627bde93e5,E3\578968fc519c.npz,2026-10-01T11:40:07+00:00,2024-10-06_2024-10-18
cdc1b636c419,E3,2024,2024,88,1,5,O3,HGB,primary,,,7,11069,13.8,58970ccc7c7732eefbc9244a28b4809b3f3beb05bc9c13bd5e6803627bde93e5,E3\cdc1b636c419.npz,2026-10-01T11:40:21+00:00,2024-10-06_2024-10-18
56a1061f3419,E3,2024,2024,88,1,6,O2,HGB,primary,,,6,11069,13.1,58970ccc7c7732eefbc9244a28b4809b3f3beb05bc9c13bd5e6803627bde93e5,E3\56a1061f3419.npz,2026-10-01T11:40:34+00:00,2024-05-15_2024-05-27
7b6ad14e0219,E3,2024,2024,88,1,6,O3,HGB,primary,,,7,11069,13.5,58970ccc7c7732eefbc9244a28b4809b3f3beb05bc9c13bd5e6803627bde93e5,E3\7b6ad14e0219.npz,2026-10-01T11:40:48+00:00,2024-05-15_2024-05-27
285c5ed13e99,E3,2024,2024,88,1,7,O2,HGB,primary,,,6,11069,13.3,58970ccc7c7732eefbc9244a28b4809b3f3beb05bc9c13bd5e6803627bde93e5,E3\285c5ed13e99.npz,2026-10-01T11:41:01+00:00,2024-08-19_2024-08-31
8229e585edc6,E3,2024,2024,88,1,7,O3,HGB,primary,,,7,11069,13.6,58970ccc7c7732eefbc9244a28b4809b3f3beb05bc9c13bd5e6803627bde93e5,E3\8229e585edc6.npz,2026-10-01T11:41:15+00:00,2024-08-19_2024-08-31
9ec778cb5c11,E3,2024,2024,88,1,8,O2,HGB,primary,,,6,11069,12.8,58970ccc7c7732eefbc9244a28b4809b3f3beb05bc9c13bd5e6803627bde93e5,E3\9ec778cb5c11.npz,2026-10-01T11:41:28+00:00,2024-03-04_2024-03-16
0481822ce91f,E3,2024,2024,88,1,8,O3,HGB,primary,,,7,11069,13.4,58970ccc7c7732eefbc9244a28b4809b3f3beb05bc9c13bd5e6803627bde93e5,E3\0481822ce91f.npz,2026-10-01T11:41:41+00:00,2024-03-04_2024-03-16
71b7797de981,E3,2024,2024,88,2,0,O2,HGB,primary,,,12,11069,17.0,58970ccc7c7732eefbc9244a28b4809b3f3beb05bc9c13bd5e6803627bde93e5,E3\71b7797de981.npz,2026-10-01T11:41:58+00:00,2024-06-08_2024-06-20;2024-07-02_2024-07-14
da85a062ef58,E3,2024,2024,88,2,0,O3,HGB,primary,,,14,11069,17.9,58970ccc7c7732eefbc9244a28b4809b3f3beb05bc9c13bd5e6803627bde93e5,E3\da85a062ef58.npz,2026-10-01T11:42:16+00:00,2024-06-08_2024-06-20;2024-07-02_2024-07-14
117a9efe8070,E3,2024,2024,88,2,1,O2,HGB,primary,,,12,11069,16.6,58970ccc7c7732eefbc9244a28b4809b3f3beb05bc9c13bd5e6803627bde93e5,E3\117a9efe8070.npz,2026-10-01T11:42:32+00:00,2024-05-15_2024-05-27;2024-08-19_2024-08-31
e452129984cb,E3,2024,2024,88,2,1,O3,HGB,primary,,,14,11069,18.3,58970ccc7c7732eefbc9244a28b4809b3f3beb05bc9c13bd5e6803627bde93e5,E3\e452129984cb.npz,2026-10-01T11:42:51+00:00,2024-05-15_2024-05-27;2024-08-19_2024-08-31
f7850ef16509,E3,2024,2024,88,2,2,O2,HGB,primary,,,12,11069,16.6,58970ccc7c7732eefbc9244a28b4809b3f3beb05bc9c13bd5e6803627bde93e5,E3\f7850ef16509.npz,2026-10-01T11:43:07+00:00,2024-07-02_2024-07-14;2024-08-19_2024-08-31
c3c7d50ba560,E3,2024,2024,88,2,2,O3,HGB,primary,,,14,11069,17.6,58970ccc7c7732eefbc9244a28b4809b3f3beb05bc9c13bd5e6803627bde93e5,E3\c3c7d50ba560.npz,2026-10-01T11:43:25+00:00,2024-07-02_2024-07-14;2024-08-19_2024-08-31
df59e1759ce0,E3,2024,2024,88,2,3,O2,HGB,primary,,,12,11069,16.5,58970ccc7c7732eefbc9244a28b4809b3f3beb05bc9c13bd5e6803627bde93e5,E3\df59e1759ce0.npz,2026-10-01T11:43:41+00:00,2024-04-21_2024-05-03;2024-06-08_2024-06-20
bf9da391479f,E3,2024,2024,88,2,3,O3,HGB,primary,,,14,11069,17.9,58970ccc7c7732eefbc9244a28b4809b3f3beb05bc9c13bd5e6803627bde93e5,E3\bf9da391479f.npz,2026-10-01T11:43:59+00:00,2024-04-21_2024-05-03;2024-06-08_2024-06-20
d3956c4d1bde,E3,2024,2024,88,2,4,O2,HGB,primary,,,12,11069,16.6,58970ccc7c7732eefbc9244a28b4809b3f3beb05bc9c13bd5e6803627bde93e5,E3\d3956c4d1bde.npz,2026-10-01T11:44:16+00:00,2024-03-04_2024-03-16;2024-07-02_2024-07-14
58b27eab7128,E3,2024,2024,88,2,4,O3,HGB,primary,,,14,11069,17.7,58970ccc7c7732eefbc9244a28b4809b3f3beb05bc9c13bd5e6803627bde93e5,E3\58b27eab7128.npz,2026-10-01T11:44:34+00:00,2024-03-04_2024-03-16;2024-07-02_2024-07-14
1ec0dfbd7763,E3,2024,2024,88,2,5,O2,HGB,primary,,,12,11069,17.6,58970ccc7c7732eefbc9244a28b4809b3f3beb05bc9c13bd5e6803627bde93e5,E3\1ec0dfbd7763.npz,2026-10-01T11:44:51+00:00,2024-03-04_2024-03-16;2024-08-19_2024-08-31
1be7d6c2994b,E3,2024,2024,88,2,5,O3,HGB,primary,,,14,11069,19.4,58970ccc7c7732eefbc9244a28b4809b3f3beb05bc9c13bd5e6803627bde93e5,E3\1be7d6c2994b.npz,2026-10-01T11:45:10+00:00,2024-03-04_2024-03-16;2024-08-19_2024-08-31
a014ccbbecee,E3,2024,2024,88,2,6,O2,HGB,primary,,,12,11069,17.6,58970ccc7c7732eefbc9244a28b4809b3f3beb05bc9c13bd5e6803627bde93e5,E3\a014ccbbecee.npz,2026-10-01T11:45:28+00:00,2024-03-04_2024-03-16;2024-04-21_2024-05-03
3e4e71e4b4bb,E3,2024,2024,88,2,6,O3,HGB,primary,,,14,11069,18.7,58970ccc7c7732eefbc9244a28b4809b3f3beb05bc9c13bd5e6803627bde93e5,E3\3e4e71e4b4bb.npz,2026-10-01T11:45:47+00:00,2024-03-04_2024-03-16;2024-04-21_2024-05-03
7f23fb65667a,E3,2024,2024,88,2,7,O2,HGB,primary,,,12,11069,18.2,58970ccc7c7732eefbc9244a28b4809b3f3beb05bc9c13bd5e6803627bde93e5,E3\7f23fb65667a.npz,2026-10-01T11:46:05+00:00,2024-03-04_2024-03-16;2024-07-26_2024-08-07
7aaadbc8d025,E3,2024,2024,88,2,7,O3,HGB,primary,,,14,11069,19.0,58970ccc7c7732eefbc9244a28b4809b3f3beb05bc9c13bd5e6803627bde93e5,E3\7aaadbc8d025.npz,2026-10-01T11:46:24+00:00,2024-03-04_2024-03-16;2024-07-26_2024-08-07
d8b8be8bc1cc,E3,2024,2024,88,2,8,O2,HGB,primary,,,12,11069,16.6,58970ccc7c7732eefbc9244a28b4809b3f3beb05bc9c13bd5e6803627bde93e5,E3\d8b8be8bc1cc.npz,2026-10-01T11:46:41+00:00,2024-06-08_2024-06-20;2024-07-26_2024-08-07
8998f062c6ff,E3,2024,2024,88,2,8,O3,HGB,primary,,,14,11069,18.2,58970ccc7c7732eefbc9244a28b4809b3f3beb05bc9c13bd5e6803627bde93e5,E3\8998f062c6ff.npz,2026-10-01T11:46:59+00:00,2024-06-08_2024-06-20;2024-07-26_2024-08-07
8bdffc529b68,E3,2024,2024,88,2,9,O2,HGB,primary,,,12,11069,16.8,58970ccc7c7732eefbc9244a28b4809b3f3beb05bc9c13bd5e6803627bde93e5,E3\8bdffc529b68.npz,2026-10-01T11:47:16+00:00,2024-03-28_2024-04-09;2024-06-08_2024-06-20
987e3655ee5c,E3,2024,2024,88,2,9,O3,HGB,primary,,,14,11069,17.8,58970ccc7c7732eefbc9244a28b4809b3f3beb05bc9c13bd5e6803627bde93e5,E3\987e3655ee5c.npz,2026-10-01T11:47:33+00:00,2024-03-28_2024-04-09;2024-06-08_2024-06-20
751432640a98,E3,2024,2024,88,3,0,O2,HGB,primary,,,18,11069,19.9,58970ccc7c7732eefbc9244a28b4809b3f3beb05bc9c13bd5e6803627bde93e5,E3\751432640a98.npz,2026-10-01T11:47:53+00:00,2024-03-04_2024-03-16;2024-08-19_2024-08-31;2024-10-06_2024-10-18
978f4a5febc0,E3,2024,2024,88,3,0,O3,HGB,primary,,,21,11069,21.9,58970ccc7c7732eefbc9244a28b4809b3f3beb05bc9c13bd5e6803627bde93e5,E3\978f4a5febc0.npz,2026-10-01T11:48:15+00:00,2024-03-04_2024-03-16;2024-08-19_2024-08-31;2024-10-06_2024-10-18
af5b08c7ac1c,E3,2024,2024,88,3,1,O2,HGB,primary,,,18,11069,19.9,58970ccc7c7732eefbc9244a28b4809b3f3beb05bc9c13bd5e6803627bde93e5,E3\af5b08c7ac1c.npz,2026-10-01T11:48:35+00:00,2024-04-21_2024-05-03;2024-06-08_2024-06-20;2024-08-19_2024-08-31
71d437e3f3d1,E3,2024,2024,88,3,1,O3,HGB,primary,,,21,11069,21.5,58970ccc7c7732eefbc9244a28b4809b3f3beb05bc9c13bd5e6803627bde93e5,E3\71d437e3f3d1.npz,2026-10-01T11:48:57+00:00,2024-04-21_2024-05-03;2024-06-08_2024-06-20;2024-08-19_2024-08-31
b68d691868a4,E3,2024,2024,88,3,2,O2,HGB,primary,,,18,11069,19.9,58970ccc7c7732eefbc9244a28b4809b3f3beb05bc9c13bd5e6803627bde93e5,E3\b68d691868a4.npz,2026-10-01T11:49:17+00:00,2024-04-21_2024-05-03;2024-05-15_2024-05-27;2024-07-26_2024-08-07
70b50cfe4fdf,E3,2024,2024,88,3,2,O3,HGB,primary,,,21,11069,21.8,58970ccc7c7732eefbc9244a28b4809b3f3beb05bc9c13bd5e6803627bde93e5,E3\70b50cfe4fdf.npz,2026-10-01T11:49:38+00:00,2024-04-21_2024-05-03;2024-05-15_2024-05-27;2024-07-26_2024-08-07
7167d17c2488,E3,2024,2024,88,3,3,O2,HGB,primary,,,18,11069,20.0,58970ccc7c7732eefbc9244a28b4809b3f3beb05bc9c13bd5e6803627bde93e5,E3\7167d17c2488.npz,2026-10-01T11:49:58+00:00,2024-03-28_2024-04-09;2024-04-21_2024-05-03;2024-07-26_2024-08-07
33d047209c27,E3,2024,2024,88,3,3,O3,HGB,primary,,,21,11069,21.5,58970ccc7c7732eefbc9244a28b4809b3f3beb05bc9c13bd5e6803627bde93e5,E3\33d047209c27.npz,2026-10-01T11:50:20+00:00,2024-03-28_2024-04-09;2024-04-21_2024-05-03;2024-07-26_2024-08-07
8a2323a43c15,E3,2024,2024,88,3,4,O2,HGB,primary,,,18,11069,20.2,58970ccc7c7732eefbc9244a28b4809b3f3beb05bc9c13bd5e6803627bde93e5,E3\8a2323a43c15.npz,2026-10-01T11:50:40+00:00,2024-03-04_2024-03-16;2024-04-21_2024-05-03;2024-06-08_2024-06-20
aef72d93411a,E3,2024,2024,88,3,4,O3,HGB,primary,,,21,11069,22.0,58970ccc7c7732eefbc9244a28b4809b3f3beb05bc9c13bd5e6803627bde93e5,E3\aef72d93411a.npz,2026-10-01T11:51:02+00:00,2024-03-04_2024-03-16;2024-04-21_2024-05-03;2024-06-08_2024-06-20
813f6d12b63c,E3,2024,2024,88,3,5,O2,HGB,primary,,,18,11069,20.5,58970ccc7c7732eefbc9244a28b4809b3f3beb05bc9c13bd5e6803627bde93e5,E3\813f6d12b63c.npz,2026-10-01T11:51:23+00:00,2024-04-21_2024-05-03;2024-06-08_2024-06-20;2024-10-06_2024-10-18
f65778322706,E3,2024,2024,88,3,5,O3,HGB,primary,,,21,11069,22.0,58970ccc7c7732eefbc9244a28b4809b3f3beb05bc9c13bd5e6803627bde93e5,E3\f65778322706.npz,2026-10-01T11:51:45+00:00,2024-04-21_2024-05-03;2024-06-08_2024-06-20;2024-10-06_2024-10-18
f24bc703ef9d,E3,2024,2024,88,3,6,O2,HGB,primary,,,18,11069,20.0,58970ccc7c7732eefbc9244a28b4809b3f3beb05bc9c13bd5e6803627bde93e5,E3\f24bc703ef9d.npz,2026-10-01T11:52:05+00:00,2024-05-15_2024-05-27;2024-07-26_2024-08-07;2024-08-19_2024-08-31
b1e738f2658a,E3,2024,2024,88,3,6,O3,HGB,primary,,,21,11069,21.5,58970ccc7c7732eefbc9244a28b4809b3f3beb05bc9c13bd5e6803627bde93e5,E3\b1e738f2658a.npz,2026-10-01T11:52:26+00:00,2024-05-15_2024-05-27;2024-07-26_2024-08-07;2024-08-19_2024-08-31
a1690dd2c640,E3,2024,2024,88,3,7,O2,HGB,primary,,,18,11069,20.0,58970ccc7c7732eefbc9244a28b4809b3f3beb05bc9c13bd5e6803627bde93e5,E3\a1690dd2c640.npz,2026-10-01T11:52:46+00:00,2024-05-15_2024-05-27;2024-07-02_2024-07-14;2024-10-06_2024-10-18
2b3480dd30f7,E3,2024,2024,88,3,7,O3,HGB,primary,,,21,11069,21.6,58970ccc7c7732eefbc9244a28b4809b3f3beb05bc9c13bd5e6803627bde93e5,E3\2b3480dd30f7.npz,2026-10-01T11:53:08+00:00,2024-05-15_2024-05-27;2024-07-02_2024-07-14;2024-10-06_2024-10-18
80f317a826ee,E3,2024,2024,88,3,8,O2,HGB,primary,,,18,11069,19.8,58970ccc7c7732eefbc9244a28b4809b3f3beb05bc9c13bd5e6803627bde93e5,E3\80f317a826ee.npz,2026-10-01T11:53:28+00:00,2024-03-28_2024-04-09;2024-07-02_2024-07-14;2024-07-26_2024-08-07
b2a5b3f754be,E3,2024,2024,88,3,8,O3,HGB,primary,,,21,11069,21.6,58970ccc7c7732eefbc9244a28b4809b3f3beb05bc9c13bd5e6803627bde93e5,E3\b2a5b3f754be.npz,2026-10-01T11:53:49+00:00,2024-03-28_2024-04-09;2024-07-02_2024-07-14;2024-07-26_2024-08-07
d182f5333186,E3,2024,2024,88,3,9,O2,HGB,primary,,,18,11069,20.4,58970ccc7c7732eefbc9244a28b4809b3f3beb05bc9c13bd5e6803627bde93e5,E3\d182f5333186.npz,2026-10-01T11:54:10+00:00,2024-03-28_2024-04-09;2024-06-08_2024-06-20;2024-08-19_2024-08-31
0494e6599c09,E3,2024,2024,88,3,9,O3,HGB,primary,,,21,11069,21.7,58970ccc7c7732eefbc9244a28b4809b3f3beb05bc9c13bd5e6803627bde93e5,E3\0494e6599c09.npz,2026-10-01T11:54:31+00:00,2024-03-28_2024-04-09;2024-06-08_2024-06-20;2024-08-19_2024-08-31
e861f1e725fb,E3,2024,2024,88,4,0,O2,HGB,primary,,,24,11069,22.9,58970ccc7c7732eefbc9244a28b4809b3f3beb05bc9c13bd5e6803627bde93e5,E3\e861f1e725fb.npz,2026-10-01T11:54:54+00:00,2024-06-08_2024-06-20;2024-07-02_2024-07-14;2024-08-19_2024-08-31;2024-10-06_2024-10-18
ba940edc3ae0,E3,2024,2024,88,4,0,O3,HGB,primary,,,28,11069,25.3,58970ccc7c7732eefbc9244a28b4809b3f3beb05bc9c13bd5e6803627bde93e5,E3\ba940edc3ae0.npz,2026-10-01T11:55:19+00:00,2024-06-08_2024-06-20;2024-07-02_2024-07-14;2024-08-19_2024-08-31;2024-10-06_2024-10-18
2d36a9c25158,E3,2024,2024,88,4,1,O2,HGB,primary,,,24,11069,23.0,58970ccc7c7732eefbc9244a28b4809b3f3beb05bc9c13bd5e6803627bde93e5,E3\2d36a9c25158.npz,2026-10-01T11:55:42+00:00,2024-03-04_2024-03-16;2024-04-21_2024-05-03;2024-05-15_2024-05-27;2024-07-26_2024-08-07
61f5cacd8481,E3,2024,2024,88,4,1,O3,HGB,primary,,,28,11069,25.7,58970ccc7c7732eefbc9244a28b4809b3f3beb05bc9c13bd5e6803627bde93e5,E3\61f5cacd8481.npz,2026-10-01T11:56:08+00:00,2024-03-04_2024-03-16;2024-04-21_2024-05-03;2024-05-15_2024-05-27;2024-07-26_2024-08-07
242ee27be940,E3,2024,2024,88,4,2,O2,HGB,primary,,,24,11069,24.4,58970ccc7c7732eefbc9244a28b4809b3f3beb05bc9c13bd5e6803627bde93e5,E3\242ee27be940.npz,2026-10-01T11:56:33+00:00,2024-04-21_2024-05-03;2024-06-08_2024-06-20;2024-07-02_2024-07-14;2024-10-06_2024-10-18
62d0d2153933,E3,2024,2024,88,4,2,O3,HGB,primary,,,28,11069,28.0,58970ccc7c7732eefbc9244a28b4809b3f3beb05bc9c13bd5e6803627bde93e5,E3\62d0d2153933.npz,2026-10-01T11:57:00+00:00,2024-04-21_2024-05-03;2024-06-08_2024-06-20;2024-07-02_2024-07-14;2024-10-06_2024-10-18
2b810a289b84,E3,2024,2024,88,4,3,O2,HGB,primary,,,24,11069,25.2,58970ccc7c7732eefbc9244a28b4809b3f3beb05bc9c13bd5e6803627bde93e5,E3\2b810a289b84.npz,2026-10-01T11:57:26+00:00,2024-03-04_2024-03-16;2024-05-15_2024-05-27;2024-07-26_2024-08-07;2024-10-06_2024-10-18
66d363b3b94a,E3,2024,2024,88,4,3,O3,HGB,primary,,,28,11069,27.5,58970ccc7c7732eefbc9244a28b4809b3f3beb05bc9c13bd5e6803627bde93e5,E3\66d363b3b94a.npz,2026-10-01T11:57:53+00:00,2024-03-04_2024-03-16;2024-05-15_2024-05-27;2024-07-26_2024-08-07;2024-10-06_2024-10-18
2aecaad20cd0,E3,2024,2024,88,4,4,O2,HGB,primary,,,24,11069,23.1,58970ccc7c7732eefbc9244a28b4809b3f3beb05bc9c13bd5e6803627bde93e5,E3\2aecaad20cd0.npz,2026-10-01T11:58:16+00:00,2024-03-28_2024-04-09;2024-04-21_2024-05-03;2024-07-02_2024-07-14;2024-07-26_2024-08-07
4786292675ff,E3,2024,2024,88,4,4,O3,HGB,primary,,,28,11069,25.8,58970ccc7c7732eefbc9244a28b4809b3f3beb05bc9c13bd5e6803627bde93e5,E3\4786292675ff.npz,2026-10-01T11:58:42+00:00,2024-03-28_2024-04-09;2024-04-21_2024-05-03;2024-07-02_2024-07-14;2024-07-26_2024-08-07
ae6218b9c85a,E3,2024,2024,88,4,5,O2,HGB,primary,,,24,11069,23.4,58970ccc7c7732eefbc9244a28b4809b3f3beb05bc9c13bd5e6803627bde93e5,E3\ae6218b9c85a.npz,2026-10-01T11:59:05+00:00,2024-03-04_2024-03-16;2024-04-21_2024-05-03;2024-06-08_2024-06-20;2024-07-26_2024-08-07
176e28361123,E3,2024,2024,88,4,5,O3,HGB,primary,,,28,11069,25.6,58970ccc7c7732eefbc9244a28b4809b3f3beb05bc9c13bd5e6803627bde93e5,E3\176e28361123.npz,2026-10-01T11:59:31+00:00,2024-03-04_2024-03-16;2024-04-21_2024-05-03;2024-06-08_2024-06-20;2024-07-26_2024-08-07
d4877284d831,E3,2024,2024,88,4,6,O2,HGB,primary,,,24,11069,22.9,58970ccc7c7732eefbc9244a28b4809b3f3beb05bc9c13bd5e6803627bde93e5,E3\d4877284d831.npz,2026-10-01T11:59:54+00:00,2024-04-21_2024-05-03;2024-07-02_2024-07-14;2024-07-26_2024-08-07;2024-10-06_2024-10-18
e2bcce102009,E3,2024,2024,88,4,6,O3,HGB,primary,,,28,11069,25.6,58970ccc7c7732eefbc9244a28b4809b3f3beb05bc9c13bd5e6803627bde93e5,E3\e2bcce102009.npz,2026-10-01T12:00:20+00:00,2024-04-21_2024-05-03;2024-07-02_2024-07-14;2024-07-26_2024-08-07;2024-10-06_2024-10-18
b990bfb06b2a,E3,2024,2024,88,4,7,O2,HGB,primary,,,24,11069,23.2,58970ccc7c7732eefbc9244a28b4809b3f3beb05bc9c13bd5e6803627bde93e5,E3\b990bfb06b2a.npz,2026-10-01T12:00:43+00:00,2024-03-28_2024-04-09;2024-04-21_2024-05-03;2024-05-15_2024-05-27;2024-07-26_2024-08-07
8fb8f3d19bdc,E3,2024,2024,88,4,7,O3,HGB,primary,,,28,11069,26.5,58970ccc7c7732eefbc9244a28b4809b3f3beb05bc9c13bd5e6803627bde93e5,E3\8fb8f3d19bdc.npz,2026-10-01T12:01:09+00:00,2024-03-28_2024-04-09;2024-04-21_2024-05-03;2024-05-15_2024-05-27;2024-07-26_2024-08-07
56fe9a39c1cc,E3,2024,2024,88,4,8,O2,HGB,primary,,,24,11069,25.7,58970ccc7c7732eefbc9244a28b4809b3f3beb05bc9c13bd5e6803627bde93e5,E3\56fe9a39c1cc.npz,2026-10-01T12:01:35+00:00,2024-04-21_2024-05-03;2024-05-15_2024-05-27;2024-06-08_2024-06-20;2024-08-19_2024-08-31
b85ed9ef57f7,E3,2024,2024,88,4,8,O3,HGB,primary,,,28,11069,25.5,58970ccc7c7732eefbc9244a28b4809b3f3beb05bc9c13bd5e6803627bde93e5,E3\b85ed9ef57f7.npz,2026-10-01T12:02:00+00:00,2024-04-21_2024-05-03;2024-05-15_2024-05-27;2024-06-08_2024-06-20;2024-08-19_2024-08-31
2de22eb0c248,E3,2024,2024,88,4,9,O2,HGB,primary,,,24,11069,22.9,58970ccc7c7732eefbc9244a28b4809b3f3beb05bc9c13bd5e6803627bde93e5,E3\2de22eb0c248.npz,2026-10-01T12:02:23+00:00,2024-04-21_2024-05-03;2024-07-02_2024-07-14;2024-08-19_2024-08-31;2024-10-06_2024-10-18
dc6b56340d7b,E3,2024,2024,88,4,9,O3,HGB,primary,,,28,11069,25.2,58970ccc7c7732eefbc9244a28b4809b3f3beb05bc9c13bd5e6803627bde93e5,E3\dc6b56340d7b.npz,2026-10-01T12:02:49+00:00,2024-04-21_2024-05-03;2024-07-02_2024-07-14;2024-08-19_2024-08-31;2024-10-06_2024-10-18
634b3c92f0b3,E3,2024,2024,88,6,0,O2,HGB,primary,,,36,11069,30.5,58970ccc7c7732eefbc9244a28b4809b3f3beb05bc9c13bd5e6803627bde93e5,E3\634b3c92f0b3.npz,2026-10-01T12:03:19+00:00,2024-03-04_2024-03-16;2024-03-28_2024-04-09;2024-06-08_2024-06-20;2024-07-02_2024-07-14;2024-07-26_2024-08-07;2024-10-06_2024-10-18
e94d9289390c,E3,2024,2024,88,6,0,O3,HGB,primary,,,42,11069,33.0,58970ccc7c7732eefbc9244a28b4809b3f3beb05bc9c13bd5e6803627bde93e5,E3\e94d9289390c.npz,2026-10-01T12:03:52+00:00,2024-03-04_2024-03-16;2024-03-28_2024-04-09;2024-06-08_2024-06-20;2024-07-02_2024-07-14;2024-07-26_2024-08-07;2024-10-06_2024-10-18
f9ee9674c15f,E3,2024,2024,88,6,1,O2,HGB,primary,,,36,11069,29.5,58970ccc7c7732eefbc9244a28b4809b3f3beb05bc9c13bd5e6803627bde93e5,E3\f9ee9674c15f.npz,2026-10-01T12:04:22+00:00,2024-04-21_2024-05-03;2024-05-15_2024-05-27;2024-07-02_2024-07-14;2024-07-26_2024-08-07;2024-08-19_2024-08-31;2024-10-06_2024-10-18
cd192e1e4e36,E3,2024,2024,88,6,1,O3,HGB,primary,,,42,11069,32.6,58970ccc7c7732eefbc9244a28b4809b3f3beb05bc9c13bd5e6803627bde93e5,E3\cd192e1e4e36.npz,2026-10-01T12:04:54+00:00,2024-04-21_2024-05-03;2024-05-15_2024-05-27;2024-07-02_2024-07-14;2024-07-26_2024-08-07;2024-08-19_2024-08-31;2024-10-06_2024-10-18
fb74af2ac1a6,E3,2024,2024,88,6,2,O2,HGB,primary,,,36,11069,30.4,58970ccc7c7732eefbc9244a28b4809b3f3beb05bc9c13bd5e6803627bde93e5,E3\fb74af2ac1a6.npz,2026-10-01T12:05:25+00:00,2024-03-04_2024-03-16;2024-03-28_2024-04-09;2024-05-15_2024-05-27;2024-06-08_2024-06-20;2024-07-02_2024-07-14;2024-07-26_2024-08-07
f952b09dd659,E3,2024,2024,88,6,2,O3,HGB,primary,,,42,11069,32.4,58970ccc7c7732eefbc9244a28b4809b3f3beb05bc9c13bd5e6803627bde93e5,E3\f952b09dd659.npz,2026-10-01T12:05:57+00:00,2024-03-04_2024-03-16;2024-03-28_2024-04-09;2024-05-15_2024-05-27;2024-06-08_2024-06-20;2024-07-02_2024-07-14;2024-07-26_2024-08-07
f5e23dc428a5,E3,2024,2024,88,6,3,O2,HGB,primary,,,36,11069,29.5,58970ccc7c7732eefbc9244a28b4809b3f3beb05bc9c13bd5e6803627bde93e5,E3\f5e23dc428a5.npz,2026-10-01T12:06:26+00:00,2024-03-04_2024-03-16;2024-03-28_2024-04-09;2024-06-08_2024-06-20;2024-07-26_2024-08-07;2024-08-19_2024-08-31;2024-10-06_2024-10-18
bbce617cc9fc,E3,2024,2024,88,6,3,O3,HGB,primary,,,42,11069,32.4,58970ccc7c7732eefbc9244a28b4809b3f3beb05bc9c13bd5e6803627bde93e5,E3\bbce617cc9fc.npz,2026-10-01T12:06:59+00:00,2024-03-04_2024-03-16;2024-03-28_2024-04-09;2024-06-08_2024-06-20;2024-07-26_2024-08-07;2024-08-19_2024-08-31;2024-10-06_2024-10-18
e6edb2e6a8c7,E3,2024,2024,88,6,4,O2,HGB,primary,,,36,11069,29.2,58970ccc7c7732eefbc9244a28b4809b3f3beb05bc9c13bd5e6803627bde93e5,E3\e6edb2e6a8c7.npz,2026-10-01T12:07:28+00:00,2024-03-04_2024-03-16;2024-04-21_2024-05-03;2024-05-15_2024-05-27;2024-07-26_2024-08-07;2024-08-19_2024-08-31;2024-10-06_2024-10-18
5a6bad166355,E3,2024,2024,88,6,4,O3,HGB,primary,,,42,11069,33.3,58970ccc7c7732eefbc9244a28b4809b3f3beb05bc9c13bd5e6803627bde93e5,E3\5a6bad166355.npz,2026-10-01T12:08:01+00:00,2024-03-04_2024-03-16;2024-04-21_2024-05-03;2024-05-15_2024-05-27;2024-07-26_2024-08-07;2024-08-19_2024-08-31;2024-10-06_2024-10-18
262065754e69,E3,2024,2024,88,6,5,O2,HGB,primary,,,36,11069,32.2,58970ccc7c7732eefbc9244a28b4809b3f3beb05bc9c13bd5e6803627bde93e5,E3\262065754e69.npz,2026-10-01T12:08:34+00:00,2024-03-04_2024-03-16;2024-03-28_2024-04-09;2024-04-21_2024-05-03;2024-06-08_2024-06-20;2024-07-02_2024-07-14;2024-10-06_2024-10-18
48cb5daccabc,E3,2024,2024,88,6,5,O3,HGB,primary,,,42,11069,35.4,58970ccc7c7732eefbc9244a28b4809b3f3beb05bc9c13bd5e6803627bde93e5,E3\48cb5daccabc.npz,2026-10-01T12:09:09+00:00,2024-03-04_2024-03-16;2024-03-28_2024-04-09;2024-04-21_2024-05-03;2024-06-08_2024-06-20;2024-07-02_2024-07-14;2024-10-06_2024-10-18
83ec460aed46,E3,2024,2024,88,6,6,O2,HGB,primary,,,36,11069,31.1,58970ccc7c7732eefbc9244a28b4809b3f3beb05bc9c13bd5e6803627bde93e5,E3\83ec460aed46.npz,2026-10-01T12:09:40+00:00,2024-03-04_2024-03-16;2024-04-21_2024-05-03;2024-05-15_2024-05-27;2024-06-08_2024-06-20;2024-07-02_2024-07-14;2024-08-19_2024-08-31
9cb3d073b748,E3,2024,2024,88,6,6,O3,HGB,primary,,,42,11069,32.6,58970ccc7c7732eefbc9244a28b4809b3f3beb05bc9c13bd5e6803627bde93e5,E3\9cb3d073b748.npz,2026-10-01T12:10:13+00:00,2024-03-04_2024-03-16;2024-04-21_2024-05-03;2024-05-15_2024-05-27;2024-06-08_2024-06-20;2024-07-02_2024-07-14;2024-08-19_2024-08-31
2adac3c7b3ce,E3,2024,2024,88,6,7,O2,HGB,primary,,,36,11069,92.3,58970ccc7c7732eefbc9244a28b4809b3f3beb05bc9c13bd5e6803627bde93e5,E3\2adac3c7b3ce.npz,2026-10-01T12:11:45+00:00,2024-03-04_2024-03-16;2024-03-28_2024-04-09;2024-04-21_2024-05-03;2024-05-15_2024-05-27;2024-07-02_2024-07-14;2024-07-26_2024-08-07
b75d980fc3b9,E3,2024,2024,88,6,7,O3,HGB,primary,,,42,11069,103.8,58970ccc7c7732eefbc9244a28b4809b3f3beb05bc9c13bd5e6803627bde93e5,E3\b75d980fc3b9.npz,2026-10-01T12:13:29+00:00,2024-03-04_2024-03-16;2024-03-28_2024-04-09;2024-04-21_2024-05-03;2024-05-15_2024-05-27;2024-07-02_2024-07-14;2024-07-26_2024-08-07
12acfc386dc9,E3,2024,2024,88,6,8,O2,HGB,primary,,,36,11069,94.9,58970ccc7c7732eefbc9244a28b4809b3f3beb05bc9c13bd5e6803627bde93e5,E3\12acfc386dc9.npz,2026-10-01T12:15:04+00:00,2024-03-04_2024-03-16;2024-03-28_2024-04-09;2024-04-21_2024-05-03;2024-05-15_2024-05-27;2024-08-19_2024-08-31;2024-10-06_2024-10-18
0e16f09ac13f,E3,2024,2024,88,6,8,O3,HGB,primary,,,42,11069,101.5,58970ccc7c7732eefbc9244a28b4809b3f3beb05bc9c13bd5e6803627bde93e5,E3\0e16f09ac13f.npz,2026-10-01T12:16:45+00:00,2024-03-04_2024-03-16;2024-03-28_2024-04-09;2024-04-21_2024-05-03;2024-05-15_2024-05-27;2024-08-19_2024-08-31;2024-10-06_2024-10-18
764489701c42,E3,2024,2024,88,6,9,O2,HGB,primary,,,36,11069,87.1,58970ccc7c7732eefbc9244a28b4809b3f3beb05bc9c13bd5e6803627bde93e5,E3\764489701c42.npz,2026-10-01T12:18:12+00:00,2024-03-04_2024-03-16;2024-04-21_2024-05-03;2024-06-08_2024-06-20;2024-07-02_2024-07-14;2024-08-19_2024-08-31;2024-10-06_2024-10-18
54327f13156f,E3,2024,2024,88,6,9,O3,HGB,primary,,,42,11069,103.8,58970ccc7c7732eefbc9244a28b4809b3f3beb05bc9c13bd5e6803627bde93e5,E3\54327f13156f.npz,2026-10-01T12:19:56+00:00,2024-03-04_2024-03-16;2024-04-21_2024-05-03;2024-06-08_2024-06-20;2024-07-02_2024-07-14;2024-08-19_2024-08-31;2024-10-06_2024-10-18
5ed3a1de01fd,E3,2024,2024,88,8,0,O2,HGB,primary,,,48,11069,120.9,58970ccc7c7732eefbc9244a28b4809b3f3beb05bc9c13bd5e6803627bde93e5,E3\5ed3a1de01fd.npz,2026-10-01T12:21:57+00:00,2024-03-04_2024-03-16;2024-03-28_2024-04-09;2024-04-21_2024-05-03;2024-05-15_2024-05-27;2024-06-08_2024-06-20;2024-07-02_2024-07-14;2024-07-26_2024-08-07;2024-08-19_2024-08-31
f01cb1ce2ceb,E3,2024,2024,88,8,0,O3,HGB,primary,,,56,11069,65.3,58970ccc7c7732eefbc9244a28b4809b3f3beb05bc9c13bd5e6803627bde93e5,E3\f01cb1ce2ceb.npz,2026-10-01T12:23:02+00:00,2024-03-04_2024-03-16;2024-03-28_2024-04-09;2024-04-21_2024-05-03;2024-05-15_2024-05-27;2024-06-08_2024-06-20;2024-07-02_2024-07-14;2024-07-26_2024-08-07;2024-08-19_2024-08-31
2bb1a6199b5d,E3,2024,2024,88,8,1,O2,HGB,primary,,,48,11069,35.6,58970ccc7c7732eefbc9244a28b4809b3f3beb05bc9c13bd5e6803627bde93e5,E3\2bb1a6199b5d.npz,2026-10-01T12:23:38+00:00,2024-03-04_2024-03-16;2024-04-21_2024-05-03;2024-05-15_2024-05-27;2024-06-08_2024-06-20;2024-07-02_2024-07-14;2024-07-26_2024-08-07;2024-08-19_2024-08-31;2024-10-06_2024-10-18
83167e05d688,E3,2024,2024,88,8,1,O3,HGB,primary,,,56,11069,39.0,58970ccc7c7732eefbc9244a28b4809b3f3beb05bc9c13bd5e6803627bde93e5,E3\83167e05d688.npz,2026-10-01T12:24:17+00:00,2024-03-04_2024-03-16;2024-04-21_2024-05-03;2024-05-15_2024-05-27;2024-06-08_2024-06-20;2024-07-02_2024-07-14;2024-07-26_2024-08-07;2024-08-19_2024-08-31;2024-10-06_2024-10-18
d4cb7a2b01fa,E3,2024,2024,88,8,2,O2,HGB,primary,,,48,11069,35.3,58970ccc7c7732eefbc9244a28b4809b3f3beb05bc9c13bd5e6803627bde93e5,E3\d4cb7a2b01fa.npz,2026-10-01T12:24:52+00:00,2024-03-04_2024-03-16;2024-03-28_2024-04-09;2024-04-21_2024-05-03;2024-05-15_2024-05-27;2024-06-08_2024-06-20;2024-07-26_2024-08-07;2024-08-19_2024-08-31;2024-10-06_2024-10-18
23c5d6083da1,E3,2024,2024,88,8,2,O3,HGB,primary,,,56,11069,39.4,58970ccc7c7732eefbc9244a28b4809b3f3beb05bc9c13bd5e6803627bde93e5,E3\23c5d6083da1.npz,2026-10-01T12:25:32+00:00,2024-03-04_2024-03-16;2024-03-28_2024-04-09;2024-04-21_2024-05-03;2024-05-15_2024-05-27;2024-06-08_2024-06-20;2024-07-26_2024-08-07;2024-08-19_2024-08-31;2024-10-06_2024-10-18
7ac773b419b3,E3,2024,2024,88,8,3,O2,HGB,primary,,,48,11069,35.0,58970ccc7c7732eefbc9244a28b4809b3f3beb05bc9c13bd5e6803627bde93e5,E3\7ac773b419b3.npz,2026-10-01T12:26:07+00:00,2024-03-04_2024-03-16;2024-03-28_2024-04-09;2024-04-21_2024-05-03;2024-05-15_2024-05-27;2024-06-08_2024-06-20;2024-07-02_2024-07-14;2024-07-26_2024-08-07;2024-10-06_2024-10-18
39ba34830c76,E3,2024,2024,88,8,3,O3,HGB,primary,,,56,11069,39.2,58970ccc7c7732eefbc9244a28b4809b3f3beb05bc9c13bd5e6803627bde93e5,E3\39ba34830c76.npz,2026-10-01T12:26:46+00:00,2024-03-04_2024-03-16;2024-03-28_2024-04-09;2024-04-21_2024-05-03;2024-05-15_2024-05-27;2024-06-08_2024-06-20;2024-07-02_2024-07-14;2024-07-26_2024-08-07;2024-10-06_2024-10-18
322daa7d33ad,E3,2024,2024,88,8,4,O2,HGB,primary,,,48,11069,34.7,58970ccc7c7732eefbc9244a28b4809b3f3beb05bc9c13bd5e6803627bde93e5,E3\322daa7d33ad.npz,2026-10-01T12:27:21+00:00,2024-03-28_2024-04-09;2024-04-21_2024-05-03;2024-05-15_2024-05-27;2024-06-08_2024-06-20;2024-07-02_2024-07-14;2024-07-26_2024-08-07;2024-08-19_2024-08-31;2024-10-06_2024-10-18
0cac6f5154bd,E3,2024,2024,88,8,4,O3,HGB,primary,,,56,11069,38.9,58970ccc7c7732eefbc9244a28b4809b3f3beb05bc9c13bd5e6803627bde93e5,E3\0cac6f5154bd.npz,2026-10-01T12:27:59+00:00,2024-03-28_2024-04-09;2024-04-21_2024-05-03;2024-05-15_2024-05-27;2024-06-08_2024-06-20;2024-07-02_2024-07-14;2024-07-26_2024-08-07;2024-08-19_2024-08-31;2024-10-06_2024-10-18
1ce1dd3b5b9d,E3,2024,2024,88,8,5,O2,HGB,primary,,,48,11069,34.6,58970ccc7c7732eefbc9244a28b4809b3f3beb05bc9c13bd5e6803627bde93e5,E3\1ce1dd3b5b9d.npz,2026-10-01T12:28:34+00:00,2024-03-04_2024-03-16;2024-03-28_2024-04-09;2024-04-21_2024-05-03;2024-06-08_2024-06-20;2024-07-02_2024-07-14;2024-07-26_2024-08-07;2024-08-19_2024-08-31;2024-10-06_2024-10-18
7cea132f9118,E3,2024,2024,88,8,5,O3,HGB,primary,,,56,11069,39.4,58970ccc7c7732eefbc9244a28b4809b3f3beb05bc9c13bd5e6803627bde93e5,E3\7cea132f9118.npz,2026-10-01T12:29:13+00:00,2024-03-04_2024-03-16;2024-03-28_2024-04-09;2024-04-21_2024-05-03;2024-06-08_2024-06-20;2024-07-02_2024-07-14;2024-07-26_2024-08-07;2024-08-19_2024-08-31;2024-10-06_2024-10-18
55c0b25cbed5,E3,2024,2024,88,8,6,O2,HGB,primary,,,48,11069,35.0,58970ccc7c7732eefbc9244a28b4809b3f3beb05bc9c13bd5e6803627bde93e5,E3\55c0b25cbed5.npz,2026-10-01T12:29:48+00:00,2024-03-04_2024-03-16;2024-03-28_2024-04-09;2024-04-21_2024-05-03;2024-05-15_2024-05-27;2024-07-02_2024-07-14;2024-07-26_2024-08-07;2024-08-19_2024-08-31;2024-10-06_2024-10-18
c9faab133d11,E3,2024,2024,88,8,6,O3,HGB,primary,,,56,11069,39.5,58970ccc7c7732eefbc9244a28b4809b3f3beb05bc9c13bd5e6803627bde93e5,E3\c9faab133d11.npz,2026-10-01T12:30:28+00:00,2024-03-04_2024-03-16;2024-03-28_2024-04-09;2024-04-21_2024-05-03;2024-05-15_2024-05-27;2024-07-02_2024-07-14;2024-07-26_2024-08-07;2024-08-19_2024-08-31;2024-10-06_2024-10-18
f370f3d7cf41,E3,2024,2024,88,8,7,O2,HGB,primary,,,48,11069,35.8,58970ccc7c7732eefbc9244a28b4809b3f3beb05bc9c13bd5e6803627bde93e5,E3\f370f3d7cf41.npz,2026-10-01T12:31:04+00:00,2024-03-04_2024-03-16;2024-03-28_2024-04-09;2024-05-15_2024-05-27;2024-06-08_2024-06-20;2024-07-02_2024-07-14;2024-07-26_2024-08-07;2024-08-19_2024-08-31;2024-10-06_2024-10-18
ff10ac63617d,E3,2024,2024,88,8,7,O3,HGB,primary,,,56,11069,39.2,58970ccc7c7732eefbc9244a28b4809b3f3beb05bc9c13bd5e6803627bde93e5,E3\ff10ac63617d.npz,2026-10-01T12:31:43+00:00,2024-03-04_2024-03-16;2024-03-28_2024-04-09;2024-05-15_2024-05-27;2024-06-08_2024-06-20;2024-07-02_2024-07-14;2024-07-26_2024-08-07;2024-08-19_2024-08-31;2024-10-06_2024-10-18
b4c019789221,E3,2024,2024,88,8,8,O2,HGB,primary,,,48,11069,36.5,58970ccc7c7732eefbc9244a28b4809b3f3beb05bc9c13bd5e6803627bde93e5,E3\b4c019789221.npz,2026-10-01T12:32:19+00:00,2024-03-04_2024-03-16;2024-03-28_2024-04-09;2024-04-21_2024-05-03;2024-05-15_2024-05-27;2024-06-08_2024-06-20;2024-07-02_2024-07-14;2024-08-19_2024-08-31;2024-10-06_2024-10-18
fc682de63c49,E3,2024,2024,88,8,8,O3,HGB,primary,,,56,11069,41.5,58970ccc7c7732eefbc9244a28b4809b3f3beb05bc9c13bd5e6803627bde93e5,E3\fc682de63c49.npz,2026-10-01T12:33:01+00:00,2024-03-04_2024-03-16;2024-03-28_2024-04-09;2024-04-21_2024-05-03;2024-05-15_2024-05-27;2024-06-08_2024-06-20;2024-07-02_2024-07-14;2024-08-19_2024-08-31;2024-10-06_2024-10-18
d6b4c5943e92,E5r,2025,2025,37+88,2,0,O2,HGB,exploratory_r2,,,12,11005,16.8,58970ccc7c7732eefbc9244a28b4809b3f3beb05bc9c13bd5e6803627bde93e5,E5r\d6b4c5943e92.npz,2026-10-01T12:33:23+00:00,"{""37"": [""2025-07-06_2025-07-18""], ""88"": [""2025-08-02_2025-08-14""]}"
d873020f699d,E5r,2025,2025,37+88,2,0,O3,HGB,exploratory_r2,,,14,11005,17.4,58970ccc7c7732eefbc9244a28b4809b3f3beb05bc9c13bd5e6803627bde93e5,E5r\d873020f699d.npz,2026-10-01T12:33:41+00:00,"{""37"": [""2025-07-06_2025-07-18""], ""88"": [""2025-08-02_2025-08-14""]}"
3f0ea42672a0,E5r,2025,2025,37+88,2,1,O2,HGB,exploratory_r2,,,12,11005,16.4,58970ccc7c7732eefbc9244a28b4809b3f3beb05bc9c13bd5e6803627bde93e5,E5r\3f0ea42672a0.npz,2026-10-01T12:33:57+00:00,"{""37"": [""2025-04-25_2025-05-07""], ""88"": [""2025-07-09_2025-07-21""]}"
b25c51c6ab06,E5r,2025,2025,37+88,2,1,O3,HGB,exploratory_r2,,,14,11005,23.3,58970ccc7c7732eefbc9244a28b4809b3f3beb05bc9c13bd5e6803627bde93e5,E5r\b25c51c6ab06.npz,2026-10-01T12:34:20+00:00,"{""37"": [""2025-04-25_2025-05-07""], ""88"": [""2025-07-09_2025-07-21""]}"
51b9cbcb9161,E5r,2025,2025,37+88,2,2,O2,HGB,exploratory_r2,,,12,11005,26.3,58970ccc7c7732eefbc9244a28b4809b3f3beb05bc9c13bd5e6803627bde93e5,E5r\51b9cbcb9161.npz,2026-10-01T12:34:47+00:00,"{""37"": [""2025-04-25_2025-05-07""], ""88"": [""2025-04-28_2025-05-10""]}"
2686e9e0eee2,E5r,2025,2025,37+88,2,2,O3,HGB,exploratory_r2,,,14,11005,27.2,58970ccc7c7732eefbc9244a28b4809b3f3beb05bc9c13bd5e6803627bde93e5,E5r\2686e9e0eee2.npz,2026-10-01T12:35:14+00:00,"{""37"": [""2025-04-25_2025-05-07""], ""88"": [""2025-04-28_2025-05-10""]}"
902623020ba4,E5r,2025,2025,37+88,2,3,O2,HGB,exploratory_r2,,,12,11005,26.5,58970ccc7c7732eefbc9244a28b4809b3f3beb05bc9c13bd5e6803627bde93e5,E5r\902623020ba4.npz,2026-10-01T12:35:40+00:00,"{""37"": [""2025-04-01_2025-04-13""], ""88"": [""2025-04-04_2025-04-16""]}"
3ab34add8f5b,E5r,2025,2025,37+88,2,3,O3,HGB,exploratory_r2,,,14,11005,27.2,58970ccc7c7732eefbc9244a28b4809b3f3beb05bc9c13bd5e6803627bde93e5,E5r\3ab34add8f5b.npz,2026-10-01T12:36:07+00:00,"{""37"": [""2025-04-01_2025-04-13""], ""88"": [""2025-04-04_2025-04-16""]}"
0036c2d3de72,E5r,2025,2025,37+88,2,4,O2,HGB,exploratory_r2,,,12,11005,26.5,58970ccc7c7732eefbc9244a28b4809b3f3beb05bc9c13bd5e6803627bde93e5,E5r\0036c2d3de72.npz,2026-10-01T12:36:34+00:00,"{""37"": [""2025-07-06_2025-07-18""], ""88"": [""2025-05-22_2025-06-03""]}"
3c5106cd37b8,E5r,2025,2025,37+88,2,4,O3,HGB,exploratory_r2,,,14,11005,27.7,58970ccc7c7732eefbc9244a28b4809b3f3beb05bc9c13bd5e6803627bde93e5,E5r\3c5106cd37b8.npz,2026-10-01T12:37:02+00:00,"{""37"": [""2025-07-06_2025-07-18""], ""88"": [""2025-05-22_2025-06-03""]}"
4f931775d59f,E5r,2025,2025,37+88,2,5,O2,HGB,exploratory_r2,,,12,11005,27.0,58970ccc7c7732eefbc9244a28b4809b3f3beb05bc9c13bd5e6803627bde93e5,E5r\4f931775d59f.npz,2026-10-01T12:37:29+00:00,"{""37"": [""2025-05-19_2025-05-31""], ""88"": [""2025-10-13_2025-10-25""]}"
f892ab1d32d3,E5r,2025,2025,37+88,2,5,O3,HGB,exploratory_r2,,,14,11005,28.4,58970ccc7c7732eefbc9244a28b4809b3f3beb05bc9c13bd5e6803627bde93e5,E5r\f892ab1d32d3.npz,2026-10-01T12:37:57+00:00,"{""37"": [""2025-05-19_2025-05-31""], ""88"": [""2025-10-13_2025-10-25""]}"
c61a76f357fd,E5r,2025,2025,37+88,2,6,O2,HGB,exploratory_r2,,,12,11005,27.0,58970ccc7c7732eefbc9244a28b4809b3f3beb05bc9c13bd5e6803627bde93e5,E5r\c61a76f357fd.npz,2026-10-01T12:38:24+00:00,"{""37"": [""2025-10-10_2025-10-22""], ""88"": [""2025-04-28_2025-05-10""]}"
3e19cc621c5e,E5r,2025,2025,37+88,2,6,O3,HGB,exploratory_r2,,,14,11005,31.4,58970ccc7c7732eefbc9244a28b4809b3f3beb05bc9c13bd5e6803627bde93e5,E5r\3e19cc621c5e.npz,2026-10-01T12:38:55+00:00,"{""37"": [""2025-10-10_2025-10-22""], ""88"": [""2025-04-28_2025-05-10""]}"
71e3cff30d95,E5r,2025,2025,37+88,2,7,O2,HGB,exploratory_r2,,,12,11005,29.9,58970ccc7c7732eefbc9244a28b4809b3f3beb05bc9c13bd5e6803627bde93e5,E5r\71e3cff30d95.npz,2026-10-01T12:39:25+00:00,"{""37"": [""2025-04-25_2025-05-07""], ""88"": [""2025-04-04_2025-04-16""]}"
eb6117b08748,E5r,2025,2025,37+88,2,7,O3,HGB,exploratory_r2,,,14,11005,34.2,58970ccc7c7732eefbc9244a28b4809b3f3beb05bc9c13bd5e6803627bde93e5,E5r\eb6117b08748.npz,2026-10-01T12:39:59+00:00,"{""37"": [""2025-04-25_2025-05-07""], ""88"": [""2025-04-04_2025-04-16""]}"
d6f2a8f681e5,E5r,2025,2025,37+88,2,8,O2,HGB,exploratory_r2,,,12,11005,26.9,58970ccc7c7732eefbc9244a28b4809b3f3beb05bc9c13bd5e6803627bde93e5,E5r\d6f2a8f681e5.npz,2026-10-01T12:40:26+00:00,"{""37"": [""2025-08-23_2025-09-04""], ""88"": [""2025-04-04_2025-04-16""]}"
26cc6c271cde,E5r,2025,2025,37+88,2,8,O3,HGB,exploratory_r2,,,14,11005,29.0,58970ccc7c7732eefbc9244a28b4809b3f3beb05bc9c13bd5e6803627bde93e5,E5r\26cc6c271cde.npz,2026-10-01T12:40:55+00:00,"{""37"": [""2025-08-23_2025-09-04""], ""88"": [""2025-04-04_2025-04-16""]}"
f73647137bdb,E5r,2025,2025,37+88,2,9,O2,HGB,exploratory_r2,,,12,11005,26.3,58970ccc7c7732eefbc9244a28b4809b3f3beb05bc9c13bd5e6803627bde93e5,E5r\f73647137bdb.npz,2026-10-01T12:41:22+00:00,"{""37"": [""2025-04-25_2025-05-07""], ""88"": [""2025-06-15_2025-06-27""]}"
5e6d98651f1e,E5r,2025,2025,37+88,2,9,O3,HGB,exploratory_r2,,,14,11005,28.1,58970ccc7c7732eefbc9244a28b4809b3f3beb05bc9c13bd5e6803627bde93e5,E5r\5e6d98651f1e.npz,2026-10-01T12:41:50+00:00,"{""37"": [""2025-04-25_2025-05-07""], ""88"": [""2025-06-15_2025-06-27""]}"
3dbb5641e3dd,E5r,2025,2025,37+88,2,10,O2,HGB,exploratory_r2,,,12,11005,27.6,58970ccc7c7732eefbc9244a28b4809b3f3beb05bc9c13bd5e6803627bde93e5,E5r\3dbb5641e3dd.npz,2026-10-01T12:42:17+00:00,"{""37"": [""2025-08-23_2025-09-04""], ""88"": [""2025-08-02_2025-08-14""]}"
2c84979621a4,E5r,2025,2025,37+88,2,10,O3,HGB,exploratory_r2,,,14,11005,27.4,58970ccc7c7732eefbc9244a28b4809b3f3beb05bc9c13bd5e6803627bde93e5,E5r\2c84979621a4.npz,2026-10-01T12:42:45+00:00,"{""37"": [""2025-08-23_2025-09-04""], ""88"": [""2025-08-02_2025-08-14""]}"
10cda7f8a184,E5r,2025,2025,37+88,2,11,O2,HGB,exploratory_r2,,,12,11005,26.5,58970ccc7c7732eefbc9244a28b4809b3f3beb05bc9c13bd5e6803627bde93e5,E5r\10cda7f8a184.npz,2026-10-01T12:43:11+00:00,"{""37"": [""2025-04-25_2025-05-07""], ""88"": [""2025-05-22_2025-06-03""]}"
05d5252d49ea,E5r,2025,2025,37+88,2,11,O3,HGB,exploratory_r2,,,14,11005,28.9,58970ccc7c7732eefbc9244a28b4809b3f3beb05bc9c13bd5e6803627bde93e5,E5r\05d5252d49ea.npz,2026-10-01T12:43:40+00:00,"{""37"": [""2025-04-25_2025-05-07""], ""88"": [""2025-05-22_2025-06-03""]}"
98970695c2db,E5r,2025,2025,37+88,2,12,O2,HGB,exploratory_r2,,,12,11005,27.3,58970ccc7c7732eefbc9244a28b4809b3f3beb05bc9c13bd5e6803627bde93e5,E5r\98970695c2db.npz,2026-10-01T12:44:08+00:00,"{""37"": [""2025-04-01_2025-04-13""], ""88"": [""2025-06-15_2025-06-27""]}"
bea5b22157e5,E5r,2025,2025,37+88,2,12,O3,HGB,exploratory_r2,,,14,11005,27.7,58970ccc7c7732eefbc9244a28b4809b3f3beb05bc9c13bd5e6803627bde93e5,E5r\bea5b22157e5.npz,2026-10-01T12:44:35+00:00,"{""37"": [""2025-04-01_2025-04-13""], ""88"": [""2025-06-15_2025-06-27""]}"
4d33142511d6,E5r,2025,2025,37+88,2,13,O2,HGB,exploratory_r2,,,12,11005,27.6,58970ccc7c7732eefbc9244a28b4809b3f3beb05bc9c13bd5e6803627bde93e5,E5r\4d33142511d6.npz,2026-10-01T12:45:03+00:00,"{""37"": [""2025-07-06_2025-07-18""], ""88"": [""2025-08-26_2025-09-07""]}"
fa8a5b98c970,E5r,2025,2025,37+88,2,13,O3,HGB,exploratory_r2,,,14,11005,30.6,58970ccc7c7732eefbc9244a28b4809b3f3beb05bc9c13bd5e6803627bde93e5,E5r\fa8a5b98c970.npz,2026-10-01T12:45:34+00:00,"{""37"": [""2025-07-06_2025-07-18""], ""88"": [""2025-08-26_2025-09-07""]}"
0cc60d5960c0,E5r,2025,2025,37+88,2,14,O2,HGB,exploratory_r2,,,12,11005,30.5,58970ccc7c7732eefbc9244a28b4809b3f3beb05bc9c13bd5e6803627bde93e5,E5r\0cc60d5960c0.npz,2026-10-01T12:46:04+00:00,"{""37"": [""2025-03-08_2025-03-20""], ""88"": [""2025-07-09_2025-07-21""]}"
3789d9421b17,E5r,2025,2025,37+88,2,14,O3,HGB,exploratory_r2,,,14,11005,31.7,58970ccc7c7732eefbc9244a28b4809b3f3beb05bc9c13bd5e6803627bde93e5,E5r\3789d9421b17.npz,2026-10-01T12:46:36+00:00,"{""37"": [""2025-03-08_2025-03-20""], ""88"": [""2025-07-09_2025-07-21""]}"
82923c1611d1,E5r,2025,2025,37+88,2,15,O2,HGB,exploratory_r2,,,12,11005,26.7,58970ccc7c7732eefbc9244a28b4809b3f3beb05bc9c13bd5e6803627bde93e5,E5r\82923c1611d1.npz,2026-10-01T12:47:02+00:00,"{""37"": [""2025-07-06_2025-07-18""], ""88"": [""2025-03-11_2025-03-23""]}"
e2a191094f71,E5r,2025,2025,37+88,2,15,O3,HGB,exploratory_r2,,,14,11005,27.9,58970ccc7c7732eefbc9244a28b4809b3f3beb05bc9c13bd5e6803627bde93e5,E5r\e2a191094f71.npz,2026-10-01T12:47:30+00:00,"{""37"": [""2025-07-06_2025-07-18""], ""88"": [""2025-03-11_2025-03-23""]}"
ced83cca7c6e,E5r,2025,2025,37+88,2,16,O2,HGB,exploratory_r2,,,12,11005,25.9,58970ccc7c7732eefbc9244a28b4809b3f3beb05bc9c13bd5e6803627bde93e5,E5r\ced83cca7c6e.npz,2026-10-01T12:47:56+00:00,"{""37"": [""2025-08-23_2025-09-04""], ""88"": [""2025-08-26_2025-09-07""]}"
5b361530c1f9,E5r,2025,2025,37+88,2,16,O3,HGB,exploratory_r2,,,14,11005,28.7,58970ccc7c7732eefbc9244a28b4809b3f3beb05bc9c13bd5e6803627bde93e5,E5r\5b361530c1f9.npz,2026-10-01T12:48:25+00:00,"{""37"": [""2025-08-23_2025-09-04""], ""88"": [""2025-08-26_2025-09-07""]}"
28a185437c89,E5r,2025,2025,37+88,2,17,O2,HGB,exploratory_r2,,,12,11005,26.4,58970ccc7c7732eefbc9244a28b4809b3f3beb05bc9c13bd5e6803627bde93e5,E5r\28a185437c89.npz,2026-10-01T12:48:51+00:00,"{""37"": [""2025-07-06_2025-07-18""], ""88"": [""2025-04-04_2025-04-16""]}"
de5c271ec037,E5r,2025,2025,37+88,2,17,O3,HGB,exploratory_r2,,,14,11005,28.1,58970ccc7c7732eefbc9244a28b4809b3f3beb05bc9c13bd5e6803627bde93e5,E5r\de5c271ec037.npz,2026-10-01T12:49:19+00:00,"{""37"": [""2025-07-06_2025-07-18""], ""88"": [""2025-04-04_2025-04-16""]}"
4354bd3a1b76,E5r,2025,2025,37+88,2,18,O2,HGB,exploratory_r2,,,12,11005,27.2,58970ccc7c7732eefbc9244a28b4809b3f3beb05bc9c13bd5e6803627bde93e5,E5r\4354bd3a1b76.npz,2026-10-01T12:49:47+00:00,"{""37"": [""2025-06-12_2025-06-24""], ""88"": [""2025-03-11_2025-03-23""]}"
335123b25f8c,E5r,2025,2025,37+88,2,18,O3,HGB,exploratory_r2,,,14,11005,28.1,58970ccc7c7732eefbc9244a28b4809b3f3beb05bc9c13bd5e6803627bde93e5,E5r\335123b25f8c.npz,2026-10-01T12:50:15+00:00,"{""37"": [""2025-06-12_2025-06-24""], ""88"": [""2025-03-11_2025-03-23""]}"
475890c347e1,E5r,2025,2025,37+88,2,19,O2,HGB,exploratory_r2,,,12,11005,27.5,58970ccc7c7732eefbc9244a28b4809b3f3beb05bc9c13bd5e6803627bde93e5,E5r\475890c347e1.npz,2026-10-01T12:50:42+00:00,"{""37"": [""2025-08-23_2025-09-04""], ""88"": [""2025-07-09_2025-07-21""]}"
c8be571367fc,E5r,2025,2025,37+88,2,19,O3,HGB,exploratory_r2,,,14,11005,28.4,58970ccc7c7732eefbc9244a28b4809b3f3beb05bc9c13bd5e6803627bde93e5,E5r\c8be571367fc.npz,2026-10-01T12:51:11+00:00,"{""37"": [""2025-08-23_2025-09-04""], ""88"": [""2025-07-09_2025-07-21""]}"
0b54e81f990c,E5r,2025,2025,37+88,4,0,O2,HGB,exploratory_r2,,,24,11005,35.2,58970ccc7c7732eefbc9244a28b4809b3f3beb05bc9c13bd5e6803627bde93e5,E5r\0b54e81f990c.npz,2026-10-01T12:51:46+00:00,"{""37"": [""2025-04-25_2025-05-07"", ""2025-06-12_2025-06-24""], ""88"": [""2025-04-28_2025-05-10"", ""2025-06-15_2025-06-27""]}"
7549f06a84ce,E5r,2025,2025,37+88,4,0,O3,HGB,exploratory_r2,,,28,11005,32.0,58970ccc7c7732eefbc9244a28b4809b3f3beb05bc9c13bd5e6803627bde93e5,E5r\7549f06a84ce.npz,2026-10-01T12:52:18+00:00,"{""37"": [""2025-04-25_2025-05-07"", ""2025-06-12_2025-06-24""], ""88"": [""2025-04-28_2025-05-10"", ""2025-06-15_2025-06-27""]}"
fc9fece1de2e,E5r,2025,2025,37+88,4,1,O2,HGB,exploratory_r2,,,24,11005,31.9,58970ccc7c7732eefbc9244a28b4809b3f3beb05bc9c13bd5e6803627bde93e5,E5r\fc9fece1de2e.npz,2026-10-01T12:52:50+00:00,"{""37"": [""2025-04-01_2025-04-13"", ""2025-04-25_2025-05-07""], ""88"": [""2025-06-15_2025-06-27"", ""2025-08-26_2025-09-07""]}"
ebb6144374ce,E5r,2025,2025,37+88,4,1,O3,HGB,exploratory_r2,,,28,11005,31.8,58970ccc7c7732eefbc9244a28b4809b3f3beb05bc9c13bd5e6803627bde93e5,E5r\ebb6144374ce.npz,2026-10-01T12:53:22+00:00,"{""37"": [""2025-04-01_2025-04-13"", ""2025-04-25_2025-05-07""], ""88"": [""2025-06-15_2025-06-27"", ""2025-08-26_2025-09-07""]}"
35e7f473865c,E5r,2025,2025,37+88,4,2,O2,HGB,exploratory_r2,,,24,11005,29.5,58970ccc7c7732eefbc9244a28b4809b3f3beb05bc9c13bd5e6803627bde93e5,E5r\35e7f473865c.npz,2026-10-01T12:53:51+00:00,"{""37"": [""2025-06-12_2025-06-24"", ""2025-09-16_2025-09-28""], ""88"": [""2025-05-22_2025-06-03"", ""2025-08-02_2025-08-14""]}"
9a9e5b6d1415,E5r,2025,2025,37+88,4,2,O3,HGB,exploratory_r2,,,28,11005,32.6,58970ccc7c7732eefbc9244a28b4809b3f3beb05bc9c13bd5e6803627bde93e5,E5r\9a9e5b6d1415.npz,2026-10-01T12:54:24+00:00,"{""37"": [""2025-06-12_2025-06-24"", ""2025-09-16_2025-09-28""], ""88"": [""2025-05-22_2025-06-03"", ""2025-08-02_2025-08-14""]}"
f650abb1cf17,E5r,2025,2025,37+88,4,3,O2,HGB,exploratory_r2,,,24,11005,29.2,58970ccc7c7732eefbc9244a28b4809b3f3beb05bc9c13bd5e6803627bde93e5,E5r\f650abb1cf17.npz,2026-10-01T12:54:53+00:00,"{""37"": [""2025-04-01_2025-04-13"", ""2025-10-10_2025-10-22""], ""88"": [""2025-08-26_2025-09-07"", ""2025-10-13_2025-10-25""]}"
b5f1fc455030,E5r,2025,2025,37+88,4,3,O3,HGB,exploratory_r2,,,28,11005,32.7,58970ccc7c7732eefbc9244a28b4809b3f3beb05bc9c13bd5e6803627bde93e5,E5r\b5f1fc455030.npz,2026-10-01T12:55:26+00:00,"{""37"": [""2025-04-01_2025-04-13"", ""2025-10-10_2025-10-22""], ""88"": [""2025-08-26_2025-09-07"", ""2025-10-13_2025-10-25""]}"
9a85866bf35b,E5r,2025,2025,37+88,4,4,O2,HGB,exploratory_r2,,,24,11005,29.4,58970ccc7c7732eefbc9244a28b4809b3f3beb05bc9c13bd5e6803627bde93e5,E5r\9a85866bf35b.npz,2026-10-01T12:55:55+00:00,"{""37"": [""2025-04-25_2025-05-07"", ""2025-10-10_2025-10-22""], ""88"": [""2025-04-28_2025-05-10"", ""2025-08-26_2025-09-07""]}"
e3b495a446e7,E5r,2025,2025,37+88,4,4,O3,HGB,exploratory_r2,,,28,11005,32.1,58970ccc7c7732eefbc9244a28b4809b3f3beb05bc9c13bd5e6803627bde93e5,E5r\e3b495a446e7.npz,2026-10-01T12:56:27+00:00,"{""37"": [""2025-04-25_2025-05-07"", ""2025-10-10_2025-10-22""], ""88"": [""2025-04-28_2025-05-10"", ""2025-08-26_2025-09-07""]}"
250e8d552230,E5r,2025,2025,37+88,4,5,O2,HGB,exploratory_r2,,,24,11005,32.3,58970ccc7c7732eefbc9244a28b4809b3f3beb05bc9c13bd5e6803627bde93e5,E5r\250e8d552230.npz,2026-10-01T12:56:59+00:00,"{""37"": [""2025-04-01_2025-04-13"", ""2025-08-23_2025-09-04""], ""88"": [""2025-04-04_2025-04-16"", ""2025-07-09_2025-07-21""]}"
678c0a61bc25,E5r,2025,2025,37+88,4,5,O3,HGB,exploratory_r2,,,28,11005,36.0,58970ccc7c7732eefbc9244a28b4809b3f3beb05bc9c13bd5e6803627bde93e5,E5r\678c0a61bc25.npz,2026-10-01T12:57:35+00:00,"{""37"": [""2025-04-01_2025-04-13"", ""2025-08-23_2025-09-04""], ""88"": [""2025-04-04_2025-04-16"", ""2025-07-09_2025-07-21""]}"
7cb59beecce2,E5r,2025,2025,37+88,4,6,O2,HGB,exploratory_r2,,,24,11005,32.7,58970ccc7c7732eefbc9244a28b4809b3f3beb05bc9c13bd5e6803627bde93e5,E5r\7cb59beecce2.npz,2026-10-01T12:58:08+00:00,"{""37"": [""2025-04-01_2025-04-13"", ""2025-05-19_2025-05-31""], ""88"": [""2025-05-22_2025-06-03"", ""2025-08-02_2025-08-14""]}"
5ffcfc4dc670,E5r,2025,2025,37+88,4,6,O3,HGB,exploratory_r2,,,28,11005,31.8,58970ccc7c7732eefbc9244a28b4809b3f3beb05bc9c13bd5e6803627bde93e5,E5r\5ffcfc4dc670.npz,2026-10-01T12:58:40+00:00,"{""37"": [""2025-04-01_2025-04-13"", ""2025-05-19_2025-05-31""], ""88"": [""2025-05-22_2025-06-03"", ""2025-08-02_2025-08-14""]}"
366cda294027,E5r,2025,2025,37+88,4,7,O2,HGB,exploratory_r2,,,24,11005,30.1,58970ccc7c7732eefbc9244a28b4809b3f3beb05bc9c13bd5e6803627bde93e5,E5r\366cda294027.npz,2026-10-01T12:59:10+00:00,"{""37"": [""2025-04-25_2025-05-07"", ""2025-09-16_2025-09-28""], ""88"": [""2025-04-04_2025-04-16"", ""2025-08-26_2025-09-07""]}"
c07bf6f55283,E5r,2025,2025,37+88,4,7,O3,HGB,exploratory_r2,,,28,11005,31.3,58970ccc7c7732eefbc9244a28b4809b3f3beb05bc9c13bd5e6803627bde93e5,E5r\c07bf6f55283.npz,2026-10-01T12:59:41+00:00,"{""37"": [""2025-04-25_2025-05-07"", ""2025-09-16_2025-09-28""], ""88"": [""2025-04-04_2025-04-16"", ""2025-08-26_2025-09-07""]}"
48d92d637643,E5r,2025,2025,37+88,4,8,O2,HGB,exploratory_r2,,,24,11005,30.0,58970ccc7c7732eefbc9244a28b4809b3f3beb05bc9c13bd5e6803627bde93e5,E5r\48d92d637643.npz,2026-10-01T13:00:11+00:00,"{""37"": [""2025-03-08_2025-03-20"", ""2025-08-23_2025-09-04""], ""88"": [""2025-03-11_2025-03-23"", ""2025-08-26_2025-09-07""]}"
e43240bfc302,E5r,2025,2025,37+88,4,8,O3,HGB,exploratory_r2,,,28,11005,32.7,58970ccc7c7732eefbc9244a28b4809b3f3beb05bc9c13bd5e6803627bde93e5,E5r\e43240bfc302.npz,2026-10-01T13:00:44+00:00,"{""37"": [""2025-03-08_2025-03-20"", ""2025-08-23_2025-09-04""], ""88"": [""2025-03-11_2025-03-23"", ""2025-08-26_2025-09-07""]}"
075708c997ba,E5r,2025,2025,37+88,4,9,O2,HGB,exploratory_r2,,,24,11005,30.4,58970ccc7c7732eefbc9244a28b4809b3f3beb05bc9c13bd5e6803627bde93e5,E5r\075708c997ba.npz,2026-10-01T13:01:14+00:00,"{""37"": [""2025-08-23_2025-09-04"", ""2025-10-10_2025-10-22""], ""88"": [""2025-03-11_2025-03-23"", ""2025-07-09_2025-07-21""]}"
927e43d7ec0b,E5r,2025,2025,37+88,4,9,O3,HGB,exploratory_r2,,,28,11005,32.2,58970ccc7c7732eefbc9244a28b4809b3f3beb05bc9c13bd5e6803627bde93e5,E5r\927e43d7ec0b.npz,2026-10-01T13:01:47+00:00,"{""37"": [""2025-08-23_2025-09-04"", ""2025-10-10_2025-10-22""], ""88"": [""2025-03-11_2025-03-23"", ""2025-07-09_2025-07-21""]}"
5a558c973006,E5r,2025,2025,37+88,4,10,O2,HGB,exploratory_r2,,,24,11005,29.8,58970ccc7c7732eefbc9244a28b4809b3f3beb05bc9c13bd5e6803627bde93e5,E5r\5a558c973006.npz,2026-10-01T13:02:16+00:00,"{""37"": [""2025-03-08_2025-03-20"", ""2025-10-10_2025-10-22""], ""88"": [""2025-06-15_2025-06-27"", ""2025-08-02_2025-08-14""]}"
824093de1b45,E5r,2025,2025,37+88,4,10,O3,HGB,exploratory_r2,,,28,11005,31.7,58970ccc7c7732eefbc9244a28b4809b3f3beb05bc9c13bd5e6803627bde93e5,E5r\824093de1b45.npz,2026-10-01T13:02:48+00:00,"{""37"": [""2025-03-08_2025-03-20"", ""2025-10-10_2025-10-22""], ""88"": [""2025-06-15_2025-06-27"", ""2025-08-02_2025-08-14""]}"
e9019940a9af,E5r,2025,2025,37+88,4,11,O2,HGB,exploratory_r2,,,24,11005,31.4,58970ccc7c7732eefbc9244a28b4809b3f3beb05bc9c13bd5e6803627bde93e5,E5r\e9019940a9af.npz,2026-10-01T13:03:19+00:00,"{""37"": [""2025-04-01_2025-04-13"", ""2025-07-06_2025-07-18""], ""88"": [""2025-04-04_2025-04-16"", ""2025-05-22_2025-06-03""]}"
bb5de4ca2c11,E5r,2025,2025,37+88,4,11,O3,HGB,exploratory_r2,,,28,11005,34.6,58970ccc7c7732eefbc9244a28b4809b3f3beb05bc9c13bd5e6803627bde93e5,E5r\bb5de4ca2c11.npz,2026-10-01T13:03:54+00:00,"{""37"": [""2025-04-01_2025-04-13"", ""2025-07-06_2025-07-18""], ""88"": [""2025-04-04_2025-04-16"", ""2025-05-22_2025-06-03""]}"
c3fcbd820dcd,E5r,2025,2025,37+88,4,12,O2,HGB,exploratory_r2,,,24,11005,33.2,58970ccc7c7732eefbc9244a28b4809b3f3beb05bc9c13bd5e6803627bde93e5,E5r\c3fcbd820dcd.npz,2026-10-01T13:04:27+00:00,"{""37"": [""2025-03-08_2025-03-20"", ""2025-07-06_2025-07-18""], ""88"": [""2025-05-22_2025-06-03"", ""2025-07-09_2025-07-21""]}"
da05ccdde4b0,E5r,2025,2025,37+88,4,12,O3,HGB,exploratory_r2,,,28,11005,33.4,58970ccc7c7732eefbc9244a28b4809b3f3beb05bc9c13bd5e6803627bde93e5,E5r\da05ccdde4b0.npz,2026-10-01T13:05:01+00:00,"{""37"": [""2025-03-08_2025-03-20"", ""2025-07-06_2025-07-18""], ""88"": [""2025-05-22_2025-06-03"", ""2025-07-09_2025-07-21""]}"
2cf24ca92da9,E5r,2025,2025,37+88,4,13,O2,HGB,exploratory_r2,,,24,11005,29.4,58970ccc7c7732eefbc9244a28b4809b3f3beb05bc9c13bd5e6803627bde93e5,E5r\2cf24ca92da9.npz,2026-10-01T13:05:30+00:00,"{""37"": [""2025-03-08_2025-03-20"", ""2025-06-12_2025-06-24""], ""88"": [""2025-05-22_2025-06-03"", ""2025-07-09_2025-07-21""]}"
57adb29800b6,E5r,2025,2025,37+88,4,13,O3,HGB,exploratory_r2,,,28,11005,32.0,58970ccc7c7732eefbc9244a28b4809b3f3beb05bc9c13bd5e6803627bde93e5,E5r\57adb29800b6.npz,2026-10-01T13:06:02+00:00,"{""37"": [""2025-03-08_2025-03-20"", ""2025-06-12_2025-06-24""], ""88"": [""2025-05-22_2025-06-03"", ""2025-07-09_2025-07-21""]}"
64e8230261ef,E5r,2025,2025,37+88,4,14,O2,HGB,exploratory_r2,,,24,11005,29.6,58970ccc7c7732eefbc9244a28b4809b3f3beb05bc9c13bd5e6803627bde93e5,E5r\64e8230261ef.npz,2026-10-01T13:06:32+00:00,"{""37"": [""2025-03-08_2025-03-20"", ""2025-07-06_2025-07-18""], ""88"": [""2025-08-26_2025-09-07"", ""2025-10-13_2025-10-25""]}"
def63e83bb29,E5r,2025,2025,37+88,4,14,O3,HGB,exploratory_r2,,,28,11005,32.0,58970ccc7c7732eefbc9244a28b4809b3f3beb05bc9c13bd5e6803627bde93e5,E5r\def63e83bb29.npz,2026-10-01T13:07:04+00:00,"{""37"": [""2025-03-08_2025-03-20"", ""2025-07-06_2025-07-18""], ""88"": [""2025-08-26_2025-09-07"", ""2025-10-13_2025-10-25""]}"
fe2da48fdf02,E5r,2025,2025,37+88,4,15,O2,HGB,exploratory_r2,,,24,11005,29.3,58970ccc7c7732eefbc9244a28b4809b3f3beb05bc9c13bd5e6803627bde93e5,E5r\fe2da48fdf02.npz,2026-10-01T13:07:33+00:00,"{""37"": [""2025-04-25_2025-05-07"", ""2025-09-16_2025-09-28""], ""88"": [""2025-08-02_2025-08-14"", ""2025-08-26_2025-09-07""]}"
2826840ce886,E5r,2025,2025,37+88,4,15,O3,HGB,exploratory_r2,,,28,11005,31.1,58970ccc7c7732eefbc9244a28b4809b3f3beb05bc9c13bd5e6803627bde93e5,E5r\2826840ce886.npz,2026-10-01T13:08:04+00:00,"{""37"": [""2025-04-25_2025-05-07"", ""2025-09-16_2025-09-28""], ""88"": [""2025-08-02_2025-08-14"", ""2025-08-26_2025-09-07""]}"
95b5f1436a4a,E5r,2025,2025,37+88,4,16,O2,HGB,exploratory_r2,,,24,11005,29.9,58970ccc7c7732eefbc9244a28b4809b3f3beb05bc9c13bd5e6803627bde93e5,E5r\95b5f1436a4a.npz,2026-10-01T13:08:34+00:00,"{""37"": [""2025-07-06_2025-07-18"", ""2025-09-16_2025-09-28""], ""88"": [""2025-03-11_2025-03-23"", ""2025-04-28_2025-05-10""]}"
4af5c361b555,E5r,2025,2025,37+88,4,16,O3,HGB,exploratory_r2,,,28,11005,31.9,58970ccc7c7732eefbc9244a28b4809b3f3beb05bc9c13bd5e6803627bde93e5,E5r\4af5c361b555.npz,2026-10-01T13:09:06+00:00,"{""37"": [""2025-07-06_2025-07-18"", ""2025-09-16_2025-09-28""], ""88"": [""2025-03-11_2025-03-23"", ""2025-04-28_2025-05-10""]}"
39ecdb38602a,E5r,2025,2025,37+88,4,17,O2,HGB,exploratory_r2,,,24,11005,31.0,58970ccc7c7732eefbc9244a28b4809b3f3beb05bc9c13bd5e6803627bde93e5,E5r\39ecdb38602a.npz,2026-10-01T13:09:37+00:00,"{""37"": [""2025-04-01_2025-04-13"", ""2025-06-12_2025-06-24""], ""88"": [""2025-03-11_2025-03-23"", ""2025-04-04_2025-04-16""]}"
1aa153d78c6d,E5r,2025,2025,37+88,4,17,O3,HGB,exploratory_r2,,,28,11005,32.0,58970ccc7c7732eefbc9244a28b4809b3f3beb05bc9c13bd5e6803627bde93e5,E5r\1aa153d78c6d.npz,2026-10-01T13:10:09+00:00,"{""37"": [""2025-04-01_2025-04-13"", ""2025-06-12_2025-06-24""], ""88"": [""2025-03-11_2025-03-23"", ""2025-04-04_2025-04-16""]}"
99e20cd4b171,E5r,2025,2025,37+88,4,18,O2,HGB,exploratory_r2,,,24,11005,29.7,58970ccc7c7732eefbc9244a28b4809b3f3beb05bc9c13bd5e6803627bde93e5,E5r\99e20cd4b171.npz,2026-10-01T13:10:38+00:00,"{""37"": [""2025-03-08_2025-03-20"", ""2025-06-12_2025-06-24""], ""88"": [""2025-05-22_2025-06-03"", ""2025-08-02_2025-08-14""]}"
426801bf2f67,E5r,2025,2025,37+88,4,18,O3,HGB,exploratory_r2,,,28,11005,31.8,58970ccc7c7732eefbc9244a28b4809b3f3beb05bc9c13bd5e6803627bde93e5,E5r\426801bf2f67.npz,2026-10-01T13:11:10+00:00,"{""37"": [""2025-03-08_2025-03-20"", ""2025-06-12_2025-06-24""], ""88"": [""2025-05-22_2025-06-03"", ""2025-08-02_2025-08-14""]}"
ebd1a7c565d9,E5r,2025,2025,37+88,4,19,O2,HGB,exploratory_r2,,,24,11005,29.7,58970ccc7c7732eefbc9244a28b4809b3f3beb05bc9c13bd5e6803627bde93e5,E5r\ebd1a7c565d9.npz,2026-10-01T13:11:40+00:00,"{""37"": [""2025-08-23_2025-09-04"", ""2025-10-10_2025-10-22""], ""88"": [""2025-04-04_2025-04-16"", ""2025-08-26_2025-09-07""]}"
eba73f1b28a2,E5r,2025,2025,37+88,4,19,O3,HGB,exploratory_r2,,,28,11005,32.1,58970ccc7c7732eefbc9244a28b4809b3f3beb05bc9c13bd5e6803627bde93e5,E5r\eba73f1b28a2.npz,2026-10-01T13:12:12+00:00,"{""37"": [""2025-08-23_2025-09-04"", ""2025-10-10_2025-10-22""], ""88"": [""2025-04-04_2025-04-16"", ""2025-08-26_2025-09-07""]}"
f76fb22b7d50,E5r,2025,2025,37+88,6,0,O2,HGB,exploratory_r2,,,36,11005,38.7,58970ccc7c7732eefbc9244a28b4809b3f3beb05bc9c13bd5e6803627bde93e5,E5r\f76fb22b7d50.npz,2026-10-01T13:12:51+00:00,"{""37"": [""2025-03-08_2025-03-20"", ""2025-04-25_2025-05-07"", ""2025-05-19_2025-05-31""], ""88"": [""2025-07-09_2025-07-21"", ""2025-08-02_2025-08-14"", ""2025-08-26_2025-09-07""]}"
1848ed393a01,E5r,2025,2025,37+88,6,0,O3,HGB,exploratory_r2,,,42,11005,45.3,58970ccc7c7732eefbc9244a28b4809b3f3beb05bc9c13bd5e6803627bde93e5,E5r\1848ed393a01.npz,2026-10-01T13:13:36+00:00,"{""37"": [""2025-03-08_2025-03-20"", ""2025-04-25_2025-05-07"", ""2025-05-19_2025-05-31""], ""88"": [""2025-07-09_2025-07-21"", ""2025-08-02_2025-08-14"", ""2025-08-26_2025-09-07""]}"
1b46059a3f1b,E5r,2025,2025,37+88,6,1,O2,HGB,exploratory_r2,,,36,11005,35.1,58970ccc7c7732eefbc9244a28b4809b3f3beb05bc9c13bd5e6803627bde93e5,E5r\1b46059a3f1b.npz,2026-10-01T13:14:11+00:00,"{""37"": [""2025-04-01_2025-04-13"", ""2025-06-12_2025-06-24"", ""2025-08-23_2025-09-04""], ""88"": [""2025-04-04_2025-04-16"", ""2025-05-22_2025-06-03"", ""2025-10-13_2025-10-25""]}"
9d83ad6a23bf,E5r,2025,2025,37+88,6,1,O3,HGB,exploratory_r2,,,42,11005,45.7,58970ccc7c7732eefbc9244a28b4809b3f3beb05bc9c13bd5e6803627bde93e5,E5r\9d83ad6a23bf.npz,2026-10-01T13:14:57+00:00,"{""37"": [""2025-04-01_2025-04-13"", ""2025-06-12_2025-06-24"", ""2025-08-23_2025-09-04""], ""88"": [""2025-04-04_2025-04-16"", ""2025-05-22_2025-06-03"", ""2025-10-13_2025-10-25""]}"
794d5c03d79a,E5r,2025,2025,37+88,6,2,O2,HGB,exploratory_r2,,,36,11005,39.1,58970ccc7c7732eefbc9244a28b4809b3f3beb05bc9c13bd5e6803627bde93e5,E5r\794d5c03d79a.npz,2026-10-01T13:15:36+00:00,"{""37"": [""2025-03-08_2025-03-20"", ""2025-04-25_2025-05-07"", ""2025-09-16_2025-09-28""], ""88"": [""2025-04-04_2025-04-16"", ""2025-06-15_2025-06-27"", ""2025-07-09_2025-07-21""]}"
c661f24df32c,E5r,2025,2025,37+88,6,2,O3,HGB,exploratory_r2,,,42,11005,43.2,58970ccc7c7732eefbc9244a28b4809b3f3beb05bc9c13bd5e6803627bde93e5,E5r\c661f24df32c.npz,2026-10-01T13:16:19+00:00,"{""37"": [""2025-03-08_2025-03-20"", ""2025-04-25_2025-05-07"", ""2025-09-16_2025-09-28""], ""88"": [""2025-04-04_2025-04-16"", ""2025-06-15_2025-06-27"", ""2025-07-09_2025-07-21""]}"
0fa8152b9974,E5r,2025,2025,37+88,6,3,O2,HGB,exploratory_r2,,,36,11005,34.3,58970ccc7c7732eefbc9244a28b4809b3f3beb05bc9c13bd5e6803627bde93e5,E5r\0fa8152b9974.npz,2026-10-01T13:16:53+00:00,"{""37"": [""2025-06-12_2025-06-24"", ""2025-07-06_2025-07-18"", ""2025-10-10_2025-10-22""], ""88"": [""2025-05-22_2025-06-03"", ""2025-06-15_2025-06-27"", ""2025-08-02_2025-08-14""]}"
36e1a4872e14,E5r,2025,2025,37+88,6,3,O3,HGB,exploratory_r2,,,42,11005,39.0,58970ccc7c7732eefbc9244a28b4809b3f3beb05bc9c13bd5e6803627bde93e5,E5r\36e1a4872e14.npz,2026-10-01T13:17:32+00:00,"{""37"": [""2025-06-12_2025-06-24"", ""2025-07-06_2025-07-18"", ""2025-10-10_2025-10-22""], ""88"": [""2025-05-22_2025-06-03"", ""2025-06-15_2025-06-27"", ""2025-08-02_2025-08-14""]}"
81e049e73b75,E5r,2025,2025,37+88,6,4,O2,HGB,exploratory_r2,,,36,11005,40.2,58970ccc7c7732eefbc9244a28b4809b3f3beb05bc9c13bd5e6803627bde93e5,E5r\81e049e73b75.npz,2026-10-01T13:18:13+00:00,"{""37"": [""2025-05-19_2025-05-31"", ""2025-08-23_2025-09-04"", ""2025-10-10_2025-10-22""], ""88"": [""2025-03-11_2025-03-23"", ""2025-05-22_2025-06-03"", ""2025-06-15_2025-06-27""]}"
8da57eb33775,E5r,2025,2025,37+88,6,4,O3,HGB,exploratory_r2,,,42,11005,43.7,58970ccc7c7732eefbc9244a28b4809b3f3beb05bc9c13bd5e6803627bde93e5,E5r\8da57eb33775.npz,2026-10-01T13:18:56+00:00,"{""37"": [""2025-05-19_2025-05-31"", ""2025-08-23_2025-09-04"", ""2025-10-10_2025-10-22""], ""88"": [""2025-03-11_2025-03-23"", ""2025-05-22_2025-06-03"", ""2025-06-15_2025-06-27""]}"
9fa7bbbc370b,E5r,2025,2025,37+88,6,5,O2,HGB,exploratory_r2,,,36,11005,40.5,58970ccc7c7732eefbc9244a28b4809b3f3beb05bc9c13bd5e6803627bde93e5,E5r\9fa7bbbc370b.npz,2026-10-01T13:19:37+00:00,"{""37"": [""2025-04-01_2025-04-13"", ""2025-04-25_2025-05-07"", ""2025-10-10_2025-10-22""], ""88"": [""2025-03-11_2025-03-23"", ""2025-06-15_2025-06-27"", ""2025-08-26_2025-09-07""]}"
e556ab250395,E5r,2025,2025,37+88,6,5,O3,HGB,exploratory_r2,,,42,11005,47.4,58970ccc7c7732eefbc9244a28b4809b3f3beb05bc9c13bd5e6803627bde93e5,E5r\e556ab250395.npz,2026-10-01T13:20:24+00:00,"{""37"": [""2025-04-01_2025-04-13"", ""2025-04-25_2025-05-07"", ""2025-10-10_2025-10-22""], ""88"": [""2025-03-11_2025-03-23"", ""2025-06-15_2025-06-27"", ""2025-08-26_2025-09-07""]}"
286b5509e924,E5r,2025,2025,37+88,6,6,O2,HGB,exploratory_r2,,,36,11005,36.1,58970ccc7c7732eefbc9244a28b4809b3f3beb05bc9c13bd5e6803627bde93e5,E5r\286b5509e924.npz,2026-10-01T13:21:00+00:00,"{""37"": [""2025-04-01_2025-04-13"", ""2025-04-25_2025-05-07"", ""2025-05-19_2025-05-31""], ""88"": [""2025-04-28_2025-05-10"", ""2025-08-26_2025-09-07"", ""2025-10-13_2025-10-25""]}"
f7648f9ea08c,E5r,2025,2025,37+88,6,6,O3,HGB,exploratory_r2,,,42,11005,41.0,58970ccc7c7732eefbc9244a28b4809b3f3beb05bc9c13bd5e6803627bde93e5,E5r\f7648f9ea08c.npz,2026-10-01T13:21:41+00:00,"{""37"": [""2025-04-01_2025-04-13"", ""2025-04-25_2025-05-07"", ""2025-05-19_2025-05-31""], ""88"": [""2025-04-28_2025-05-10"", ""2025-08-26_2025-09-07"", ""2025-10-13_2025-10-25""]}"
bccffbc80cd3,E5r,2025,2025,37+88,6,7,O2,HGB,exploratory_r2,,,36,11005,36.8,58970ccc7c7732eefbc9244a28b4809b3f3beb05bc9c13bd5e6803627bde93e5,E5r\bccffbc80cd3.npz,2026-10-01T13:22:18+00:00,"{""37"": [""2025-06-12_2025-06-24"", ""2025-07-06_2025-07-18"", ""2025-10-10_2025-10-22""], ""88"": [""2025-03-11_2025-03-23"", ""2025-04-28_2025-05-10"", ""2025-10-13_2025-10-25""]}"
ffe87abf16ce,E5r,2025,2025,37+88,6,7,O3,HGB,exploratory_r2,,,42,11005,39.4,58970ccc7c7732eefbc9244a28b4809b3f3beb05bc9c13bd5e6803627bde93e5,E5r\ffe87abf16ce.npz,2026-10-01T13:22:58+00:00,"{""37"": [""2025-06-12_2025-06-24"", ""2025-07-06_2025-07-18"", ""2025-10-10_2025-10-22""], ""88"": [""2025-03-11_2025-03-23"", ""2025-04-28_2025-05-10"", ""2025-10-13_2025-10-25""]}"
b75e98c75b43,E5r,2025,2025,37+88,6,8,O2,HGB,exploratory_r2,,,36,11005,36.8,58970ccc7c7732eefbc9244a28b4809b3f3beb05bc9c13bd5e6803627bde93e5,E5r\b75e98c75b43.npz,2026-10-01T13:23:34+00:00,"{""37"": [""2025-03-08_2025-03-20"", ""2025-04-01_2025-04-13"", ""2025-10-10_2025-10-22""], ""88"": [""2025-03-11_2025-03-23"", ""2025-05-22_2025-06-03"", ""2025-08-02_2025-08-14""]}"
78444d8524fa,E5r,2025,2025,37+88,6,8,O3,HGB,exploratory_r2,,,42,11005,42.1,58970ccc7c7732eefbc9244a28b4809b3f3beb05bc9c13bd5e6803627bde93e5,E5r\78444d8524fa.npz,2026-10-01T13:24:16+00:00,"{""37"": [""2025-03-08_2025-03-20"", ""2025-04-01_2025-04-13"", ""2025-10-10_2025-10-22""], ""88"": [""2025-03-11_2025-03-23"", ""2025-05-22_2025-06-03"", ""2025-08-02_2025-08-14""]}"
536a412135be,E5r,2025,2025,37+88,6,9,O2,HGB,exploratory_r2,,,36,11005,35.8,58970ccc7c7732eefbc9244a28b4809b3f3beb05bc9c13bd5e6803627bde93e5,E5r\536a412135be.npz,2026-10-01T13:24:52+00:00,"{""37"": [""2025-05-19_2025-05-31"", ""2025-07-06_2025-07-18"", ""2025-09-16_2025-09-28""], ""88"": [""2025-03-11_2025-03-23"", ""2025-04-28_2025-05-10"", ""2025-08-02_2025-08-14""]}"
83bd7a1bfdc8,E5r,2025,2025,37+88,6,9,O3,HGB,exploratory_r2,,,42,11005,41.1,58970ccc7c7732eefbc9244a28b4809b3f3beb05bc9c13bd5e6803627bde93e5,E5r\83bd7a1bfdc8.npz,2026-10-01T13:25:33+00:00,"{""37"": [""2025-05-19_2025-05-31"", ""2025-07-06_2025-07-18"", ""2025-09-16_2025-09-28""], ""88"": [""2025-03-11_2025-03-23"", ""2025-04-28_2025-05-10"", ""2025-08-02_2025-08-14""]}"
bde9f89820e4,E5r,2025,2025,37+88,6,10,O2,HGB,exploratory_r2,,,36,11005,37.0,58970ccc7c7732eefbc9244a28b4809b3f3beb05bc9c13bd5e6803627bde93e5,E5r\bde9f89820e4.npz,2026-10-01T13:26:10+00:00,"{""37"": [""2025-03-08_2025-03-20"", ""2025-04-01_2025-04-13"", ""2025-09-16_2025-09-28""], ""88"": [""2025-04-04_2025-04-16"", ""2025-08-02_2025-08-14"", ""2025-10-13_2025-10-25""]}"
790aacc45fa6,E5r,2025,2025,37+88,6,10,O3,HGB,exploratory_r2,,,42,11005,47.6,58970ccc7c7732eefbc9244a28b4809b3f3beb05bc9c13bd5e6803627bde93e5,E5r\790aacc45fa6.npz,2026-10-01T13:26:58+00:00,"{""37"": [""2025-03-08_2025-03-20"", ""2025-04-01_2025-04-13"", ""2025-09-16_2025-09-28""], ""88"": [""2025-04-04_2025-04-16"", ""2025-08-02_2025-08-14"", ""2025-10-13_2025-10-25""]}"
d466dea963b6,E5r,2025,2025,37+88,6,11,O2,HGB,exploratory_r2,,,36,11005,37.9,58970ccc7c7732eefbc9244a28b4809b3f3beb05bc9c13bd5e6803627bde93e5,E5r\d466dea963b6.npz,2026-10-01T13:27:36+00:00,"{""37"": [""2025-05-19_2025-05-31"", ""2025-07-06_2025-07-18"", ""2025-10-10_2025-10-22""], ""88"": [""2025-04-28_2025-05-10"", ""2025-05-22_2025-06-03"", ""2025-10-13_2025-10-25""]}"
97f89ec8fbc0,E5r,2025,2025,37+88,6,11,O3,HGB,exploratory_r2,,,42,11005,41.7,58970ccc7c7732eefbc9244a28b4809b3f3beb05bc9c13bd5e6803627bde93e5,E5r\97f89ec8fbc0.npz,2026-10-01T13:28:18+00:00,"{""37"": [""2025-05-19_2025-05-31"", ""2025-07-06_2025-07-18"", ""2025-10-10_2025-10-22""], ""88"": [""2025-04-28_2025-05-10"", ""2025-05-22_2025-06-03"", ""2025-10-13_2025-10-25""]}"
9508956587f2,E5r,2025,2025,37+88,6,12,O2,HGB,exploratory_r2,,,36,11005,35.2,58970ccc7c7732eefbc9244a28b4809b3f3beb05bc9c13bd5e6803627bde93e5,E5r\9508956587f2.npz,2026-10-01T13:28:53+00:00,"{""37"": [""2025-04-25_2025-05-07"", ""2025-06-12_2025-06-24"", ""2025-08-23_2025-09-04""], ""88"": [""2025-04-28_2025-05-10"", ""2025-08-26_2025-09-07"", ""2025-10-13_2025-10-25""]}"
e120f6446f2d,E5r,2025,2025,37+88,6,12,O3,HGB,exploratory_r2,,,42,11005,41.7,58970ccc7c7732eefbc9244a28b4809b3f3beb05bc9c13bd5e6803627bde93e5,E5r\e120f6446f2d.npz,2026-10-01T13:29:34+00:00,"{""37"": [""2025-04-25_2025-05-07"", ""2025-06-12_2025-06-24"", ""2025-08-23_2025-09-04""], ""88"": [""2025-04-28_2025-05-10"", ""2025-08-26_2025-09-07"", ""2025-10-13_2025-10-25""]}"
b3f8cb106ea6,E5r,2025,2025,37+88,6,13,O2,HGB,exploratory_r2,,,36,11005,35.4,58970ccc7c7732eefbc9244a28b4809b3f3beb05bc9c13bd5e6803627bde93e5,E5r\b3f8cb106ea6.npz,2026-10-01T13:30:10+00:00,"{""37"": [""2025-07-06_2025-07-18"", ""2025-08-23_2025-09-04"", ""2025-10-10_2025-10-22""], ""88"": [""2025-03-11_2025-03-23"", ""2025-04-04_2025-04-16"", ""2025-10-13_2025-10-25""]}"
70380af38a17,E5r,2025,2025,37+88,6,13,O3,HGB,exploratory_r2,,,42,11005,42.0,58970ccc7c7732eefbc9244a28b4809b3f3beb05bc9c13bd5e6803627bde93e5,E5r\70380af38a17.npz,2026-10-01T13:30:52+00:00,"{""37"": [""2025-07-06_2025-07-18"", ""2025-08-23_2025-09-04"", ""2025-10-10_2025-10-22""], ""88"": [""2025-03-11_2025-03-23"", ""2025-04-04_2025-04-16"", ""2025-10-13_2025-10-25""]}"
77b16847f0e0,E5r,2025,2025,37+88,6,14,O2,HGB,exploratory_r2,,,36,11005,36.0,58970ccc7c7732eefbc9244a28b4809b3f3beb05bc9c13bd5e6803627bde93e5,E5r\77b16847f0e0.npz,2026-10-01T13:31:28+00:00,"{""37"": [""2025-03-08_2025-03-20"", ""2025-05-19_2025-05-31"", ""2025-07-06_2025-07-18""], ""88"": [""2025-03-11_2025-03-23"", ""2025-05-22_2025-06-03"", ""2025-10-13_2025-10-25""]}"
9f6023d6fd69,E5r,2025,2025,37+88,6,14,O3,HGB,exploratory_r2,,,42,11005,43.3,58970ccc7c7732eefbc9244a28b4809b3f3beb05bc9c13bd5e6803627bde93e5,E5r\9f6023d6fd69.npz,2026-10-01T13:32:11+00:00,"{""37"": [""2025-03-08_2025-03-20"", ""2025-05-19_2025-05-31"", ""2025-07-06_2025-07-18""], ""88"": [""2025-03-11_2025-03-23"", ""2025-05-22_2025-06-03"", ""2025-10-13_2025-10-25""]}"
4c28625b1a8d,E5r,2025,2025,37+88,6,15,O2,HGB,exploratory_r2,,,36,11005,35.9,58970ccc7c7732eefbc9244a28b4809b3f3beb05bc9c13bd5e6803627bde93e5,E5r\4c28625b1a8d.npz,2026-10-01T13:32:47+00:00,"{""37"": [""2025-04-25_2025-05-07"", ""2025-07-06_2025-07-18"", ""2025-10-10_2025-10-22""], ""88"": [""2025-05-22_2025-06-03"", ""2025-06-15_2025-06-27"", ""2025-08-02_2025-08-14""]}"
1420882472de,E5r,2025,2025,37+88,6,15,O3,HGB,exploratory_r2,,,42,11005,40.3,58970ccc7c7732eefbc9244a28b4809b3f3beb05bc9c13bd5e6803627bde93e5,E5r\1420882472de.npz,2026-10-01T13:33:27+00:00,"{""37"": [""2025-04-25_2025-05-07"", ""2025-07-06_2025-07-18"", ""2025-10-10_2025-10-22""], ""88"": [""2025-05-22_2025-06-03"", ""2025-06-15_2025-06-27"", ""2025-08-02_2025-08-14""]}"
de484f28de06,E5r,2025,2025,37+88,6,16,O2,HGB,exploratory_r2,,,36,11005,36.0,58970ccc7c7732eefbc9244a28b4809b3f3beb05bc9c13bd5e6803627bde93e5,E5r\de484f28de06.npz,2026-10-01T13:34:03+00:00,"{""37"": [""2025-04-01_2025-04-13"", ""2025-04-25_2025-05-07"", ""2025-09-16_2025-09-28""], ""88"": [""2025-04-04_2025-04-16"", ""2025-08-02_2025-08-14"", ""2025-08-26_2025-09-07""]}"
862acc5fcca8,E5r,2025,2025,37+88,6,16,O3,HGB,exploratory_r2,,,42,11005,41.2,58970ccc7c7732eefbc9244a28b4809b3f3beb05bc9c13bd5e6803627bde93e5,E5r\862acc5fcca8.npz,2026-10-01T13:34:44+00:00,"{""37"": [""2025-04-01_2025-04-13"", ""2025-04-25_2025-05-07"", ""2025-09-16_2025-09-28""], ""88"": [""2025-04-04_2025-04-16"", ""2025-08-02_2025-08-14"", ""2025-08-26_2025-09-07""]}"
f66eb35f3a8c,E5r,2025,2025,37+88,6,17,O2,HGB,exploratory_r2,,,36,11005,35.5,58970ccc7c7732eefbc9244a28b4809b3f3beb05bc9c13bd5e6803627bde93e5,E5r\f66eb35f3a8c.npz,2026-10-01T13:35:20+00:00,"{""37"": [""2025-04-01_2025-04-13"", ""2025-09-16_2025-09-28"", ""2025-10-10_2025-10-22""], ""88"": [""2025-03-11_2025-03-23"", ""2025-08-02_2025-08-14"", ""2025-10-13_2025-10-25""]}"
c09544de8076,E5r,2025,2025,37+88,6,17,O3,HGB,exploratory_r2,,,42,11005,42.2,58970ccc7c7732eefbc9244a28b4809b3f3beb05bc9c13bd5e6803627bde93e5,E5r\c09544de8076.npz,2026-10-01T13:36:02+00:00,"{""37"": [""2025-04-01_2025-04-13"", ""2025-09-16_2025-09-28"", ""2025-10-10_2025-10-22""], ""88"": [""2025-03-11_2025-03-23"", ""2025-08-02_2025-08-14"", ""2025-10-13_2025-10-25""]}"
62f34c143b40,E5r,2025,2025,37+88,6,18,O2,HGB,exploratory_r2,,,36,11005,35.2,58970ccc7c7732eefbc9244a28b4809b3f3beb05bc9c13bd5e6803627bde93e5,E5r\62f34c143b40.npz,2026-10-01T13:36:37+00:00,"{""37"": [""2025-04-25_2025-05-07"", ""2025-07-06_2025-07-18"", ""2025-09-16_2025-09-28""], ""88"": [""2025-04-04_2025-04-16"", ""2025-06-15_2025-06-27"", ""2025-10-13_2025-10-25""]}"
b6cb22e9119f,E5r,2025,2025,37+88,6,18,O3,HGB,exploratory_r2,,,42,11005,41.2,58970ccc7c7732eefbc9244a28b4809b3f3beb05bc9c13bd5e6803627bde93e5,E5r\b6cb22e9119f.npz,2026-10-01T13:37:19+00:00,"{""37"": [""2025-04-25_2025-05-07"", ""2025-07-06_2025-07-18"", ""2025-09-16_2025-09-28""], ""88"": [""2025-04-04_2025-04-16"", ""2025-06-15_2025-06-27"", ""2025-10-13_2025-10-25""]}"
042531164b4d,E5r,2025,2025,37+88,6,19,O2,HGB,exploratory_r2,,,36,11005,36.8,58970ccc7c7732eefbc9244a28b4809b3f3beb05bc9c13bd5e6803627bde93e5,E5r\042531164b4d.npz,2026-10-01T13:37:55+00:00,"{""37"": [""2025-03-08_2025-03-20"", ""2025-04-25_2025-05-07"", ""2025-06-12_2025-06-24""], ""88"": [""2025-05-22_2025-06-03"", ""2025-08-02_2025-08-14"", ""2025-10-13_2025-10-25""]}"
680a93e61cbb,E5r,2025,2025,37+88,6,19,O3,HGB,exploratory_r2,,,42,11005,44.4,58970ccc7c7732eefbc9244a28b4809b3f3beb05bc9c13bd5e6803627bde93e5,E5r\680a93e61cbb.npz,2026-10-01T13:38:40+00:00,"{""37"": [""2025-03-08_2025-03-20"", ""2025-04-25_2025-05-07"", ""2025-06-12_2025-06-24""], ""88"": [""2025-05-22_2025-06-03"", ""2025-08-02_2025-08-14"", ""2025-10-13_2025-10-25""]}"
f5c059c73369,E5r,2025,2025,37+88,8,0,O2,HGB,exploratory_r2,,,48,11005,49.8,58970ccc7c7732eefbc9244a28b4809b3f3beb05bc9c13bd5e6803627bde93e5,E5r\f5c059c73369.npz,2026-10-01T13:39:30+00:00,"{""37"": [""2025-03-08_2025-03-20"", ""2025-08-23_2025-09-04"", ""2025-09-16_2025-09-28"", ""2025-10-10_2025-10-22""], ""88"": [""2025-03-11_2025-03-23"", ""2025-04-28_2025-05-10"", ""2025-05-22_2025-06-03"", ""2025-08-26_2025-09-07""]}"
6888898c8cb5,E5r,2025,2025,37+88,8,0,O3,HGB,exploratory_r2,,,56,11005,52.9,58970ccc7c7732eefbc9244a28b4809b3f3beb05bc9c13bd5e6803627bde93e5,E5r\6888898c8cb5.npz,2026-10-01T13:40:23+00:00,"{""37"": [""2025-03-08_2025-03-20"", ""2025-08-23_2025-09-04"", ""2025-09-16_2025-09-28"", ""2025-10-10_2025-10-22""], ""88"": [""2025-03-11_2025-03-23"", ""2025-04-28_2025-05-10"", ""2025-05-22_2025-06-03"", ""2025-08-26_2025-09-07""]}"
cc5414bf1083,E5r,2025,2025,37+88,8,1,O2,HGB,exploratory_r2,,,48,11005,43.3,58970ccc7c7732eefbc9244a28b4809b3f3beb05bc9c13bd5e6803627bde93e5,E5r\cc5414bf1083.npz,2026-10-01T13:41:06+00:00,"{""37"": [""2025-03-08_2025-03-20"", ""2025-04-25_2025-05-07"", ""2025-05-19_2025-05-31"", ""2025-10-10_2025-10-22""], ""88"": [""2025-04-04_2025-04-16"", ""2025-05-22_2025-06-03"", ""2025-08-26_2025-09-07"", ""2025-10-13_2025-10-25""]}"
b8fa3f8c6d1d,E5r,2025,2025,37+88,8,1,O3,HGB,exploratory_r2,,,56,11005,51.6,58970ccc7c7732eefbc9244a28b4809b3f3beb05bc9c13bd5e6803627bde93e5,E5r\b8fa3f8c6d1d.npz,2026-10-01T13:41:57+00:00,"{""37"": [""2025-03-08_2025-03-20"", ""2025-04-25_2025-05-07"", ""2025-05-19_2025-05-31"", ""2025-10-10_2025-10-22""], ""88"": [""2025-04-04_2025-04-16"", ""2025-05-22_2025-06-03"", ""2025-08-26_2025-09-07"", ""2025-10-13_2025-10-25""]}"
c9f479739201,E5r,2025,2025,37+88,8,2,O2,HGB,exploratory_r2,,,48,11005,40.4,58970ccc7c7732eefbc9244a28b4809b3f3beb05bc9c13bd5e6803627bde93e5,E5r\c9f479739201.npz,2026-10-01T13:42:38+00:00,"{""37"": [""2025-04-25_2025-05-07"", ""2025-06-12_2025-06-24"", ""2025-07-06_2025-07-18"", ""2025-09-16_2025-09-28""], ""88"": [""2025-04-28_2025-05-10"", ""2025-06-15_2025-06-27"", ""2025-07-09_2025-07-21"", ""2025-10-13_2025-10-25""]}"
a2959bf578f6,E5r,2025,2025,37+88,8,2,O3,HGB,exploratory_r2,,,56,11005,50.0,58970ccc7c7732eefbc9244a28b4809b3f3beb05bc9c13bd5e6803627bde93e5,E5r\a2959bf578f6.npz,2026-10-01T13:43:28+00:00,"{""37"": [""2025-04-25_2025-05-07"", ""2025-06-12_2025-06-24"", ""2025-07-06_2025-07-18"", ""2025-09-16_2025-09-28""], ""88"": [""2025-04-28_2025-05-10"", ""2025-06-15_2025-06-27"", ""2025-07-09_2025-07-21"", ""2025-10-13_2025-10-25""]}"
05b11f8234a0,E5r,2025,2025,37+88,8,3,O2,HGB,exploratory_r2,,,48,11005,40.3,58970ccc7c7732eefbc9244a28b4809b3f3beb05bc9c13bd5e6803627bde93e5,E5r\05b11f8234a0.npz,2026-10-01T13:44:08+00:00,"{""37"": [""2025-03-08_2025-03-20"", ""2025-04-25_2025-05-07"", ""2025-06-12_2025-06-24"", ""2025-07-06_2025-07-18""], ""88"": [""2025-05-22_2025-06-03"", ""2025-06-15_2025-06-27"", ""2025-07-09_2025-07-21"", ""2025-10-13_2025-10-25""]}"
27263b4eda5b,E5r,2025,2025,37+88,8,3,O3,HGB,exploratory_r2,,,56,11005,51.0,58970ccc7c7732eefbc9244a28b4809b3f3beb05bc9c13bd5e6803627bde93e5,E5r\27263b4eda5b.npz,2026-10-01T13:44:59+00:00,"{""37"": [""2025-03-08_2025-03-20"", ""2025-04-25_2025-05-07"", ""2025-06-12_2025-06-24"", ""2025-07-06_2025-07-18""], ""88"": [""2025-05-22_2025-06-03"", ""2025-06-15_2025-06-27"", ""2025-07-09_2025-07-21"", ""2025-10-13_2025-10-25""]}"
564629542446,E5r,2025,2025,37+88,8,4,O2,HGB,exploratory_r2,,,48,11005,44.2,58970ccc7c7732eefbc9244a28b4809b3f3beb05bc9c13bd5e6803627bde93e5,E5r\564629542446.npz,2026-10-01T13:45:43+00:00,"{""37"": [""2025-04-01_2025-04-13"", ""2025-04-25_2025-05-07"", ""2025-05-19_2025-05-31"", ""2025-09-16_2025-09-28""], ""88"": [""2025-06-15_2025-06-27"", ""2025-07-09_2025-07-21"", ""2025-08-02_2025-08-14"", ""2025-10-13_2025-10-25""]}"
373804da8a55,E5r,2025,2025,37+88,8,4,O3,HGB,exploratory_r2,,,56,11005,49.1,58970ccc7c7732eefbc9244a28b4809b3f3beb05bc9c13bd5e6803627bde93e5,E5r\373804da8a55.npz,2026-10-01T13:46:32+00:00,"{""37"": [""2025-04-01_2025-04-13"", ""2025-04-25_2025-05-07"", ""2025-05-19_2025-05-31"", ""2025-09-16_2025-09-28""], ""88"": [""2025-06-15_2025-06-27"", ""2025-07-09_2025-07-21"", ""2025-08-02_2025-08-14"", ""2025-10-13_2025-10-25""]}"
1ab465f13b5c,E5r,2025,2025,37+88,8,5,O2,HGB,exploratory_r2,,,48,11005,41.0,58970ccc7c7732eefbc9244a28b4809b3f3beb05bc9c13bd5e6803627bde93e5,E5r\1ab465f13b5c.npz,2026-10-01T13:47:13+00:00,"{""37"": [""2025-04-01_2025-04-13"", ""2025-05-19_2025-05-31"", ""2025-08-23_2025-09-04"", ""2025-09-16_2025-09-28""], ""88"": [""2025-05-22_2025-06-03"", ""2025-07-09_2025-07-21"", ""2025-08-02_2025-08-14"", ""2025-08-26_2025-09-07""]}"
15fb9719388b,E5r,2025,2025,37+88,8,5,O3,HGB,exploratory_r2,,,56,11005,48.8,58970ccc7c7732eefbc9244a28b4809b3f3beb05bc9c13bd5e6803627bde93e5,E5r\15fb9719388b.npz,2026-10-01T13:48:02+00:00,"{""37"": [""2025-04-01_2025-04-13"", ""2025-05-19_2025-05-31"", ""2025-08-23_2025-09-04"", ""2025-09-16_2025-09-28""], ""88"": [""2025-05-22_2025-06-03"", ""2025-07-09_2025-07-21"", ""2025-08-02_2025-08-14"", ""2025-08-26_2025-09-07""]}"
a66c2e3662b4,E5r,2025,2025,37+88,8,6,O2,HGB,exploratory_r2,,,48,11005,40.4,58970ccc7c7732eefbc9244a28b4809b3f3beb05bc9c13bd5e6803627bde93e5,E5r\a66c2e3662b4.npz,2026-10-01T13:48:43+00:00,"{""37"": [""2025-04-25_2025-05-07"", ""2025-07-06_2025-07-18"", ""2025-09-16_2025-09-28"", ""2025-10-10_2025-10-22""], ""88"": [""2025-04-28_2025-05-10"", ""2025-07-09_2025-07-21"", ""2025-08-02_2025-08-14"", ""2025-10-13_2025-10-25""]}"
357f44acd863,E5r,2025,2025,37+88,8,6,O3,HGB,exploratory_r2,,,56,11005,50.3,58970ccc7c7732eefbc9244a28b4809b3f3beb05bc9c13bd5e6803627bde93e5,E5r\357f44acd863.npz,2026-10-01T13:49:33+00:00,"{""37"": [""2025-04-25_2025-05-07"", ""2025-07-06_2025-07-18"", ""2025-09-16_2025-09-28"", ""2025-10-10_2025-10-22""], ""88"": [""2025-04-28_2025-05-10"", ""2025-07-09_2025-07-21"", ""2025-08-02_2025-08-14"", ""2025-10-13_2025-10-25""]}"
1de29f8cd45c,E5r,2025,2025,37+88,8,7,O2,HGB,exploratory_r2,,,48,11005,40.3,58970ccc7c7732eefbc9244a28b4809b3f3beb05bc9c13bd5e6803627bde93e5,E5r\1de29f8cd45c.npz,2026-10-01T13:50:13+00:00,"{""37"": [""2025-04-25_2025-05-07"", ""2025-06-12_2025-06-24"", ""2025-07-06_2025-07-18"", ""2025-08-23_2025-09-04""], ""88"": [""2025-03-11_2025-03-23"", ""2025-04-28_2025-05-10"", ""2025-05-22_2025-06-03"", ""2025-08-02_2025-08-14""]}"
21cc7a92e5fb,E5r,2025,2025,37+88,8,7,O3,HGB,exploratory_r2,,,56,11005,48.6,58970ccc7c7732eefbc9244a28b4809b3f3beb05bc9c13bd5e6803627bde93e5,E5r\21cc7a92e5fb.npz,2026-10-01T13:51:02+00:00,"{""37"": [""2025-04-25_2025-05-07"", ""2025-06-12_2025-06-24"", ""2025-07-06_2025-07-18"", ""2025-08-23_2025-09-04""], ""88"": [""2025-03-11_2025-03-23"", ""2025-04-28_2025-05-10"", ""2025-05-22_2025-06-03"", ""2025-08-02_2025-08-14""]}"
e5a2a47f8627,E5r,2025,2025,37+88,8,8,O2,HGB,exploratory_r2,,,48,11005,40.3,58970ccc7c7732eefbc9244a28b4809b3f3beb05bc9c13bd5e6803627bde93e5,E5r\e5a2a47f8627.npz,2026-10-01T13:51:42+00:00,"{""37"": [""2025-03-08_2025-03-20"", ""2025-04-25_2025-05-07"", ""2025-06-12_2025-06-24"", ""2025-07-06_2025-07-18""], ""88"": [""2025-03-11_2025-03-23"", ""2025-04-28_2025-05-10"", ""2025-06-15_2025-06-27"", ""2025-08-26_2025-09-07""]}"
4d1960254fbb,E5r,2025,2025,37+88,8,8,O3,HGB,exploratory_r2,,,56,11005,49.0,58970ccc7c7732eefbc9244a28b4809b3f3beb05bc9c13bd5e6803627bde93e5,E5r\4d1960254fbb.npz,2026-10-01T13:52:31+00:00,"{""37"": [""2025-03-08_2025-03-20"", ""2025-04-25_2025-05-07"", ""2025-06-12_2025-06-24"", ""2025-07-06_2025-07-18""], ""88"": [""2025-03-11_2025-03-23"", ""2025-04-28_2025-05-10"", ""2025-06-15_2025-06-27"", ""2025-08-26_2025-09-07""]}"
48c7d20ade21,E5r,2025,2025,37+88,8,9,O2,HGB,exploratory_r2,,,48,11005,40.6,58970ccc7c7732eefbc9244a28b4809b3f3beb05bc9c13bd5e6803627bde93e5,E5r\48c7d20ade21.npz,2026-10-01T13:53:12+00:00,"{""37"": [""2025-04-25_2025-05-07"", ""2025-07-06_2025-07-18"", ""2025-09-16_2025-09-28"", ""2025-10-10_2025-10-22""], ""88"": [""2025-04-04_2025-04-16"", ""2025-07-09_2025-07-21"", ""2025-08-02_2025-08-14"", ""2025-08-26_2025-09-07""]}"
ee3ae1c68c5c,E5r,2025,2025,37+88,8,9,O3,HGB,exploratory_r2,,,56,11005,48.5,58970ccc7c7732eefbc9244a28b4809b3f3beb05bc9c13bd5e6803627bde93e5,E5r\ee3ae1c68c5c.npz,2026-10-01T13:54:00+00:00,"{""37"": [""2025-04-25_2025-05-07"", ""2025-07-06_2025-07-18"", ""2025-09-16_2025-09-28"", ""2025-10-10_2025-10-22""], ""88"": [""2025-04-04_2025-04-16"", ""2025-07-09_2025-07-21"", ""2025-08-02_2025-08-14"", ""2025-08-26_2025-09-07""]}"
e7dd826613d7,E5r,2025,2025,37+88,8,10,O2,HGB,exploratory_r2,,,48,11005,41.2,58970ccc7c7732eefbc9244a28b4809b3f3beb05bc9c13bd5e6803627bde93e5,E5r\e7dd826613d7.npz,2026-10-01T13:54:41+00:00,"{""37"": [""2025-05-19_2025-05-31"", ""2025-07-06_2025-07-18"", ""2025-08-23_2025-09-04"", ""2025-10-10_2025-10-22""], ""88"": [""2025-04-04_2025-04-16"", ""2025-05-22_2025-06-03"", ""2025-06-15_2025-06-27"", ""2025-10-13_2025-10-25""]}"
286b7436edd4,E5r,2025,2025,37+88,8,10,O3,HGB,exploratory_r2,,,56,11005,49.2,58970ccc7c7732eefbc9244a28b4809b3f3beb05bc9c13bd5e6803627bde93e5,E5r\286b7436edd4.npz,2026-10-01T13:55:31+00:00,"{""37"": [""2025-05-19_2025-05-31"", ""2025-07-06_2025-07-18"", ""2025-08-23_2025-09-04"", ""2025-10-10_2025-10-22""], ""88"": [""2025-04-04_2025-04-16"", ""2025-05-22_2025-06-03"", ""2025-06-15_2025-06-27"", ""2025-10-13_2025-10-25""]}"
62ec2065bd1a,E5r,2025,2025,37+88,8,11,O2,HGB,exploratory_r2,,,48,11005,41.7,58970ccc7c7732eefbc9244a28b4809b3f3beb05bc9c13bd5e6803627bde93e5,E5r\62ec2065bd1a.npz,2026-10-01T13:56:12+00:00,"{""37"": [""2025-03-08_2025-03-20"", ""2025-05-19_2025-05-31"", ""2025-08-23_2025-09-04"", ""2025-10-10_2025-10-22""], ""88"": [""2025-04-04_2025-04-16"", ""2025-04-28_2025-05-10"", ""2025-08-02_2025-08-14"", ""2025-10-13_2025-10-25""]}"
d325eb462735,E5r,2025,2025,37+88,8,11,O3,HGB,exploratory_r2,,,56,11005,55.1,58970ccc7c7732eefbc9244a28b4809b3f3beb05bc9c13bd5e6803627bde93e5,E5r\d325eb462735.npz,2026-10-01T13:57:08+00:00,"{""37"": [""2025-03-08_2025-03-20"", ""2025-05-19_2025-05-31"", ""2025-08-23_2025-09-04"", ""2025-10-10_2025-10-22""], ""88"": [""2025-04-04_2025-04-16"", ""2025-04-28_2025-05-10"", ""2025-08-02_2025-08-14"", ""2025-10-13_2025-10-25""]}"
1dc1c1eef325,E5r,2025,2025,37+88,8,12,O2,HGB,exploratory_r2,,,48,11005,41.8,58970ccc7c7732eefbc9244a28b4809b3f3beb05bc9c13bd5e6803627bde93e5,E5r\1dc1c1eef325.npz,2026-10-01T13:57:49+00:00,"{""37"": [""2025-03-08_2025-03-20"", ""2025-06-12_2025-06-24"", ""2025-08-23_2025-09-04"", ""2025-10-10_2025-10-22""], ""88"": [""2025-04-28_2025-05-10"", ""2025-05-22_2025-06-03"", ""2025-07-09_2025-07-21"", ""2025-10-13_2025-10-25""]}"
1155742375eb,E5r,2025,2025,37+88,8,12,O3,HGB,exploratory_r2,,,56,11005,48.9,58970ccc7c7732eefbc9244a28b4809b3f3beb05bc9c13bd5e6803627bde93e5,E5r\1155742375eb.npz,2026-10-01T13:58:38+00:00,"{""37"": [""2025-03-08_2025-03-20"", ""2025-06-12_2025-06-24"", ""2025-08-23_2025-09-04"", ""2025-10-10_2025-10-22""], ""88"": [""2025-04-28_2025-05-10"", ""2025-05-22_2025-06-03"", ""2025-07-09_2025-07-21"", ""2025-10-13_2025-10-25""]}"
0a115843b014,E5r,2025,2025,37+88,8,13,O2,HGB,exploratory_r2,,,48,11005,40.9,58970ccc7c7732eefbc9244a28b4809b3f3beb05bc9c13bd5e6803627bde93e5,E5r\0a115843b014.npz,2026-10-01T13:59:19+00:00,"{""37"": [""2025-04-25_2025-05-07"", ""2025-07-06_2025-07-18"", ""2025-08-23_2025-09-04"", ""2025-10-10_2025-10-22""], ""88"": [""2025-04-04_2025-04-16"", ""2025-06-15_2025-06-27"", ""2025-07-09_2025-07-21"", ""2025-08-02_2025-08-14""]}"
7bbb7375480f,E5r,2025,2025,37+88,8,13,O3,HGB,exploratory_r2,,,56,11005,47.2,58970ccc7c7732eefbc9244a28b4809b3f3beb05bc9c13bd5e6803627bde93e5,E5r\7bbb7375480f.npz,2026-10-01T14:00:06+00:00,"{""37"": [""2025-04-25_2025-05-07"", ""2025-07-06_2025-07-18"", ""2025-08-23_2025-09-04"", ""2025-10-10_2025-10-22""], ""88"": [""2025-04-04_2025-04-16"", ""2025-06-15_2025-06-27"", ""2025-07-09_2025-07-21"", ""2025-08-02_2025-08-14""]}"
ff86b84f98d0,E5r,2025,2025,37+88,8,14,O2,HGB,exploratory_r2,,,48,11005,41.3,58970ccc7c7732eefbc9244a28b4809b3f3beb05bc9c13bd5e6803627bde93e5,E5r\ff86b84f98d0.npz,2026-10-01T14:00:48+00:00,"{""37"": [""2025-03-08_2025-03-20"", ""2025-04-01_2025-04-13"", ""2025-04-25_2025-05-07"", ""2025-07-06_2025-07-18""], ""88"": [""2025-04-04_2025-04-16"", ""2025-06-15_2025-06-27"", ""2025-07-09_2025-07-21"", ""2025-08-02_2025-08-14""]}"
2b9753022ae8,E5r,2025,2025,37+88,8,14,O3,HGB,exploratory_r2,,,56,11005,48.7,58970ccc7c7732eefbc9244a28b4809b3f3beb05bc9c13bd5e6803627bde93e5,E5r\2b9753022ae8.npz,2026-10-01T14:01:36+00:00,"{""37"": [""2025-03-08_2025-03-20"", ""2025-04-01_2025-04-13"", ""2025-04-25_2025-05-07"", ""2025-07-06_2025-07-18""], ""88"": [""2025-04-04_2025-04-16"", ""2025-06-15_2025-06-27"", ""2025-07-09_2025-07-21"", ""2025-08-02_2025-08-14""]}"
62ec0cd54b6c,E5r,2025,2025,37+88,8,15,O2,HGB,exploratory_r2,,,48,11005,41.6,58970ccc7c7732eefbc9244a28b4809b3f3beb05bc9c13bd5e6803627bde93e5,E5r\62ec0cd54b6c.npz,2026-10-01T14:02:18+00:00,"{""37"": [""2025-04-01_2025-04-13"", ""2025-04-25_2025-05-07"", ""2025-07-06_2025-07-18"", ""2025-09-16_2025-09-28""], ""88"": [""2025-04-04_2025-04-16"", ""2025-05-22_2025-06-03"", ""2025-08-02_2025-08-14"", ""2025-10-13_2025-10-25""]}"
bc29786058c4,E5r,2025,2025,37+88,8,15,O3,HGB,exploratory_r2,,,56,11005,52.9,58970ccc7c7732eefbc9244a28b4809b3f3beb05bc9c13bd5e6803627bde93e5,E5r\bc29786058c4.npz,2026-10-01T14:03:11+00:00,"{""37"": [""2025-04-01_2025-04-13"", ""2025-04-25_2025-05-07"", ""2025-07-06_2025-07-18"", ""2025-09-16_2025-09-28""], ""88"": [""2025-04-04_2025-04-16"", ""2025-05-22_2025-06-03"", ""2025-08-02_2025-08-14"", ""2025-10-13_2025-10-25""]}"
49b31108af27,E5r,2025,2025,37+88,8,16,O2,HGB,exploratory_r2,,,48,11005,37.9,58970ccc7c7732eefbc9244a28b4809b3f3beb05bc9c13bd5e6803627bde93e5,E5r\49b31108af27.npz,2026-10-01T14:03:59+00:00,"{""37"": [""2025-03-08_2025-03-20"", ""2025-06-12_2025-06-24"", ""2025-08-23_2025-09-04"", ""2025-10-10_2025-10-22""], ""88"": [""2025-04-28_2025-05-10"", ""2025-06-15_2025-06-27"", ""2025-08-26_2025-09-07"", ""2025-10-13_2025-10-25""]}"
7b52675bcce8,E5r,2025,2025,37+88,8,16,O3,HGB,exploratory_r2,,,56,11005,41.4,58970ccc7c7732eefbc9244a28b4809b3f3beb05bc9c13bd5e6803627bde93e5,E5r\7b52675bcce8.npz,2026-10-01T14:04:41+00:00,"{""37"": [""2025-03-08_2025-03-20"", ""2025-06-12_2025-06-24"", ""2025-08-23_2025-09-04"", ""2025-10-10_2025-10-22""], ""88"": [""2025-04-28_2025-05-10"", ""2025-06-15_2025-06-27"", ""2025-08-26_2025-09-07"", ""2025-10-13_2025-10-25""]}"
bd241c08a97b,E5r,2025,2025,37+88,8,17,O2,HGB,exploratory_r2,,,48,11005,35.6,58970ccc7c7732eefbc9244a28b4809b3f3beb05bc9c13bd5e6803627bde93e5,E5r\bd241c08a97b.npz,2026-10-01T14:05:16+00:00,"{""37"": [""2025-03-08_2025-03-20"", ""2025-06-12_2025-06-24"", ""2025-07-06_2025-07-18"", ""2025-09-16_2025-09-28""], ""88"": [""2025-04-04_2025-04-16"", ""2025-04-28_2025-05-10"", ""2025-06-15_2025-06-27"", ""2025-08-26_2025-09-07""]}"
a3c93a0acf00,E5r,2025,2025,37+88,8,17,O3,HGB,exploratory_r2,,,56,11005,39.7,58970ccc7c7732eefbc9244a28b4809b3f3beb05bc9c13bd5e6803627bde93e5,E5r\a3c93a0acf00.npz,2026-10-01T14:05:56+00:00,"{""37"": [""2025-03-08_2025-03-20"", ""2025-06-12_2025-06-24"", ""2025-07-06_2025-07-18"", ""2025-09-16_2025-09-28""], ""88"": [""2025-04-04_2025-04-16"", ""2025-04-28_2025-05-10"", ""2025-06-15_2025-06-27"", ""2025-08-26_2025-09-07""]}"
d2807774399f,E5r,2025,2025,37+88,8,18,O2,HGB,exploratory_r2,,,48,11005,36.1,58970ccc7c7732eefbc9244a28b4809b3f3beb05bc9c13bd5e6803627bde93e5,E5r\d2807774399f.npz,2026-10-01T14:06:32+00:00,"{""37"": [""2025-03-08_2025-03-20"", ""2025-04-25_2025-05-07"", ""2025-05-19_2025-05-31"", ""2025-06-12_2025-06-24""], ""88"": [""2025-03-11_2025-03-23"", ""2025-04-04_2025-04-16"", ""2025-08-02_2025-08-14"", ""2025-10-13_2025-10-25""]}"
4d3dc3b28767,E5r,2025,2025,37+88,8,18,O3,HGB,exploratory_r2,,,56,11005,40.0,58970ccc7c7732eefbc9244a28b4809b3f3beb05bc9c13bd5e6803627bde93e5,E5r\4d3dc3b28767.npz,2026-10-01T14:07:12+00:00,"{""37"": [""2025-03-08_2025-03-20"", ""2025-04-25_2025-05-07"", ""2025-05-19_2025-05-31"", ""2025-06-12_2025-06-24""], ""88"": [""2025-03-11_2025-03-23"", ""2025-04-04_2025-04-16"", ""2025-08-02_2025-08-14"", ""2025-10-13_2025-10-25""]}"
f754f55d070d,E5r,2025,2025,37+88,8,19,O2,HGB,exploratory_r2,,,48,11005,34.8,58970ccc7c7732eefbc9244a28b4809b3f3beb05bc9c13bd5e6803627bde93e5,E5r\f754f55d070d.npz,2026-10-01T14:07:47+00:00,"{""37"": [""2025-06-12_2025-06-24"", ""2025-07-06_2025-07-18"", ""2025-08-23_2025-09-04"", ""2025-09-16_2025-09-28""], ""88"": [""2025-04-28_2025-05-10"", ""2025-05-22_2025-06-03"", ""2025-06-15_2025-06-27"", ""2025-07-09_2025-07-21""]}"
42b6c0270006,E5r,2025,2025,37+88,8,19,O3,HGB,exploratory_r2,,,56,11005,39.8,58970ccc7c7732eefbc9244a28b4809b3f3beb05bc9c13bd5e6803627bde93e5,E5r\42b6c0270006.npz,2026-10-01T14:08:27+00:00,"{""37"": [""2025-06-12_2025-06-24"", ""2025-07-06_2025-07-18"", ""2025-08-23_2025-09-04"", ""2025-09-16_2025-09-28""], ""88"": [""2025-04-28_2025-05-10"", ""2025-05-22_2025-06-03"", ""2025-06-15_2025-06-27"", ""2025-07-09_2025-07-21""]}"
8ea44b3ae33b,E5r,2024,2024,37+88,2,0,O2,HGB,exploratory_r2,,,12,11069,17.1,58970ccc7c7732eefbc9244a28b4809b3f3beb05bc9c13bd5e6803627bde93e5,E5r\8ea44b3ae33b.npz,2026-10-01T14:08:44+00:00,"{""37"": [""2024-03-01_2024-03-13""], ""88"": [""2024-08-19_2024-08-31""]}"
31d4fe7882bf,E5r,2024,2024,37+88,2,0,O3,HGB,exploratory_r2,,,14,11069,18.7,58970ccc7c7732eefbc9244a28b4809b3f3beb05bc9c13bd5e6803627bde93e5,E5r\31d4fe7882bf.npz,2026-10-01T14:09:03+00:00,"{""37"": [""2024-03-01_2024-03-13""], ""88"": [""2024-08-19_2024-08-31""]}"
a8aa2701e5dc,E5r,2024,2024,37+88,2,1,O2,HGB,exploratory_r2,,,12,11069,17.0,58970ccc7c7732eefbc9244a28b4809b3f3beb05bc9c13bd5e6803627bde93e5,E5r\a8aa2701e5dc.npz,2026-10-01T14:09:20+00:00,"{""37"": [""2024-04-18_2024-04-30""], ""88"": [""2024-10-06_2024-10-18""]}"
be5af51cf371,E5r,2024,2024,37+88,2,1,O3,HGB,exploratory_r2,,,14,11069,18.7,58970ccc7c7732eefbc9244a28b4809b3f3beb05bc9c13bd5e6803627bde93e5,E5r\be5af51cf371.npz,2026-10-01T14:09:38+00:00,"{""37"": [""2024-04-18_2024-04-30""], ""88"": [""2024-10-06_2024-10-18""]}"
61d4daf047d1,E5r,2024,2024,37+88,2,2,O2,HGB,exploratory_r2,,,12,11069,17.1,58970ccc7c7732eefbc9244a28b4809b3f3beb05bc9c13bd5e6803627bde93e5,E5r\61d4daf047d1.npz,2026-10-01T14:09:55+00:00,"{""37"": [""2024-10-03_2024-10-15""], ""88"": [""2024-07-26_2024-08-07""]}"
c01fc262de36,E5r,2024,2024,37+88,2,2,O3,HGB,exploratory_r2,,,14,11069,18.1,58970ccc7c7732eefbc9244a28b4809b3f3beb05bc9c13bd5e6803627bde93e5,E5r\c01fc262de36.npz,2026-10-01T14:10:14+00:00,"{""37"": [""2024-10-03_2024-10-15""], ""88"": [""2024-07-26_2024-08-07""]}"
076bc5ab1257,E5r,2024,2024,37+88,2,3,O2,HGB,exploratory_r2,,,12,11069,17.1,58970ccc7c7732eefbc9244a28b4809b3f3beb05bc9c13bd5e6803627bde93e5,E5r\076bc5ab1257.npz,2026-10-01T14:10:31+00:00,"{""37"": [""2024-08-16_2024-08-28""], ""88"": [""2024-03-04_2024-03-16""]}"
7cf9e00836c5,E5r,2024,2024,37+88,2,3,O3,HGB,exploratory_r2,,,14,11069,18.4,58970ccc7c7732eefbc9244a28b4809b3f3beb05bc9c13bd5e6803627bde93e5,E5r\7cf9e00836c5.npz,2026-10-01T14:10:49+00:00,"{""37"": [""2024-08-16_2024-08-28""], ""88"": [""2024-03-04_2024-03-16""]}"
2e4753041258,E5r,2024,2024,37+88,2,4,O2,HGB,exploratory_r2,,,12,11069,17.2,58970ccc7c7732eefbc9244a28b4809b3f3beb05bc9c13bd5e6803627bde93e5,E5r\2e4753041258.npz,2026-10-01T14:11:06+00:00,"{""37"": [""2024-10-03_2024-10-15""], ""88"": [""2024-07-02_2024-07-14""]}"
a31ff69446f4,E5r,2024,2024,37+88,2,4,O3,HGB,exploratory_r2,,,14,11069,18.9,58970ccc7c7732eefbc9244a28b4809b3f3beb05bc9c13bd5e6803627bde93e5,E5r\a31ff69446f4.npz,2026-10-01T14:11:25+00:00,"{""37"": [""2024-10-03_2024-10-15""], ""88"": [""2024-07-02_2024-07-14""]}"
75eae0ed581a,E5r,2024,2024,37+88,2,5,O2,HGB,exploratory_r2,,,12,11069,17.1,58970ccc7c7732eefbc9244a28b4809b3f3beb05bc9c13bd5e6803627bde93e5,E5r\75eae0ed581a.npz,2026-10-01T14:11:42+00:00,"{""37"": [""2024-10-03_2024-10-15""], ""88"": [""2024-05-15_2024-05-27""]}"
47e728530ffd,E5r,2024,2024,37+88,2,5,O3,HGB,exploratory_r2,,,14,11069,18.3,58970ccc7c7732eefbc9244a28b4809b3f3beb05bc9c13bd5e6803627bde93e5,E5r\47e728530ffd.npz,2026-10-01T14:12:01+00:00,"{""37"": [""2024-10-03_2024-10-15""], ""88"": [""2024-05-15_2024-05-27""]}"
897c1d4b3a07,E5r,2024,2024,37+88,2,6,O2,HGB,exploratory_r2,,,12,11069,17.3,58970ccc7c7732eefbc9244a28b4809b3f3beb05bc9c13bd5e6803627bde93e5,E5r\897c1d4b3a07.npz,2026-10-01T14:12:18+00:00,"{""37"": [""2024-08-16_2024-08-28""], ""88"": [""2024-10-06_2024-10-18""]}"
ab1550ab0c36,E5r,2024,2024,37+88,2,6,O3,HGB,exploratory_r2,,,14,11069,18.3,58970ccc7c7732eefbc9244a28b4809b3f3beb05bc9c13bd5e6803627bde93e5,E5r\ab1550ab0c36.npz,2026-10-01T14:12:36+00:00,"{""37"": [""2024-08-16_2024-08-28""], ""88"": [""2024-10-06_2024-10-18""]}"
7d6ef902460f,E5r,2024,2024,37+88,2,7,O2,HGB,exploratory_r2,,,12,11069,17.0,58970ccc7c7732eefbc9244a28b4809b3f3beb05bc9c13bd5e6803627bde93e5,E5r\7d6ef902460f.npz,2026-10-01T14:12:53+00:00,"{""37"": [""2024-09-09_2024-09-21""], ""88"": [""2024-03-28_2024-04-09""]}"
188459c8c47e,E5r,2024,2024,37+88,2,7,O3,HGB,exploratory_r2,,,14,11069,18.6,58970ccc7c7732eefbc9244a28b4809b3f3beb05bc9c13bd5e6803627bde93e5,E5r\188459c8c47e.npz,2026-10-01T14:13:12+00:00,"{""37"": [""2024-09-09_2024-09-21""], ""88"": [""2024-03-28_2024-04-09""]}"
fefa72592575,E5r,2024,2024,37+88,2,8,O2,HGB,exploratory_r2,,,12,11069,17.5,58970ccc7c7732eefbc9244a28b4809b3f3beb05bc9c13bd5e6803627bde93e5,E5r\fefa72592575.npz,2026-10-01T14:13:29+00:00,"{""37"": [""2024-05-12_2024-05-24""], ""88"": [""2024-07-02_2024-07-14""]}"
63a5052dc03a,E5r,2024,2024,37+88,2,8,O3,HGB,exploratory_r2,,,14,11069,18.5,58970ccc7c7732eefbc9244a28b4809b3f3beb05bc9c13bd5e6803627bde93e5,E5r\63a5052dc03a.npz,2026-10-01T14:13:48+00:00,"{""37"": [""2024-05-12_2024-05-24""], ""88"": [""2024-07-02_2024-07-14""]}"
3f49ce873f46,E5r,2024,2024,37+88,2,9,O2,HGB,exploratory_r2,,,12,11069,17.7,58970ccc7c7732eefbc9244a28b4809b3f3beb05bc9c13bd5e6803627bde93e5,E5r\3f49ce873f46.npz,2026-10-01T14:14:05+00:00,"{""37"": [""2024-05-12_2024-05-24""], ""88"": [""2024-06-08_2024-06-20""]}"
9aaac62e54d7,E5r,2024,2024,37+88,2,9,O3,HGB,exploratory_r2,,,14,11069,19.7,58970ccc7c7732eefbc9244a28b4809b3f3beb05bc9c13bd5e6803627bde93e5,E5r\9aaac62e54d7.npz,2026-10-01T14:14:25+00:00,"{""37"": [""2024-05-12_2024-05-24""], ""88"": [""2024-06-08_2024-06-20""]}"
13d4f7a5dc16,E5r,2024,2024,37+88,4,0,O2,HGB,exploratory_r2,,,24,11069,24.8,58970ccc7c7732eefbc9244a28b4809b3f3beb05bc9c13bd5e6803627bde93e5,E5r\13d4f7a5dc16.npz,2026-10-01T14:14:50+00:00,"{""37"": [""2024-03-01_2024-03-13"", ""2024-05-12_2024-05-24""], ""88"": [""2024-03-28_2024-04-09"", ""2024-07-26_2024-08-07""]}"
0c62eda0b1d8,E5r,2024,2024,37+88,4,0,O3,HGB,exploratory_r2,,,28,11069,27.6,58970ccc7c7732eefbc9244a28b4809b3f3beb05bc9c13bd5e6803627bde93e5,E5r\0c62eda0b1d8.npz,2026-10-01T14:15:18+00:00,"{""37"": [""2024-03-01_2024-03-13"", ""2024-05-12_2024-05-24""], ""88"": [""2024-03-28_2024-04-09"", ""2024-07-26_2024-08-07""]}"
d16828d62da5,E5r,2024,2024,37+88,4,1,O2,HGB,exploratory_r2,,,24,11069,24.4,58970ccc7c7732eefbc9244a28b4809b3f3beb05bc9c13bd5e6803627bde93e5,E5r\d16828d62da5.npz,2026-10-01T14:15:42+00:00,"{""37"": [""2024-05-12_2024-05-24"", ""2024-08-16_2024-08-28""], ""88"": [""2024-03-28_2024-04-09"", ""2024-08-19_2024-08-31""]}"
318404fee2b8,E5r,2024,2024,37+88,4,1,O3,HGB,exploratory_r2,,,28,11069,26.0,58970ccc7c7732eefbc9244a28b4809b3f3beb05bc9c13bd5e6803627bde93e5,E5r\318404fee2b8.npz,2026-10-01T14:16:08+00:00,"{""37"": [""2024-05-12_2024-05-24"", ""2024-08-16_2024-08-28""], ""88"": [""2024-03-28_2024-04-09"", ""2024-08-19_2024-08-31""]}"
cd37291989e8,E5r,2024,2024,37+88,4,2,O2,HGB,exploratory_r2,,,24,11069,23.4,58970ccc7c7732eefbc9244a28b4809b3f3beb05bc9c13bd5e6803627bde93e5,E5r\cd37291989e8.npz,2026-10-01T14:16:31+00:00,"{""37"": [""2024-06-05_2024-06-17"", ""2024-06-29_2024-07-11""], ""88"": [""2024-04-21_2024-05-03"", ""2024-05-15_2024-05-27""]}"
2002b75d75ba,E5r,2024,2024,37+88,4,2,O3,HGB,exploratory_r2,,,28,11069,25.8,58970ccc7c7732eefbc9244a28b4809b3f3beb05bc9c13bd5e6803627bde93e5,E5r\2002b75d75ba.npz,2026-10-01T14:16:57+00:00,"{""37"": [""2024-06-05_2024-06-17"", ""2024-06-29_2024-07-11""], ""88"": [""2024-04-21_2024-05-03"", ""2024-05-15_2024-05-27""]}"
0c73aab18c34,E5r,2024,2024,37+88,4,3,O2,HGB,exploratory_r2,,,24,11069,23.6,58970ccc7c7732eefbc9244a28b4809b3f3beb05bc9c13bd5e6803627bde93e5,E5r\0c73aab18c34.npz,2026-10-01T14:17:21+00:00,"{""37"": [""2024-06-05_2024-06-17"", ""2024-08-16_2024-08-28""], ""88"": [""2024-05-15_2024-05-27"", ""2024-08-19_2024-08-31""]}"
e27b979d1055,E5r,2024,2024,37+88,4,3,O3,HGB,exploratory_r2,,,28,11069,25.9,58970ccc7c7732eefbc9244a28b4809b3f3beb05bc9c13bd5e6803627bde93e5,E5r\e27b979d1055.npz,2026-10-01T14:17:47+00:00,"{""37"": [""2024-06-05_2024-06-17"", ""2024-08-16_2024-08-28""], ""88"": [""2024-05-15_2024-05-27"", ""2024-08-19_2024-08-31""]}"
316d415ac612,E5r,2024,2024,37+88,4,4,O2,HGB,exploratory_r2,,,24,11069,23.4,58970ccc7c7732eefbc9244a28b4809b3f3beb05bc9c13bd5e6803627bde93e5,E5r\316d415ac612.npz,2026-10-01T14:18:10+00:00,"{""37"": [""2024-06-05_2024-06-17"", ""2024-08-16_2024-08-28""], ""88"": [""2024-04-21_2024-05-03"", ""2024-05-15_2024-05-27""]}"
25dead765b07,E5r,2024,2024,37+88,4,4,O3,HGB,exploratory_r2,,,28,11069,26.1,58970ccc7c7732eefbc9244a28b4809b3f3beb05bc9c13bd5e6803627bde93e5,E5r\25dead765b07.npz,2026-10-01T14:18:36+00:00,"{""37"": [""2024-06-05_2024-06-17"", ""2024-08-16_2024-08-28""], ""88"": [""2024-04-21_2024-05-03"", ""2024-05-15_2024-05-27""]}"
2accfff95c2b,E5r,2024,2024,37+88,4,5,O2,HGB,exploratory_r2,,,24,11069,23.1,58970ccc7c7732eefbc9244a28b4809b3f3beb05bc9c13bd5e6803627bde93e5,E5r\2accfff95c2b.npz,2026-10-01T14:18:59+00:00,"{""37"": [""2024-06-05_2024-06-17"", ""2024-08-16_2024-08-28""], ""88"": [""2024-03-04_2024-03-16"", ""2024-07-26_2024-08-07""]}"
de8703bf53e1,E5r,2024,2024,37+88,4,5,O3,HGB,exploratory_r2,,,28,11069,25.8,58970ccc7c7732eefbc9244a28b4809b3f3beb05bc9c13bd5e6803627bde93e5,E5r\de8703bf53e1.npz,2026-10-01T14:19:25+00:00,"{""37"": [""2024-06-05_2024-06-17"", ""2024-08-16_2024-08-28""], ""88"": [""2024-03-04_2024-03-16"", ""2024-07-26_2024-08-07""]}"
dd32fc2d6a01,E5r,2024,2024,37+88,4,6,O2,HGB,exploratory_r2,,,24,11069,23.1,58970ccc7c7732eefbc9244a28b4809b3f3beb05bc9c13bd5e6803627bde93e5,E5r\dd32fc2d6a01.npz,2026-10-01T14:19:48+00:00,"{""37"": [""2024-05-12_2024-05-24"", ""2024-09-09_2024-09-21""], ""88"": [""2024-07-26_2024-08-07"", ""2024-08-19_2024-08-31""]}"
721e583d5199,E5r,2024,2024,37+88,4,6,O3,HGB,exploratory_r2,,,28,11069,25.5,58970ccc7c7732eefbc9244a28b4809b3f3beb05bc9c13bd5e6803627bde93e5,E5r\721e583d5199.npz,2026-10-01T14:20:14+00:00,"{""37"": [""2024-05-12_2024-05-24"", ""2024-09-09_2024-09-21""], ""88"": [""2024-07-26_2024-08-07"", ""2024-08-19_2024-08-31""]}"
4c29b3f4e9b7,E5r,2024,2024,37+88,4,7,O2,HGB,exploratory_r2,,,24,11069,24.2,58970ccc7c7732eefbc9244a28b4809b3f3beb05bc9c13bd5e6803627bde93e5,E5r\4c29b3f4e9b7.npz,2026-10-01T14:20:38+00:00,"{""37"": [""2024-04-18_2024-04-30"", ""2024-10-03_2024-10-15""], ""88"": [""2024-03-04_2024-03-16"", ""2024-03-28_2024-04-09""]}"
daf6770f7d80,E5r,2024,2024,37+88,4,7,O3,HGB,exploratory_r2,,,28,11069,28.2,58970ccc7c7732eefbc9244a28b4809b3f3beb05bc9c13bd5e6803627bde93e5,E5r\daf6770f7d80.npz,2026-10-01T14:21:06+00:00,"{""37"": [""2024-04-18_2024-04-30"", ""2024-10-03_2024-10-15""], ""88"": [""2024-03-04_2024-03-16"", ""2024-03-28_2024-04-09""]}"
e4df85648d1c,E5r,2024,2024,37+88,4,8,O2,HGB,exploratory_r2,,,24,11069,25.3,58970ccc7c7732eefbc9244a28b4809b3f3beb05bc9c13bd5e6803627bde93e5,E5r\e4df85648d1c.npz,2026-10-01T14:21:32+00:00,"{""37"": [""2024-08-16_2024-08-28"", ""2024-10-03_2024-10-15""], ""88"": [""2024-03-28_2024-04-09"", ""2024-06-08_2024-06-20""]}"
e3ca53d4a5b7,E5r,2024,2024,37+88,4,8,O3,HGB,exploratory_r2,,,28,11069,27.1,58970ccc7c7732eefbc9244a28b4809b3f3beb05bc9c13bd5e6803627bde93e5,E5r\e3ca53d4a5b7.npz,2026-10-01T14:21:59+00:00,"{""37"": [""2024-08-16_2024-08-28"", ""2024-10-03_2024-10-15""], ""88"": [""2024-03-28_2024-04-09"", ""2024-06-08_2024-06-20""]}"
d958a1746c0b,E5r,2024,2024,37+88,4,9,O2,HGB,exploratory_r2,,,24,11069,23.6,58970ccc7c7732eefbc9244a28b4809b3f3beb05bc9c13bd5e6803627bde93e5,E5r\d958a1746c0b.npz,2026-10-01T14:22:22+00:00,"{""37"": [""2024-03-25_2024-04-06"", ""2024-06-05_2024-06-17""], ""88"": [""2024-03-04_2024-03-16"", ""2024-07-26_2024-08-07""]}"
c434ca38cb14,E5r,2024,2024,37+88,4,9,O3,HGB,exploratory_r2,,,28,11069,25.8,58970ccc7c7732eefbc9244a28b4809b3f3beb05bc9c13bd5e6803627bde93e5,E5r\c434ca38cb14.npz,2026-10-01T14:22:48+00:00,"{""37"": [""2024-03-25_2024-04-06"", ""2024-06-05_2024-06-17""], ""88"": [""2024-03-04_2024-03-16"", ""2024-07-26_2024-08-07""]}"
6a66d802e296,E5r,2024,2024,37+88,6,0,O2,HGB,exploratory_r2,,,36,11069,30.7,58970ccc7c7732eefbc9244a28b4809b3f3beb05bc9c13bd5e6803627bde93e5,E5r\6a66d802e296.npz,2026-10-01T14:23:19+00:00,"{""37"": [""2024-03-01_2024-03-13"", ""2024-03-25_2024-04-06"", ""2024-09-09_2024-09-21""], ""88"": [""2024-04-21_2024-05-03"", ""2024-07-02_2024-07-14"", ""2024-10-06_2024-10-18""]}"
1ef41133d100,E5r,2024,2024,37+88,6,0,O3,HGB,exploratory_r2,,,42,11069,33.6,58970ccc7c7732eefbc9244a28b4809b3f3beb05bc9c13bd5e6803627bde93e5,E5r\1ef41133d100.npz,2026-10-01T14:23:52+00:00,"{""37"": [""2024-03-01_2024-03-13"", ""2024-03-25_2024-04-06"", ""2024-09-09_2024-09-21""], ""88"": [""2024-04-21_2024-05-03"", ""2024-07-02_2024-07-14"", ""2024-10-06_2024-10-18""]}"
330f20c4ef5e,E5r,2024,2024,37+88,6,1,O2,HGB,exploratory_r2,,,36,11069,29.8,58970ccc7c7732eefbc9244a28b4809b3f3beb05bc9c13bd5e6803627bde93e5,E5r\330f20c4ef5e.npz,2026-10-01T14:24:22+00:00,"{""37"": [""2024-04-18_2024-04-30"", ""2024-05-12_2024-05-24"", ""2024-08-16_2024-08-28""], ""88"": [""2024-04-21_2024-05-03"", ""2024-05-15_2024-05-27"", ""2024-07-02_2024-07-14""]}"
29857705e37f,E5r,2024,2024,37+88,6,1,O3,HGB,exploratory_r2,,,42,11069,33.0,58970ccc7c7732eefbc9244a28b4809b3f3beb05bc9c13bd5e6803627bde93e5,E5r\29857705e37f.npz,2026-10-01T14:24:55+00:00,"{""37"": [""2024-04-18_2024-04-30"", ""2024-05-12_2024-05-24"", ""2024-08-16_2024-08-28""], ""88"": [""2024-04-21_2024-05-03"", ""2024-05-15_2024-05-27"", ""2024-07-02_2024-07-14""]}"
a091e39e196d,E5r,2024,2024,37+88,6,2,O2,HGB,exploratory_r2,,,36,11069,29.5,58970ccc7c7732eefbc9244a28b4809b3f3beb05bc9c13bd5e6803627bde93e5,E5r\a091e39e196d.npz,2026-10-01T14:25:25+00:00,"{""37"": [""2024-06-05_2024-06-17"", ""2024-08-16_2024-08-28"", ""2024-10-03_2024-10-15""], ""88"": [""2024-06-08_2024-06-20"", ""2024-08-19_2024-08-31"", ""2024-10-06_2024-10-18""]}"
7c40b1e8a6ad,E5r,2024,2024,37+88,6,2,O3,HGB,exploratory_r2,,,42,11069,33.4,58970ccc7c7732eefbc9244a28b4809b3f3beb05bc9c13bd5e6803627bde93e5,E5r\7c40b1e8a6ad.npz,2026-10-01T14:25:58+00:00,"{""37"": [""2024-06-05_2024-06-17"", ""2024-08-16_2024-08-28"", ""2024-10-03_2024-10-15""], ""88"": [""2024-06-08_2024-06-20"", ""2024-08-19_2024-08-31"", ""2024-10-06_2024-10-18""]}"
ce676b0b7b9c,E5r,2024,2024,37+88,6,3,O2,HGB,exploratory_r2,,,36,11069,29.8,58970ccc7c7732eefbc9244a28b4809b3f3beb05bc9c13bd5e6803627bde93e5,E5r\ce676b0b7b9c.npz,2026-10-01T14:26:28+00:00,"{""37"": [""2024-04-18_2024-04-30"", ""2024-05-12_2024-05-24"", ""2024-08-16_2024-08-28""], ""88"": [""2024-03-28_2024-04-09"", ""2024-04-21_2024-05-03"", ""2024-07-26_2024-08-07""]}"
54e2aa7fd0e0,E5r,2024,2024,37+88,6,3,O3,HGB,exploratory_r2,,,42,11069,33.0,58970ccc7c7732eefbc9244a28b4809b3f3beb05bc9c13bd5e6803627bde93e5,E5r\54e2aa7fd0e0.npz,2026-10-01T14:27:01+00:00,"{""37"": [""2024-04-18_2024-04-30"", ""2024-05-12_2024-05-24"", ""2024-08-16_2024-08-28""], ""88"": [""2024-03-28_2024-04-09"", ""2024-04-21_2024-05-03"", ""2024-07-26_2024-08-07""]}"
1d8e66c9bb32,E5r,2024,2024,37+88,6,4,O2,HGB,exploratory_r2,,,36,11069,31.4,58970ccc7c7732eefbc9244a28b4809b3f3beb05bc9c13bd5e6803627bde93e5,E5r\1d8e66c9bb32.npz,2026-10-01T14:27:32+00:00,"{""37"": [""2024-06-05_2024-06-17"", ""2024-08-16_2024-08-28"", ""2024-09-09_2024-09-21""], ""88"": [""2024-06-08_2024-06-20"", ""2024-08-19_2024-08-31"", ""2024-10-06_2024-10-18""]}"
2f5c8c711004,E5r,2024,2024,37+88,6,4,O3,HGB,exploratory_r2,,,42,11069,35.6,58970ccc7c7732eefbc9244a28b4809b3f3beb05bc9c13bd5e6803627bde93e5,E5r\2f5c8c711004.npz,2026-10-01T14:28:08+00:00,"{""37"": [""2024-06-05_2024-06-17"", ""2024-08-16_2024-08-28"", ""2024-09-09_2024-09-21""], ""88"": [""2024-06-08_2024-06-20"", ""2024-08-19_2024-08-31"", ""2024-10-06_2024-10-18""]}"
5bc71aa93425,E5r,2024,2024,37+88,6,5,O2,HGB,exploratory_r2,,,36,11069,30.8,58970ccc7c7732eefbc9244a28b4809b3f3beb05bc9c13bd5e6803627bde93e5,E5r\5bc71aa93425.npz,2026-10-01T14:28:39+00:00,"{""37"": [""2024-05-12_2024-05-24"", ""2024-08-16_2024-08-28"", ""2024-10-03_2024-10-15""], ""88"": [""2024-03-28_2024-04-09"", ""2024-07-26_2024-08-07"", ""2024-08-19_2024-08-31""]}"
565fbdefbb8b,E5r,2024,2024,37+88,6,5,O3,HGB,exploratory_r2,,,42,11069,32.9,58970ccc7c7732eefbc9244a28b4809b3f3beb05bc9c13bd5e6803627bde93e5,E5r\565fbdefbb8b.npz,2026-10-01T14:29:11+00:00,"{""37"": [""2024-05-12_2024-05-24"", ""2024-08-16_2024-08-28"", ""2024-10-03_2024-10-15""], ""88"": [""2024-03-28_2024-04-09"", ""2024-07-26_2024-08-07"", ""2024-08-19_2024-08-31""]}"
3288b391e596,E5r,2024,2024,37+88,6,6,O2,HGB,exploratory_r2,,,36,11069,30.3,58970ccc7c7732eefbc9244a28b4809b3f3beb05bc9c13bd5e6803627bde93e5,E5r\3288b391e596.npz,2026-10-01T14:29:42+00:00,"{""37"": [""2024-03-25_2024-04-06"", ""2024-04-18_2024-04-30"", ""2024-06-29_2024-07-11""], ""88"": [""2024-03-04_2024-03-16"", ""2024-07-02_2024-07-14"", ""2024-08-19_2024-08-31""]}"
151723c595c0,E5r,2024,2024,37+88,6,6,O3,HGB,exploratory_r2,,,42,11069,33.8,58970ccc7c7732eefbc9244a28b4809b3f3beb05bc9c13bd5e6803627bde93e5,E5r\151723c595c0.npz,2026-10-01T14:30:16+00:00,"{""37"": [""2024-03-25_2024-04-06"", ""2024-04-18_2024-04-30"", ""2024-06-29_2024-07-11""], ""88"": [""2024-03-04_2024-03-16"", ""2024-07-02_2024-07-14"", ""2024-08-19_2024-08-31""]}"
53c55d8cbc79,E5r,2024,2024,37+88,6,7,O2,HGB,exploratory_r2,,,36,11069,30.8,58970ccc7c7732eefbc9244a28b4809b3f3beb05bc9c13bd5e6803627bde93e5,E5r\53c55d8cbc79.npz,2026-10-01T14:30:46+00:00,"{""37"": [""2024-03-01_2024-03-13"", ""2024-03-25_2024-04-06"", ""2024-08-16_2024-08-28""], ""88"": [""2024-04-21_2024-05-03"", ""2024-06-08_2024-06-20"", ""2024-08-19_2024-08-31""]}"
a3df92f89957,E5r,2024,2024,37+88,6,7,O3,HGB,exploratory_r2,,,42,11069,33.3,58970ccc7c7732eefbc9244a28b4809b3f3beb05bc9c13bd5e6803627bde93e5,E5r\a3df92f89957.npz,2026-10-01T14:31:20+00:00,"{""37"": [""2024-03-01_2024-03-13"", ""2024-03-25_2024-04-06"", ""2024-08-16_2024-08-28""], ""88"": [""2024-04-21_2024-05-03"", ""2024-06-08_2024-06-20"", ""2024-08-19_2024-08-31""]}"
4a7628c8d3e9,E5r,2024,2024,37+88,6,8,O2,HGB,exploratory_r2,,,36,11069,29.9,58970ccc7c7732eefbc9244a28b4809b3f3beb05bc9c13bd5e6803627bde93e5,E5r\4a7628c8d3e9.npz,2026-10-01T14:31:50+00:00,"{""37"": [""2024-03-25_2024-04-06"", ""2024-08-16_2024-08-28"", ""2024-10-03_2024-10-15""], ""88"": [""2024-04-21_2024-05-03"", ""2024-07-02_2024-07-14"", ""2024-10-06_2024-10-18""]}"
2fc6299bda2e,E5r,2024,2024,37+88,6,8,O3,HGB,exploratory_r2,,,42,11069,33.9,58970ccc7c7732eefbc9244a28b4809b3f3beb05bc9c13bd5e6803627bde93e5,E5r\2fc6299bda2e.npz,2026-10-01T14:32:23+00:00,"{""37"": [""2024-03-25_2024-04-06"", ""2024-08-16_2024-08-28"", ""2024-10-03_2024-10-15""], ""88"": [""2024-04-21_2024-05-03"", ""2024-07-02_2024-07-14"", ""2024-10-06_2024-10-18""]}"
83baf4a2da6f,E5r,2024,2024,37+88,6,9,O2,HGB,exploratory_r2,,,36,11069,33.8,58970ccc7c7732eefbc9244a28b4809b3f3beb05bc9c13bd5e6803627bde93e5,E5r\83baf4a2da6f.npz,2026-10-01T14:32:57+00:00,"{""37"": [""2024-03-01_2024-03-13"", ""2024-03-25_2024-04-06"", ""2024-10-03_2024-10-15""], ""88"": [""2024-03-28_2024-04-09"", ""2024-05-15_2024-05-27"", ""2024-07-02_2024-07-14""]}"
8b7d863d1e81,E5r,2024,2024,37+88,6,9,O3,HGB,exploratory_r2,,,42,11069,29.6,58970ccc7c7732eefbc9244a28b4809b3f3beb05bc9c13bd5e6803627bde93e5,E5r\8b7d863d1e81.npz,2026-10-01T14:33:27+00:00,"{""37"": [""2024-03-01_2024-03-13"", ""2024-03-25_2024-04-06"", ""2024-10-03_2024-10-15""], ""88"": [""2024-03-28_2024-04-09"", ""2024-05-15_2024-05-27"", ""2024-07-02_2024-07-14""]}"
8a73652952e4,E5r,2024,2024,37+88,8,0,O2,HGB,exploratory_r2,,,48,11069,33.9,58970ccc7c7732eefbc9244a28b4809b3f3beb05bc9c13bd5e6803627bde93e5,E5r\8a73652952e4.npz,2026-10-01T14:34:01+00:00,"{""37"": [""2024-04-18_2024-04-30"", ""2024-08-16_2024-08-28"", ""2024-09-09_2024-09-21"", ""2024-10-03_2024-10-15""], ""88"": [""2024-04-21_2024-05-03"", ""2024-05-15_2024-05-27"", ""2024-06-08_2024-06-20"", ""2024-07-26_2024-08-07""]}"
bb9bc1a4e75e,E5r,2024,2024,37+88,8,0,O3,HGB,exploratory_r2,,,56,11069,39.6,58970ccc7c7732eefbc9244a28b4809b3f3beb05bc9c13bd5e6803627bde93e5,E5r\bb9bc1a4e75e.npz,2026-10-01T14:34:41+00:00,"{""37"": [""2024-04-18_2024-04-30"", ""2024-08-16_2024-08-28"", ""2024-09-09_2024-09-21"", ""2024-10-03_2024-10-15""], ""88"": [""2024-04-21_2024-05-03"", ""2024-05-15_2024-05-27"", ""2024-06-08_2024-06-20"", ""2024-07-26_2024-08-07""]}"
76c16928685a,E5r,2024,2024,37+88,8,1,O2,HGB,exploratory_r2,,,48,11069,32.9,58970ccc7c7732eefbc9244a28b4809b3f3beb05bc9c13bd5e6803627bde93e5,E5r\76c16928685a.npz,2026-10-01T14:35:13+00:00,"{""37"": [""2024-03-01_2024-03-13"", ""2024-03-25_2024-04-06"", ""2024-06-29_2024-07-11"", ""2024-08-16_2024-08-28""], ""88"": [""2024-03-04_2024-03-16"", ""2024-03-28_2024-04-09"", ""2024-07-02_2024-07-14"", ""2024-10-06_2024-10-18""]}"
a63dfcc7f51d,E5r,2024,2024,37+88,8,1,O3,HGB,exploratory_r2,,,56,11069,38.1,58970ccc7c7732eefbc9244a28b4809b3f3beb05bc9c13bd5e6803627bde93e5,E5r\a63dfcc7f51d.npz,2026-10-01T14:35:52+00:00,"{""37"": [""2024-03-01_2024-03-13"", ""2024-03-25_2024-04-06"", ""2024-06-29_2024-07-11"", ""2024-08-16_2024-08-28""], ""88"": [""2024-03-04_2024-03-16"", ""2024-03-28_2024-04-09"", ""2024-07-02_2024-07-14"", ""2024-10-06_2024-10-18""]}"
52c9b361e51a,E5r,2024,2024,37+88,8,2,O2,HGB,exploratory_r2,,,48,11069,32.5,58970ccc7c7732eefbc9244a28b4809b3f3beb05bc9c13bd5e6803627bde93e5,E5r\52c9b361e51a.npz,2026-10-01T14:36:24+00:00,"{""37"": [""2024-03-25_2024-04-06"", ""2024-05-12_2024-05-24"", ""2024-06-05_2024-06-17"", ""2024-06-29_2024-07-11""], ""88"": [""2024-03-04_2024-03-16"", ""2024-04-21_2024-05-03"", ""2024-05-15_2024-05-27"", ""2024-06-08_2024-06-20""]}"
e2bf90951537,E5r,2024,2024,37+88,8,2,O3,HGB,exploratory_r2,,,56,11069,36.7,58970ccc7c7732eefbc9244a28b4809b3f3beb05bc9c13bd5e6803627bde93e5,E5r\e2bf90951537.npz,2026-10-01T14:37:01+00:00,"{""37"": [""2024-03-25_2024-04-06"", ""2024-05-12_2024-05-24"", ""2024-06-05_2024-06-17"", ""2024-06-29_2024-07-11""], ""88"": [""2024-03-04_2024-03-16"", ""2024-04-21_2024-05-03"", ""2024-05-15_2024-05-27"", ""2024-06-08_2024-06-20""]}"
22e0c7d0d59c,E5r,2024,2024,37+88,8,3,O2,HGB,exploratory_r2,,,48,11069,31.9,58970ccc7c7732eefbc9244a28b4809b3f3beb05bc9c13bd5e6803627bde93e5,E5r\22e0c7d0d59c.npz,2026-10-01T14:37:33+00:00,"{""37"": [""2024-03-25_2024-04-06"", ""2024-04-18_2024-04-30"", ""2024-06-05_2024-06-17"", ""2024-10-03_2024-10-15""], ""88"": [""2024-03-04_2024-03-16"", ""2024-05-15_2024-05-27"", ""2024-07-26_2024-08-07"", ""2024-10-06_2024-10-18""]}"
5218cb28d367,E5r,2024,2024,37+88,8,3,O3,HGB,exploratory_r2,,,56,11069,36.6,58970ccc7c7732eefbc9244a28b4809b3f3beb05bc9c13bd5e6803627bde93e5,E5r\5218cb28d367.npz,2026-10-01T14:38:09+00:00,"{""37"": [""2024-03-25_2024-04-06"", ""2024-04-18_2024-04-30"", ""2024-06-05_2024-06-17"", ""2024-10-03_2024-10-15""], ""88"": [""2024-03-04_2024-03-16"", ""2024-05-15_2024-05-27"", ""2024-07-26_2024-08-07"", ""2024-10-06_2024-10-18""]}"
56f64e2ed5b5,E5r,2024,2024,37+88,8,4,O2,HGB,exploratory_r2,,,48,11069,31.6,58970ccc7c7732eefbc9244a28b4809b3f3beb05bc9c13bd5e6803627bde93e5,E5r\56f64e2ed5b5.npz,2026-10-01T14:38:41+00:00,"{""37"": [""2024-04-18_2024-04-30"", ""2024-05-12_2024-05-24"", ""2024-06-05_2024-06-17"", ""2024-10-03_2024-10-15""], ""88"": [""2024-03-28_2024-04-09"", ""2024-06-08_2024-06-20"", ""2024-07-02_2024-07-14"", ""2024-07-26_2024-08-07""]}"
6acfa26ae929,E5r,2024,2024,37+88,8,4,O3,HGB,exploratory_r2,,,56,11069,36.3,58970ccc7c7732eefbc9244a28b4809b3f3beb05bc9c13bd5e6803627bde93e5,E5r\6acfa26ae929.npz,2026-10-01T14:39:17+00:00,"{""37"": [""2024-04-18_2024-04-30"", ""2024-05-12_2024-05-24"", ""2024-06-05_2024-06-17"", ""2024-10-03_2024-10-15""], ""88"": [""2024-03-28_2024-04-09"", ""2024-06-08_2024-06-20"", ""2024-07-02_2024-07-14"", ""2024-07-26_2024-08-07""]}"
9ef516d0968d,E5r,2024,2024,37+88,8,5,O2,HGB,exploratory_r2,,,48,11069,32.2,58970ccc7c7732eefbc9244a28b4809b3f3beb05bc9c13bd5e6803627bde93e5,E5r\9ef516d0968d.npz,2026-10-01T14:39:49+00:00,"{""37"": [""2024-03-01_2024-03-13"", ""2024-03-25_2024-04-06"", ""2024-05-12_2024-05-24"", ""2024-06-29_2024-07-11""], ""88"": [""2024-03-04_2024-03-16"", ""2024-04-21_2024-05-03"", ""2024-05-15_2024-05-27"", ""2024-07-02_2024-07-14""]}"
dc63df1db230,E5r,2024,2024,37+88,8,5,O3,HGB,exploratory_r2,,,56,11069,36.8,58970ccc7c7732eefbc9244a28b4809b3f3beb05bc9c13bd5e6803627bde93e5,E5r\dc63df1db230.npz,2026-10-01T14:40:26+00:00,"{""37"": [""2024-03-01_2024-03-13"", ""2024-03-25_2024-04-06"", ""2024-05-12_2024-05-24"", ""2024-06-29_2024-07-11""], ""88"": [""2024-03-04_2024-03-16"", ""2024-04-21_2024-05-03"", ""2024-05-15_2024-05-27"", ""2024-07-02_2024-07-14""]}"
132cc95d5ce5,E5r,2024,2024,37+88,8,6,O2,HGB,exploratory_r2,,,48,11069,32.1,58970ccc7c7732eefbc9244a28b4809b3f3beb05bc9c13bd5e6803627bde93e5,E5r\132cc95d5ce5.npz,2026-10-01T14:40:58+00:00,"{""37"": [""2024-03-25_2024-04-06"", ""2024-06-29_2024-07-11"", ""2024-09-09_2024-09-21"", ""2024-10-03_2024-10-15""], ""88"": [""2024-05-15_2024-05-27"", ""2024-06-08_2024-06-20"", ""2024-07-02_2024-07-14"", ""2024-10-06_2024-10-18""]}"
82e7b92ce9c0,E5r,2024,2024,37+88,8,6,O3,HGB,exploratory_r2,,,56,11069,36.4,58970ccc7c7732eefbc9244a28b4809b3f3beb05bc9c13bd5e6803627bde93e5,E5r\82e7b92ce9c0.npz,2026-10-01T14:41:35+00:00,"{""37"": [""2024-03-25_2024-04-06"", ""2024-06-29_2024-07-11"", ""2024-09-09_2024-09-21"", ""2024-10-03_2024-10-15""], ""88"": [""2024-05-15_2024-05-27"", ""2024-06-08_2024-06-20"", ""2024-07-02_2024-07-14"", ""2024-10-06_2024-10-18""]}"
aec842f3fc2d,E5r,2024,2024,37+88,8,7,O2,HGB,exploratory_r2,,,48,11069,32.8,58970ccc7c7732eefbc9244a28b4809b3f3beb05bc9c13bd5e6803627bde93e5,E5r\aec842f3fc2d.npz,2026-10-01T14:42:08+00:00,"{""37"": [""2024-03-25_2024-04-06"", ""2024-04-18_2024-04-30"", ""2024-09-09_2024-09-21"", ""2024-10-03_2024-10-15""], ""88"": [""2024-05-15_2024-05-27"", ""2024-06-08_2024-06-20"", ""2024-07-26_2024-08-07"", ""2024-10-06_2024-10-18""]}"
db0685066b2e,E5r,2024,2024,37+88,8,7,O3,HGB,exploratory_r2,,,56,11069,44.9,58970ccc7c7732eefbc9244a28b4809b3f3beb05bc9c13bd5e6803627bde93e5,E5r\db0685066b2e.npz,2026-10-01T14:42:53+00:00,"{""37"": [""2024-03-25_2024-04-06"", ""2024-04-18_2024-04-30"", ""2024-09-09_2024-09-21"", ""2024-10-03_2024-10-15""], ""88"": [""2024-05-15_2024-05-27"", ""2024-06-08_2024-06-20"", ""2024-07-26_2024-08-07"", ""2024-10-06_2024-10-18""]}"
4faa56149ff0,E5r,2024,2024,37+88,8,8,O2,HGB,exploratory_r2,,,48,11069,38.9,58970ccc7c7732eefbc9244a28b4809b3f3beb05bc9c13bd5e6803627bde93e5,E5r\4faa56149ff0.npz,2026-10-01T14:43:31+00:00,"{""37"": [""2024-06-05_2024-06-17"", ""2024-08-16_2024-08-28"", ""2024-09-09_2024-09-21"", ""2024-10-03_2024-10-15""], ""88"": [""2024-03-28_2024-04-09"", ""2024-06-08_2024-06-20"", ""2024-07-26_2024-08-07"", ""2024-08-19_2024-08-31""]}"
a8a4d7a2b56b,E5r,2024,2024,37+88,8,8,O3,HGB,exploratory_r2,,,56,11069,44.7,58970ccc7c7732eefbc9244a28b4809b3f3beb05bc9c13bd5e6803627bde93e5,E5r\a8a4d7a2b56b.npz,2026-10-01T14:44:16+00:00,"{""37"": [""2024-06-05_2024-06-17"", ""2024-08-16_2024-08-28"", ""2024-09-09_2024-09-21"", ""2024-10-03_2024-10-15""], ""88"": [""2024-03-28_2024-04-09"", ""2024-06-08_2024-06-20"", ""2024-07-26_2024-08-07"", ""2024-08-19_2024-08-31""]}"
b10061b9827b,E5r,2024,2024,37+88,8,9,O2,HGB,exploratory_r2,,,48,11069,39.6,58970ccc7c7732eefbc9244a28b4809b3f3beb05bc9c13bd5e6803627bde93e5,E5r\b10061b9827b.npz,2026-10-01T14:44:56+00:00,"{""37"": [""2024-03-25_2024-04-06"", ""2024-04-18_2024-04-30"", ""2024-06-05_2024-06-17"", ""2024-08-16_2024-08-28""], ""88"": [""2024-03-28_2024-04-09"", ""2024-06-08_2024-06-20"", ""2024-07-26_2024-08-07"", ""2024-08-19_2024-08-31""]}"
ed1a47e6b142,E5r,2024,2024,37+88,8,9,O3,HGB,exploratory_r2,,,56,11069,46.6,58970ccc7c7732eefbc9244a28b4809b3f3beb05bc9c13bd5e6803627bde93e5,E5r\ed1a47e6b142.npz,2026-10-01T14:45:42+00:00,"{""37"": [""2024-03-25_2024-04-06"", ""2024-04-18_2024-04-30"", ""2024-06-05_2024-06-17"", ""2024-08-16_2024-08-28""], ""88"": [""2024-03-28_2024-04-09"", ""2024-06-08_2024-06-20"", ""2024-07-26_2024-08-07"", ""2024-08-19_2024-08-31""]}"
