pair_id,scene_id_1,scene_id_2,grd_id_1,grd_id_2,site,year,track,platform_1,platform_2,date_1,date_2,lag_days,polarization,perpendicular_baseline_m,common_burst_count,coverage_intersection_fraction,role,eligibility_status,rejection_reason
PAIR_2025_T88_Sen_Sen_20250311_20250323_12D,S1A_IW_SLC__1SDV_20250311T172521_20250311T172548_058260_07334B_2EFE,S1A_IW_SLC__1SDV_20250323T172522_20250323T172549_058435_073A34_4DAE,S1A_IW_GRDH_1SDV_20250311T172522_20250311T172547_058260_07334B_4E6A,S1A_IW_GRDH_1SDV_20250323T172523_20250323T172548_058435_073A34_20C1,twente,2025,88,Sentinel-1A,Sentinel-1A,2025-03-11,2025-03-23,12,VV+VH,PENDING_BURST_CHECK,PENDING_BURST_CHECK,1.000000,MAIN_12D,CATALOG_CANDIDATE,NONE
PAIR_2025_T88_Sen_Sen_20250311_20250404_24D,S1A_IW_SLC__1SDV_20250311T172521_20250311T172548_058260_07334B_2EFE,S1A_IW_SLC__1SDV_20250404T172522_20250404T172549_058610_07414D_CEDC,S1A_IW_GRDH_1SDV_20250311T172522_20250311T172547_058260_07334B_4E6A,S1A_IW_GRDH_1SDV_20250404T172523_20250404T172548_058610_07414D_A11A,twente,2025,88,Sentinel-1A,Sentinel-1A,2025-03-11,2025-04-04,24,VV+VH,PENDING_BURST_CHECK,PENDING_BURST_CHECK,1.000000,LONG_LAG,CATALOG_CANDIDATE,NONE
PAIR_2025_T88_Sen_Sen_20250311_20250416_36D,S1A_IW_SLC__1SDV_20250311T172521_20250311T172548_058260_07334B_2EFE,S1A_IW_SLC__1SDV_20250416T172522_20250416T172549_058785_074873_78D6,S1A_IW_GRDH_1SDV_20250311T172522_20250311T172547_058260_07334B_4E6A,S1A_IW_GRDH_1SDV_20250416T172523_20250416T172548_058785_074873_1DAC,twente,2025,88,Sentinel-1A,Sentinel-1A,2025-03-11,2025-04-16,36,VV+VH,PENDING_BURST_CHECK,PENDING_BURST_CHECK,1.000000,LONG_LAG,CATALOG_CANDIDATE,NONE
PAIR_2025_T88_Sen_Sen_20250311_20250428_48D,S1A_IW_SLC__1SDV_20250311T172521_20250311T172548_058260_07334B_2EFE,S1A_IW_SLC__1SDV_20250428T172522_20250428T172549_058960_074FA0_A345,S1A_IW_GRDH_1SDV_20250311T172522_20250311T172547_058260_07334B_4E6A,S1A_IW_GRDH_1SDV_20250428T172523_20250428T172548_058960_074FA0_ED4B,twente,2025,88,Sentinel-1A,Sentinel-1A,2025-03-11,2025-04-28,48,VV+VH,PENDING_BURST_CHECK,PENDING_BURST_CHECK,1.000000,LONG_LAG,CATALOG_CANDIDATE,NONE
PAIR_2025_T88_Sen_Sen_20250323_20250404_12D,S1A_IW_SLC__1SDV_20250323T172522_20250323T172549_058435_073A34_4DAE,S1A_IW_SLC__1SDV_20250404T172522_20250404T172549_058610_07414D_CEDC,S1A_IW_GRDH_1SDV_20250323T172523_20250323T172548_058435_073A34_20C1,S1A_IW_GRDH_1SDV_20250404T172523_20250404T172548_058610_07414D_A11A,twente,2025,88,Sentinel-1A,Sentinel-1A,2025-03-23,2025-04-04,12,VV+VH,PENDING_BURST_CHECK,PENDING_BURST_CHECK,1.000000,MAIN_12D,CATALOG_CANDIDATE,NONE
PAIR_2025_T88_Sen_Sen_20250323_20250416_24D,S1A_IW_SLC__1SDV_20250323T172522_20250323T172549_058435_073A34_4DAE,S1A_IW_SLC__1SDV_20250416T172522_20250416T172549_058785_074873_78D6,S1A_IW_GRDH_1SDV_20250323T172523_20250323T172548_058435_073A34_20C1,S1A_IW_GRDH_1SDV_20250416T172523_20250416T172548_058785_074873_1DAC,twente,2025,88,Sentinel-1A,Sentinel-1A,2025-03-23,2025-04-16,24,VV+VH,PENDING_BURST_CHECK,PENDING_BURST_CHECK,1.000000,LONG_LAG,CATALOG_CANDIDATE,NONE
PAIR_2025_T88_Sen_Sen_20250323_20250428_36D,S1A_IW_SLC__1SDV_20250323T172522_20250323T172549_058435_073A34_4DAE,S1A_IW_SLC__1SDV_20250428T172522_20250428T172549_058960_074FA0_A345,S1A_IW_GRDH_1SDV_20250323T172523_20250323T172548_058435_073A34_20C1,S1A_IW_GRDH_1SDV_20250428T172523_20250428T172548_058960_074FA0_ED4B,twente,2025,88,Sentinel-1A,Sentinel-1A,2025-03-23,2025-04-28,36,VV+VH,PENDING_BURST_CHECK,PENDING_BURST_CHECK,1.000000,LONG_LAG,CATALOG_CANDIDATE,NONE
PAIR_2025_T88_Sen_Sen_20250323_20250510_48D,S1A_IW_SLC__1SDV_20250323T172522_20250323T172549_058435_073A34_4DAE,S1A_IW_SLC__1SDV_20250510T172522_20250510T172549_059135_07564A_E5E1,S1A_IW_GRDH_1SDV_20250323T172523_20250323T172548_058435_073A34_20C1,S1A_IW_GRDH_1SDV_20250510T172523_20250510T172548_059135_07564A_D1EE,twente,2025,88,Sentinel-1A,Sentinel-1A,2025-03-23,2025-05-10,48,VV+VH,PENDING_BURST_CHECK,PENDING_BURST_CHECK,1.000000,LONG_LAG,CATALOG_CANDIDATE,NONE
PAIR_2025_T88_Sen_Sen_20250404_20250416_12D,S1A_IW_SLC__1SDV_20250404T172522_20250404T172549_058610_07414D_CEDC,S1A_IW_SLC__1SDV_20250416T172522_20250416T172549_058785_074873_78D6,S1A_IW_GRDH_1SDV_20250404T172523_20250404T172548_058610_07414D_A11A,S1A_IW_GRDH_1SDV_20250416T172523_20250416T172548_058785_074873_1DAC,twente,2025,88,Sentinel-1A,Sentinel-1A,2025-04-04,2025-04-16,12,VV+VH,PENDING_BURST_CHECK,PENDING_BURST_CHECK,1.000000,MAIN_12D,CATALOG_CANDIDATE,NONE
PAIR_2025_T88_Sen_Sen_20250404_20250428_24D,S1A_IW_SLC__1SDV_20250404T172522_20250404T172549_058610_07414D_CEDC,S1A_IW_SLC__1SDV_20250428T172522_20250428T172549_058960_074FA0_A345,S1A_IW_GRDH_1SDV_20250404T172523_20250404T172548_058610_07414D_A11A,S1A_IW_GRDH_1SDV_20250428T172523_20250428T172548_058960_074FA0_ED4B,twente,2025,88,Sentinel-1A,Sentinel-1A,2025-04-04,2025-04-28,24,VV+VH,PENDING_BURST_CHECK,PENDING_BURST_CHECK,1.000000,LONG_LAG,CATALOG_CANDIDATE,NONE
PAIR_2025_T88_Sen_Sen_20250404_20250510_36D,S1A_IW_SLC__1SDV_20250404T172522_20250404T172549_058610_07414D_CEDC,S1A_IW_SLC__1SDV_20250510T172522_20250510T172549_059135_07564A_E5E1,S1A_IW_GRDH_1SDV_20250404T172523_20250404T172548_058610_07414D_A11A,S1A_IW_GRDH_1SDV_20250510T172523_20250510T172548_059135_07564A_D1EE,twente,2025,88,Sentinel-1A,Sentinel-1A,2025-04-04,2025-05-10,36,VV+VH,PENDING_BURST_CHECK,PENDING_BURST_CHECK,1.000000,LONG_LAG,CATALOG_CANDIDATE,NONE
PAIR_2025_T88_Sen_Sen_20250404_20250522_48D,S1A_IW_SLC__1SDV_20250404T172522_20250404T172549_058610_07414D_CEDC,S1A_IW_SLC__1SDV_20250522T172521_20250522T172548_059310_075C59_77A8,S1A_IW_GRDH_1SDV_20250404T172523_20250404T172548_058610_07414D_A11A,S1A_IW_GRDH_1SDV_20250522T172522_20250522T172547_059310_075C59_7664,twente,2025,88,Sentinel-1A,Sentinel-1A,2025-04-04,2025-05-22,48,VV+VH,PENDING_BURST_CHECK,PENDING_BURST_CHECK,1.000000,LONG_LAG,CATALOG_CANDIDATE,NONE
PAIR_2025_T88_Sen_Sen_20250416_20250428_12D,S1A_IW_SLC__1SDV_20250416T172522_20250416T172549_058785_074873_78D6,S1A_IW_SLC__1SDV_20250428T172522_20250428T172549_058960_074FA0_A345,S1A_IW_GRDH_1SDV_20250416T172523_20250416T172548_058785_074873_1DAC,S1A_IW_GRDH_1SDV_20250428T172523_20250428T172548_058960_074FA0_ED4B,twente,2025,88,Sentinel-1A,Sentinel-1A,2025-04-16,2025-04-28,12,VV+VH,PENDING_BURST_CHECK,PENDING_BURST_CHECK,1.000000,MAIN_12D,CATALOG_CANDIDATE,NONE
PAIR_2025_T88_Sen_Sen_20250416_20250510_24D,S1A_IW_SLC__1SDV_20250416T172522_20250416T172549_058785_074873_78D6,S1A_IW_SLC__1SDV_20250510T172522_20250510T172549_059135_07564A_E5E1,S1A_IW_GRDH_1SDV_20250416T172523_20250416T172548_058785_074873_1DAC,S1A_IW_GRDH_1SDV_20250510T172523_20250510T172548_059135_07564A_D1EE,twente,2025,88,Sentinel-1A,Sentinel-1A,2025-04-16,2025-05-10,24,VV+VH,PENDING_BURST_CHECK,PENDING_BURST_CHECK,1.000000,LONG_LAG,CATALOG_CANDIDATE,NONE
PAIR_2025_T88_Sen_Sen_20250416_20250522_36D,S1A_IW_SLC__1SDV_20250416T172522_20250416T172549_058785_074873_78D6,S1A_IW_SLC__1SDV_20250522T172521_20250522T172548_059310_075C59_77A8,S1A_IW_GRDH_1SDV_20250416T172523_20250416T172548_058785_074873_1DAC,S1A_IW_GRDH_1SDV_20250522T172522_20250522T172547_059310_075C59_7664,twente,2025,88,Sentinel-1A,Sentinel-1A,2025-04-16,2025-05-22,36,VV+VH,PENDING_BURST_CHECK,PENDING_BURST_CHECK,1.000000,LONG_LAG,CATALOG_CANDIDATE,NONE
PAIR_2025_T88_Sen_Sen_20250416_20250603_48D,S1A_IW_SLC__1SDV_20250416T172522_20250416T172549_058785_074873_78D6,S1A_IW_SLC__1SDV_20250603T172521_20250603T172548_059485_07626B_8768,S1A_IW_GRDH_1SDV_20250416T172523_20250416T172548_058785_074873_1DAC,S1A_IW_GRDH_1SDV_20250603T172522_20250603T172547_059485_07626B_3EEA,twente,2025,88,Sentinel-1A,Sentinel-1A,2025-04-16,2025-06-03,48,VV+VH,PENDING_BURST_CHECK,PENDING_BURST_CHECK,1.000000,LONG_LAG,CATALOG_CANDIDATE,NONE
PAIR_2025_T88_Sen_Sen_20250428_20250510_12D,S1A_IW_SLC__1SDV_20250428T172522_20250428T172549_058960_074FA0_A345,S1A_IW_SLC__1SDV_20250510T172522_20250510T172549_059135_07564A_E5E1,S1A_IW_GRDH_1SDV_20250428T172523_20250428T172548_058960_074FA0_ED4B,S1A_IW_GRDH_1SDV_20250510T172523_20250510T172548_059135_07564A_D1EE,twente,2025,88,Sentinel-1A,Sentinel-1A,2025-04-28,2025-05-10,12,VV+VH,PENDING_BURST_CHECK,PENDING_BURST_CHECK,1.000000,MAIN_12D,CATALOG_CANDIDATE,NONE
PAIR_2025_T88_Sen_Sen_20250428_20250516_18D,S1A_IW_SLC__1SDV_20250428T172522_20250428T172549_058960_074FA0_A345,S1C_IW_SLC__1SDV_20250516T172358_20250516T172425_002359_004F85_2670,S1A_IW_GRDH_1SDV_20250428T172523_20250428T172548_058960_074FA0_ED4B,S1C_IW_GRDH_1SDV_20250516T172359_20250516T172424_002359_004F85_76C5,twente,2025,88,Sentinel-1A,Sentinel-1C,2025-04-28,2025-05-16,18,VV+VH,PENDING_BURST_CHECK,PENDING_BURST_CHECK,1.000000,EXTRA_LAG,CATALOG_CANDIDATE,NONE
PAIR_2025_T88_Sen_Sen_20250428_20250522_24D,S1A_IW_SLC__1SDV_20250428T172522_20250428T172549_058960_074FA0_A345,S1A_IW_SLC__1SDV_20250522T172521_20250522T172548_059310_075C59_77A8,S1A_IW_GRDH_1SDV_20250428T172523_20250428T172548_058960_074FA0_ED4B,S1A_IW_GRDH_1SDV_20250522T172522_20250522T172547_059310_075C59_7664,twente,2025,88,Sentinel-1A,Sentinel-1A,2025-04-28,2025-05-22,24,VV+VH,PENDING_BURST_CHECK,PENDING_BURST_CHECK,1.000000,LONG_LAG,CATALOG_CANDIDATE,NONE
PAIR_2025_T88_Sen_Sen_20250428_20250603_36D,S1A_IW_SLC__1SDV_20250428T172522_20250428T172549_058960_074FA0_A345,S1A_IW_SLC__1SDV_20250603T172521_20250603T172548_059485_07626B_8768,S1A_IW_GRDH_1SDV_20250428T172523_20250428T172548_058960_074FA0_ED4B,S1A_IW_GRDH_1SDV_20250603T172522_20250603T172547_059485_07626B_3EEA,twente,2025,88,Sentinel-1A,Sentinel-1A,2025-04-28,2025-06-03,36,VV+VH,PENDING_BURST_CHECK,PENDING_BURST_CHECK,1.000000,LONG_LAG,CATALOG_CANDIDATE,NONE
PAIR_2025_T88_Sen_Sen_20250428_20250615_48D,S1A_IW_SLC__1SDV_20250428T172522_20250428T172549_058960_074FA0_A345,S1A_IW_SLC__1SDV_20250615T172520_20250615T172547_059660_07685E_1BD0,S1A_IW_GRDH_1SDV_20250428T172523_20250428T172548_058960_074FA0_ED4B,S1A_IW_GRDH_1SDV_20250615T172521_20250615T172546_059660_07685E_E45D,twente,2025,88,Sentinel-1A,Sentinel-1A,2025-04-28,2025-06-15,48,VV+VH,PENDING_BURST_CHECK,PENDING_BURST_CHECK,1.000000,LONG_LAG,CATALOG_CANDIDATE,NONE
PAIR_2025_T88_Sen_Sen_20250510_20250516_06D,S1A_IW_SLC__1SDV_20250510T172522_20250510T172549_059135_07564A_E5E1,S1C_IW_SLC__1SDV_20250516T172358_20250516T172425_002359_004F85_2670,S1A_IW_GRDH_1SDV_20250510T172523_20250510T172548_059135_07564A_D1EE,S1C_IW_GRDH_1SDV_20250516T172359_20250516T172424_002359_004F85_76C5,twente,2025,88,Sentinel-1A,Sentinel-1C,2025-05-10,2025-05-16,6,VV+VH,PENDING_BURST_CHECK,PENDING_BURST_CHECK,1.000000,REV_6D,CATALOG_CANDIDATE,NONE
PAIR_2025_T88_Sen_Sen_20250510_20250522_12D,S1A_IW_SLC__1SDV_20250510T172522_20250510T172549_059135_07564A_E5E1,S1A_IW_SLC__1SDV_20250522T172521_20250522T172548_059310_075C59_77A8,S1A_IW_GRDH_1SDV_20250510T172523_20250510T172548_059135_07564A_D1EE,S1A_IW_GRDH_1SDV_20250522T172522_20250522T172547_059310_075C59_7664,twente,2025,88,Sentinel-1A,Sentinel-1A,2025-05-10,2025-05-22,12,VV+VH,PENDING_BURST_CHECK,PENDING_BURST_CHECK,1.000000,MAIN_12D,CATALOG_CANDIDATE,NONE
PAIR_2025_T88_Sen_Sen_20250510_20250528_18D,S1A_IW_SLC__1SDV_20250510T172522_20250510T172549_059135_07564A_E5E1,S1C_IW_SLC__1SDV_20250528T172400_20250528T172427_002534_00545C_4E50,S1A_IW_GRDH_1SDV_20250510T172523_20250510T172548_059135_07564A_D1EE,S1C_IW_GRDH_1SDV_20250528T172401_20250528T172426_002534_00545C_CED5,twente,2025,88,Sentinel-1A,Sentinel-1C,2025-05-10,2025-05-28,18,VV+VH,PENDING_BURST_CHECK,PENDING_BURST_CHECK,1.000000,EXTRA_LAG,CATALOG_CANDIDATE,NONE
PAIR_2025_T88_Sen_Sen_20250510_20250603_24D,S1A_IW_SLC__1SDV_20250510T172522_20250510T172549_059135_07564A_E5E1,S1A_IW_SLC__1SDV_20250603T172521_20250603T172548_059485_07626B_8768,S1A_IW_GRDH_1SDV_20250510T172523_20250510T172548_059135_07564A_D1EE,S1A_IW_GRDH_1SDV_20250603T172522_20250603T172547_059485_07626B_3EEA,twente,2025,88,Sentinel-1A,Sentinel-1A,2025-05-10,2025-06-03,24,VV+VH,PENDING_BURST_CHECK,PENDING_BURST_CHECK,1.000000,LONG_LAG,CATALOG_CANDIDATE,NONE
PAIR_2025_T88_Sen_Sen_20250510_20250615_36D,S1A_IW_SLC__1SDV_20250510T172522_20250510T172549_059135_07564A_E5E1,S1A_IW_SLC__1SDV_20250615T172520_20250615T172547_059660_07685E_1BD0,S1A_IW_GRDH_1SDV_20250510T172523_20250510T172548_059135_07564A_D1EE,S1A_IW_GRDH_1SDV_20250615T172521_20250615T172546_059660_07685E_E45D,twente,2025,88,Sentinel-1A,Sentinel-1A,2025-05-10,2025-06-15,36,VV+VH,PENDING_BURST_CHECK,PENDING_BURST_CHECK,1.000000,LONG_LAG,CATALOG_CANDIDATE,NONE
PAIR_2025_T88_Sen_Sen_20250510_20250627_48D,S1A_IW_SLC__1SDV_20250510T172522_20250510T172549_059135_07564A_E5E1,S1A_IW_SLC__1SDV_20250627T172520_20250627T172547_059835_076E75_3EEF,S1A_IW_GRDH_1SDV_20250510T172523_20250510T172548_059135_07564A_D1EE,S1A_IW_GRDH_1SDV_20250627T172521_20250627T172546_059835_076E75_54F7,twente,2025,88,Sentinel-1A,Sentinel-1A,2025-05-10,2025-06-27,48,VV+VH,PENDING_BURST_CHECK,PENDING_BURST_CHECK,1.000000,LONG_LAG,CATALOG_CANDIDATE,NONE
PAIR_2025_T88_Sen_Sen_20250516_20250522_06D,S1C_IW_SLC__1SDV_20250516T172358_20250516T172425_002359_004F85_2670,S1A_IW_SLC__1SDV_20250522T172521_20250522T172548_059310_075C59_77A8,S1C_IW_GRDH_1SDV_20250516T172359_20250516T172424_002359_004F85_76C5,S1A_IW_GRDH_1SDV_20250522T172522_20250522T172547_059310_075C59_7664,twente,2025,88,Sentinel-1C,Sentinel-1A,2025-05-16,2025-05-22,6,VV+VH,PENDING_BURST_CHECK,PENDING_BURST_CHECK,1.000000,REV_6D,CATALOG_CANDIDATE,NONE
PAIR_2025_T88_Sen_Sen_20250516_20250528_12D,S1C_IW_SLC__1SDV_20250516T172358_20250516T172425_002359_004F85_2670,S1C_IW_SLC__1SDV_20250528T172400_20250528T172427_002534_00545C_4E50,S1C_IW_GRDH_1SDV_20250516T172359_20250516T172424_002359_004F85_76C5,S1C_IW_GRDH_1SDV_20250528T172401_20250528T172426_002534_00545C_CED5,twente,2025,88,Sentinel-1C,Sentinel-1C,2025-05-16,2025-05-28,12,VV+VH,PENDING_BURST_CHECK,PENDING_BURST_CHECK,1.000000,MAIN_12D,CATALOG_CANDIDATE,NONE
PAIR_2025_T88_Sen_Sen_20250516_20250603_18D,S1C_IW_SLC__1SDV_20250516T172358_20250516T172425_002359_004F85_2670,S1A_IW_SLC__1SDV_20250603T172521_20250603T172548_059485_07626B_8768,S1C_IW_GRDH_1SDV_20250516T172359_20250516T172424_002359_004F85_76C5,S1A_IW_GRDH_1SDV_20250603T172522_20250603T172547_059485_07626B_3EEA,twente,2025,88,Sentinel-1C,Sentinel-1A,2025-05-16,2025-06-03,18,VV+VH,PENDING_BURST_CHECK,PENDING_BURST_CHECK,1.000000,EXTRA_LAG,CATALOG_CANDIDATE,NONE
PAIR_2025_T88_Sen_Sen_20250516_20250609_24D,S1C_IW_SLC__1SDV_20250516T172358_20250516T172425_002359_004F85_2670,S1C_IW_SLC__1SDV_20250609T172401_20250609T172428_002709_005969_70F6,S1C_IW_GRDH_1SDV_20250516T172359_20250516T172424_002359_004F85_76C5,S1C_IW_GRDH_1SDV_20250609T172402_20250609T172427_002709_005969_0E3C,twente,2025,88,Sentinel-1C,Sentinel-1C,2025-05-16,2025-06-09,24,VV+VH,PENDING_BURST_CHECK,PENDING_BURST_CHECK,1.000000,LONG_LAG,CATALOG_CANDIDATE,NONE
PAIR_2025_T88_Sen_Sen_20250516_20250621_36D,S1C_IW_SLC__1SDV_20250516T172358_20250516T172425_002359_004F85_2670,S1C_IW_SLC__1SDV_20250621T172401_20250621T172428_002884_005E73_63D6,S1C_IW_GRDH_1SDV_20250516T172359_20250516T172424_002359_004F85_76C5,S1C_IW_GRDH_1SDV_20250621T172402_20250621T172427_002884_005E73_D0BE,twente,2025,88,Sentinel-1C,Sentinel-1C,2025-05-16,2025-06-21,36,VV+VH,PENDING_BURST_CHECK,PENDING_BURST_CHECK,1.000000,LONG_LAG,CATALOG_CANDIDATE,NONE
PAIR_2025_T88_Sen_Sen_20250516_20250703_48D,S1C_IW_SLC__1SDV_20250516T172358_20250516T172425_002359_004F85_2670,S1C_IW_SLC__1SDV_20250703T172402_20250703T172429_003059_00637F_D1C4,S1C_IW_GRDH_1SDV_20250516T172359_20250516T172424_002359_004F85_76C5,S1C_IW_GRDH_1SDV_20250703T172403_20250703T172428_003059_00637F_95C7,twente,2025,88,Sentinel-1C,Sentinel-1C,2025-05-16,2025-07-03,48,VV+VH,PENDING_BURST_CHECK,PENDING_BURST_CHECK,1.000000,LONG_LAG,CATALOG_CANDIDATE,NONE
PAIR_2025_T88_Sen_Sen_20250522_20250528_06D,S1A_IW_SLC__1SDV_20250522T172521_20250522T172548_059310_075C59_77A8,S1C_IW_SLC__1SDV_20250528T172400_20250528T172427_002534_00545C_4E50,S1A_IW_GRDH_1SDV_20250522T172522_20250522T172547_059310_075C59_7664,S1C_IW_GRDH_1SDV_20250528T172401_20250528T172426_002534_00545C_CED5,twente,2025,88,Sentinel-1A,Sentinel-1C,2025-05-22,2025-05-28,6,VV+VH,PENDING_BURST_CHECK,PENDING_BURST_CHECK,1.000000,REV_6D,CATALOG_CANDIDATE,NONE
PAIR_2025_T88_Sen_Sen_20250522_20250603_12D,S1A_IW_SLC__1SDV_20250522T172521_20250522T172548_059310_075C59_77A8,S1A_IW_SLC__1SDV_20250603T172521_20250603T172548_059485_07626B_8768,S1A_IW_GRDH_1SDV_20250522T172522_20250522T172547_059310_075C59_7664,S1A_IW_GRDH_1SDV_20250603T172522_20250603T172547_059485_07626B_3EEA,twente,2025,88,Sentinel-1A,Sentinel-1A,2025-05-22,2025-06-03,12,VV+VH,PENDING_BURST_CHECK,PENDING_BURST_CHECK,1.000000,MAIN_12D,CATALOG_CANDIDATE,NONE
PAIR_2025_T88_Sen_Sen_20250522_20250609_18D,S1A_IW_SLC__1SDV_20250522T172521_20250522T172548_059310_075C59_77A8,S1C_IW_SLC__1SDV_20250609T172401_20250609T172428_002709_005969_70F6,S1A_IW_GRDH_1SDV_20250522T172522_20250522T172547_059310_075C59_7664,S1C_IW_GRDH_1SDV_20250609T172402_20250609T172427_002709_005969_0E3C,twente,2025,88,Sentinel-1A,Sentinel-1C,2025-05-22,2025-06-09,18,VV+VH,PENDING_BURST_CHECK,PENDING_BURST_CHECK,1.000000,EXTRA_LAG,CATALOG_CANDIDATE,NONE
PAIR_2025_T88_Sen_Sen_20250522_20250615_24D,S1A_IW_SLC__1SDV_20250522T172521_20250522T172548_059310_075C59_77A8,S1A_IW_SLC__1SDV_20250615T172520_20250615T172547_059660_07685E_1BD0,S1A_IW_GRDH_1SDV_20250522T172522_20250522T172547_059310_075C59_7664,S1A_IW_GRDH_1SDV_20250615T172521_20250615T172546_059660_07685E_E45D,twente,2025,88,Sentinel-1A,Sentinel-1A,2025-05-22,2025-06-15,24,VV+VH,PENDING_BURST_CHECK,PENDING_BURST_CHECK,1.000000,LONG_LAG,CATALOG_CANDIDATE,NONE
PAIR_2025_T88_Sen_Sen_20250522_20250627_36D,S1A_IW_SLC__1SDV_20250522T172521_20250522T172548_059310_075C59_77A8,S1A_IW_SLC__1SDV_20250627T172520_20250627T172547_059835_076E75_3EEF,S1A_IW_GRDH_1SDV_20250522T172522_20250522T172547_059310_075C59_7664,S1A_IW_GRDH_1SDV_20250627T172521_20250627T172546_059835_076E75_54F7,twente,2025,88,Sentinel-1A,Sentinel-1A,2025-05-22,2025-06-27,36,VV+VH,PENDING_BURST_CHECK,PENDING_BURST_CHECK,1.000000,LONG_LAG,CATALOG_CANDIDATE,NONE
PAIR_2025_T88_Sen_Sen_20250522_20250709_48D,S1A_IW_SLC__1SDV_20250522T172521_20250522T172548_059310_075C59_77A8,S1A_IW_SLC__1SDV_20250709T172519_20250709T172546_060010_077485_F465,S1A_IW_GRDH_1SDV_20250522T172522_20250522T172547_059310_075C59_7664,S1A_IW_GRDH_1SDV_20250709T172520_20250709T172545_060010_077485_E1B3,twente,2025,88,Sentinel-1A,Sentinel-1A,2025-05-22,2025-07-09,48,VV+VH,PENDING_BURST_CHECK,PENDING_BURST_CHECK,1.000000,LONG_LAG,CATALOG_CANDIDATE,NONE
PAIR_2025_T88_Sen_Sen_20250528_20250603_06D,S1C_IW_SLC__1SDV_20250528T172400_20250528T172427_002534_00545C_4E50,S1A_IW_SLC__1SDV_20250603T172521_20250603T172548_059485_07626B_8768,S1C_IW_GRDH_1SDV_20250528T172401_20250528T172426_002534_00545C_CED5,S1A_IW_GRDH_1SDV_20250603T172522_20250603T172547_059485_07626B_3EEA,twente,2025,88,Sentinel-1C,Sentinel-1A,2025-05-28,2025-06-03,6,VV+VH,PENDING_BURST_CHECK,PENDING_BURST_CHECK,1.000000,REV_6D,CATALOG_CANDIDATE,NONE
PAIR_2025_T88_Sen_Sen_20250528_20250609_12D,S1C_IW_SLC__1SDV_20250528T172400_20250528T172427_002534_00545C_4E50,S1C_IW_SLC__1SDV_20250609T172401_20250609T172428_002709_005969_70F6,S1C_IW_GRDH_1SDV_20250528T172401_20250528T172426_002534_00545C_CED5,S1C_IW_GRDH_1SDV_20250609T172402_20250609T172427_002709_005969_0E3C,twente,2025,88,Sentinel-1C,Sentinel-1C,2025-05-28,2025-06-09,12,VV+VH,PENDING_BURST_CHECK,PENDING_BURST_CHECK,1.000000,MAIN_12D,CATALOG_CANDIDATE,NONE
PAIR_2025_T88_Sen_Sen_20250528_20250615_18D,S1C_IW_SLC__1SDV_20250528T172400_20250528T172427_002534_00545C_4E50,S1A_IW_SLC__1SDV_20250615T172520_20250615T172547_059660_07685E_1BD0,S1C_IW_GRDH_1SDV_20250528T172401_20250528T172426_002534_00545C_CED5,S1A_IW_GRDH_1SDV_20250615T172521_20250615T172546_059660_07685E_E45D,twente,2025,88,Sentinel-1C,Sentinel-1A,2025-05-28,2025-06-15,18,VV+VH,PENDING_BURST_CHECK,PENDING_BURST_CHECK,1.000000,EXTRA_LAG,CATALOG_CANDIDATE,NONE
PAIR_2025_T88_Sen_Sen_20250528_20250621_24D,S1C_IW_SLC__1SDV_20250528T172400_20250528T172427_002534_00545C_4E50,S1C_IW_SLC__1SDV_20250621T172401_20250621T172428_002884_005E73_63D6,S1C_IW_GRDH_1SDV_20250528T172401_20250528T172426_002534_00545C_CED5,S1C_IW_GRDH_1SDV_20250621T172402_20250621T172427_002884_005E73_D0BE,twente,2025,88,Sentinel-1C,Sentinel-1C,2025-05-28,2025-06-21,24,VV+VH,PENDING_BURST_CHECK,PENDING_BURST_CHECK,1.000000,LONG_LAG,CATALOG_CANDIDATE,NONE
PAIR_2025_T88_Sen_Sen_20250528_20250703_36D,S1C_IW_SLC__1SDV_20250528T172400_20250528T172427_002534_00545C_4E50,S1C_IW_SLC__1SDV_20250703T172402_20250703T172429_003059_00637F_D1C4,S1C_IW_GRDH_1SDV_20250528T172401_20250528T172426_002534_00545C_CED5,S1C_IW_GRDH_1SDV_20250703T172403_20250703T172428_003059_00637F_95C7,twente,2025,88,Sentinel-1C,Sentinel-1C,2025-05-28,2025-07-03,36,VV+VH,PENDING_BURST_CHECK,PENDING_BURST_CHECK,1.000000,LONG_LAG,CATALOG_CANDIDATE,NONE
PAIR_2025_T88_Sen_Sen_20250528_20250715_48D,S1C_IW_SLC__1SDV_20250528T172400_20250528T172427_002534_00545C_4E50,S1C_IW_SLC__1SDV_20250715T172403_20250715T172430_003234_00688E_BFE2,S1C_IW_GRDH_1SDV_20250528T172401_20250528T172426_002534_00545C_CED5,S1C_IW_GRDH_1SDV_20250715T172404_20250715T172429_003234_00688E_6F47,twente,2025,88,Sentinel-1C,Sentinel-1C,2025-05-28,2025-07-15,48,VV+VH,PENDING_BURST_CHECK,PENDING_BURST_CHECK,1.000000,LONG_LAG,CATALOG_CANDIDATE,NONE
PAIR_2025_T88_Sen_Sen_20250603_20250609_06D,S1A_IW_SLC__1SDV_20250603T172521_20250603T172548_059485_07626B_8768,S1C_IW_SLC__1SDV_20250609T172401_20250609T172428_002709_005969_70F6,S1A_IW_GRDH_1SDV_20250603T172522_20250603T172547_059485_07626B_3EEA,S1C_IW_GRDH_1SDV_20250609T172402_20250609T172427_002709_005969_0E3C,twente,2025,88,Sentinel-1A,Sentinel-1C,2025-06-03,2025-06-09,6,VV+VH,PENDING_BURST_CHECK,PENDING_BURST_CHECK,1.000000,REV_6D,CATALOG_CANDIDATE,NONE
PAIR_2025_T88_Sen_Sen_20250603_20250615_12D,S1A_IW_SLC__1SDV_20250603T172521_20250603T172548_059485_07626B_8768,S1A_IW_SLC__1SDV_20250615T172520_20250615T172547_059660_07685E_1BD0,S1A_IW_GRDH_1SDV_20250603T172522_20250603T172547_059485_07626B_3EEA,S1A_IW_GRDH_1SDV_20250615T172521_20250615T172546_059660_07685E_E45D,twente,2025,88,Sentinel-1A,Sentinel-1A,2025-06-03,2025-06-15,12,VV+VH,PENDING_BURST_CHECK,PENDING_BURST_CHECK,1.000000,MAIN_12D,CATALOG_CANDIDATE,NONE
PAIR_2025_T88_Sen_Sen_20250603_20250621_18D,S1A_IW_SLC__1SDV_20250603T172521_20250603T172548_059485_07626B_8768,S1C_IW_SLC__1SDV_20250621T172401_20250621T172428_002884_005E73_63D6,S1A_IW_GRDH_1SDV_20250603T172522_20250603T172547_059485_07626B_3EEA,S1C_IW_GRDH_1SDV_20250621T172402_20250621T172427_002884_005E73_D0BE,twente,2025,88,Sentinel-1A,Sentinel-1C,2025-06-03,2025-06-21,18,VV+VH,PENDING_BURST_CHECK,PENDING_BURST_CHECK,1.000000,EXTRA_LAG,CATALOG_CANDIDATE,NONE
PAIR_2025_T88_Sen_Sen_20250603_20250627_24D,S1A_IW_SLC__1SDV_20250603T172521_20250603T172548_059485_07626B_8768,S1A_IW_SLC__1SDV_20250627T172520_20250627T172547_059835_076E75_3EEF,S1A_IW_GRDH_1SDV_20250603T172522_20250603T172547_059485_07626B_3EEA,S1A_IW_GRDH_1SDV_20250627T172521_20250627T172546_059835_076E75_54F7,twente,2025,88,Sentinel-1A,Sentinel-1A,2025-06-03,2025-06-27,24,VV+VH,PENDING_BURST_CHECK,PENDING_BURST_CHECK,1.000000,LONG_LAG,CATALOG_CANDIDATE,NONE
PAIR_2025_T88_Sen_Sen_20250603_20250709_36D,S1A_IW_SLC__1SDV_20250603T172521_20250603T172548_059485_07626B_8768,S1A_IW_SLC__1SDV_20250709T172519_20250709T172546_060010_077485_F465,S1A_IW_GRDH_1SDV_20250603T172522_20250603T172547_059485_07626B_3EEA,S1A_IW_GRDH_1SDV_20250709T172520_20250709T172545_060010_077485_E1B3,twente,2025,88,Sentinel-1A,Sentinel-1A,2025-06-03,2025-07-09,36,VV+VH,PENDING_BURST_CHECK,PENDING_BURST_CHECK,1.000000,LONG_LAG,CATALOG_CANDIDATE,NONE
PAIR_2025_T88_Sen_Sen_20250603_20250721_48D,S1A_IW_SLC__1SDV_20250603T172521_20250603T172548_059485_07626B_8768,S1A_IW_SLC__1SDV_20250721T172518_20250721T172545_060185_077A86_166F,S1A_IW_GRDH_1SDV_20250603T172522_20250603T172547_059485_07626B_3EEA,S1A_IW_GRDH_1SDV_20250721T172519_20250721T172544_060185_077A86_275E,twente,2025,88,Sentinel-1A,Sentinel-1A,2025-06-03,2025-07-21,48,VV+VH,PENDING_BURST_CHECK,PENDING_BURST_CHECK,1.000000,LONG_LAG,CATALOG_CANDIDATE,NONE
PAIR_2025_T88_Sen_Sen_20250609_20250615_06D,S1C_IW_SLC__1SDV_20250609T172401_20250609T172428_002709_005969_70F6,S1A_IW_SLC__1SDV_20250615T172520_20250615T172547_059660_07685E_1BD0,S1C_IW_GRDH_1SDV_20250609T172402_20250609T172427_002709_005969_0E3C,S1A_IW_GRDH_1SDV_20250615T172521_20250615T172546_059660_07685E_E45D,twente,2025,88,Sentinel-1C,Sentinel-1A,2025-06-09,2025-06-15,6,VV+VH,PENDING_BURST_CHECK,PENDING_BURST_CHECK,1.000000,REV_6D,CATALOG_CANDIDATE,NONE
PAIR_2025_T88_Sen_Sen_20250609_20250621_12D,S1C_IW_SLC__1SDV_20250609T172401_20250609T172428_002709_005969_70F6,S1C_IW_SLC__1SDV_20250621T172401_20250621T172428_002884_005E73_63D6,S1C_IW_GRDH_1SDV_20250609T172402_20250609T172427_002709_005969_0E3C,S1C_IW_GRDH_1SDV_20250621T172402_20250621T172427_002884_005E73_D0BE,twente,2025,88,Sentinel-1C,Sentinel-1C,2025-06-09,2025-06-21,12,VV+VH,PENDING_BURST_CHECK,PENDING_BURST_CHECK,1.000000,MAIN_12D,CATALOG_CANDIDATE,NONE
PAIR_2025_T88_Sen_Sen_20250609_20250627_18D,S1C_IW_SLC__1SDV_20250609T172401_20250609T172428_002709_005969_70F6,S1A_IW_SLC__1SDV_20250627T172520_20250627T172547_059835_076E75_3EEF,S1C_IW_GRDH_1SDV_20250609T172402_20250609T172427_002709_005969_0E3C,S1A_IW_GRDH_1SDV_20250627T172521_20250627T172546_059835_076E75_54F7,twente,2025,88,Sentinel-1C,Sentinel-1A,2025-06-09,2025-06-27,18,VV+VH,PENDING_BURST_CHECK,PENDING_BURST_CHECK,1.000000,EXTRA_LAG,CATALOG_CANDIDATE,NONE
PAIR_2025_T88_Sen_Sen_20250609_20250703_24D,S1C_IW_SLC__1SDV_20250609T172401_20250609T172428_002709_005969_70F6,S1C_IW_SLC__1SDV_20250703T172402_20250703T172429_003059_00637F_D1C4,S1C_IW_GRDH_1SDV_20250609T172402_20250609T172427_002709_005969_0E3C,S1C_IW_GRDH_1SDV_20250703T172403_20250703T172428_003059_00637F_95C7,twente,2025,88,Sentinel-1C,Sentinel-1C,2025-06-09,2025-07-03,24,VV+VH,PENDING_BURST_CHECK,PENDING_BURST_CHECK,1.000000,LONG_LAG,CATALOG_CANDIDATE,NONE
PAIR_2025_T88_Sen_Sen_20250609_20250715_36D,S1C_IW_SLC__1SDV_20250609T172401_20250609T172428_002709_005969_70F6,S1C_IW_SLC__1SDV_20250715T172403_20250715T172430_003234_00688E_BFE2,S1C_IW_GRDH_1SDV_20250609T172402_20250609T172427_002709_005969_0E3C,S1C_IW_GRDH_1SDV_20250715T172404_20250715T172429_003234_00688E_6F47,twente,2025,88,Sentinel-1C,Sentinel-1C,2025-06-09,2025-07-15,36,VV+VH,PENDING_BURST_CHECK,PENDING_BURST_CHECK,1.000000,LONG_LAG,CATALOG_CANDIDATE,NONE
PAIR_2025_T88_Sen_Sen_20250609_20250727_48D,S1C_IW_SLC__1SDV_20250609T172401_20250609T172428_002709_005969_70F6,S1C_IW_SLC__1SDV_20250727T172404_20250727T172431_003409_006DAD_3213,S1C_IW_GRDH_1SDV_20250609T172402_20250609T172427_002709_005969_0E3C,S1C_IW_GRDH_1SDV_20250727T172405_20250727T172430_003409_006DAD_6D67,twente,2025,88,Sentinel-1C,Sentinel-1C,2025-06-09,2025-07-27,48,VV+VH,PENDING_BURST_CHECK,PENDING_BURST_CHECK,1.000000,LONG_LAG,CATALOG_CANDIDATE,NONE
PAIR_2025_T88_Sen_Sen_20250615_20250621_06D,S1A_IW_SLC__1SDV_20250615T172520_20250615T172547_059660_07685E_1BD0,S1C_IW_SLC__1SDV_20250621T172401_20250621T172428_002884_005E73_63D6,S1A_IW_GRDH_1SDV_20250615T172521_20250615T172546_059660_07685E_E45D,S1C_IW_GRDH_1SDV_20250621T172402_20250621T172427_002884_005E73_D0BE,twente,2025,88,Sentinel-1A,Sentinel-1C,2025-06-15,2025-06-21,6,VV+VH,PENDING_BURST_CHECK,PENDING_BURST_CHECK,1.000000,REV_6D,CATALOG_CANDIDATE,NONE
PAIR_2025_T88_Sen_Sen_20250615_20250627_12D,S1A_IW_SLC__1SDV_20250615T172520_20250615T172547_059660_07685E_1BD0,S1A_IW_SLC__1SDV_20250627T172520_20250627T172547_059835_076E75_3EEF,S1A_IW_GRDH_1SDV_20250615T172521_20250615T172546_059660_07685E_E45D,S1A_IW_GRDH_1SDV_20250627T172521_20250627T172546_059835_076E75_54F7,twente,2025,88,Sentinel-1A,Sentinel-1A,2025-06-15,2025-06-27,12,VV+VH,PENDING_BURST_CHECK,PENDING_BURST_CHECK,1.000000,MAIN_12D,CATALOG_CANDIDATE,NONE
PAIR_2025_T88_Sen_Sen_20250615_20250703_18D,S1A_IW_SLC__1SDV_20250615T172520_20250615T172547_059660_07685E_1BD0,S1C_IW_SLC__1SDV_20250703T172402_20250703T172429_003059_00637F_D1C4,S1A_IW_GRDH_1SDV_20250615T172521_20250615T172546_059660_07685E_E45D,S1C_IW_GRDH_1SDV_20250703T172403_20250703T172428_003059_00637F_95C7,twente,2025,88,Sentinel-1A,Sentinel-1C,2025-06-15,2025-07-03,18,VV+VH,PENDING_BURST_CHECK,PENDING_BURST_CHECK,1.000000,EXTRA_LAG,CATALOG_CANDIDATE,NONE
PAIR_2025_T88_Sen_Sen_20250615_20250709_24D,S1A_IW_SLC__1SDV_20250615T172520_20250615T172547_059660_07685E_1BD0,S1A_IW_SLC__1SDV_20250709T172519_20250709T172546_060010_077485_F465,S1A_IW_GRDH_1SDV_20250615T172521_20250615T172546_059660_07685E_E45D,S1A_IW_GRDH_1SDV_20250709T172520_20250709T172545_060010_077485_E1B3,twente,2025,88,Sentinel-1A,Sentinel-1A,2025-06-15,2025-07-09,24,VV+VH,PENDING_BURST_CHECK,PENDING_BURST_CHECK,1.000000,LONG_LAG,CATALOG_CANDIDATE,NONE
PAIR_2025_T88_Sen_Sen_20250615_20250721_36D,S1A_IW_SLC__1SDV_20250615T172520_20250615T172547_059660_07685E_1BD0,S1A_IW_SLC__1SDV_20250721T172518_20250721T172545_060185_077A86_166F,S1A_IW_GRDH_1SDV_20250615T172521_20250615T172546_059660_07685E_E45D,S1A_IW_GRDH_1SDV_20250721T172519_20250721T172544_060185_077A86_275E,twente,2025,88,Sentinel-1A,Sentinel-1A,2025-06-15,2025-07-21,36,VV+VH,PENDING_BURST_CHECK,PENDING_BURST_CHECK,1.000000,LONG_LAG,CATALOG_CANDIDATE,NONE
PAIR_2025_T88_Sen_Sen_20250615_20250802_48D,S1A_IW_SLC__1SDV_20250615T172520_20250615T172547_059660_07685E_1BD0,S1A_IW_SLC__1SDV_20250802T172518_20250802T172545_060360_07808C_6692,S1A_IW_GRDH_1SDV_20250615T172521_20250615T172546_059660_07685E_E45D,S1A_IW_GRDH_1SDV_20250802T172519_20250802T172544_060360_07808C_1003,twente,2025,88,Sentinel-1A,Sentinel-1A,2025-06-15,2025-08-02,48,VV+VH,PENDING_BURST_CHECK,PENDING_BURST_CHECK,1.000000,LONG_LAG,CATALOG_CANDIDATE,NONE
PAIR_2025_T88_Sen_Sen_20250621_20250627_06D,S1C_IW_SLC__1SDV_20250621T172401_20250621T172428_002884_005E73_63D6,S1A_IW_SLC__1SDV_20250627T172520_20250627T172547_059835_076E75_3EEF,S1C_IW_GRDH_1SDV_20250621T172402_20250621T172427_002884_005E73_D0BE,S1A_IW_GRDH_1SDV_20250627T172521_20250627T172546_059835_076E75_54F7,twente,2025,88,Sentinel-1C,Sentinel-1A,2025-06-21,2025-06-27,6,VV+VH,PENDING_BURST_CHECK,PENDING_BURST_CHECK,1.000000,REV_6D,CATALOG_CANDIDATE,NONE
PAIR_2025_T88_Sen_Sen_20250621_20250703_12D,S1C_IW_SLC__1SDV_20250621T172401_20250621T172428_002884_005E73_63D6,S1C_IW_SLC__1SDV_20250703T172402_20250703T172429_003059_00637F_D1C4,S1C_IW_GRDH_1SDV_20250621T172402_20250621T172427_002884_005E73_D0BE,S1C_IW_GRDH_1SDV_20250703T172403_20250703T172428_003059_00637F_95C7,twente,2025,88,Sentinel-1C,Sentinel-1C,2025-06-21,2025-07-03,12,VV+VH,PENDING_BURST_CHECK,PENDING_BURST_CHECK,1.000000,MAIN_12D,CATALOG_CANDIDATE,NONE
PAIR_2025_T88_Sen_Sen_20250621_20250709_18D,S1C_IW_SLC__1SDV_20250621T172401_20250621T172428_002884_005E73_63D6,S1A_IW_SLC__1SDV_20250709T172519_20250709T172546_060010_077485_F465,S1C_IW_GRDH_1SDV_20250621T172402_20250621T172427_002884_005E73_D0BE,S1A_IW_GRDH_1SDV_20250709T172520_20250709T172545_060010_077485_E1B3,twente,2025,88,Sentinel-1C,Sentinel-1A,2025-06-21,2025-07-09,18,VV+VH,PENDING_BURST_CHECK,PENDING_BURST_CHECK,1.000000,EXTRA_LAG,CATALOG_CANDIDATE,NONE
PAIR_2025_T88_Sen_Sen_20250621_20250715_24D,S1C_IW_SLC__1SDV_20250621T172401_20250621T172428_002884_005E73_63D6,S1C_IW_SLC__1SDV_20250715T172403_20250715T172430_003234_00688E_BFE2,S1C_IW_GRDH_1SDV_20250621T172402_20250621T172427_002884_005E73_D0BE,S1C_IW_GRDH_1SDV_20250715T172404_20250715T172429_003234_00688E_6F47,twente,2025,88,Sentinel-1C,Sentinel-1C,2025-06-21,2025-07-15,24,VV+VH,PENDING_BURST_CHECK,PENDING_BURST_CHECK,1.000000,LONG_LAG,CATALOG_CANDIDATE,NONE
PAIR_2025_T88_Sen_Sen_20250621_20250727_36D,S1C_IW_SLC__1SDV_20250621T172401_20250621T172428_002884_005E73_63D6,S1C_IW_SLC__1SDV_20250727T172404_20250727T172431_003409_006DAD_3213,S1C_IW_GRDH_1SDV_20250621T172402_20250621T172427_002884_005E73_D0BE,S1C_IW_GRDH_1SDV_20250727T172405_20250727T172430_003409_006DAD_6D67,twente,2025,88,Sentinel-1C,Sentinel-1C,2025-06-21,2025-07-27,36,VV+VH,PENDING_BURST_CHECK,PENDING_BURST_CHECK,1.000000,LONG_LAG,CATALOG_CANDIDATE,NONE
PAIR_2025_T88_Sen_Sen_20250621_20250808_48D,S1C_IW_SLC__1SDV_20250621T172401_20250621T172428_002884_005E73_63D6,S1C_IW_SLC__1SDV_20250808T172404_20250808T172431_003584_0072D8_416E,S1C_IW_GRDH_1SDV_20250621T172402_20250621T172427_002884_005E73_D0BE,S1C_IW_GRDH_1SDV_20250808T172405_20250808T172430_003584_0072D8_5B5B,twente,2025,88,Sentinel-1C,Sentinel-1C,2025-06-21,2025-08-08,48,VV+VH,PENDING_BURST_CHECK,PENDING_BURST_CHECK,1.000000,LONG_LAG,CATALOG_CANDIDATE,NONE
PAIR_2025_T88_Sen_Sen_20250627_20250703_06D,S1A_IW_SLC__1SDV_20250627T172520_20250627T172547_059835_076E75_3EEF,S1C_IW_SLC__1SDV_20250703T172402_20250703T172429_003059_00637F_D1C4,S1A_IW_GRDH_1SDV_20250627T172521_20250627T172546_059835_076E75_54F7,S1C_IW_GRDH_1SDV_20250703T172403_20250703T172428_003059_00637F_95C7,twente,2025,88,Sentinel-1A,Sentinel-1C,2025-06-27,2025-07-03,6,VV+VH,PENDING_BURST_CHECK,PENDING_BURST_CHECK,1.000000,REV_6D,CATALOG_CANDIDATE,NONE
PAIR_2025_T88_Sen_Sen_20250627_20250709_12D,S1A_IW_SLC__1SDV_20250627T172520_20250627T172547_059835_076E75_3EEF,S1A_IW_SLC__1SDV_20250709T172519_20250709T172546_060010_077485_F465,S1A_IW_GRDH_1SDV_20250627T172521_20250627T172546_059835_076E75_54F7,S1A_IW_GRDH_1SDV_20250709T172520_20250709T172545_060010_077485_E1B3,twente,2025,88,Sentinel-1A,Sentinel-1A,2025-06-27,2025-07-09,12,VV+VH,PENDING_BURST_CHECK,PENDING_BURST_CHECK,1.000000,MAIN_12D,CATALOG_CANDIDATE,NONE
PAIR_2025_T88_Sen_Sen_20250627_20250715_18D,S1A_IW_SLC__1SDV_20250627T172520_20250627T172547_059835_076E75_3EEF,S1C_IW_SLC__1SDV_20250715T172403_20250715T172430_003234_00688E_BFE2,S1A_IW_GRDH_1SDV_20250627T172521_20250627T172546_059835_076E75_54F7,S1C_IW_GRDH_1SDV_20250715T172404_20250715T172429_003234_00688E_6F47,twente,2025,88,Sentinel-1A,Sentinel-1C,2025-06-27,2025-07-15,18,VV+VH,PENDING_BURST_CHECK,PENDING_BURST_CHECK,1.000000,EXTRA_LAG,CATALOG_CANDIDATE,NONE
PAIR_2025_T88_Sen_Sen_20250627_20250721_24D,S1A_IW_SLC__1SDV_20250627T172520_20250627T172547_059835_076E75_3EEF,S1A_IW_SLC__1SDV_20250721T172518_20250721T172545_060185_077A86_166F,S1A_IW_GRDH_1SDV_20250627T172521_20250627T172546_059835_076E75_54F7,S1A_IW_GRDH_1SDV_20250721T172519_20250721T172544_060185_077A86_275E,twente,2025,88,Sentinel-1A,Sentinel-1A,2025-06-27,2025-07-21,24,VV+VH,PENDING_BURST_CHECK,PENDING_BURST_CHECK,1.000000,LONG_LAG,CATALOG_CANDIDATE,NONE
PAIR_2025_T88_Sen_Sen_20250627_20250802_36D,S1A_IW_SLC__1SDV_20250627T172520_20250627T172547_059835_076E75_3EEF,S1A_IW_SLC__1SDV_20250802T172518_20250802T172545_060360_07808C_6692,S1A_IW_GRDH_1SDV_20250627T172521_20250627T172546_059835_076E75_54F7,S1A_IW_GRDH_1SDV_20250802T172519_20250802T172544_060360_07808C_1003,twente,2025,88,Sentinel-1A,Sentinel-1A,2025-06-27,2025-08-02,36,VV+VH,PENDING_BURST_CHECK,PENDING_BURST_CHECK,1.000000,LONG_LAG,CATALOG_CANDIDATE,NONE
PAIR_2025_T88_Sen_Sen_20250627_20250814_48D,S1A_IW_SLC__1SDV_20250627T172520_20250627T172547_059835_076E75_3EEF,S1A_IW_SLC__1SDV_20250814T172518_20250814T172545_060535_07872E_D556,S1A_IW_GRDH_1SDV_20250627T172521_20250627T172546_059835_076E75_54F7,S1A_IW_GRDH_1SDV_20250814T172519_20250814T172544_060535_07872E_CCFA,twente,2025,88,Sentinel-1A,Sentinel-1A,2025-06-27,2025-08-14,48,VV+VH,PENDING_BURST_CHECK,PENDING_BURST_CHECK,1.000000,LONG_LAG,CATALOG_CANDIDATE,NONE
PAIR_2025_T88_Sen_Sen_20250703_20250709_06D,S1C_IW_SLC__1SDV_20250703T172402_20250703T172429_003059_00637F_D1C4,S1A_IW_SLC__1SDV_20250709T172519_20250709T172546_060010_077485_F465,S1C_IW_GRDH_1SDV_20250703T172403_20250703T172428_003059_00637F_95C7,S1A_IW_GRDH_1SDV_20250709T172520_20250709T172545_060010_077485_E1B3,twente,2025,88,Sentinel-1C,Sentinel-1A,2025-07-03,2025-07-09,6,VV+VH,PENDING_BURST_CHECK,PENDING_BURST_CHECK,1.000000,REV_6D,CATALOG_CANDIDATE,NONE
PAIR_2025_T88_Sen_Sen_20250703_20250715_12D,S1C_IW_SLC__1SDV_20250703T172402_20250703T172429_003059_00637F_D1C4,S1C_IW_SLC__1SDV_20250715T172403_20250715T172430_003234_00688E_BFE2,S1C_IW_GRDH_1SDV_20250703T172403_20250703T172428_003059_00637F_95C7,S1C_IW_GRDH_1SDV_20250715T172404_20250715T172429_003234_00688E_6F47,twente,2025,88,Sentinel-1C,Sentinel-1C,2025-07-03,2025-07-15,12,VV+VH,PENDING_BURST_CHECK,PENDING_BURST_CHECK,1.000000,MAIN_12D,CATALOG_CANDIDATE,NONE
PAIR_2025_T88_Sen_Sen_20250703_20250721_18D,S1C_IW_SLC__1SDV_20250703T172402_20250703T172429_003059_00637F_D1C4,S1A_IW_SLC__1SDV_20250721T172518_20250721T172545_060185_077A86_166F,S1C_IW_GRDH_1SDV_20250703T172403_20250703T172428_003059_00637F_95C7,S1A_IW_GRDH_1SDV_20250721T172519_20250721T172544_060185_077A86_275E,twente,2025,88,Sentinel-1C,Sentinel-1A,2025-07-03,2025-07-21,18,VV+VH,PENDING_BURST_CHECK,PENDING_BURST_CHECK,1.000000,EXTRA_LAG,CATALOG_CANDIDATE,NONE
PAIR_2025_T88_Sen_Sen_20250703_20250727_24D,S1C_IW_SLC__1SDV_20250703T172402_20250703T172429_003059_00637F_D1C4,S1C_IW_SLC__1SDV_20250727T172404_20250727T172431_003409_006DAD_3213,S1C_IW_GRDH_1SDV_20250703T172403_20250703T172428_003059_00637F_95C7,S1C_IW_GRDH_1SDV_20250727T172405_20250727T172430_003409_006DAD_6D67,twente,2025,88,Sentinel-1C,Sentinel-1C,2025-07-03,2025-07-27,24,VV+VH,PENDING_BURST_CHECK,PENDING_BURST_CHECK,1.000000,LONG_LAG,CATALOG_CANDIDATE,NONE
PAIR_2025_T88_Sen_Sen_20250703_20250808_36D,S1C_IW_SLC__1SDV_20250703T172402_20250703T172429_003059_00637F_D1C4,S1C_IW_SLC__1SDV_20250808T172404_20250808T172431_003584_0072D8_416E,S1C_IW_GRDH_1SDV_20250703T172403_20250703T172428_003059_00637F_95C7,S1C_IW_GRDH_1SDV_20250808T172405_20250808T172430_003584_0072D8_5B5B,twente,2025,88,Sentinel-1C,Sentinel-1C,2025-07-03,2025-08-08,36,VV+VH,PENDING_BURST_CHECK,PENDING_BURST_CHECK,1.000000,LONG_LAG,CATALOG_CANDIDATE,NONE
PAIR_2025_T88_Sen_Sen_20250703_20250820_48D,S1C_IW_SLC__1SDV_20250703T172402_20250703T172429_003059_00637F_D1C4,S1C_IW_SLC__1SDV_20250820T172404_20250820T172431_003759_007815_7156,S1C_IW_GRDH_1SDV_20250703T172403_20250703T172428_003059_00637F_95C7,S1C_IW_GRDH_1SDV_20250820T172406_20250820T172431_003759_007815_60DF,twente,2025,88,Sentinel-1C,Sentinel-1C,2025-07-03,2025-08-20,48,VV+VH,PENDING_BURST_CHECK,PENDING_BURST_CHECK,1.000000,LONG_LAG,CATALOG_CANDIDATE,NONE
PAIR_2025_T88_Sen_Sen_20250709_20250715_06D,S1A_IW_SLC__1SDV_20250709T172519_20250709T172546_060010_077485_F465,S1C_IW_SLC__1SDV_20250715T172403_20250715T172430_003234_00688E_BFE2,S1A_IW_GRDH_1SDV_20250709T172520_20250709T172545_060010_077485_E1B3,S1C_IW_GRDH_1SDV_20250715T172404_20250715T172429_003234_00688E_6F47,twente,2025,88,Sentinel-1A,Sentinel-1C,2025-07-09,2025-07-15,6,VV+VH,PENDING_BURST_CHECK,PENDING_BURST_CHECK,1.000000,REV_6D,CATALOG_CANDIDATE,NONE
PAIR_2025_T88_Sen_Sen_20250709_20250721_12D,S1A_IW_SLC__1SDV_20250709T172519_20250709T172546_060010_077485_F465,S1A_IW_SLC__1SDV_20250721T172518_20250721T172545_060185_077A86_166F,S1A_IW_GRDH_1SDV_20250709T172520_20250709T172545_060010_077485_E1B3,S1A_IW_GRDH_1SDV_20250721T172519_20250721T172544_060185_077A86_275E,twente,2025,88,Sentinel-1A,Sentinel-1A,2025-07-09,2025-07-21,12,VV+VH,PENDING_BURST_CHECK,PENDING_BURST_CHECK,1.000000,MAIN_12D,CATALOG_CANDIDATE,NONE
PAIR_2025_T88_Sen_Sen_20250709_20250727_18D,S1A_IW_SLC__1SDV_20250709T172519_20250709T172546_060010_077485_F465,S1C_IW_SLC__1SDV_20250727T172404_20250727T172431_003409_006DAD_3213,S1A_IW_GRDH_1SDV_20250709T172520_20250709T172545_060010_077485_E1B3,S1C_IW_GRDH_1SDV_20250727T172405_20250727T172430_003409_006DAD_6D67,twente,2025,88,Sentinel-1A,Sentinel-1C,2025-07-09,2025-07-27,18,VV+VH,PENDING_BURST_CHECK,PENDING_BURST_CHECK,1.000000,EXTRA_LAG,CATALOG_CANDIDATE,NONE
PAIR_2025_T88_Sen_Sen_20250709_20250802_24D,S1A_IW_SLC__1SDV_20250709T172519_20250709T172546_060010_077485_F465,S1A_IW_SLC__1SDV_20250802T172518_20250802T172545_060360_07808C_6692,S1A_IW_GRDH_1SDV_20250709T172520_20250709T172545_060010_077485_E1B3,S1A_IW_GRDH_1SDV_20250802T172519_20250802T172544_060360_07808C_1003,twente,2025,88,Sentinel-1A,Sentinel-1A,2025-07-09,2025-08-02,24,VV+VH,PENDING_BURST_CHECK,PENDING_BURST_CHECK,1.000000,LONG_LAG,CATALOG_CANDIDATE,NONE
PAIR_2025_T88_Sen_Sen_20250709_20250814_36D,S1A_IW_SLC__1SDV_20250709T172519_20250709T172546_060010_077485_F465,S1A_IW_SLC__1SDV_20250814T172518_20250814T172545_060535_07872E_D556,S1A_IW_GRDH_1SDV_20250709T172520_20250709T172545_060010_077485_E1B3,S1A_IW_GRDH_1SDV_20250814T172519_20250814T172544_060535_07872E_CCFA,twente,2025,88,Sentinel-1A,Sentinel-1A,2025-07-09,2025-08-14,36,VV+VH,PENDING_BURST_CHECK,PENDING_BURST_CHECK,1.000000,LONG_LAG,CATALOG_CANDIDATE,NONE
PAIR_2025_T88_Sen_Sen_20250709_20250826_48D,S1A_IW_SLC__1SDV_20250709T172519_20250709T172546_060010_077485_F465,S1A_IW_SLC__1SDV_20250826T172518_20250826T172545_060710_078E13_2A33,S1A_IW_GRDH_1SDV_20250709T172520_20250709T172545_060010_077485_E1B3,S1A_IW_GRDH_1SDV_20250826T172519_20250826T172544_060710_078E13_FAB4,twente,2025,88,Sentinel-1A,Sentinel-1A,2025-07-09,2025-08-26,48,VV+VH,PENDING_BURST_CHECK,PENDING_BURST_CHECK,1.000000,LONG_LAG,CATALOG_CANDIDATE,NONE
PAIR_2025_T88_Sen_Sen_20250715_20250721_06D,S1C_IW_SLC__1SDV_20250715T172403_20250715T172430_003234_00688E_BFE2,S1A_IW_SLC__1SDV_20250721T172518_20250721T172545_060185_077A86_166F,S1C_IW_GRDH_1SDV_20250715T172404_20250715T172429_003234_00688E_6F47,S1A_IW_GRDH_1SDV_20250721T172519_20250721T172544_060185_077A86_275E,twente,2025,88,Sentinel-1C,Sentinel-1A,2025-07-15,2025-07-21,6,VV+VH,PENDING_BURST_CHECK,PENDING_BURST_CHECK,1.000000,REV_6D,CATALOG_CANDIDATE,NONE
PAIR_2025_T88_Sen_Sen_20250715_20250727_12D,S1C_IW_SLC__1SDV_20250715T172403_20250715T172430_003234_00688E_BFE2,S1C_IW_SLC__1SDV_20250727T172404_20250727T172431_003409_006DAD_3213,S1C_IW_GRDH_1SDV_20250715T172404_20250715T172429_003234_00688E_6F47,S1C_IW_GRDH_1SDV_20250727T172405_20250727T172430_003409_006DAD_6D67,twente,2025,88,Sentinel-1C,Sentinel-1C,2025-07-15,2025-07-27,12,VV+VH,PENDING_BURST_CHECK,PENDING_BURST_CHECK,1.000000,MAIN_12D,CATALOG_CANDIDATE,NONE
PAIR_2025_T88_Sen_Sen_20250715_20250802_18D,S1C_IW_SLC__1SDV_20250715T172403_20250715T172430_003234_00688E_BFE2,S1A_IW_SLC__1SDV_20250802T172518_20250802T172545_060360_07808C_6692,S1C_IW_GRDH_1SDV_20250715T172404_20250715T172429_003234_00688E_6F47,S1A_IW_GRDH_1SDV_20250802T172519_20250802T172544_060360_07808C_1003,twente,2025,88,Sentinel-1C,Sentinel-1A,2025-07-15,2025-08-02,18,VV+VH,PENDING_BURST_CHECK,PENDING_BURST_CHECK,1.000000,EXTRA_LAG,CATALOG_CANDIDATE,NONE
PAIR_2025_T88_Sen_Sen_20250715_20250808_24D,S1C_IW_SLC__1SDV_20250715T172403_20250715T172430_003234_00688E_BFE2,S1C_IW_SLC__1SDV_20250808T172404_20250808T172431_003584_0072D8_416E,S1C_IW_GRDH_1SDV_20250715T172404_20250715T172429_003234_00688E_6F47,S1C_IW_GRDH_1SDV_20250808T172405_20250808T172430_003584_0072D8_5B5B,twente,2025,88,Sentinel-1C,Sentinel-1C,2025-07-15,2025-08-08,24,VV+VH,PENDING_BURST_CHECK,PENDING_BURST_CHECK,1.000000,LONG_LAG,CATALOG_CANDIDATE,NONE
PAIR_2025_T88_Sen_Sen_20250715_20250820_36D,S1C_IW_SLC__1SDV_20250715T172403_20250715T172430_003234_00688E_BFE2,S1C_IW_SLC__1SDV_20250820T172404_20250820T172431_003759_007815_7156,S1C_IW_GRDH_1SDV_20250715T172404_20250715T172429_003234_00688E_6F47,S1C_IW_GRDH_1SDV_20250820T172406_20250820T172431_003759_007815_60DF,twente,2025,88,Sentinel-1C,Sentinel-1C,2025-07-15,2025-08-20,36,VV+VH,PENDING_BURST_CHECK,PENDING_BURST_CHECK,1.000000,LONG_LAG,CATALOG_CANDIDATE,NONE
PAIR_2025_T88_Sen_Sen_20250715_20250901_48D,S1C_IW_SLC__1SDV_20250715T172403_20250715T172430_003234_00688E_BFE2,S1C_IW_SLC__1SDV_20250901T172405_20250901T172432_003934_007D5B_7BB5,S1C_IW_GRDH_1SDV_20250715T172404_20250715T172429_003234_00688E_6F47,S1C_IW_GRDH_1SDV_20250901T172406_20250901T172431_003934_007D5B_95E3,twente,2025,88,Sentinel-1C,Sentinel-1C,2025-07-15,2025-09-01,48,VV+VH,PENDING_BURST_CHECK,PENDING_BURST_CHECK,1.000000,LONG_LAG,CATALOG_CANDIDATE,NONE
PAIR_2025_T88_Sen_Sen_20250721_20250727_06D,S1A_IW_SLC__1SDV_20250721T172518_20250721T172545_060185_077A86_166F,S1C_IW_SLC__1SDV_20250727T172404_20250727T172431_003409_006DAD_3213,S1A_IW_GRDH_1SDV_20250721T172519_20250721T172544_060185_077A86_275E,S1C_IW_GRDH_1SDV_20250727T172405_20250727T172430_003409_006DAD_6D67,twente,2025,88,Sentinel-1A,Sentinel-1C,2025-07-21,2025-07-27,6,VV+VH,PENDING_BURST_CHECK,PENDING_BURST_CHECK,1.000000,REV_6D,CATALOG_CANDIDATE,NONE
PAIR_2025_T88_Sen_Sen_20250721_20250802_12D,S1A_IW_SLC__1SDV_20250721T172518_20250721T172545_060185_077A86_166F,S1A_IW_SLC__1SDV_20250802T172518_20250802T172545_060360_07808C_6692,S1A_IW_GRDH_1SDV_20250721T172519_20250721T172544_060185_077A86_275E,S1A_IW_GRDH_1SDV_20250802T172519_20250802T172544_060360_07808C_1003,twente,2025,88,Sentinel-1A,Sentinel-1A,2025-07-21,2025-08-02,12,VV+VH,PENDING_BURST_CHECK,PENDING_BURST_CHECK,1.000000,MAIN_12D,CATALOG_CANDIDATE,NONE
PAIR_2025_T88_Sen_Sen_20250721_20250808_18D,S1A_IW_SLC__1SDV_20250721T172518_20250721T172545_060185_077A86_166F,S1C_IW_SLC__1SDV_20250808T172404_20250808T172431_003584_0072D8_416E,S1A_IW_GRDH_1SDV_20250721T172519_20250721T172544_060185_077A86_275E,S1C_IW_GRDH_1SDV_20250808T172405_20250808T172430_003584_0072D8_5B5B,twente,2025,88,Sentinel-1A,Sentinel-1C,2025-07-21,2025-08-08,18,VV+VH,PENDING_BURST_CHECK,PENDING_BURST_CHECK,1.000000,EXTRA_LAG,CATALOG_CANDIDATE,NONE
PAIR_2025_T88_Sen_Sen_20250721_20250814_24D,S1A_IW_SLC__1SDV_20250721T172518_20250721T172545_060185_077A86_166F,S1A_IW_SLC__1SDV_20250814T172518_20250814T172545_060535_07872E_D556,S1A_IW_GRDH_1SDV_20250721T172519_20250721T172544_060185_077A86_275E,S1A_IW_GRDH_1SDV_20250814T172519_20250814T172544_060535_07872E_CCFA,twente,2025,88,Sentinel-1A,Sentinel-1A,2025-07-21,2025-08-14,24,VV+VH,PENDING_BURST_CHECK,PENDING_BURST_CHECK,1.000000,LONG_LAG,CATALOG_CANDIDATE,NONE
PAIR_2025_T88_Sen_Sen_20250721_20250826_36D,S1A_IW_SLC__1SDV_20250721T172518_20250721T172545_060185_077A86_166F,S1A_IW_SLC__1SDV_20250826T172518_20250826T172545_060710_078E13_2A33,S1A_IW_GRDH_1SDV_20250721T172519_20250721T172544_060185_077A86_275E,S1A_IW_GRDH_1SDV_20250826T172519_20250826T172544_060710_078E13_FAB4,twente,2025,88,Sentinel-1A,Sentinel-1A,2025-07-21,2025-08-26,36,VV+VH,PENDING_BURST_CHECK,PENDING_BURST_CHECK,1.000000,LONG_LAG,CATALOG_CANDIDATE,NONE
PAIR_2025_T88_Sen_Sen_20250721_20250907_48D,S1A_IW_SLC__1SDV_20250721T172518_20250721T172545_060185_077A86_166F,S1A_IW_SLC__1SDV_20250907T172519_20250907T172546_060885_079505_AAFF,S1A_IW_GRDH_1SDV_20250721T172519_20250721T172544_060185_077A86_275E,S1A_IW_GRDH_1SDV_20250907T172520_20250907T172545_060885_079505_F9F6,twente,2025,88,Sentinel-1A,Sentinel-1A,2025-07-21,2025-09-07,48,VV+VH,PENDING_BURST_CHECK,PENDING_BURST_CHECK,1.000000,LONG_LAG,CATALOG_CANDIDATE,NONE
PAIR_2025_T88_Sen_Sen_20250727_20250802_06D,S1C_IW_SLC__1SDV_20250727T172404_20250727T172431_003409_006DAD_3213,S1A_IW_SLC__1SDV_20250802T172518_20250802T172545_060360_07808C_6692,S1C_IW_GRDH_1SDV_20250727T172405_20250727T172430_003409_006DAD_6D67,S1A_IW_GRDH_1SDV_20250802T172519_20250802T172544_060360_07808C_1003,twente,2025,88,Sentinel-1C,Sentinel-1A,2025-07-27,2025-08-02,6,VV+VH,PENDING_BURST_CHECK,PENDING_BURST_CHECK,1.000000,REV_6D,CATALOG_CANDIDATE,NONE
PAIR_2025_T88_Sen_Sen_20250727_20250808_12D,S1C_IW_SLC__1SDV_20250727T172404_20250727T172431_003409_006DAD_3213,S1C_IW_SLC__1SDV_20250808T172404_20250808T172431_003584_0072D8_416E,S1C_IW_GRDH_1SDV_20250727T172405_20250727T172430_003409_006DAD_6D67,S1C_IW_GRDH_1SDV_20250808T172405_20250808T172430_003584_0072D8_5B5B,twente,2025,88,Sentinel-1C,Sentinel-1C,2025-07-27,2025-08-08,12,VV+VH,PENDING_BURST_CHECK,PENDING_BURST_CHECK,1.000000,MAIN_12D,CATALOG_CANDIDATE,NONE
PAIR_2025_T88_Sen_Sen_20250727_20250814_18D,S1C_IW_SLC__1SDV_20250727T172404_20250727T172431_003409_006DAD_3213,S1A_IW_SLC__1SDV_20250814T172518_20250814T172545_060535_07872E_D556,S1C_IW_GRDH_1SDV_20250727T172405_20250727T172430_003409_006DAD_6D67,S1A_IW_GRDH_1SDV_20250814T172519_20250814T172544_060535_07872E_CCFA,twente,2025,88,Sentinel-1C,Sentinel-1A,2025-07-27,2025-08-14,18,VV+VH,PENDING_BURST_CHECK,PENDING_BURST_CHECK,1.000000,EXTRA_LAG,CATALOG_CANDIDATE,NONE
PAIR_2025_T88_Sen_Sen_20250727_20250820_24D,S1C_IW_SLC__1SDV_20250727T172404_20250727T172431_003409_006DAD_3213,S1C_IW_SLC__1SDV_20250820T172404_20250820T172431_003759_007815_7156,S1C_IW_GRDH_1SDV_20250727T172405_20250727T172430_003409_006DAD_6D67,S1C_IW_GRDH_1SDV_20250820T172406_20250820T172431_003759_007815_60DF,twente,2025,88,Sentinel-1C,Sentinel-1C,2025-07-27,2025-08-20,24,VV+VH,PENDING_BURST_CHECK,PENDING_BURST_CHECK,1.000000,LONG_LAG,CATALOG_CANDIDATE,NONE
PAIR_2025_T88_Sen_Sen_20250727_20250901_36D,S1C_IW_SLC__1SDV_20250727T172404_20250727T172431_003409_006DAD_3213,S1C_IW_SLC__1SDV_20250901T172405_20250901T172432_003934_007D5B_7BB5,S1C_IW_GRDH_1SDV_20250727T172405_20250727T172430_003409_006DAD_6D67,S1C_IW_GRDH_1SDV_20250901T172406_20250901T172431_003934_007D5B_95E3,twente,2025,88,Sentinel-1C,Sentinel-1C,2025-07-27,2025-09-01,36,VV+VH,PENDING_BURST_CHECK,PENDING_BURST_CHECK,1.000000,LONG_LAG,CATALOG_CANDIDATE,NONE
PAIR_2025_T88_Sen_Sen_20250727_20250913_48D,S1C_IW_SLC__1SDV_20250727T172404_20250727T172431_003409_006DAD_3213,S1C_IW_SLC__1SDV_20250913T172405_20250913T172432_004109_0082AA_85CF,S1C_IW_GRDH_1SDV_20250727T172405_20250727T172430_003409_006DAD_6D67,S1C_IW_GRDH_1SDV_20250913T172407_20250913T172432_004109_0082AA_4377,twente,2025,88,Sentinel-1C,Sentinel-1C,2025-07-27,2025-09-13,48,VV+VH,PENDING_BURST_CHECK,PENDING_BURST_CHECK,1.000000,LONG_LAG,CATALOG_CANDIDATE,NONE
PAIR_2025_T88_Sen_Sen_20250802_20250808_06D,S1A_IW_SLC__1SDV_20250802T172518_20250802T172545_060360_07808C_6692,S1C_IW_SLC__1SDV_20250808T172404_20250808T172431_003584_0072D8_416E,S1A_IW_GRDH_1SDV_20250802T172519_20250802T172544_060360_07808C_1003,S1C_IW_GRDH_1SDV_20250808T172405_20250808T172430_003584_0072D8_5B5B,twente,2025,88,Sentinel-1A,Sentinel-1C,2025-08-02,2025-08-08,6,VV+VH,PENDING_BURST_CHECK,PENDING_BURST_CHECK,1.000000,REV_6D,CATALOG_CANDIDATE,NONE
PAIR_2025_T88_Sen_Sen_20250802_20250814_12D,S1A_IW_SLC__1SDV_20250802T172518_20250802T172545_060360_07808C_6692,S1A_IW_SLC__1SDV_20250814T172518_20250814T172545_060535_07872E_D556,S1A_IW_GRDH_1SDV_20250802T172519_20250802T172544_060360_07808C_1003,S1A_IW_GRDH_1SDV_20250814T172519_20250814T172544_060535_07872E_CCFA,twente,2025,88,Sentinel-1A,Sentinel-1A,2025-08-02,2025-08-14,12,VV+VH,PENDING_BURST_CHECK,PENDING_BURST_CHECK,1.000000,MAIN_12D,CATALOG_CANDIDATE,NONE
PAIR_2025_T88_Sen_Sen_20250802_20250820_18D,S1A_IW_SLC__1SDV_20250802T172518_20250802T172545_060360_07808C_6692,S1C_IW_SLC__1SDV_20250820T172404_20250820T172431_003759_007815_7156,S1A_IW_GRDH_1SDV_20250802T172519_20250802T172544_060360_07808C_1003,S1C_IW_GRDH_1SDV_20250820T172406_20250820T172431_003759_007815_60DF,twente,2025,88,Sentinel-1A,Sentinel-1C,2025-08-02,2025-08-20,18,VV+VH,PENDING_BURST_CHECK,PENDING_BURST_CHECK,1.000000,EXTRA_LAG,CATALOG_CANDIDATE,NONE
PAIR_2025_T88_Sen_Sen_20250802_20250826_24D,S1A_IW_SLC__1SDV_20250802T172518_20250802T172545_060360_07808C_6692,S1A_IW_SLC__1SDV_20250826T172518_20250826T172545_060710_078E13_2A33,S1A_IW_GRDH_1SDV_20250802T172519_20250802T172544_060360_07808C_1003,S1A_IW_GRDH_1SDV_20250826T172519_20250826T172544_060710_078E13_FAB4,twente,2025,88,Sentinel-1A,Sentinel-1A,2025-08-02,2025-08-26,24,VV+VH,PENDING_BURST_CHECK,PENDING_BURST_CHECK,1.000000,LONG_LAG,CATALOG_CANDIDATE,NONE
PAIR_2025_T88_Sen_Sen_20250802_20250907_36D,S1A_IW_SLC__1SDV_20250802T172518_20250802T172545_060360_07808C_6692,S1A_IW_SLC__1SDV_20250907T172519_20250907T172546_060885_079505_AAFF,S1A_IW_GRDH_1SDV_20250802T172519_20250802T172544_060360_07808C_1003,S1A_IW_GRDH_1SDV_20250907T172520_20250907T172545_060885_079505_F9F6,twente,2025,88,Sentinel-1A,Sentinel-1A,2025-08-02,2025-09-07,36,VV+VH,PENDING_BURST_CHECK,PENDING_BURST_CHECK,1.000000,LONG_LAG,CATALOG_CANDIDATE,NONE
PAIR_2025_T88_Sen_Sen_20250802_20250919_48D,S1A_IW_SLC__1SDV_20250802T172518_20250802T172545_060360_07808C_6692,S1A_IW_SLC__1SDV_20250919T172519_20250919T172546_061060_079C09_9106,S1A_IW_GRDH_1SDV_20250802T172519_20250802T172544_060360_07808C_1003,S1A_IW_GRDH_1SDV_20250919T172520_20250919T172545_061060_079C09_7E9D,twente,2025,88,Sentinel-1A,Sentinel-1A,2025-08-02,2025-09-19,48,VV+VH,PENDING_BURST_CHECK,PENDING_BURST_CHECK,1.000000,LONG_LAG,CATALOG_CANDIDATE,NONE
PAIR_2025_T88_Sen_Sen_20250808_20250814_06D,S1C_IW_SLC__1SDV_20250808T172404_20250808T172431_003584_0072D8_416E,S1A_IW_SLC__1SDV_20250814T172518_20250814T172545_060535_07872E_D556,S1C_IW_GRDH_1SDV_20250808T172405_20250808T172430_003584_0072D8_5B5B,S1A_IW_GRDH_1SDV_20250814T172519_20250814T172544_060535_07872E_CCFA,twente,2025,88,Sentinel-1C,Sentinel-1A,2025-08-08,2025-08-14,6,VV+VH,PENDING_BURST_CHECK,PENDING_BURST_CHECK,1.000000,REV_6D,CATALOG_CANDIDATE,NONE
PAIR_2025_T88_Sen_Sen_20250808_20250820_12D,S1C_IW_SLC__1SDV_20250808T172404_20250808T172431_003584_0072D8_416E,S1C_IW_SLC__1SDV_20250820T172404_20250820T172431_003759_007815_7156,S1C_IW_GRDH_1SDV_20250808T172405_20250808T172430_003584_0072D8_5B5B,S1C_IW_GRDH_1SDV_20250820T172406_20250820T172431_003759_007815_60DF,twente,2025,88,Sentinel-1C,Sentinel-1C,2025-08-08,2025-08-20,12,VV+VH,PENDING_BURST_CHECK,PENDING_BURST_CHECK,1.000000,MAIN_12D,CATALOG_CANDIDATE,NONE
PAIR_2025_T88_Sen_Sen_20250808_20250826_18D,S1C_IW_SLC__1SDV_20250808T172404_20250808T172431_003584_0072D8_416E,S1A_IW_SLC__1SDV_20250826T172518_20250826T172545_060710_078E13_2A33,S1C_IW_GRDH_1SDV_20250808T172405_20250808T172430_003584_0072D8_5B5B,S1A_IW_GRDH_1SDV_20250826T172519_20250826T172544_060710_078E13_FAB4,twente,2025,88,Sentinel-1C,Sentinel-1A,2025-08-08,2025-08-26,18,VV+VH,PENDING_BURST_CHECK,PENDING_BURST_CHECK,1.000000,EXTRA_LAG,CATALOG_CANDIDATE,NONE
PAIR_2025_T88_Sen_Sen_20250808_20250901_24D,S1C_IW_SLC__1SDV_20250808T172404_20250808T172431_003584_0072D8_416E,S1C_IW_SLC__1SDV_20250901T172405_20250901T172432_003934_007D5B_7BB5,S1C_IW_GRDH_1SDV_20250808T172405_20250808T172430_003584_0072D8_5B5B,S1C_IW_GRDH_1SDV_20250901T172406_20250901T172431_003934_007D5B_95E3,twente,2025,88,Sentinel-1C,Sentinel-1C,2025-08-08,2025-09-01,24,VV+VH,PENDING_BURST_CHECK,PENDING_BURST_CHECK,1.000000,LONG_LAG,CATALOG_CANDIDATE,NONE
PAIR_2025_T88_Sen_Sen_20250808_20250913_36D,S1C_IW_SLC__1SDV_20250808T172404_20250808T172431_003584_0072D8_416E,S1C_IW_SLC__1SDV_20250913T172405_20250913T172432_004109_0082AA_85CF,S1C_IW_GRDH_1SDV_20250808T172405_20250808T172430_003584_0072D8_5B5B,S1C_IW_GRDH_1SDV_20250913T172407_20250913T172432_004109_0082AA_4377,twente,2025,88,Sentinel-1C,Sentinel-1C,2025-08-08,2025-09-13,36,VV+VH,PENDING_BURST_CHECK,PENDING_BURST_CHECK,1.000000,LONG_LAG,CATALOG_CANDIDATE,NONE
PAIR_2025_T88_Sen_Sen_20250808_20250925_48D,S1C_IW_SLC__1SDV_20250808T172404_20250808T172431_003584_0072D8_416E,S1C_IW_SLC__1SDV_20250925T172406_20250925T172433_004284_0087F3_4AE3,S1C_IW_GRDH_1SDV_20250808T172405_20250808T172430_003584_0072D8_5B5B,S1C_IW_GRDH_1SDV_20250925T172407_20250925T172432_004284_0087F3_39BA,twente,2025,88,Sentinel-1C,Sentinel-1C,2025-08-08,2025-09-25,48,VV+VH,PENDING_BURST_CHECK,PENDING_BURST_CHECK,1.000000,LONG_LAG,CATALOG_CANDIDATE,NONE
PAIR_2025_T88_Sen_Sen_20250814_20250820_06D,S1A_IW_SLC__1SDV_20250814T172518_20250814T172545_060535_07872E_D556,S1C_IW_SLC__1SDV_20250820T172404_20250820T172431_003759_007815_7156,S1A_IW_GRDH_1SDV_20250814T172519_20250814T172544_060535_07872E_CCFA,S1C_IW_GRDH_1SDV_20250820T172406_20250820T172431_003759_007815_60DF,twente,2025,88,Sentinel-1A,Sentinel-1C,2025-08-14,2025-08-20,6,VV+VH,PENDING_BURST_CHECK,PENDING_BURST_CHECK,1.000000,REV_6D,CATALOG_CANDIDATE,NONE
PAIR_2025_T88_Sen_Sen_20250814_20250826_12D,S1A_IW_SLC__1SDV_20250814T172518_20250814T172545_060535_07872E_D556,S1A_IW_SLC__1SDV_20250826T172518_20250826T172545_060710_078E13_2A33,S1A_IW_GRDH_1SDV_20250814T172519_20250814T172544_060535_07872E_CCFA,S1A_IW_GRDH_1SDV_20250826T172519_20250826T172544_060710_078E13_FAB4,twente,2025,88,Sentinel-1A,Sentinel-1A,2025-08-14,2025-08-26,12,VV+VH,PENDING_BURST_CHECK,PENDING_BURST_CHECK,1.000000,MAIN_12D,CATALOG_CANDIDATE,NONE
PAIR_2025_T88_Sen_Sen_20250814_20250901_18D,S1A_IW_SLC__1SDV_20250814T172518_20250814T172545_060535_07872E_D556,S1C_IW_SLC__1SDV_20250901T172405_20250901T172432_003934_007D5B_7BB5,S1A_IW_GRDH_1SDV_20250814T172519_20250814T172544_060535_07872E_CCFA,S1C_IW_GRDH_1SDV_20250901T172406_20250901T172431_003934_007D5B_95E3,twente,2025,88,Sentinel-1A,Sentinel-1C,2025-08-14,2025-09-01,18,VV+VH,PENDING_BURST_CHECK,PENDING_BURST_CHECK,1.000000,EXTRA_LAG,CATALOG_CANDIDATE,NONE
PAIR_2025_T88_Sen_Sen_20250814_20250907_24D,S1A_IW_SLC__1SDV_20250814T172518_20250814T172545_060535_07872E_D556,S1A_IW_SLC__1SDV_20250907T172519_20250907T172546_060885_079505_AAFF,S1A_IW_GRDH_1SDV_20250814T172519_20250814T172544_060535_07872E_CCFA,S1A_IW_GRDH_1SDV_20250907T172520_20250907T172545_060885_079505_F9F6,twente,2025,88,Sentinel-1A,Sentinel-1A,2025-08-14,2025-09-07,24,VV+VH,PENDING_BURST_CHECK,PENDING_BURST_CHECK,1.000000,LONG_LAG,CATALOG_CANDIDATE,NONE
PAIR_2025_T88_Sen_Sen_20250814_20250919_36D,S1A_IW_SLC__1SDV_20250814T172518_20250814T172545_060535_07872E_D556,S1A_IW_SLC__1SDV_20250919T172519_20250919T172546_061060_079C09_9106,S1A_IW_GRDH_1SDV_20250814T172519_20250814T172544_060535_07872E_CCFA,S1A_IW_GRDH_1SDV_20250919T172520_20250919T172545_061060_079C09_7E9D,twente,2025,88,Sentinel-1A,Sentinel-1A,2025-08-14,2025-09-19,36,VV+VH,PENDING_BURST_CHECK,PENDING_BURST_CHECK,1.000000,LONG_LAG,CATALOG_CANDIDATE,NONE
PAIR_2025_T88_Sen_Sen_20250814_20251001_48D,S1A_IW_SLC__1SDV_20250814T172518_20250814T172545_060535_07872E_D556,S1A_IW_SLC__1SDV_20251001T172519_20251001T172546_061235_07A31D_E8BE,S1A_IW_GRDH_1SDV_20250814T172519_20250814T172544_060535_07872E_CCFA,S1A_IW_GRDH_1SDV_20251001T172520_20251001T172545_061235_07A31D_85BC,twente,2025,88,Sentinel-1A,Sentinel-1A,2025-08-14,2025-10-01,48,VV+VH,PENDING_BURST_CHECK,PENDING_BURST_CHECK,1.000000,LONG_LAG,CATALOG_CANDIDATE,NONE
PAIR_2025_T88_Sen_Sen_20250820_20250826_06D,S1C_IW_SLC__1SDV_20250820T172404_20250820T172431_003759_007815_7156,S1A_IW_SLC__1SDV_20250826T172518_20250826T172545_060710_078E13_2A33,S1C_IW_GRDH_1SDV_20250820T172406_20250820T172431_003759_007815_60DF,S1A_IW_GRDH_1SDV_20250826T172519_20250826T172544_060710_078E13_FAB4,twente,2025,88,Sentinel-1C,Sentinel-1A,2025-08-20,2025-08-26,6,VV+VH,PENDING_BURST_CHECK,PENDING_BURST_CHECK,1.000000,REV_6D,CATALOG_CANDIDATE,NONE
PAIR_2025_T88_Sen_Sen_20250820_20250901_12D,S1C_IW_SLC__1SDV_20250820T172404_20250820T172431_003759_007815_7156,S1C_IW_SLC__1SDV_20250901T172405_20250901T172432_003934_007D5B_7BB5,S1C_IW_GRDH_1SDV_20250820T172406_20250820T172431_003759_007815_60DF,S1C_IW_GRDH_1SDV_20250901T172406_20250901T172431_003934_007D5B_95E3,twente,2025,88,Sentinel-1C,Sentinel-1C,2025-08-20,2025-09-01,12,VV+VH,PENDING_BURST_CHECK,PENDING_BURST_CHECK,1.000000,MAIN_12D,CATALOG_CANDIDATE,NONE
PAIR_2025_T88_Sen_Sen_20250820_20250907_18D,S1C_IW_SLC__1SDV_20250820T172404_20250820T172431_003759_007815_7156,S1A_IW_SLC__1SDV_20250907T172519_20250907T172546_060885_079505_AAFF,S1C_IW_GRDH_1SDV_20250820T172406_20250820T172431_003759_007815_60DF,S1A_IW_GRDH_1SDV_20250907T172520_20250907T172545_060885_079505_F9F6,twente,2025,88,Sentinel-1C,Sentinel-1A,2025-08-20,2025-09-07,18,VV+VH,PENDING_BURST_CHECK,PENDING_BURST_CHECK,1.000000,EXTRA_LAG,CATALOG_CANDIDATE,NONE
PAIR_2025_T88_Sen_Sen_20250820_20250913_24D,S1C_IW_SLC__1SDV_20250820T172404_20250820T172431_003759_007815_7156,S1C_IW_SLC__1SDV_20250913T172405_20250913T172432_004109_0082AA_85CF,S1C_IW_GRDH_1SDV_20250820T172406_20250820T172431_003759_007815_60DF,S1C_IW_GRDH_1SDV_20250913T172407_20250913T172432_004109_0082AA_4377,twente,2025,88,Sentinel-1C,Sentinel-1C,2025-08-20,2025-09-13,24,VV+VH,PENDING_BURST_CHECK,PENDING_BURST_CHECK,1.000000,LONG_LAG,CATALOG_CANDIDATE,NONE
PAIR_2025_T88_Sen_Sen_20250820_20250925_36D,S1C_IW_SLC__1SDV_20250820T172404_20250820T172431_003759_007815_7156,S1C_IW_SLC__1SDV_20250925T172406_20250925T172433_004284_0087F3_4AE3,S1C_IW_GRDH_1SDV_20250820T172406_20250820T172431_003759_007815_60DF,S1C_IW_GRDH_1SDV_20250925T172407_20250925T172432_004284_0087F3_39BA,twente,2025,88,Sentinel-1C,Sentinel-1C,2025-08-20,2025-09-25,36,VV+VH,PENDING_BURST_CHECK,PENDING_BURST_CHECK,1.000000,LONG_LAG,CATALOG_CANDIDATE,NONE
PAIR_2025_T88_Sen_Sen_20250820_20251007_48D,S1C_IW_SLC__1SDV_20250820T172404_20250820T172431_003759_007815_7156,S1C_IW_SLC__1SDV_20251007T172406_20251007T172433_004459_008D4F_69A5,S1C_IW_GRDH_1SDV_20250820T172406_20250820T172431_003759_007815_60DF,S1C_IW_GRDH_1SDV_20251007T172407_20251007T172432_004459_008D4F_0025,twente,2025,88,Sentinel-1C,Sentinel-1C,2025-08-20,2025-10-07,48,VV+VH,PENDING_BURST_CHECK,PENDING_BURST_CHECK,1.000000,LONG_LAG,CATALOG_CANDIDATE,NONE
PAIR_2025_T88_Sen_Sen_20250826_20250901_06D,S1A_IW_SLC__1SDV_20250826T172518_20250826T172545_060710_078E13_2A33,S1C_IW_SLC__1SDV_20250901T172405_20250901T172432_003934_007D5B_7BB5,S1A_IW_GRDH_1SDV_20250826T172519_20250826T172544_060710_078E13_FAB4,S1C_IW_GRDH_1SDV_20250901T172406_20250901T172431_003934_007D5B_95E3,twente,2025,88,Sentinel-1A,Sentinel-1C,2025-08-26,2025-09-01,6,VV+VH,PENDING_BURST_CHECK,PENDING_BURST_CHECK,1.000000,REV_6D,CATALOG_CANDIDATE,NONE
PAIR_2025_T88_Sen_Sen_20250826_20250907_12D,S1A_IW_SLC__1SDV_20250826T172518_20250826T172545_060710_078E13_2A33,S1A_IW_SLC__1SDV_20250907T172519_20250907T172546_060885_079505_AAFF,S1A_IW_GRDH_1SDV_20250826T172519_20250826T172544_060710_078E13_FAB4,S1A_IW_GRDH_1SDV_20250907T172520_20250907T172545_060885_079505_F9F6,twente,2025,88,Sentinel-1A,Sentinel-1A,2025-08-26,2025-09-07,12,VV+VH,PENDING_BURST_CHECK,PENDING_BURST_CHECK,1.000000,MAIN_12D,CATALOG_CANDIDATE,NONE
PAIR_2025_T88_Sen_Sen_20250826_20250913_18D,S1A_IW_SLC__1SDV_20250826T172518_20250826T172545_060710_078E13_2A33,S1C_IW_SLC__1SDV_20250913T172405_20250913T172432_004109_0082AA_85CF,S1A_IW_GRDH_1SDV_20250826T172519_20250826T172544_060710_078E13_FAB4,S1C_IW_GRDH_1SDV_20250913T172407_20250913T172432_004109_0082AA_4377,twente,2025,88,Sentinel-1A,Sentinel-1C,2025-08-26,2025-09-13,18,VV+VH,PENDING_BURST_CHECK,PENDING_BURST_CHECK,1.000000,EXTRA_LAG,CATALOG_CANDIDATE,NONE
PAIR_2025_T88_Sen_Sen_20250826_20250919_24D,S1A_IW_SLC__1SDV_20250826T172518_20250826T172545_060710_078E13_2A33,S1A_IW_SLC__1SDV_20250919T172519_20250919T172546_061060_079C09_9106,S1A_IW_GRDH_1SDV_20250826T172519_20250826T172544_060710_078E13_FAB4,S1A_IW_GRDH_1SDV_20250919T172520_20250919T172545_061060_079C09_7E9D,twente,2025,88,Sentinel-1A,Sentinel-1A,2025-08-26,2025-09-19,24,VV+VH,PENDING_BURST_CHECK,PENDING_BURST_CHECK,1.000000,LONG_LAG,CATALOG_CANDIDATE,NONE
PAIR_2025_T88_Sen_Sen_20250826_20251001_36D,S1A_IW_SLC__1SDV_20250826T172518_20250826T172545_060710_078E13_2A33,S1A_IW_SLC__1SDV_20251001T172519_20251001T172546_061235_07A31D_E8BE,S1A_IW_GRDH_1SDV_20250826T172519_20250826T172544_060710_078E13_FAB4,S1A_IW_GRDH_1SDV_20251001T172520_20251001T172545_061235_07A31D_85BC,twente,2025,88,Sentinel-1A,Sentinel-1A,2025-08-26,2025-10-01,36,VV+VH,PENDING_BURST_CHECK,PENDING_BURST_CHECK,1.000000,LONG_LAG,CATALOG_CANDIDATE,NONE
PAIR_2025_T88_Sen_Sen_20250826_20251013_48D,S1A_IW_SLC__1SDV_20250826T172518_20250826T172545_060710_078E13_2A33,S1A_IW_SLC__1SDV_20251013T172519_20251013T172546_061410_07AA25_F8C1,S1A_IW_GRDH_1SDV_20250826T172519_20250826T172544_060710_078E13_FAB4,S1A_IW_GRDH_1SDV_20251013T172520_20251013T172545_061410_07AA25_8D3D,twente,2025,88,Sentinel-1A,Sentinel-1A,2025-08-26,2025-10-13,48,VV+VH,PENDING_BURST_CHECK,PENDING_BURST_CHECK,1.000000,LONG_LAG,CATALOG_CANDIDATE,NONE
PAIR_2025_T88_Sen_Sen_20250901_20250907_06D,S1C_IW_SLC__1SDV_20250901T172405_20250901T172432_003934_007D5B_7BB5,S1A_IW_SLC__1SDV_20250907T172519_20250907T172546_060885_079505_AAFF,S1C_IW_GRDH_1SDV_20250901T172406_20250901T172431_003934_007D5B_95E3,S1A_IW_GRDH_1SDV_20250907T172520_20250907T172545_060885_079505_F9F6,twente,2025,88,Sentinel-1C,Sentinel-1A,2025-09-01,2025-09-07,6,VV+VH,PENDING_BURST_CHECK,PENDING_BURST_CHECK,1.000000,REV_6D,CATALOG_CANDIDATE,NONE
PAIR_2025_T88_Sen_Sen_20250901_20250913_12D,S1C_IW_SLC__1SDV_20250901T172405_20250901T172432_003934_007D5B_7BB5,S1C_IW_SLC__1SDV_20250913T172405_20250913T172432_004109_0082AA_85CF,S1C_IW_GRDH_1SDV_20250901T172406_20250901T172431_003934_007D5B_95E3,S1C_IW_GRDH_1SDV_20250913T172407_20250913T172432_004109_0082AA_4377,twente,2025,88,Sentinel-1C,Sentinel-1C,2025-09-01,2025-09-13,12,VV+VH,PENDING_BURST_CHECK,PENDING_BURST_CHECK,1.000000,MAIN_12D,CATALOG_CANDIDATE,NONE
PAIR_2025_T88_Sen_Sen_20250901_20250919_18D,S1C_IW_SLC__1SDV_20250901T172405_20250901T172432_003934_007D5B_7BB5,S1A_IW_SLC__1SDV_20250919T172519_20250919T172546_061060_079C09_9106,S1C_IW_GRDH_1SDV_20250901T172406_20250901T172431_003934_007D5B_95E3,S1A_IW_GRDH_1SDV_20250919T172520_20250919T172545_061060_079C09_7E9D,twente,2025,88,Sentinel-1C,Sentinel-1A,2025-09-01,2025-09-19,18,VV+VH,PENDING_BURST_CHECK,PENDING_BURST_CHECK,1.000000,EXTRA_LAG,CATALOG_CANDIDATE,NONE
PAIR_2025_T88_Sen_Sen_20250901_20250925_24D,S1C_IW_SLC__1SDV_20250901T172405_20250901T172432_003934_007D5B_7BB5,S1C_IW_SLC__1SDV_20250925T172406_20250925T172433_004284_0087F3_4AE3,S1C_IW_GRDH_1SDV_20250901T172406_20250901T172431_003934_007D5B_95E3,S1C_IW_GRDH_1SDV_20250925T172407_20250925T172432_004284_0087F3_39BA,twente,2025,88,Sentinel-1C,Sentinel-1C,2025-09-01,2025-09-25,24,VV+VH,PENDING_BURST_CHECK,PENDING_BURST_CHECK,1.000000,LONG_LAG,CATALOG_CANDIDATE,NONE
PAIR_2025_T88_Sen_Sen_20250901_20251007_36D,S1C_IW_SLC__1SDV_20250901T172405_20250901T172432_003934_007D5B_7BB5,S1C_IW_SLC__1SDV_20251007T172406_20251007T172433_004459_008D4F_69A5,S1C_IW_GRDH_1SDV_20250901T172406_20250901T172431_003934_007D5B_95E3,S1C_IW_GRDH_1SDV_20251007T172407_20251007T172432_004459_008D4F_0025,twente,2025,88,Sentinel-1C,Sentinel-1C,2025-09-01,2025-10-07,36,VV+VH,PENDING_BURST_CHECK,PENDING_BURST_CHECK,1.000000,LONG_LAG,CATALOG_CANDIDATE,NONE
PAIR_2025_T88_Sen_Sen_20250901_20251019_48D,S1C_IW_SLC__1SDV_20250901T172405_20250901T172432_003934_007D5B_7BB5,S1C_IW_SLC__1SDV_20251019T172406_20251019T172433_004634_00929A_7A1A,S1C_IW_GRDH_1SDV_20250901T172406_20250901T172431_003934_007D5B_95E3,S1C_IW_GRDH_1SDV_20251019T172407_20251019T172432_004634_00929A_C05D,twente,2025,88,Sentinel-1C,Sentinel-1C,2025-09-01,2025-10-19,48,VV+VH,PENDING_BURST_CHECK,PENDING_BURST_CHECK,1.000000,LONG_LAG,CATALOG_CANDIDATE,NONE
PAIR_2025_T88_Sen_Sen_20250907_20250913_06D,S1A_IW_SLC__1SDV_20250907T172519_20250907T172546_060885_079505_AAFF,S1C_IW_SLC__1SDV_20250913T172405_20250913T172432_004109_0082AA_85CF,S1A_IW_GRDH_1SDV_20250907T172520_20250907T172545_060885_079505_F9F6,S1C_IW_GRDH_1SDV_20250913T172407_20250913T172432_004109_0082AA_4377,twente,2025,88,Sentinel-1A,Sentinel-1C,2025-09-07,2025-09-13,6,VV+VH,PENDING_BURST_CHECK,PENDING_BURST_CHECK,1.000000,REV_6D,CATALOG_CANDIDATE,NONE
PAIR_2025_T88_Sen_Sen_20250907_20250919_12D,S1A_IW_SLC__1SDV_20250907T172519_20250907T172546_060885_079505_AAFF,S1A_IW_SLC__1SDV_20250919T172519_20250919T172546_061060_079C09_9106,S1A_IW_GRDH_1SDV_20250907T172520_20250907T172545_060885_079505_F9F6,S1A_IW_GRDH_1SDV_20250919T172520_20250919T172545_061060_079C09_7E9D,twente,2025,88,Sentinel-1A,Sentinel-1A,2025-09-07,2025-09-19,12,VV+VH,PENDING_BURST_CHECK,PENDING_BURST_CHECK,1.000000,MAIN_12D,CATALOG_CANDIDATE,NONE
PAIR_2025_T88_Sen_Sen_20250907_20250925_18D,S1A_IW_SLC__1SDV_20250907T172519_20250907T172546_060885_079505_AAFF,S1C_IW_SLC__1SDV_20250925T172406_20250925T172433_004284_0087F3_4AE3,S1A_IW_GRDH_1SDV_20250907T172520_20250907T172545_060885_079505_F9F6,S1C_IW_GRDH_1SDV_20250925T172407_20250925T172432_004284_0087F3_39BA,twente,2025,88,Sentinel-1A,Sentinel-1C,2025-09-07,2025-09-25,18,VV+VH,PENDING_BURST_CHECK,PENDING_BURST_CHECK,1.000000,EXTRA_LAG,CATALOG_CANDIDATE,NONE
PAIR_2025_T88_Sen_Sen_20250907_20251001_24D,S1A_IW_SLC__1SDV_20250907T172519_20250907T172546_060885_079505_AAFF,S1A_IW_SLC__1SDV_20251001T172519_20251001T172546_061235_07A31D_E8BE,S1A_IW_GRDH_1SDV_20250907T172520_20250907T172545_060885_079505_F9F6,S1A_IW_GRDH_1SDV_20251001T172520_20251001T172545_061235_07A31D_85BC,twente,2025,88,Sentinel-1A,Sentinel-1A,2025-09-07,2025-10-01,24,VV+VH,PENDING_BURST_CHECK,PENDING_BURST_CHECK,1.000000,LONG_LAG,CATALOG_CANDIDATE,NONE
PAIR_2025_T88_Sen_Sen_20250907_20251013_36D,S1A_IW_SLC__1SDV_20250907T172519_20250907T172546_060885_079505_AAFF,S1A_IW_SLC__1SDV_20251013T172519_20251013T172546_061410_07AA25_F8C1,S1A_IW_GRDH_1SDV_20250907T172520_20250907T172545_060885_079505_F9F6,S1A_IW_GRDH_1SDV_20251013T172520_20251013T172545_061410_07AA25_8D3D,twente,2025,88,Sentinel-1A,Sentinel-1A,2025-09-07,2025-10-13,36,VV+VH,PENDING_BURST_CHECK,PENDING_BURST_CHECK,1.000000,LONG_LAG,CATALOG_CANDIDATE,NONE
PAIR_2025_T88_Sen_Sen_20250907_20251025_48D,S1A_IW_SLC__1SDV_20250907T172519_20250907T172546_060885_079505_AAFF,S1A_IW_SLC__1SDV_20251025T172519_20251025T172546_061585_07B12B_E8D7,S1A_IW_GRDH_1SDV_20250907T172520_20250907T172545_060885_079505_F9F6,S1A_IW_GRDH_1SDV_20251025T172520_20251025T172545_061585_07B12B_F8B8,twente,2025,88,Sentinel-1A,Sentinel-1A,2025-09-07,2025-10-25,48,VV+VH,PENDING_BURST_CHECK,PENDING_BURST_CHECK,1.000000,LONG_LAG,CATALOG_CANDIDATE,NONE
PAIR_2025_T88_Sen_Sen_20250913_20250919_06D,S1C_IW_SLC__1SDV_20250913T172405_20250913T172432_004109_0082AA_85CF,S1A_IW_SLC__1SDV_20250919T172519_20250919T172546_061060_079C09_9106,S1C_IW_GRDH_1SDV_20250913T172407_20250913T172432_004109_0082AA_4377,S1A_IW_GRDH_1SDV_20250919T172520_20250919T172545_061060_079C09_7E9D,twente,2025,88,Sentinel-1C,Sentinel-1A,2025-09-13,2025-09-19,6,VV+VH,PENDING_BURST_CHECK,PENDING_BURST_CHECK,1.000000,REV_6D,CATALOG_CANDIDATE,NONE
PAIR_2025_T88_Sen_Sen_20250913_20250925_12D,S1C_IW_SLC__1SDV_20250913T172405_20250913T172432_004109_0082AA_85CF,S1C_IW_SLC__1SDV_20250925T172406_20250925T172433_004284_0087F3_4AE3,S1C_IW_GRDH_1SDV_20250913T172407_20250913T172432_004109_0082AA_4377,S1C_IW_GRDH_1SDV_20250925T172407_20250925T172432_004284_0087F3_39BA,twente,2025,88,Sentinel-1C,Sentinel-1C,2025-09-13,2025-09-25,12,VV+VH,PENDING_BURST_CHECK,PENDING_BURST_CHECK,1.000000,MAIN_12D,CATALOG_CANDIDATE,NONE
PAIR_2025_T88_Sen_Sen_20250913_20251001_18D,S1C_IW_SLC__1SDV_20250913T172405_20250913T172432_004109_0082AA_85CF,S1A_IW_SLC__1SDV_20251001T172519_20251001T172546_061235_07A31D_E8BE,S1C_IW_GRDH_1SDV_20250913T172407_20250913T172432_004109_0082AA_4377,S1A_IW_GRDH_1SDV_20251001T172520_20251001T172545_061235_07A31D_85BC,twente,2025,88,Sentinel-1C,Sentinel-1A,2025-09-13,2025-10-01,18,VV+VH,PENDING_BURST_CHECK,PENDING_BURST_CHECK,1.000000,EXTRA_LAG,CATALOG_CANDIDATE,NONE
PAIR_2025_T88_Sen_Sen_20250913_20251007_24D,S1C_IW_SLC__1SDV_20250913T172405_20250913T172432_004109_0082AA_85CF,S1C_IW_SLC__1SDV_20251007T172406_20251007T172433_004459_008D4F_69A5,S1C_IW_GRDH_1SDV_20250913T172407_20250913T172432_004109_0082AA_4377,S1C_IW_GRDH_1SDV_20251007T172407_20251007T172432_004459_008D4F_0025,twente,2025,88,Sentinel-1C,Sentinel-1C,2025-09-13,2025-10-07,24,VV+VH,PENDING_BURST_CHECK,PENDING_BURST_CHECK,1.000000,LONG_LAG,CATALOG_CANDIDATE,NONE
PAIR_2025_T88_Sen_Sen_20250913_20251019_36D,S1C_IW_SLC__1SDV_20250913T172405_20250913T172432_004109_0082AA_85CF,S1C_IW_SLC__1SDV_20251019T172406_20251019T172433_004634_00929A_7A1A,S1C_IW_GRDH_1SDV_20250913T172407_20250913T172432_004109_0082AA_4377,S1C_IW_GRDH_1SDV_20251019T172407_20251019T172432_004634_00929A_C05D,twente,2025,88,Sentinel-1C,Sentinel-1C,2025-09-13,2025-10-19,36,VV+VH,PENDING_BURST_CHECK,PENDING_BURST_CHECK,1.000000,LONG_LAG,CATALOG_CANDIDATE,NONE
PAIR_2025_T88_Sen_Sen_20250913_20251031_48D,S1C_IW_SLC__1SDV_20250913T172405_20250913T172432_004109_0082AA_85CF,S1C_IW_SLC__1SDV_20251031T172406_20251031T172433_004809_009807_449E,S1C_IW_GRDH_1SDV_20250913T172407_20250913T172432_004109_0082AA_4377,S1C_IW_GRDH_1SDV_20251031T172407_20251031T172432_004809_009807_CAA8,twente,2025,88,Sentinel-1C,Sentinel-1C,2025-09-13,2025-10-31,48,VV+VH,PENDING_BURST_CHECK,PENDING_BURST_CHECK,1.000000,LONG_LAG,CATALOG_CANDIDATE,NONE
PAIR_2025_T88_Sen_Sen_20250919_20250925_06D,S1A_IW_SLC__1SDV_20250919T172519_20250919T172546_061060_079C09_9106,S1C_IW_SLC__1SDV_20250925T172406_20250925T172433_004284_0087F3_4AE3,S1A_IW_GRDH_1SDV_20250919T172520_20250919T172545_061060_079C09_7E9D,S1C_IW_GRDH_1SDV_20250925T172407_20250925T172432_004284_0087F3_39BA,twente,2025,88,Sentinel-1A,Sentinel-1C,2025-09-19,2025-09-25,6,VV+VH,PENDING_BURST_CHECK,PENDING_BURST_CHECK,1.000000,REV_6D,CATALOG_CANDIDATE,NONE
PAIR_2025_T88_Sen_Sen_20250919_20251001_12D,S1A_IW_SLC__1SDV_20250919T172519_20250919T172546_061060_079C09_9106,S1A_IW_SLC__1SDV_20251001T172519_20251001T172546_061235_07A31D_E8BE,S1A_IW_GRDH_1SDV_20250919T172520_20250919T172545_061060_079C09_7E9D,S1A_IW_GRDH_1SDV_20251001T172520_20251001T172545_061235_07A31D_85BC,twente,2025,88,Sentinel-1A,Sentinel-1A,2025-09-19,2025-10-01,12,VV+VH,PENDING_BURST_CHECK,PENDING_BURST_CHECK,1.000000,MAIN_12D,CATALOG_CANDIDATE,NONE
PAIR_2025_T88_Sen_Sen_20250919_20251007_18D,S1A_IW_SLC__1SDV_20250919T172519_20250919T172546_061060_079C09_9106,S1C_IW_SLC__1SDV_20251007T172406_20251007T172433_004459_008D4F_69A5,S1A_IW_GRDH_1SDV_20250919T172520_20250919T172545_061060_079C09_7E9D,S1C_IW_GRDH_1SDV_20251007T172407_20251007T172432_004459_008D4F_0025,twente,2025,88,Sentinel-1A,Sentinel-1C,2025-09-19,2025-10-07,18,VV+VH,PENDING_BURST_CHECK,PENDING_BURST_CHECK,1.000000,EXTRA_LAG,CATALOG_CANDIDATE,NONE
PAIR_2025_T88_Sen_Sen_20250919_20251013_24D,S1A_IW_SLC__1SDV_20250919T172519_20250919T172546_061060_079C09_9106,S1A_IW_SLC__1SDV_20251013T172519_20251013T172546_061410_07AA25_F8C1,S1A_IW_GRDH_1SDV_20250919T172520_20250919T172545_061060_079C09_7E9D,S1A_IW_GRDH_1SDV_20251013T172520_20251013T172545_061410_07AA25_8D3D,twente,2025,88,Sentinel-1A,Sentinel-1A,2025-09-19,2025-10-13,24,VV+VH,PENDING_BURST_CHECK,PENDING_BURST_CHECK,1.000000,LONG_LAG,CATALOG_CANDIDATE,NONE
PAIR_2025_T88_Sen_Sen_20250919_20251025_36D,S1A_IW_SLC__1SDV_20250919T172519_20250919T172546_061060_079C09_9106,S1A_IW_SLC__1SDV_20251025T172519_20251025T172546_061585_07B12B_E8D7,S1A_IW_GRDH_1SDV_20250919T172520_20250919T172545_061060_079C09_7E9D,S1A_IW_GRDH_1SDV_20251025T172520_20251025T172545_061585_07B12B_F8B8,twente,2025,88,Sentinel-1A,Sentinel-1A,2025-09-19,2025-10-25,36,VV+VH,PENDING_BURST_CHECK,PENDING_BURST_CHECK,1.000000,LONG_LAG,CATALOG_CANDIDATE,NONE
PAIR_2025_T88_Sen_Sen_20250925_20251001_06D,S1C_IW_SLC__1SDV_20250925T172406_20250925T172433_004284_0087F3_4AE3,S1A_IW_SLC__1SDV_20251001T172519_20251001T172546_061235_07A31D_E8BE,S1C_IW_GRDH_1SDV_20250925T172407_20250925T172432_004284_0087F3_39BA,S1A_IW_GRDH_1SDV_20251001T172520_20251001T172545_061235_07A31D_85BC,twente,2025,88,Sentinel-1C,Sentinel-1A,2025-09-25,2025-10-01,6,VV+VH,PENDING_BURST_CHECK,PENDING_BURST_CHECK,1.000000,REV_6D,CATALOG_CANDIDATE,NONE
PAIR_2025_T88_Sen_Sen_20250925_20251007_12D,S1C_IW_SLC__1SDV_20250925T172406_20250925T172433_004284_0087F3_4AE3,S1C_IW_SLC__1SDV_20251007T172406_20251007T172433_004459_008D4F_69A5,S1C_IW_GRDH_1SDV_20250925T172407_20250925T172432_004284_0087F3_39BA,S1C_IW_GRDH_1SDV_20251007T172407_20251007T172432_004459_008D4F_0025,twente,2025,88,Sentinel-1C,Sentinel-1C,2025-09-25,2025-10-07,12,VV+VH,PENDING_BURST_CHECK,PENDING_BURST_CHECK,1.000000,MAIN_12D,CATALOG_CANDIDATE,NONE
PAIR_2025_T88_Sen_Sen_20250925_20251013_18D,S1C_IW_SLC__1SDV_20250925T172406_20250925T172433_004284_0087F3_4AE3,S1A_IW_SLC__1SDV_20251013T172519_20251013T172546_061410_07AA25_F8C1,S1C_IW_GRDH_1SDV_20250925T172407_20250925T172432_004284_0087F3_39BA,S1A_IW_GRDH_1SDV_20251013T172520_20251013T172545_061410_07AA25_8D3D,twente,2025,88,Sentinel-1C,Sentinel-1A,2025-09-25,2025-10-13,18,VV+VH,PENDING_BURST_CHECK,PENDING_BURST_CHECK,1.000000,EXTRA_LAG,CATALOG_CANDIDATE,NONE
PAIR_2025_T88_Sen_Sen_20250925_20251019_24D,S1C_IW_SLC__1SDV_20250925T172406_20250925T172433_004284_0087F3_4AE3,S1C_IW_SLC__1SDV_20251019T172406_20251019T172433_004634_00929A_7A1A,S1C_IW_GRDH_1SDV_20250925T172407_20250925T172432_004284_0087F3_39BA,S1C_IW_GRDH_1SDV_20251019T172407_20251019T172432_004634_00929A_C05D,twente,2025,88,Sentinel-1C,Sentinel-1C,2025-09-25,2025-10-19,24,VV+VH,PENDING_BURST_CHECK,PENDING_BURST_CHECK,1.000000,LONG_LAG,CATALOG_CANDIDATE,NONE
PAIR_2025_T88_Sen_Sen_20250925_20251031_36D,S1C_IW_SLC__1SDV_20250925T172406_20250925T172433_004284_0087F3_4AE3,S1C_IW_SLC__1SDV_20251031T172406_20251031T172433_004809_009807_449E,S1C_IW_GRDH_1SDV_20250925T172407_20250925T172432_004284_0087F3_39BA,S1C_IW_GRDH_1SDV_20251031T172407_20251031T172432_004809_009807_CAA8,twente,2025,88,Sentinel-1C,Sentinel-1C,2025-09-25,2025-10-31,36,VV+VH,PENDING_BURST_CHECK,PENDING_BURST_CHECK,1.000000,LONG_LAG,CATALOG_CANDIDATE,NONE
PAIR_2025_T88_Sen_Sen_20251001_20251007_06D,S1A_IW_SLC__1SDV_20251001T172519_20251001T172546_061235_07A31D_E8BE,S1C_IW_SLC__1SDV_20251007T172406_20251007T172433_004459_008D4F_69A5,S1A_IW_GRDH_1SDV_20251001T172520_20251001T172545_061235_07A31D_85BC,S1C_IW_GRDH_1SDV_20251007T172407_20251007T172432_004459_008D4F_0025,twente,2025,88,Sentinel-1A,Sentinel-1C,2025-10-01,2025-10-07,6,VV+VH,PENDING_BURST_CHECK,PENDING_BURST_CHECK,1.000000,REV_6D,CATALOG_CANDIDATE,NONE
PAIR_2025_T88_Sen_Sen_20251001_20251013_12D,S1A_IW_SLC__1SDV_20251001T172519_20251001T172546_061235_07A31D_E8BE,S1A_IW_SLC__1SDV_20251013T172519_20251013T172546_061410_07AA25_F8C1,S1A_IW_GRDH_1SDV_20251001T172520_20251001T172545_061235_07A31D_85BC,S1A_IW_GRDH_1SDV_20251013T172520_20251013T172545_061410_07AA25_8D3D,twente,2025,88,Sentinel-1A,Sentinel-1A,2025-10-01,2025-10-13,12,VV+VH,PENDING_BURST_CHECK,PENDING_BURST_CHECK,1.000000,MAIN_12D,CATALOG_CANDIDATE,NONE
PAIR_2025_T88_Sen_Sen_20251001_20251019_18D,S1A_IW_SLC__1SDV_20251001T172519_20251001T172546_061235_07A31D_E8BE,S1C_IW_SLC__1SDV_20251019T172406_20251019T172433_004634_00929A_7A1A,S1A_IW_GRDH_1SDV_20251001T172520_20251001T172545_061235_07A31D_85BC,S1C_IW_GRDH_1SDV_20251019T172407_20251019T172432_004634_00929A_C05D,twente,2025,88,Sentinel-1A,Sentinel-1C,2025-10-01,2025-10-19,18,VV+VH,PENDING_BURST_CHECK,PENDING_BURST_CHECK,1.000000,EXTRA_LAG,CATALOG_CANDIDATE,NONE
PAIR_2025_T88_Sen_Sen_20251001_20251025_24D,S1A_IW_SLC__1SDV_20251001T172519_20251001T172546_061235_07A31D_E8BE,S1A_IW_SLC__1SDV_20251025T172519_20251025T172546_061585_07B12B_E8D7,S1A_IW_GRDH_1SDV_20251001T172520_20251001T172545_061235_07A31D_85BC,S1A_IW_GRDH_1SDV_20251025T172520_20251025T172545_061585_07B12B_F8B8,twente,2025,88,Sentinel-1A,Sentinel-1A,2025-10-01,2025-10-25,24,VV+VH,PENDING_BURST_CHECK,PENDING_BURST_CHECK,1.000000,LONG_LAG,CATALOG_CANDIDATE,NONE
PAIR_2025_T88_Sen_Sen_20251007_20251013_06D,S1C_IW_SLC__1SDV_20251007T172406_20251007T172433_004459_008D4F_69A5,S1A_IW_SLC__1SDV_20251013T172519_20251013T172546_061410_07AA25_F8C1,S1C_IW_GRDH_1SDV_20251007T172407_20251007T172432_004459_008D4F_0025,S1A_IW_GRDH_1SDV_20251013T172520_20251013T172545_061410_07AA25_8D3D,twente,2025,88,Sentinel-1C,Sentinel-1A,2025-10-07,2025-10-13,6,VV+VH,PENDING_BURST_CHECK,PENDING_BURST_CHECK,1.000000,REV_6D,CATALOG_CANDIDATE,NONE
PAIR_2025_T88_Sen_Sen_20251007_20251019_12D,S1C_IW_SLC__1SDV_20251007T172406_20251007T172433_004459_008D4F_69A5,S1C_IW_SLC__1SDV_20251019T172406_20251019T172433_004634_00929A_7A1A,S1C_IW_GRDH_1SDV_20251007T172407_20251007T172432_004459_008D4F_0025,S1C_IW_GRDH_1SDV_20251019T172407_20251019T172432_004634_00929A_C05D,twente,2025,88,Sentinel-1C,Sentinel-1C,2025-10-07,2025-10-19,12,VV+VH,PENDING_BURST_CHECK,PENDING_BURST_CHECK,1.000000,MAIN_12D,CATALOG_CANDIDATE,NONE
PAIR_2025_T88_Sen_Sen_20251007_20251025_18D,S1C_IW_SLC__1SDV_20251007T172406_20251007T172433_004459_008D4F_69A5,S1A_IW_SLC__1SDV_20251025T172519_20251025T172546_061585_07B12B_E8D7,S1C_IW_GRDH_1SDV_20251007T172407_20251007T172432_004459_008D4F_0025,S1A_IW_GRDH_1SDV_20251025T172520_20251025T172545_061585_07B12B_F8B8,twente,2025,88,Sentinel-1C,Sentinel-1A,2025-10-07,2025-10-25,18,VV+VH,PENDING_BURST_CHECK,PENDING_BURST_CHECK,1.000000,EXTRA_LAG,CATALOG_CANDIDATE,NONE
PAIR_2025_T88_Sen_Sen_20251007_20251031_24D,S1C_IW_SLC__1SDV_20251007T172406_20251007T172433_004459_008D4F_69A5,S1C_IW_SLC__1SDV_20251031T172406_20251031T172433_004809_009807_449E,S1C_IW_GRDH_1SDV_20251007T172407_20251007T172432_004459_008D4F_0025,S1C_IW_GRDH_1SDV_20251031T172407_20251031T172432_004809_009807_CAA8,twente,2025,88,Sentinel-1C,Sentinel-1C,2025-10-07,2025-10-31,24,VV+VH,PENDING_BURST_CHECK,PENDING_BURST_CHECK,1.000000,LONG_LAG,CATALOG_CANDIDATE,NONE
PAIR_2025_T88_Sen_Sen_20251013_20251019_06D,S1A_IW_SLC__1SDV_20251013T172519_20251013T172546_061410_07AA25_F8C1,S1C_IW_SLC__1SDV_20251019T172406_20251019T172433_004634_00929A_7A1A,S1A_IW_GRDH_1SDV_20251013T172520_20251013T172545_061410_07AA25_8D3D,S1C_IW_GRDH_1SDV_20251019T172407_20251019T172432_004634_00929A_C05D,twente,2025,88,Sentinel-1A,Sentinel-1C,2025-10-13,2025-10-19,6,VV+VH,PENDING_BURST_CHECK,PENDING_BURST_CHECK,1.000000,REV_6D,CATALOG_CANDIDATE,NONE
PAIR_2025_T88_Sen_Sen_20251013_20251025_12D,S1A_IW_SLC__1SDV_20251013T172519_20251013T172546_061410_07AA25_F8C1,S1A_IW_SLC__1SDV_20251025T172519_20251025T172546_061585_07B12B_E8D7,S1A_IW_GRDH_1SDV_20251013T172520_20251013T172545_061410_07AA25_8D3D,S1A_IW_GRDH_1SDV_20251025T172520_20251025T172545_061585_07B12B_F8B8,twente,2025,88,Sentinel-1A,Sentinel-1A,2025-10-13,2025-10-25,12,VV+VH,PENDING_BURST_CHECK,PENDING_BURST_CHECK,1.000000,MAIN_12D,CATALOG_CANDIDATE,NONE
PAIR_2025_T88_Sen_Sen_20251013_20251031_18D,S1A_IW_SLC__1SDV_20251013T172519_20251013T172546_061410_07AA25_F8C1,S1C_IW_SLC__1SDV_20251031T172406_20251031T172433_004809_009807_449E,S1A_IW_GRDH_1SDV_20251013T172520_20251013T172545_061410_07AA25_8D3D,S1C_IW_GRDH_1SDV_20251031T172407_20251031T172432_004809_009807_CAA8,twente,2025,88,Sentinel-1A,Sentinel-1C,2025-10-13,2025-10-31,18,VV+VH,PENDING_BURST_CHECK,PENDING_BURST_CHECK,1.000000,EXTRA_LAG,CATALOG_CANDIDATE,NONE
PAIR_2025_T88_Sen_Sen_20251019_20251025_06D,S1C_IW_SLC__1SDV_20251019T172406_20251019T172433_004634_00929A_7A1A,S1A_IW_SLC__1SDV_20251025T172519_20251025T172546_061585_07B12B_E8D7,S1C_IW_GRDH_1SDV_20251019T172407_20251019T172432_004634_00929A_C05D,S1A_IW_GRDH_1SDV_20251025T172520_20251025T172545_061585_07B12B_F8B8,twente,2025,88,Sentinel-1C,Sentinel-1A,2025-10-19,2025-10-25,6,VV+VH,PENDING_BURST_CHECK,PENDING_BURST_CHECK,1.000000,REV_6D,CATALOG_CANDIDATE,NONE
PAIR_2025_T88_Sen_Sen_20251019_20251031_12D,S1C_IW_SLC__1SDV_20251019T172406_20251019T172433_004634_00929A_7A1A,S1C_IW_SLC__1SDV_20251031T172406_20251031T172433_004809_009807_449E,S1C_IW_GRDH_1SDV_20251019T172407_20251019T172432_004634_00929A_C05D,S1C_IW_GRDH_1SDV_20251031T172407_20251031T172432_004809_009807_CAA8,twente,2025,88,Sentinel-1C,Sentinel-1C,2025-10-19,2025-10-31,12,VV+VH,PENDING_BURST_CHECK,PENDING_BURST_CHECK,1.000000,MAIN_12D,CATALOG_CANDIDATE,NONE
PAIR_2025_T88_Sen_Sen_20251025_20251031_06D,S1A_IW_SLC__1SDV_20251025T172519_20251025T172546_061585_07B12B_E8D7,S1C_IW_SLC__1SDV_20251031T172406_20251031T172433_004809_009807_449E,S1A_IW_GRDH_1SDV_20251025T172520_20251025T172545_061585_07B12B_F8B8,S1C_IW_GRDH_1SDV_20251031T172407_20251031T172432_004809_009807_CAA8,twente,2025,88,Sentinel-1A,Sentinel-1C,2025-10-25,2025-10-31,6,VV+VH,PENDING_BURST_CHECK,PENDING_BURST_CHECK,1.000000,REV_6D,CATALOG_CANDIDATE,NONE
PAIR_2025_T37_Sen_Sen_20250308_20250320_12D,S1A_IW_SLC__1SDV_20250308T055029_20250308T055057_058209_073149_69F9,S1A_IW_SLC__1SDV_20250320T055030_20250320T055057_058384_07382F_EC12,S1A_IW_GRDH_1SDV_20250308T055031_20250308T055056_058209_073149_D659,S1A_IW_GRDH_1SDV_20250320T055031_20250320T055056_058384_07382F_0237,twente,2025,37,Sentinel-1A,Sentinel-1A,2025-03-08,2025-03-20,12,VV+VH,PENDING_BURST_CHECK,PENDING_BURST_CHECK,1.000000,MAIN_12D,CATALOG_CANDIDATE,NONE
PAIR_2025_T37_Sen_Sen_20250308_20250401_24D,S1A_IW_SLC__1SDV_20250308T055029_20250308T055057_058209_073149_69F9,S1A_IW_SLC__1SDV_20250401T055030_20250401T055057_058559_073F32_AD85,S1A_IW_GRDH_1SDV_20250308T055031_20250308T055056_058209_073149_D659,S1A_IW_GRDH_1SDV_20250401T055031_20250401T055056_058559_073F32_331C,twente,2025,37,Sentinel-1A,Sentinel-1A,2025-03-08,2025-04-01,24,VV+VH,PENDING_BURST_CHECK,PENDING_BURST_CHECK,1.000000,LONG_LAG,CATALOG_CANDIDATE,NONE
PAIR_2025_T37_Sen_Sen_20250308_20250413_36D,S1A_IW_SLC__1SDV_20250308T055029_20250308T055057_058209_073149_69F9,S1A_IW_SLC__1SDV_20250413T055030_20250413T055057_058734_074662_9A5C,S1A_IW_GRDH_1SDV_20250308T055031_20250308T055056_058209_073149_D659,S1A_IW_GRDH_1SDV_20250413T055031_20250413T055056_058734_074662_3677,twente,2025,37,Sentinel-1A,Sentinel-1A,2025-03-08,2025-04-13,36,VV+VH,PENDING_BURST_CHECK,PENDING_BURST_CHECK,1.000000,LONG_LAG,CATALOG_CANDIDATE,NONE
PAIR_2025_T37_Sen_Sen_20250308_20250425_48D,S1A_IW_SLC__1SDV_20250308T055029_20250308T055057_058209_073149_69F9,S1A_IW_SLC__1SDV_20250425T055030_20250425T055057_058909_074D84_355A,S1A_IW_GRDH_1SDV_20250308T055031_20250308T055056_058209_073149_D659,S1A_IW_GRDH_1SDV_20250425T055031_20250425T055056_058909_074D84_6462,twente,2025,37,Sentinel-1A,Sentinel-1A,2025-03-08,2025-04-25,48,VV+VH,PENDING_BURST_CHECK,PENDING_BURST_CHECK,1.000000,LONG_LAG,CATALOG_CANDIDATE,NONE
PAIR_2025_T37_Sen_Sen_20250320_20250401_12D,S1A_IW_SLC__1SDV_20250320T055030_20250320T055057_058384_07382F_EC12,S1A_IW_SLC__1SDV_20250401T055030_20250401T055057_058559_073F32_AD85,S1A_IW_GRDH_1SDV_20250320T055031_20250320T055056_058384_07382F_0237,S1A_IW_GRDH_1SDV_20250401T055031_20250401T055056_058559_073F32_331C,twente,2025,37,Sentinel-1A,Sentinel-1A,2025-03-20,2025-04-01,12,VV+VH,PENDING_BURST_CHECK,PENDING_BURST_CHECK,1.000000,MAIN_12D,CATALOG_CANDIDATE,NONE
PAIR_2025_T37_Sen_Sen_20250320_20250413_24D,S1A_IW_SLC__1SDV_20250320T055030_20250320T055057_058384_07382F_EC12,S1A_IW_SLC__1SDV_20250413T055030_20250413T055057_058734_074662_9A5C,S1A_IW_GRDH_1SDV_20250320T055031_20250320T055056_058384_07382F_0237,S1A_IW_GRDH_1SDV_20250413T055031_20250413T055056_058734_074662_3677,twente,2025,37,Sentinel-1A,Sentinel-1A,2025-03-20,2025-04-13,24,VV+VH,PENDING_BURST_CHECK,PENDING_BURST_CHECK,1.000000,LONG_LAG,CATALOG_CANDIDATE,NONE
PAIR_2025_T37_Sen_Sen_20250320_20250425_36D,S1A_IW_SLC__1SDV_20250320T055030_20250320T055057_058384_07382F_EC12,S1A_IW_SLC__1SDV_20250425T055030_20250425T055057_058909_074D84_355A,S1A_IW_GRDH_1SDV_20250320T055031_20250320T055056_058384_07382F_0237,S1A_IW_GRDH_1SDV_20250425T055031_20250425T055056_058909_074D84_6462,twente,2025,37,Sentinel-1A,Sentinel-1A,2025-03-20,2025-04-25,36,VV+VH,PENDING_BURST_CHECK,PENDING_BURST_CHECK,1.000000,LONG_LAG,CATALOG_CANDIDATE,NONE
PAIR_2025_T37_Sen_Sen_20250320_20250507_48D,S1A_IW_SLC__1SDV_20250320T055030_20250320T055057_058384_07382F_EC12,S1A_IW_SLC__1SDV_20250507T055030_20250507T055057_059084_07547C_C15D,S1A_IW_GRDH_1SDV_20250320T055031_20250320T055056_058384_07382F_0237,S1A_IW_GRDH_1SDV_20250507T055031_20250507T055056_059084_07547C_6146,twente,2025,37,Sentinel-1A,Sentinel-1A,2025-03-20,2025-05-07,48,VV+VH,PENDING_BURST_CHECK,PENDING_BURST_CHECK,1.000000,LONG_LAG,CATALOG_CANDIDATE,NONE
PAIR_2025_T37_Sen_Sen_20250401_20250413_12D,S1A_IW_SLC__1SDV_20250401T055030_20250401T055057_058559_073F32_AD85,S1A_IW_SLC__1SDV_20250413T055030_20250413T055057_058734_074662_9A5C,S1A_IW_GRDH_1SDV_20250401T055031_20250401T055056_058559_073F32_331C,S1A_IW_GRDH_1SDV_20250413T055031_20250413T055056_058734_074662_3677,twente,2025,37,Sentinel-1A,Sentinel-1A,2025-04-01,2025-04-13,12,VV+VH,PENDING_BURST_CHECK,PENDING_BURST_CHECK,1.000000,MAIN_12D,CATALOG_CANDIDATE,NONE
PAIR_2025_T37_Sen_Sen_20250401_20250425_24D,S1A_IW_SLC__1SDV_20250401T055030_20250401T055057_058559_073F32_AD85,S1A_IW_SLC__1SDV_20250425T055030_20250425T055057_058909_074D84_355A,S1A_IW_GRDH_1SDV_20250401T055031_20250401T055056_058559_073F32_331C,S1A_IW_GRDH_1SDV_20250425T055031_20250425T055056_058909_074D84_6462,twente,2025,37,Sentinel-1A,Sentinel-1A,2025-04-01,2025-04-25,24,VV+VH,PENDING_BURST_CHECK,PENDING_BURST_CHECK,1.000000,LONG_LAG,CATALOG_CANDIDATE,NONE
PAIR_2025_T37_Sen_Sen_20250401_20250507_36D,S1A_IW_SLC__1SDV_20250401T055030_20250401T055057_058559_073F32_AD85,S1A_IW_SLC__1SDV_20250507T055030_20250507T055057_059084_07547C_C15D,S1A_IW_GRDH_1SDV_20250401T055031_20250401T055056_058559_073F32_331C,S1A_IW_GRDH_1SDV_20250507T055031_20250507T055056_059084_07547C_6146,twente,2025,37,Sentinel-1A,Sentinel-1A,2025-04-01,2025-05-07,36,VV+VH,PENDING_BURST_CHECK,PENDING_BURST_CHECK,1.000000,LONG_LAG,CATALOG_CANDIDATE,NONE
PAIR_2025_T37_Sen_Sen_20250401_20250519_48D,S1A_IW_SLC__1SDV_20250401T055030_20250401T055057_058559_073F32_AD85,S1A_IW_SLC__1SDV_20250519T055030_20250519T055057_059259_075A8A_7A6E,S1A_IW_GRDH_1SDV_20250401T055031_20250401T055056_058559_073F32_331C,S1A_IW_GRDH_1SDV_20250519T055031_20250519T055056_059259_075A8A_41C4,twente,2025,37,Sentinel-1A,Sentinel-1A,2025-04-01,2025-05-19,48,VV+VH,PENDING_BURST_CHECK,PENDING_BURST_CHECK,1.000000,LONG_LAG,CATALOG_CANDIDATE,NONE
PAIR_2025_T37_Sen_Sen_20250413_20250425_12D,S1A_IW_SLC__1SDV_20250413T055030_20250413T055057_058734_074662_9A5C,S1A_IW_SLC__1SDV_20250425T055030_20250425T055057_058909_074D84_355A,S1A_IW_GRDH_1SDV_20250413T055031_20250413T055056_058734_074662_3677,S1A_IW_GRDH_1SDV_20250425T055031_20250425T055056_058909_074D84_6462,twente,2025,37,Sentinel-1A,Sentinel-1A,2025-04-13,2025-04-25,12,VV+VH,PENDING_BURST_CHECK,PENDING_BURST_CHECK,1.000000,MAIN_12D,CATALOG_CANDIDATE,NONE
PAIR_2025_T37_Sen_Sen_20250413_20250501_18D,S1A_IW_SLC__1SDV_20250413T055030_20250413T055057_058734_074662_9A5C,S1C_IW_SLC__1SDV_20250501T054856_20250501T054923_002133_00487B_E396,S1A_IW_GRDH_1SDV_20250413T055031_20250413T055056_058734_074662_3677,S1C_IW_GRDH_1SDV_20250501T054858_20250501T054923_002133_00487B_A28A,twente,2025,37,Sentinel-1A,Sentinel-1C,2025-04-13,2025-05-01,18,VV+VH,PENDING_BURST_CHECK,PENDING_BURST_CHECK,0.973096,EXTRA_LAG,CATALOG_CANDIDATE,NONE
PAIR_2025_T37_Sen_Sen_20250413_20250507_24D,S1A_IW_SLC__1SDV_20250413T055030_20250413T055057_058734_074662_9A5C,S1A_IW_SLC__1SDV_20250507T055030_20250507T055057_059084_07547C_C15D,S1A_IW_GRDH_1SDV_20250413T055031_20250413T055056_058734_074662_3677,S1A_IW_GRDH_1SDV_20250507T055031_20250507T055056_059084_07547C_6146,twente,2025,37,Sentinel-1A,Sentinel-1A,2025-04-13,2025-05-07,24,VV+VH,PENDING_BURST_CHECK,PENDING_BURST_CHECK,1.000000,LONG_LAG,CATALOG_CANDIDATE,NONE
PAIR_2025_T37_Sen_Sen_20250413_20250519_36D,S1A_IW_SLC__1SDV_20250413T055030_20250413T055057_058734_074662_9A5C,S1A_IW_SLC__1SDV_20250519T055030_20250519T055057_059259_075A8A_7A6E,S1A_IW_GRDH_1SDV_20250413T055031_20250413T055056_058734_074662_3677,S1A_IW_GRDH_1SDV_20250519T055031_20250519T055056_059259_075A8A_41C4,twente,2025,37,Sentinel-1A,Sentinel-1A,2025-04-13,2025-05-19,36,VV+VH,PENDING_BURST_CHECK,PENDING_BURST_CHECK,1.000000,LONG_LAG,CATALOG_CANDIDATE,NONE
PAIR_2025_T37_Sen_Sen_20250413_20250531_48D,S1A_IW_SLC__1SDV_20250413T055030_20250413T055057_058734_074662_9A5C,S1A_IW_SLC__1SDV_20250531T055029_20250531T055056_059434_0760A3_635F,S1A_IW_GRDH_1SDV_20250413T055031_20250413T055056_058734_074662_3677,S1A_IW_GRDH_1SDV_20250531T055030_20250531T055055_059434_0760A3_42AA,twente,2025,37,Sentinel-1A,Sentinel-1A,2025-04-13,2025-05-31,48,VV+VH,PENDING_BURST_CHECK,PENDING_BURST_CHECK,1.000000,LONG_LAG,CATALOG_CANDIDATE,NONE
PAIR_2025_T37_Sen_Sen_20250425_20250501_06D,S1A_IW_SLC__1SDV_20250425T055030_20250425T055057_058909_074D84_355A,S1C_IW_SLC__1SDV_20250501T054856_20250501T054923_002133_00487B_E396,S1A_IW_GRDH_1SDV_20250425T055031_20250425T055056_058909_074D84_6462,S1C_IW_GRDH_1SDV_20250501T054858_20250501T054923_002133_00487B_A28A,twente,2025,37,Sentinel-1A,Sentinel-1C,2025-04-25,2025-05-01,6,VV+VH,PENDING_BURST_CHECK,PENDING_BURST_CHECK,0.973096,REV_6D,CATALOG_CANDIDATE,NONE
PAIR_2025_T37_Sen_Sen_20250425_20250507_12D,S1A_IW_SLC__1SDV_20250425T055030_20250425T055057_058909_074D84_355A,S1A_IW_SLC__1SDV_20250507T055030_20250507T055057_059084_07547C_C15D,S1A_IW_GRDH_1SDV_20250425T055031_20250425T055056_058909_074D84_6462,S1A_IW_GRDH_1SDV_20250507T055031_20250507T055056_059084_07547C_6146,twente,2025,37,Sentinel-1A,Sentinel-1A,2025-04-25,2025-05-07,12,VV+VH,PENDING_BURST_CHECK,PENDING_BURST_CHECK,1.000000,MAIN_12D,CATALOG_CANDIDATE,NONE
PAIR_2025_T37_Sen_Sen_20250425_20250513_18D,S1A_IW_SLC__1SDV_20250425T055030_20250425T055057_058909_074D84_355A,S1C_IW_SLC__1SDV_20250513T054857_20250513T054924_002308_004E14_99FC,S1A_IW_GRDH_1SDV_20250425T055031_20250425T055056_058909_074D84_6462,S1C_IW_GRDH_1SDV_20250513T054858_20250513T054923_002308_004E14_3889,twente,2025,37,Sentinel-1A,Sentinel-1C,2025-04-25,2025-05-13,18,VV+VH,PENDING_BURST_CHECK,PENDING_BURST_CHECK,0.972301,EXTRA_LAG,CATALOG_CANDIDATE,NONE
PAIR_2025_T37_Sen_Sen_20250425_20250519_24D,S1A_IW_SLC__1SDV_20250425T055030_20250425T055057_058909_074D84_355A,S1A_IW_SLC__1SDV_20250519T055030_20250519T055057_059259_075A8A_7A6E,S1A_IW_GRDH_1SDV_20250425T055031_20250425T055056_058909_074D84_6462,S1A_IW_GRDH_1SDV_20250519T055031_20250519T055056_059259_075A8A_41C4,twente,2025,37,Sentinel-1A,Sentinel-1A,2025-04-25,2025-05-19,24,VV+VH,PENDING_BURST_CHECK,PENDING_BURST_CHECK,1.000000,LONG_LAG,CATALOG_CANDIDATE,NONE
PAIR_2025_T37_Sen_Sen_20250425_20250531_36D,S1A_IW_SLC__1SDV_20250425T055030_20250425T055057_058909_074D84_355A,S1A_IW_SLC__1SDV_20250531T055029_20250531T055056_059434_0760A3_635F,S1A_IW_GRDH_1SDV_20250425T055031_20250425T055056_058909_074D84_6462,S1A_IW_GRDH_1SDV_20250531T055030_20250531T055055_059434_0760A3_42AA,twente,2025,37,Sentinel-1A,Sentinel-1A,2025-04-25,2025-05-31,36,VV+VH,PENDING_BURST_CHECK,PENDING_BURST_CHECK,1.000000,LONG_LAG,CATALOG_CANDIDATE,NONE
PAIR_2025_T37_Sen_Sen_20250425_20250612_48D,S1A_IW_SLC__1SDV_20250425T055030_20250425T055057_058909_074D84_355A,S1A_IW_SLC__1SDV_20250612T055029_20250612T055056_059609_076695_D856,S1A_IW_GRDH_1SDV_20250425T055031_20250425T055056_058909_074D84_6462,S1A_IW_GRDH_1SDV_20250612T055030_20250612T055055_059609_076695_9491,twente,2025,37,Sentinel-1A,Sentinel-1A,2025-04-25,2025-06-12,48,VV+VH,PENDING_BURST_CHECK,PENDING_BURST_CHECK,1.000000,LONG_LAG,CATALOG_CANDIDATE,NONE
PAIR_2025_T37_Sen_Sen_20250501_20250507_06D,S1C_IW_SLC__1SDV_20250501T054856_20250501T054923_002133_00487B_E396,S1A_IW_SLC__1SDV_20250507T055030_20250507T055057_059084_07547C_C15D,S1C_IW_GRDH_1SDV_20250501T054858_20250501T054923_002133_00487B_A28A,S1A_IW_GRDH_1SDV_20250507T055031_20250507T055056_059084_07547C_6146,twente,2025,37,Sentinel-1C,Sentinel-1A,2025-05-01,2025-05-07,6,VV+VH,PENDING_BURST_CHECK,PENDING_BURST_CHECK,0.973096,REV_6D,CATALOG_CANDIDATE,NONE
PAIR_2025_T37_Sen_Sen_20250501_20250513_12D,S1C_IW_SLC__1SDV_20250501T054856_20250501T054923_002133_00487B_E396,S1C_IW_SLC__1SDV_20250513T054857_20250513T054924_002308_004E14_99FC,S1C_IW_GRDH_1SDV_20250501T054858_20250501T054923_002133_00487B_A28A,S1C_IW_GRDH_1SDV_20250513T054858_20250513T054923_002308_004E14_3889,twente,2025,37,Sentinel-1C,Sentinel-1C,2025-05-01,2025-05-13,12,VV+VH,PENDING_BURST_CHECK,PENDING_BURST_CHECK,0.972301,MAIN_12D,CATALOG_CANDIDATE,NONE
PAIR_2025_T37_Sen_Sen_20250501_20250519_18D,S1C_IW_SLC__1SDV_20250501T054856_20250501T054923_002133_00487B_E396,S1A_IW_SLC__1SDV_20250519T055030_20250519T055057_059259_075A8A_7A6E,S1C_IW_GRDH_1SDV_20250501T054858_20250501T054923_002133_00487B_A28A,S1A_IW_GRDH_1SDV_20250519T055031_20250519T055056_059259_075A8A_41C4,twente,2025,37,Sentinel-1C,Sentinel-1A,2025-05-01,2025-05-19,18,VV+VH,PENDING_BURST_CHECK,PENDING_BURST_CHECK,0.973096,EXTRA_LAG,CATALOG_CANDIDATE,NONE
PAIR_2025_T37_Sen_Sen_20250501_20250525_24D,S1C_IW_SLC__1SDV_20250501T054856_20250501T054923_002133_00487B_E396,S1C_IW_SLC__1SDV_20250525T054859_20250525T054926_002483_0052E3_2948,S1C_IW_GRDH_1SDV_20250501T054858_20250501T054923_002133_00487B_A28A,S1C_IW_GRDH_1SDV_20250525T054900_20250525T054925_002483_0052E3_6CD3,twente,2025,37,Sentinel-1C,Sentinel-1C,2025-05-01,2025-05-25,24,VV+VH,PENDING_BURST_CHECK,PENDING_BURST_CHECK,0.972813,LONG_LAG,CATALOG_CANDIDATE,NONE
PAIR_2025_T37_Sen_Sen_20250501_20250606_36D,S1C_IW_SLC__1SDV_20250501T054856_20250501T054923_002133_00487B_E396,S1C_IW_SLC__1SDV_20250606T054859_20250606T054926_002658_0057ED_94A7,S1C_IW_GRDH_1SDV_20250501T054858_20250501T054923_002133_00487B_A28A,S1C_IW_GRDH_1SDV_20250606T054901_20250606T054926_002658_0057ED_1F74,twente,2025,37,Sentinel-1C,Sentinel-1C,2025-05-01,2025-06-06,36,VV+VH,PENDING_BURST_CHECK,PENDING_BURST_CHECK,0.973056,LONG_LAG,CATALOG_CANDIDATE,NONE
PAIR_2025_T37_Sen_Sen_20250501_20250618_48D,S1C_IW_SLC__1SDV_20250501T054856_20250501T054923_002133_00487B_E396,S1C_IW_SLC__1SDV_20250618T054900_20250618T054927_002833_005CFA_EC71,S1C_IW_GRDH_1SDV_20250501T054858_20250501T054923_002133_00487B_A28A,S1C_IW_GRDH_1SDV_20250618T054901_20250618T054926_002833_005CFA_DA4E,twente,2025,37,Sentinel-1C,Sentinel-1C,2025-05-01,2025-06-18,48,VV+VH,PENDING_BURST_CHECK,PENDING_BURST_CHECK,0.972636,LONG_LAG,CATALOG_CANDIDATE,NONE
PAIR_2025_T37_Sen_Sen_20250507_20250513_06D,S1A_IW_SLC__1SDV_20250507T055030_20250507T055057_059084_07547C_C15D,S1C_IW_SLC__1SDV_20250513T054857_20250513T054924_002308_004E14_99FC,S1A_IW_GRDH_1SDV_20250507T055031_20250507T055056_059084_07547C_6146,S1C_IW_GRDH_1SDV_20250513T054858_20250513T054923_002308_004E14_3889,twente,2025,37,Sentinel-1A,Sentinel-1C,2025-05-07,2025-05-13,6,VV+VH,PENDING_BURST_CHECK,PENDING_BURST_CHECK,0.972301,REV_6D,CATALOG_CANDIDATE,NONE
PAIR_2025_T37_Sen_Sen_20250507_20250519_12D,S1A_IW_SLC__1SDV_20250507T055030_20250507T055057_059084_07547C_C15D,S1A_IW_SLC__1SDV_20250519T055030_20250519T055057_059259_075A8A_7A6E,S1A_IW_GRDH_1SDV_20250507T055031_20250507T055056_059084_07547C_6146,S1A_IW_GRDH_1SDV_20250519T055031_20250519T055056_059259_075A8A_41C4,twente,2025,37,Sentinel-1A,Sentinel-1A,2025-05-07,2025-05-19,12,VV+VH,PENDING_BURST_CHECK,PENDING_BURST_CHECK,1.000000,MAIN_12D,CATALOG_CANDIDATE,NONE
PAIR_2025_T37_Sen_Sen_20250507_20250525_18D,S1A_IW_SLC__1SDV_20250507T055030_20250507T055057_059084_07547C_C15D,S1C_IW_SLC__1SDV_20250525T054859_20250525T054926_002483_0052E3_2948,S1A_IW_GRDH_1SDV_20250507T055031_20250507T055056_059084_07547C_6146,S1C_IW_GRDH_1SDV_20250525T054900_20250525T054925_002483_0052E3_6CD3,twente,2025,37,Sentinel-1A,Sentinel-1C,2025-05-07,2025-05-25,18,VV+VH,PENDING_BURST_CHECK,PENDING_BURST_CHECK,0.972813,EXTRA_LAG,CATALOG_CANDIDATE,NONE
PAIR_2025_T37_Sen_Sen_20250507_20250531_24D,S1A_IW_SLC__1SDV_20250507T055030_20250507T055057_059084_07547C_C15D,S1A_IW_SLC__1SDV_20250531T055029_20250531T055056_059434_0760A3_635F,S1A_IW_GRDH_1SDV_20250507T055031_20250507T055056_059084_07547C_6146,S1A_IW_GRDH_1SDV_20250531T055030_20250531T055055_059434_0760A3_42AA,twente,2025,37,Sentinel-1A,Sentinel-1A,2025-05-07,2025-05-31,24,VV+VH,PENDING_BURST_CHECK,PENDING_BURST_CHECK,1.000000,LONG_LAG,CATALOG_CANDIDATE,NONE
PAIR_2025_T37_Sen_Sen_20250507_20250612_36D,S1A_IW_SLC__1SDV_20250507T055030_20250507T055057_059084_07547C_C15D,S1A_IW_SLC__1SDV_20250612T055029_20250612T055056_059609_076695_D856,S1A_IW_GRDH_1SDV_20250507T055031_20250507T055056_059084_07547C_6146,S1A_IW_GRDH_1SDV_20250612T055030_20250612T055055_059609_076695_9491,twente,2025,37,Sentinel-1A,Sentinel-1A,2025-05-07,2025-06-12,36,VV+VH,PENDING_BURST_CHECK,PENDING_BURST_CHECK,1.000000,LONG_LAG,CATALOG_CANDIDATE,NONE
PAIR_2025_T37_Sen_Sen_20250507_20250624_48D,S1A_IW_SLC__1SDV_20250507T055030_20250507T055057_059084_07547C_C15D,S1A_IW_SLC__1SDV_20250624T055028_20250624T055055_059784_076CA4_7676,S1A_IW_GRDH_1SDV_20250507T055031_20250507T055056_059084_07547C_6146,S1A_IW_GRDH_1SDV_20250624T055029_20250624T055054_059784_076CA4_CCE3,twente,2025,37,Sentinel-1A,Sentinel-1A,2025-05-07,2025-06-24,48,VV+VH,PENDING_BURST_CHECK,PENDING_BURST_CHECK,1.000000,LONG_LAG,CATALOG_CANDIDATE,NONE
PAIR_2025_T37_Sen_Sen_20250513_20250519_06D,S1C_IW_SLC__1SDV_20250513T054857_20250513T054924_002308_004E14_99FC,S1A_IW_SLC__1SDV_20250519T055030_20250519T055057_059259_075A8A_7A6E,S1C_IW_GRDH_1SDV_20250513T054858_20250513T054923_002308_004E14_3889,S1A_IW_GRDH_1SDV_20250519T055031_20250519T055056_059259_075A8A_41C4,twente,2025,37,Sentinel-1C,Sentinel-1A,2025-05-13,2025-05-19,6,VV+VH,PENDING_BURST_CHECK,PENDING_BURST_CHECK,0.972301,REV_6D,CATALOG_CANDIDATE,NONE
PAIR_2025_T37_Sen_Sen_20250513_20250525_12D,S1C_IW_SLC__1SDV_20250513T054857_20250513T054924_002308_004E14_99FC,S1C_IW_SLC__1SDV_20250525T054859_20250525T054926_002483_0052E3_2948,S1C_IW_GRDH_1SDV_20250513T054858_20250513T054923_002308_004E14_3889,S1C_IW_GRDH_1SDV_20250525T054900_20250525T054925_002483_0052E3_6CD3,twente,2025,37,Sentinel-1C,Sentinel-1C,2025-05-13,2025-05-25,12,VV+VH,PENDING_BURST_CHECK,PENDING_BURST_CHECK,0.972301,MAIN_12D,CATALOG_CANDIDATE,NONE
PAIR_2025_T37_Sen_Sen_20250513_20250531_18D,S1C_IW_SLC__1SDV_20250513T054857_20250513T054924_002308_004E14_99FC,S1A_IW_SLC__1SDV_20250531T055029_20250531T055056_059434_0760A3_635F,S1C_IW_GRDH_1SDV_20250513T054858_20250513T054923_002308_004E14_3889,S1A_IW_GRDH_1SDV_20250531T055030_20250531T055055_059434_0760A3_42AA,twente,2025,37,Sentinel-1C,Sentinel-1A,2025-05-13,2025-05-31,18,VV+VH,PENDING_BURST_CHECK,PENDING_BURST_CHECK,0.972301,EXTRA_LAG,CATALOG_CANDIDATE,NONE
PAIR_2025_T37_Sen_Sen_20250513_20250606_24D,S1C_IW_SLC__1SDV_20250513T054857_20250513T054924_002308_004E14_99FC,S1C_IW_SLC__1SDV_20250606T054859_20250606T054926_002658_0057ED_94A7,S1C_IW_GRDH_1SDV_20250513T054858_20250513T054923_002308_004E14_3889,S1C_IW_GRDH_1SDV_20250606T054901_20250606T054926_002658_0057ED_1F74,twente,2025,37,Sentinel-1C,Sentinel-1C,2025-05-13,2025-06-06,24,VV+VH,PENDING_BURST_CHECK,PENDING_BURST_CHECK,0.972301,LONG_LAG,CATALOG_CANDIDATE,NONE
PAIR_2025_T37_Sen_Sen_20250513_20250618_36D,S1C_IW_SLC__1SDV_20250513T054857_20250513T054924_002308_004E14_99FC,S1C_IW_SLC__1SDV_20250618T054900_20250618T054927_002833_005CFA_EC71,S1C_IW_GRDH_1SDV_20250513T054858_20250513T054923_002308_004E14_3889,S1C_IW_GRDH_1SDV_20250618T054901_20250618T054926_002833_005CFA_DA4E,twente,2025,37,Sentinel-1C,Sentinel-1C,2025-05-13,2025-06-18,36,VV+VH,PENDING_BURST_CHECK,PENDING_BURST_CHECK,0.972301,LONG_LAG,CATALOG_CANDIDATE,NONE
PAIR_2025_T37_Sen_Sen_20250513_20250630_48D,S1C_IW_SLC__1SDV_20250513T054857_20250513T054924_002308_004E14_99FC,S1C_IW_SLC__1SDV_20250630T054900_20250630T054927_003008_006203_A726,S1C_IW_GRDH_1SDV_20250513T054858_20250513T054923_002308_004E14_3889,S1C_IW_GRDH_1SDV_20250630T054902_20250630T054927_003008_006203_6500,twente,2025,37,Sentinel-1C,Sentinel-1C,2025-05-13,2025-06-30,48,VV+VH,PENDING_BURST_CHECK,PENDING_BURST_CHECK,0.972301,LONG_LAG,CATALOG_CANDIDATE,NONE
PAIR_2025_T37_Sen_Sen_20250519_20250525_06D,S1A_IW_SLC__1SDV_20250519T055030_20250519T055057_059259_075A8A_7A6E,S1C_IW_SLC__1SDV_20250525T054859_20250525T054926_002483_0052E3_2948,S1A_IW_GRDH_1SDV_20250519T055031_20250519T055056_059259_075A8A_41C4,S1C_IW_GRDH_1SDV_20250525T054900_20250525T054925_002483_0052E3_6CD3,twente,2025,37,Sentinel-1A,Sentinel-1C,2025-05-19,2025-05-25,6,VV+VH,PENDING_BURST_CHECK,PENDING_BURST_CHECK,0.972813,REV_6D,CATALOG_CANDIDATE,NONE
PAIR_2025_T37_Sen_Sen_20250519_20250531_12D,S1A_IW_SLC__1SDV_20250519T055030_20250519T055057_059259_075A8A_7A6E,S1A_IW_SLC__1SDV_20250531T055029_20250531T055056_059434_0760A3_635F,S1A_IW_GRDH_1SDV_20250519T055031_20250519T055056_059259_075A8A_41C4,S1A_IW_GRDH_1SDV_20250531T055030_20250531T055055_059434_0760A3_42AA,twente,2025,37,Sentinel-1A,Sentinel-1A,2025-05-19,2025-05-31,12,VV+VH,PENDING_BURST_CHECK,PENDING_BURST_CHECK,1.000000,MAIN_12D,CATALOG_CANDIDATE,NONE
PAIR_2025_T37_Sen_Sen_20250519_20250606_18D,S1A_IW_SLC__1SDV_20250519T055030_20250519T055057_059259_075A8A_7A6E,S1C_IW_SLC__1SDV_20250606T054859_20250606T054926_002658_0057ED_94A7,S1A_IW_GRDH_1SDV_20250519T055031_20250519T055056_059259_075A8A_41C4,S1C_IW_GRDH_1SDV_20250606T054901_20250606T054926_002658_0057ED_1F74,twente,2025,37,Sentinel-1A,Sentinel-1C,2025-05-19,2025-06-06,18,VV+VH,PENDING_BURST_CHECK,PENDING_BURST_CHECK,0.973056,EXTRA_LAG,CATALOG_CANDIDATE,NONE
PAIR_2025_T37_Sen_Sen_20250519_20250612_24D,S1A_IW_SLC__1SDV_20250519T055030_20250519T055057_059259_075A8A_7A6E,S1A_IW_SLC__1SDV_20250612T055029_20250612T055056_059609_076695_D856,S1A_IW_GRDH_1SDV_20250519T055031_20250519T055056_059259_075A8A_41C4,S1A_IW_GRDH_1SDV_20250612T055030_20250612T055055_059609_076695_9491,twente,2025,37,Sentinel-1A,Sentinel-1A,2025-05-19,2025-06-12,24,VV+VH,PENDING_BURST_CHECK,PENDING_BURST_CHECK,1.000000,LONG_LAG,CATALOG_CANDIDATE,NONE
PAIR_2025_T37_Sen_Sen_20250519_20250624_36D,S1A_IW_SLC__1SDV_20250519T055030_20250519T055057_059259_075A8A_7A6E,S1A_IW_SLC__1SDV_20250624T055028_20250624T055055_059784_076CA4_7676,S1A_IW_GRDH_1SDV_20250519T055031_20250519T055056_059259_075A8A_41C4,S1A_IW_GRDH_1SDV_20250624T055029_20250624T055054_059784_076CA4_CCE3,twente,2025,37,Sentinel-1A,Sentinel-1A,2025-05-19,2025-06-24,36,VV+VH,PENDING_BURST_CHECK,PENDING_BURST_CHECK,1.000000,LONG_LAG,CATALOG_CANDIDATE,NONE
PAIR_2025_T37_Sen_Sen_20250519_20250706_48D,S1A_IW_SLC__1SDV_20250519T055030_20250519T055057_059259_075A8A_7A6E,S1A_IW_SLC__1SDV_20250706T055027_20250706T055054_059959_0772B8_868C,S1A_IW_GRDH_1SDV_20250519T055031_20250519T055056_059259_075A8A_41C4,S1A_IW_GRDH_1SDV_20250706T055028_20250706T055053_059959_0772B8_767D,twente,2025,37,Sentinel-1A,Sentinel-1A,2025-05-19,2025-07-06,48,VV+VH,PENDING_BURST_CHECK,PENDING_BURST_CHECK,1.000000,LONG_LAG,CATALOG_CANDIDATE,NONE
PAIR_2025_T37_Sen_Sen_20250525_20250531_06D,S1C_IW_SLC__1SDV_20250525T054859_20250525T054926_002483_0052E3_2948,S1A_IW_SLC__1SDV_20250531T055029_20250531T055056_059434_0760A3_635F,S1C_IW_GRDH_1SDV_20250525T054900_20250525T054925_002483_0052E3_6CD3,S1A_IW_GRDH_1SDV_20250531T055030_20250531T055055_059434_0760A3_42AA,twente,2025,37,Sentinel-1C,Sentinel-1A,2025-05-25,2025-05-31,6,VV+VH,PENDING_BURST_CHECK,PENDING_BURST_CHECK,0.972813,REV_6D,CATALOG_CANDIDATE,NONE
PAIR_2025_T37_Sen_Sen_20250525_20250606_12D,S1C_IW_SLC__1SDV_20250525T054859_20250525T054926_002483_0052E3_2948,S1C_IW_SLC__1SDV_20250606T054859_20250606T054926_002658_0057ED_94A7,S1C_IW_GRDH_1SDV_20250525T054900_20250525T054925_002483_0052E3_6CD3,S1C_IW_GRDH_1SDV_20250606T054901_20250606T054926_002658_0057ED_1F74,twente,2025,37,Sentinel-1C,Sentinel-1C,2025-05-25,2025-06-06,12,VV+VH,PENDING_BURST_CHECK,PENDING_BURST_CHECK,0.972813,MAIN_12D,CATALOG_CANDIDATE,NONE
PAIR_2025_T37_Sen_Sen_20250525_20250612_18D,S1C_IW_SLC__1SDV_20250525T054859_20250525T054926_002483_0052E3_2948,S1A_IW_SLC__1SDV_20250612T055029_20250612T055056_059609_076695_D856,S1C_IW_GRDH_1SDV_20250525T054900_20250525T054925_002483_0052E3_6CD3,S1A_IW_GRDH_1SDV_20250612T055030_20250612T055055_059609_076695_9491,twente,2025,37,Sentinel-1C,Sentinel-1A,2025-05-25,2025-06-12,18,VV+VH,PENDING_BURST_CHECK,PENDING_BURST_CHECK,0.972813,EXTRA_LAG,CATALOG_CANDIDATE,NONE
PAIR_2025_T37_Sen_Sen_20250525_20250618_24D,S1C_IW_SLC__1SDV_20250525T054859_20250525T054926_002483_0052E3_2948,S1C_IW_SLC__1SDV_20250618T054900_20250618T054927_002833_005CFA_EC71,S1C_IW_GRDH_1SDV_20250525T054900_20250525T054925_002483_0052E3_6CD3,S1C_IW_GRDH_1SDV_20250618T054901_20250618T054926_002833_005CFA_DA4E,twente,2025,37,Sentinel-1C,Sentinel-1C,2025-05-25,2025-06-18,24,VV+VH,PENDING_BURST_CHECK,PENDING_BURST_CHECK,0.972636,LONG_LAG,CATALOG_CANDIDATE,NONE
PAIR_2025_T37_Sen_Sen_20250525_20250630_36D,S1C_IW_SLC__1SDV_20250525T054859_20250525T054926_002483_0052E3_2948,S1C_IW_SLC__1SDV_20250630T054900_20250630T054927_003008_006203_A726,S1C_IW_GRDH_1SDV_20250525T054900_20250525T054925_002483_0052E3_6CD3,S1C_IW_GRDH_1SDV_20250630T054902_20250630T054927_003008_006203_6500,twente,2025,37,Sentinel-1C,Sentinel-1C,2025-05-25,2025-06-30,36,VV+VH,PENDING_BURST_CHECK,PENDING_BURST_CHECK,0.972434,LONG_LAG,CATALOG_CANDIDATE,NONE
PAIR_2025_T37_Sen_Sen_20250525_20250712_48D,S1C_IW_SLC__1SDV_20250525T054859_20250525T054926_002483_0052E3_2948,S1C_IW_SLC__1SDV_20250712T054901_20250712T054929_003183_006714_4883,S1C_IW_GRDH_1SDV_20250525T054900_20250525T054925_002483_0052E3_6CD3,S1C_IW_GRDH_1SDV_20250712T054903_20250712T054928_003183_006714_6ECC,twente,2025,37,Sentinel-1C,Sentinel-1C,2025-05-25,2025-07-12,48,VV+VH,PENDING_BURST_CHECK,PENDING_BURST_CHECK,0.972487,LONG_LAG,CATALOG_CANDIDATE,NONE
PAIR_2025_T37_Sen_Sen_20250531_20250606_06D,S1A_IW_SLC__1SDV_20250531T055029_20250531T055056_059434_0760A3_635F,S1C_IW_SLC__1SDV_20250606T054859_20250606T054926_002658_0057ED_94A7,S1A_IW_GRDH_1SDV_20250531T055030_20250531T055055_059434_0760A3_42AA,S1C_IW_GRDH_1SDV_20250606T054901_20250606T054926_002658_0057ED_1F74,twente,2025,37,Sentinel-1A,Sentinel-1C,2025-05-31,2025-06-06,6,VV+VH,PENDING_BURST_CHECK,PENDING_BURST_CHECK,0.973056,REV_6D,CATALOG_CANDIDATE,NONE
PAIR_2025_T37_Sen_Sen_20250531_20250612_12D,S1A_IW_SLC__1SDV_20250531T055029_20250531T055056_059434_0760A3_635F,S1A_IW_SLC__1SDV_20250612T055029_20250612T055056_059609_076695_D856,S1A_IW_GRDH_1SDV_20250531T055030_20250531T055055_059434_0760A3_42AA,S1A_IW_GRDH_1SDV_20250612T055030_20250612T055055_059609_076695_9491,twente,2025,37,Sentinel-1A,Sentinel-1A,2025-05-31,2025-06-12,12,VV+VH,PENDING_BURST_CHECK,PENDING_BURST_CHECK,1.000000,MAIN_12D,CATALOG_CANDIDATE,NONE
PAIR_2025_T37_Sen_Sen_20250531_20250618_18D,S1A_IW_SLC__1SDV_20250531T055029_20250531T055056_059434_0760A3_635F,S1C_IW_SLC__1SDV_20250618T054900_20250618T054927_002833_005CFA_EC71,S1A_IW_GRDH_1SDV_20250531T055030_20250531T055055_059434_0760A3_42AA,S1C_IW_GRDH_1SDV_20250618T054901_20250618T054926_002833_005CFA_DA4E,twente,2025,37,Sentinel-1A,Sentinel-1C,2025-05-31,2025-06-18,18,VV+VH,PENDING_BURST_CHECK,PENDING_BURST_CHECK,0.972636,EXTRA_LAG,CATALOG_CANDIDATE,NONE
PAIR_2025_T37_Sen_Sen_20250531_20250624_24D,S1A_IW_SLC__1SDV_20250531T055029_20250531T055056_059434_0760A3_635F,S1A_IW_SLC__1SDV_20250624T055028_20250624T055055_059784_076CA4_7676,S1A_IW_GRDH_1SDV_20250531T055030_20250531T055055_059434_0760A3_42AA,S1A_IW_GRDH_1SDV_20250624T055029_20250624T055054_059784_076CA4_CCE3,twente,2025,37,Sentinel-1A,Sentinel-1A,2025-05-31,2025-06-24,24,VV+VH,PENDING_BURST_CHECK,PENDING_BURST_CHECK,1.000000,LONG_LAG,CATALOG_CANDIDATE,NONE
PAIR_2025_T37_Sen_Sen_20250531_20250706_36D,S1A_IW_SLC__1SDV_20250531T055029_20250531T055056_059434_0760A3_635F,S1A_IW_SLC__1SDV_20250706T055027_20250706T055054_059959_0772B8_868C,S1A_IW_GRDH_1SDV_20250531T055030_20250531T055055_059434_0760A3_42AA,S1A_IW_GRDH_1SDV_20250706T055028_20250706T055053_059959_0772B8_767D,twente,2025,37,Sentinel-1A,Sentinel-1A,2025-05-31,2025-07-06,36,VV+VH,PENDING_BURST_CHECK,PENDING_BURST_CHECK,1.000000,LONG_LAG,CATALOG_CANDIDATE,NONE
PAIR_2025_T37_Sen_Sen_20250531_20250718_48D,S1A_IW_SLC__1SDV_20250531T055029_20250531T055056_059434_0760A3_635F,S1A_IW_SLC__1SDV_20250718T055027_20250718T055054_060134_0778BE_F562,S1A_IW_GRDH_1SDV_20250531T055030_20250531T055055_059434_0760A3_42AA,S1A_IW_GRDH_1SDV_20250718T055028_20250718T055053_060134_0778BE_81EA,twente,2025,37,Sentinel-1A,Sentinel-1A,2025-05-31,2025-07-18,48,VV+VH,PENDING_BURST_CHECK,PENDING_BURST_CHECK,1.000000,LONG_LAG,CATALOG_CANDIDATE,NONE
PAIR_2025_T37_Sen_Sen_20250606_20250612_06D,S1C_IW_SLC__1SDV_20250606T054859_20250606T054926_002658_0057ED_94A7,S1A_IW_SLC__1SDV_20250612T055029_20250612T055056_059609_076695_D856,S1C_IW_GRDH_1SDV_20250606T054901_20250606T054926_002658_0057ED_1F74,S1A_IW_GRDH_1SDV_20250612T055030_20250612T055055_059609_076695_9491,twente,2025,37,Sentinel-1C,Sentinel-1A,2025-06-06,2025-06-12,6,VV+VH,PENDING_BURST_CHECK,PENDING_BURST_CHECK,0.973056,REV_6D,CATALOG_CANDIDATE,NONE
PAIR_2025_T37_Sen_Sen_20250606_20250618_12D,S1C_IW_SLC__1SDV_20250606T054859_20250606T054926_002658_0057ED_94A7,S1C_IW_SLC__1SDV_20250618T054900_20250618T054927_002833_005CFA_EC71,S1C_IW_GRDH_1SDV_20250606T054901_20250606T054926_002658_0057ED_1F74,S1C_IW_GRDH_1SDV_20250618T054901_20250618T054926_002833_005CFA_DA4E,twente,2025,37,Sentinel-1C,Sentinel-1C,2025-06-06,2025-06-18,12,VV+VH,PENDING_BURST_CHECK,PENDING_BURST_CHECK,0.972636,MAIN_12D,CATALOG_CANDIDATE,NONE
PAIR_2025_T37_Sen_Sen_20250606_20250624_18D,S1C_IW_SLC__1SDV_20250606T054859_20250606T054926_002658_0057ED_94A7,S1A_IW_SLC__1SDV_20250624T055028_20250624T055055_059784_076CA4_7676,S1C_IW_GRDH_1SDV_20250606T054901_20250606T054926_002658_0057ED_1F74,S1A_IW_GRDH_1SDV_20250624T055029_20250624T055054_059784_076CA4_CCE3,twente,2025,37,Sentinel-1C,Sentinel-1A,2025-06-06,2025-06-24,18,VV+VH,PENDING_BURST_CHECK,PENDING_BURST_CHECK,0.973056,EXTRA_LAG,CATALOG_CANDIDATE,NONE
PAIR_2025_T37_Sen_Sen_20250606_20250630_24D,S1C_IW_SLC__1SDV_20250606T054859_20250606T054926_002658_0057ED_94A7,S1C_IW_SLC__1SDV_20250630T054900_20250630T054927_003008_006203_A726,S1C_IW_GRDH_1SDV_20250606T054901_20250606T054926_002658_0057ED_1F74,S1C_IW_GRDH_1SDV_20250630T054902_20250630T054927_003008_006203_6500,twente,2025,37,Sentinel-1C,Sentinel-1C,2025-06-06,2025-06-30,24,VV+VH,PENDING_BURST_CHECK,PENDING_BURST_CHECK,0.972434,LONG_LAG,CATALOG_CANDIDATE,NONE
PAIR_2025_T37_Sen_Sen_20250606_20250712_36D,S1C_IW_SLC__1SDV_20250606T054859_20250606T054926_002658_0057ED_94A7,S1C_IW_SLC__1SDV_20250712T054901_20250712T054929_003183_006714_4883,S1C_IW_GRDH_1SDV_20250606T054901_20250606T054926_002658_0057ED_1F74,S1C_IW_GRDH_1SDV_20250712T054903_20250712T054928_003183_006714_6ECC,twente,2025,37,Sentinel-1C,Sentinel-1C,2025-06-06,2025-07-12,36,VV+VH,PENDING_BURST_CHECK,PENDING_BURST_CHECK,0.972487,LONG_LAG,CATALOG_CANDIDATE,NONE
PAIR_2025_T37_Sen_Sen_20250606_20250724_48D,S1C_IW_SLC__1SDV_20250606T054859_20250606T054926_002658_0057ED_94A7,S1C_IW_SLC__1SDV_20250724T054902_20250724T054929_003358_006C29_8AD9,S1C_IW_GRDH_1SDV_20250606T054901_20250606T054926_002658_0057ED_1F74,S1C_IW_GRDH_1SDV_20250724T054904_20250724T054929_003358_006C29_5298,twente,2025,37,Sentinel-1C,Sentinel-1C,2025-06-06,2025-07-24,48,VV+VH,PENDING_BURST_CHECK,PENDING_BURST_CHECK,0.972949,LONG_LAG,CATALOG_CANDIDATE,NONE
PAIR_2025_T37_Sen_Sen_20250612_20250618_06D,S1A_IW_SLC__1SDV_20250612T055029_20250612T055056_059609_076695_D856,S1C_IW_SLC__1SDV_20250618T054900_20250618T054927_002833_005CFA_EC71,S1A_IW_GRDH_1SDV_20250612T055030_20250612T055055_059609_076695_9491,S1C_IW_GRDH_1SDV_20250618T054901_20250618T054926_002833_005CFA_DA4E,twente,2025,37,Sentinel-1A,Sentinel-1C,2025-06-12,2025-06-18,6,VV+VH,PENDING_BURST_CHECK,PENDING_BURST_CHECK,0.972636,REV_6D,CATALOG_CANDIDATE,NONE
PAIR_2025_T37_Sen_Sen_20250612_20250624_12D,S1A_IW_SLC__1SDV_20250612T055029_20250612T055056_059609_076695_D856,S1A_IW_SLC__1SDV_20250624T055028_20250624T055055_059784_076CA4_7676,S1A_IW_GRDH_1SDV_20250612T055030_20250612T055055_059609_076695_9491,S1A_IW_GRDH_1SDV_20250624T055029_20250624T055054_059784_076CA4_CCE3,twente,2025,37,Sentinel-1A,Sentinel-1A,2025-06-12,2025-06-24,12,VV+VH,PENDING_BURST_CHECK,PENDING_BURST_CHECK,1.000000,MAIN_12D,CATALOG_CANDIDATE,NONE
PAIR_2025_T37_Sen_Sen_20250612_20250630_18D,S1A_IW_SLC__1SDV_20250612T055029_20250612T055056_059609_076695_D856,S1C_IW_SLC__1SDV_20250630T054900_20250630T054927_003008_006203_A726,S1A_IW_GRDH_1SDV_20250612T055030_20250612T055055_059609_076695_9491,S1C_IW_GRDH_1SDV_20250630T054902_20250630T054927_003008_006203_6500,twente,2025,37,Sentinel-1A,Sentinel-1C,2025-06-12,2025-06-30,18,VV+VH,PENDING_BURST_CHECK,PENDING_BURST_CHECK,0.972434,EXTRA_LAG,CATALOG_CANDIDATE,NONE
PAIR_2025_T37_Sen_Sen_20250612_20250706_24D,S1A_IW_SLC__1SDV_20250612T055029_20250612T055056_059609_076695_D856,S1A_IW_SLC__1SDV_20250706T055027_20250706T055054_059959_0772B8_868C,S1A_IW_GRDH_1SDV_20250612T055030_20250612T055055_059609_076695_9491,S1A_IW_GRDH_1SDV_20250706T055028_20250706T055053_059959_0772B8_767D,twente,2025,37,Sentinel-1A,Sentinel-1A,2025-06-12,2025-07-06,24,VV+VH,PENDING_BURST_CHECK,PENDING_BURST_CHECK,1.000000,LONG_LAG,CATALOG_CANDIDATE,NONE
PAIR_2025_T37_Sen_Sen_20250612_20250718_36D,S1A_IW_SLC__1SDV_20250612T055029_20250612T055056_059609_076695_D856,S1A_IW_SLC__1SDV_20250718T055027_20250718T055054_060134_0778BE_F562,S1A_IW_GRDH_1SDV_20250612T055030_20250612T055055_059609_076695_9491,S1A_IW_GRDH_1SDV_20250718T055028_20250718T055053_060134_0778BE_81EA,twente,2025,37,Sentinel-1A,Sentinel-1A,2025-06-12,2025-07-18,36,VV+VH,PENDING_BURST_CHECK,PENDING_BURST_CHECK,1.000000,LONG_LAG,CATALOG_CANDIDATE,NONE
PAIR_2025_T37_Sen_Sen_20250612_20250730_48D,S1A_IW_SLC__1SDV_20250612T055029_20250612T055056_059609_076695_D856,S1A_IW_SLC__1SDV_20250730T055026_20250730T055053_060309_077EBE_45C9,S1A_IW_GRDH_1SDV_20250612T055030_20250612T055055_059609_076695_9491,S1A_IW_GRDH_1SDV_20250730T055028_20250730T055053_060309_077EBE_DDC6,twente,2025,37,Sentinel-1A,Sentinel-1A,2025-06-12,2025-07-30,48,VV+VH,PENDING_BURST_CHECK,PENDING_BURST_CHECK,1.000000,LONG_LAG,CATALOG_CANDIDATE,NONE
PAIR_2025_T37_Sen_Sen_20250618_20250624_06D,S1C_IW_SLC__1SDV_20250618T054900_20250618T054927_002833_005CFA_EC71,S1A_IW_SLC__1SDV_20250624T055028_20250624T055055_059784_076CA4_7676,S1C_IW_GRDH_1SDV_20250618T054901_20250618T054926_002833_005CFA_DA4E,S1A_IW_GRDH_1SDV_20250624T055029_20250624T055054_059784_076CA4_CCE3,twente,2025,37,Sentinel-1C,Sentinel-1A,2025-06-18,2025-06-24,6,VV+VH,PENDING_BURST_CHECK,PENDING_BURST_CHECK,0.972636,REV_6D,CATALOG_CANDIDATE,NONE
PAIR_2025_T37_Sen_Sen_20250618_20250630_12D,S1C_IW_SLC__1SDV_20250618T054900_20250618T054927_002833_005CFA_EC71,S1C_IW_SLC__1SDV_20250630T054900_20250630T054927_003008_006203_A726,S1C_IW_GRDH_1SDV_20250618T054901_20250618T054926_002833_005CFA_DA4E,S1C_IW_GRDH_1SDV_20250630T054902_20250630T054927_003008_006203_6500,twente,2025,37,Sentinel-1C,Sentinel-1C,2025-06-18,2025-06-30,12,VV+VH,PENDING_BURST_CHECK,PENDING_BURST_CHECK,0.972434,MAIN_12D,CATALOG_CANDIDATE,NONE
PAIR_2025_T37_Sen_Sen_20250618_20250706_18D,S1C_IW_SLC__1SDV_20250618T054900_20250618T054927_002833_005CFA_EC71,S1A_IW_SLC__1SDV_20250706T055027_20250706T055054_059959_0772B8_868C,S1C_IW_GRDH_1SDV_20250618T054901_20250618T054926_002833_005CFA_DA4E,S1A_IW_GRDH_1SDV_20250706T055028_20250706T055053_059959_0772B8_767D,twente,2025,37,Sentinel-1C,Sentinel-1A,2025-06-18,2025-07-06,18,VV+VH,PENDING_BURST_CHECK,PENDING_BURST_CHECK,0.972636,EXTRA_LAG,CATALOG_CANDIDATE,NONE
PAIR_2025_T37_Sen_Sen_20250618_20250712_24D,S1C_IW_SLC__1SDV_20250618T054900_20250618T054927_002833_005CFA_EC71,S1C_IW_SLC__1SDV_20250712T054901_20250712T054929_003183_006714_4883,S1C_IW_GRDH_1SDV_20250618T054901_20250618T054926_002833_005CFA_DA4E,S1C_IW_GRDH_1SDV_20250712T054903_20250712T054928_003183_006714_6ECC,twente,2025,37,Sentinel-1C,Sentinel-1C,2025-06-18,2025-07-12,24,VV+VH,PENDING_BURST_CHECK,PENDING_BURST_CHECK,0.972487,LONG_LAG,CATALOG_CANDIDATE,NONE
PAIR_2025_T37_Sen_Sen_20250618_20250724_36D,S1C_IW_SLC__1SDV_20250618T054900_20250618T054927_002833_005CFA_EC71,S1C_IW_SLC__1SDV_20250724T054902_20250724T054929_003358_006C29_8AD9,S1C_IW_GRDH_1SDV_20250618T054901_20250618T054926_002833_005CFA_DA4E,S1C_IW_GRDH_1SDV_20250724T054904_20250724T054929_003358_006C29_5298,twente,2025,37,Sentinel-1C,Sentinel-1C,2025-06-18,2025-07-24,36,VV+VH,PENDING_BURST_CHECK,PENDING_BURST_CHECK,0.972636,LONG_LAG,CATALOG_CANDIDATE,NONE
PAIR_2025_T37_Sen_Sen_20250618_20250805_48D,S1C_IW_SLC__1SDV_20250618T054900_20250618T054927_002833_005CFA_EC71,S1C_IW_SLC__1SDV_20250805T054903_20250805T054930_003533_007149_7D80,S1C_IW_GRDH_1SDV_20250618T054901_20250618T054926_002833_005CFA_DA4E,S1C_IW_GRDH_1SDV_20250805T054904_20250805T054929_003533_007149_52CF,twente,2025,37,Sentinel-1C,Sentinel-1C,2025-06-18,2025-08-05,48,VV+VH,PENDING_BURST_CHECK,PENDING_BURST_CHECK,0.972636,LONG_LAG,CATALOG_CANDIDATE,NONE
PAIR_2025_T37_Sen_Sen_20250624_20250630_06D,S1A_IW_SLC__1SDV_20250624T055028_20250624T055055_059784_076CA4_7676,S1C_IW_SLC__1SDV_20250630T054900_20250630T054927_003008_006203_A726,S1A_IW_GRDH_1SDV_20250624T055029_20250624T055054_059784_076CA4_CCE3,S1C_IW_GRDH_1SDV_20250630T054902_20250630T054927_003008_006203_6500,twente,2025,37,Sentinel-1A,Sentinel-1C,2025-06-24,2025-06-30,6,VV+VH,PENDING_BURST_CHECK,PENDING_BURST_CHECK,0.972434,REV_6D,CATALOG_CANDIDATE,NONE
PAIR_2025_T37_Sen_Sen_20250624_20250706_12D,S1A_IW_SLC__1SDV_20250624T055028_20250624T055055_059784_076CA4_7676,S1A_IW_SLC__1SDV_20250706T055027_20250706T055054_059959_0772B8_868C,S1A_IW_GRDH_1SDV_20250624T055029_20250624T055054_059784_076CA4_CCE3,S1A_IW_GRDH_1SDV_20250706T055028_20250706T055053_059959_0772B8_767D,twente,2025,37,Sentinel-1A,Sentinel-1A,2025-06-24,2025-07-06,12,VV+VH,PENDING_BURST_CHECK,PENDING_BURST_CHECK,1.000000,MAIN_12D,CATALOG_CANDIDATE,NONE
PAIR_2025_T37_Sen_Sen_20250624_20250712_18D,S1A_IW_SLC__1SDV_20250624T055028_20250624T055055_059784_076CA4_7676,S1C_IW_SLC__1SDV_20250712T054901_20250712T054929_003183_006714_4883,S1A_IW_GRDH_1SDV_20250624T055029_20250624T055054_059784_076CA4_CCE3,S1C_IW_GRDH_1SDV_20250712T054903_20250712T054928_003183_006714_6ECC,twente,2025,37,Sentinel-1A,Sentinel-1C,2025-06-24,2025-07-12,18,VV+VH,PENDING_BURST_CHECK,PENDING_BURST_CHECK,0.972487,EXTRA_LAG,CATALOG_CANDIDATE,NONE
PAIR_2025_T37_Sen_Sen_20250624_20250718_24D,S1A_IW_SLC__1SDV_20250624T055028_20250624T055055_059784_076CA4_7676,S1A_IW_SLC__1SDV_20250718T055027_20250718T055054_060134_0778BE_F562,S1A_IW_GRDH_1SDV_20250624T055029_20250624T055054_059784_076CA4_CCE3,S1A_IW_GRDH_1SDV_20250718T055028_20250718T055053_060134_0778BE_81EA,twente,2025,37,Sentinel-1A,Sentinel-1A,2025-06-24,2025-07-18,24,VV+VH,PENDING_BURST_CHECK,PENDING_BURST_CHECK,1.000000,LONG_LAG,CATALOG_CANDIDATE,NONE
PAIR_2025_T37_Sen_Sen_20250624_20250730_36D,S1A_IW_SLC__1SDV_20250624T055028_20250624T055055_059784_076CA4_7676,S1A_IW_SLC__1SDV_20250730T055026_20250730T055053_060309_077EBE_45C9,S1A_IW_GRDH_1SDV_20250624T055029_20250624T055054_059784_076CA4_CCE3,S1A_IW_GRDH_1SDV_20250730T055028_20250730T055053_060309_077EBE_DDC6,twente,2025,37,Sentinel-1A,Sentinel-1A,2025-06-24,2025-07-30,36,VV+VH,PENDING_BURST_CHECK,PENDING_BURST_CHECK,1.000000,LONG_LAG,CATALOG_CANDIDATE,NONE
PAIR_2025_T37_Sen_Sen_20250630_20250706_06D,S1C_IW_SLC__1SDV_20250630T054900_20250630T054927_003008_006203_A726,S1A_IW_SLC__1SDV_20250706T055027_20250706T055054_059959_0772B8_868C,S1C_IW_GRDH_1SDV_20250630T054902_20250630T054927_003008_006203_6500,S1A_IW_GRDH_1SDV_20250706T055028_20250706T055053_059959_0772B8_767D,twente,2025,37,Sentinel-1C,Sentinel-1A,2025-06-30,2025-07-06,6,VV+VH,PENDING_BURST_CHECK,PENDING_BURST_CHECK,0.972434,REV_6D,CATALOG_CANDIDATE,NONE
PAIR_2025_T37_Sen_Sen_20250630_20250712_12D,S1C_IW_SLC__1SDV_20250630T054900_20250630T054927_003008_006203_A726,S1C_IW_SLC__1SDV_20250712T054901_20250712T054929_003183_006714_4883,S1C_IW_GRDH_1SDV_20250630T054902_20250630T054927_003008_006203_6500,S1C_IW_GRDH_1SDV_20250712T054903_20250712T054928_003183_006714_6ECC,twente,2025,37,Sentinel-1C,Sentinel-1C,2025-06-30,2025-07-12,12,VV+VH,PENDING_BURST_CHECK,PENDING_BURST_CHECK,0.972434,MAIN_12D,CATALOG_CANDIDATE,NONE
PAIR_2025_T37_Sen_Sen_20250630_20250718_18D,S1C_IW_SLC__1SDV_20250630T054900_20250630T054927_003008_006203_A726,S1A_IW_SLC__1SDV_20250718T055027_20250718T055054_060134_0778BE_F562,S1C_IW_GRDH_1SDV_20250630T054902_20250630T054927_003008_006203_6500,S1A_IW_GRDH_1SDV_20250718T055028_20250718T055053_060134_0778BE_81EA,twente,2025,37,Sentinel-1C,Sentinel-1A,2025-06-30,2025-07-18,18,VV+VH,PENDING_BURST_CHECK,PENDING_BURST_CHECK,0.972434,EXTRA_LAG,CATALOG_CANDIDATE,NONE
PAIR_2025_T37_Sen_Sen_20250630_20250724_24D,S1C_IW_SLC__1SDV_20250630T054900_20250630T054927_003008_006203_A726,S1C_IW_SLC__1SDV_20250724T054902_20250724T054929_003358_006C29_8AD9,S1C_IW_GRDH_1SDV_20250630T054902_20250630T054927_003008_006203_6500,S1C_IW_GRDH_1SDV_20250724T054904_20250724T054929_003358_006C29_5298,twente,2025,37,Sentinel-1C,Sentinel-1C,2025-06-30,2025-07-24,24,VV+VH,PENDING_BURST_CHECK,PENDING_BURST_CHECK,0.972434,LONG_LAG,CATALOG_CANDIDATE,NONE
PAIR_2025_T37_Sen_Sen_20250630_20250805_36D,S1C_IW_SLC__1SDV_20250630T054900_20250630T054927_003008_006203_A726,S1C_IW_SLC__1SDV_20250805T054903_20250805T054930_003533_007149_7D80,S1C_IW_GRDH_1SDV_20250630T054902_20250630T054927_003008_006203_6500,S1C_IW_GRDH_1SDV_20250805T054904_20250805T054929_003533_007149_52CF,twente,2025,37,Sentinel-1C,Sentinel-1C,2025-06-30,2025-08-05,36,VV+VH,PENDING_BURST_CHECK,PENDING_BURST_CHECK,0.972434,LONG_LAG,CATALOG_CANDIDATE,NONE
PAIR_2025_T37_Sen_Sen_20250630_20250817_48D,S1C_IW_SLC__1SDV_20250630T054900_20250630T054927_003008_006203_A726,S1C_IW_SLC__1SDV_20250817T054903_20250817T054930_003708_00768C_7E05,S1C_IW_GRDH_1SDV_20250630T054902_20250630T054927_003008_006203_6500,S1C_IW_GRDH_1SDV_20250817T054905_20250817T054930_003708_00768C_2D2E,twente,2025,37,Sentinel-1C,Sentinel-1C,2025-06-30,2025-08-17,48,VV+VH,PENDING_BURST_CHECK,PENDING_BURST_CHECK,0.972434,LONG_LAG,CATALOG_CANDIDATE,NONE
PAIR_2025_T37_Sen_Sen_20250706_20250712_06D,S1A_IW_SLC__1SDV_20250706T055027_20250706T055054_059959_0772B8_868C,S1C_IW_SLC__1SDV_20250712T054901_20250712T054929_003183_006714_4883,S1A_IW_GRDH_1SDV_20250706T055028_20250706T055053_059959_0772B8_767D,S1C_IW_GRDH_1SDV_20250712T054903_20250712T054928_003183_006714_6ECC,twente,2025,37,Sentinel-1A,Sentinel-1C,2025-07-06,2025-07-12,6,VV+VH,PENDING_BURST_CHECK,PENDING_BURST_CHECK,0.972487,REV_6D,CATALOG_CANDIDATE,NONE
PAIR_2025_T37_Sen_Sen_20250706_20250718_12D,S1A_IW_SLC__1SDV_20250706T055027_20250706T055054_059959_0772B8_868C,S1A_IW_SLC__1SDV_20250718T055027_20250718T055054_060134_0778BE_F562,S1A_IW_GRDH_1SDV_20250706T055028_20250706T055053_059959_0772B8_767D,S1A_IW_GRDH_1SDV_20250718T055028_20250718T055053_060134_0778BE_81EA,twente,2025,37,Sentinel-1A,Sentinel-1A,2025-07-06,2025-07-18,12,VV+VH,PENDING_BURST_CHECK,PENDING_BURST_CHECK,1.000000,MAIN_12D,CATALOG_CANDIDATE,NONE
PAIR_2025_T37_Sen_Sen_20250706_20250724_18D,S1A_IW_SLC__1SDV_20250706T055027_20250706T055054_059959_0772B8_868C,S1C_IW_SLC__1SDV_20250724T054902_20250724T054929_003358_006C29_8AD9,S1A_IW_GRDH_1SDV_20250706T055028_20250706T055053_059959_0772B8_767D,S1C_IW_GRDH_1SDV_20250724T054904_20250724T054929_003358_006C29_5298,twente,2025,37,Sentinel-1A,Sentinel-1C,2025-07-06,2025-07-24,18,VV+VH,PENDING_BURST_CHECK,PENDING_BURST_CHECK,0.972949,EXTRA_LAG,CATALOG_CANDIDATE,NONE
PAIR_2025_T37_Sen_Sen_20250706_20250730_24D,S1A_IW_SLC__1SDV_20250706T055027_20250706T055054_059959_0772B8_868C,S1A_IW_SLC__1SDV_20250730T055026_20250730T055053_060309_077EBE_45C9,S1A_IW_GRDH_1SDV_20250706T055028_20250706T055053_059959_0772B8_767D,S1A_IW_GRDH_1SDV_20250730T055028_20250730T055053_060309_077EBE_DDC6,twente,2025,37,Sentinel-1A,Sentinel-1A,2025-07-06,2025-07-30,24,VV+VH,PENDING_BURST_CHECK,PENDING_BURST_CHECK,1.000000,LONG_LAG,CATALOG_CANDIDATE,NONE
PAIR_2025_T37_Sen_Sen_20250706_20250823_48D,S1A_IW_SLC__1SDV_20250706T055027_20250706T055054_059959_0772B8_868C,S1A_IW_SLC__1SDV_20250823T055026_20250823T055054_060659_078C0E_E8E0,S1A_IW_GRDH_1SDV_20250706T055028_20250706T055053_059959_0772B8_767D,S1A_IW_GRDH_1SDV_20250823T055028_20250823T055053_060659_078C0E_37D4,twente,2025,37,Sentinel-1A,Sentinel-1A,2025-07-06,2025-08-23,48,VV+VH,PENDING_BURST_CHECK,PENDING_BURST_CHECK,1.000000,LONG_LAG,CATALOG_CANDIDATE,NONE
PAIR_2025_T37_Sen_Sen_20250712_20250718_06D,S1C_IW_SLC__1SDV_20250712T054901_20250712T054929_003183_006714_4883,S1A_IW_SLC__1SDV_20250718T055027_20250718T055054_060134_0778BE_F562,S1C_IW_GRDH_1SDV_20250712T054903_20250712T054928_003183_006714_6ECC,S1A_IW_GRDH_1SDV_20250718T055028_20250718T055053_060134_0778BE_81EA,twente,2025,37,Sentinel-1C,Sentinel-1A,2025-07-12,2025-07-18,6,VV+VH,PENDING_BURST_CHECK,PENDING_BURST_CHECK,0.972487,REV_6D,CATALOG_CANDIDATE,NONE
PAIR_2025_T37_Sen_Sen_20250712_20250724_12D,S1C_IW_SLC__1SDV_20250712T054901_20250712T054929_003183_006714_4883,S1C_IW_SLC__1SDV_20250724T054902_20250724T054929_003358_006C29_8AD9,S1C_IW_GRDH_1SDV_20250712T054903_20250712T054928_003183_006714_6ECC,S1C_IW_GRDH_1SDV_20250724T054904_20250724T054929_003358_006C29_5298,twente,2025,37,Sentinel-1C,Sentinel-1C,2025-07-12,2025-07-24,12,VV+VH,PENDING_BURST_CHECK,PENDING_BURST_CHECK,0.972487,MAIN_12D,CATALOG_CANDIDATE,NONE
PAIR_2025_T37_Sen_Sen_20250712_20250730_18D,S1C_IW_SLC__1SDV_20250712T054901_20250712T054929_003183_006714_4883,S1A_IW_SLC__1SDV_20250730T055026_20250730T055053_060309_077EBE_45C9,S1C_IW_GRDH_1SDV_20250712T054903_20250712T054928_003183_006714_6ECC,S1A_IW_GRDH_1SDV_20250730T055028_20250730T055053_060309_077EBE_DDC6,twente,2025,37,Sentinel-1C,Sentinel-1A,2025-07-12,2025-07-30,18,VV+VH,PENDING_BURST_CHECK,PENDING_BURST_CHECK,0.972487,EXTRA_LAG,CATALOG_CANDIDATE,NONE
PAIR_2025_T37_Sen_Sen_20250712_20250805_24D,S1C_IW_SLC__1SDV_20250712T054901_20250712T054929_003183_006714_4883,S1C_IW_SLC__1SDV_20250805T054903_20250805T054930_003533_007149_7D80,S1C_IW_GRDH_1SDV_20250712T054903_20250712T054928_003183_006714_6ECC,S1C_IW_GRDH_1SDV_20250805T054904_20250805T054929_003533_007149_52CF,twente,2025,37,Sentinel-1C,Sentinel-1C,2025-07-12,2025-08-05,24,VV+VH,PENDING_BURST_CHECK,PENDING_BURST_CHECK,0.972487,LONG_LAG,CATALOG_CANDIDATE,NONE
PAIR_2025_T37_Sen_Sen_20250712_20250817_36D,S1C_IW_SLC__1SDV_20250712T054901_20250712T054929_003183_006714_4883,S1C_IW_SLC__1SDV_20250817T054903_20250817T054930_003708_00768C_7E05,S1C_IW_GRDH_1SDV_20250712T054903_20250712T054928_003183_006714_6ECC,S1C_IW_GRDH_1SDV_20250817T054905_20250817T054930_003708_00768C_2D2E,twente,2025,37,Sentinel-1C,Sentinel-1C,2025-07-12,2025-08-17,36,VV+VH,PENDING_BURST_CHECK,PENDING_BURST_CHECK,0.972487,LONG_LAG,CATALOG_CANDIDATE,NONE
PAIR_2025_T37_Sen_Sen_20250712_20250829_48D,S1C_IW_SLC__1SDV_20250712T054901_20250712T054929_003183_006714_4883,S1C_IW_SLC__1SDV_20250829T054904_20250829T054931_003883_007BC8_10EA,S1C_IW_GRDH_1SDV_20250712T054903_20250712T054928_003183_006714_6ECC,S1C_IW_GRDH_1SDV_20250829T054905_20250829T054930_003883_007BC8_87C8,twente,2025,37,Sentinel-1C,Sentinel-1C,2025-07-12,2025-08-29,48,VV+VH,PENDING_BURST_CHECK,PENDING_BURST_CHECK,0.972487,LONG_LAG,CATALOG_CANDIDATE,NONE
PAIR_2025_T37_Sen_Sen_20250718_20250724_06D,S1A_IW_SLC__1SDV_20250718T055027_20250718T055054_060134_0778BE_F562,S1C_IW_SLC__1SDV_20250724T054902_20250724T054929_003358_006C29_8AD9,S1A_IW_GRDH_1SDV_20250718T055028_20250718T055053_060134_0778BE_81EA,S1C_IW_GRDH_1SDV_20250724T054904_20250724T054929_003358_006C29_5298,twente,2025,37,Sentinel-1A,Sentinel-1C,2025-07-18,2025-07-24,6,VV+VH,PENDING_BURST_CHECK,PENDING_BURST_CHECK,0.972949,REV_6D,CATALOG_CANDIDATE,NONE
PAIR_2025_T37_Sen_Sen_20250718_20250730_12D,S1A_IW_SLC__1SDV_20250718T055027_20250718T055054_060134_0778BE_F562,S1A_IW_SLC__1SDV_20250730T055026_20250730T055053_060309_077EBE_45C9,S1A_IW_GRDH_1SDV_20250718T055028_20250718T055053_060134_0778BE_81EA,S1A_IW_GRDH_1SDV_20250730T055028_20250730T055053_060309_077EBE_DDC6,twente,2025,37,Sentinel-1A,Sentinel-1A,2025-07-18,2025-07-30,12,VV+VH,PENDING_BURST_CHECK,PENDING_BURST_CHECK,1.000000,MAIN_12D,CATALOG_CANDIDATE,NONE
PAIR_2025_T37_Sen_Sen_20250718_20250805_18D,S1A_IW_SLC__1SDV_20250718T055027_20250718T055054_060134_0778BE_F562,S1C_IW_SLC__1SDV_20250805T054903_20250805T054930_003533_007149_7D80,S1A_IW_GRDH_1SDV_20250718T055028_20250718T055053_060134_0778BE_81EA,S1C_IW_GRDH_1SDV_20250805T054904_20250805T054929_003533_007149_52CF,twente,2025,37,Sentinel-1A,Sentinel-1C,2025-07-18,2025-08-05,18,VV+VH,PENDING_BURST_CHECK,PENDING_BURST_CHECK,0.973205,EXTRA_LAG,CATALOG_CANDIDATE,NONE
PAIR_2025_T37_Sen_Sen_20250718_20250823_36D,S1A_IW_SLC__1SDV_20250718T055027_20250718T055054_060134_0778BE_F562,S1A_IW_SLC__1SDV_20250823T055026_20250823T055054_060659_078C0E_E8E0,S1A_IW_GRDH_1SDV_20250718T055028_20250718T055053_060134_0778BE_81EA,S1A_IW_GRDH_1SDV_20250823T055028_20250823T055053_060659_078C0E_37D4,twente,2025,37,Sentinel-1A,Sentinel-1A,2025-07-18,2025-08-23,36,VV+VH,PENDING_BURST_CHECK,PENDING_BURST_CHECK,1.000000,LONG_LAG,CATALOG_CANDIDATE,NONE
PAIR_2025_T37_Sen_Sen_20250718_20250904_48D,S1A_IW_SLC__1SDV_20250718T055027_20250718T055054_060134_0778BE_F562,S1A_IW_SLC__1SDV_20250904T055026_20250904T055054_060834_0792F9_1F36,S1A_IW_GRDH_1SDV_20250718T055028_20250718T055053_060134_0778BE_81EA,S1A_IW_GRDH_1SDV_20250904T055028_20250904T055053_060834_0792F9_DE97,twente,2025,37,Sentinel-1A,Sentinel-1A,2025-07-18,2025-09-04,48,VV+VH,PENDING_BURST_CHECK,PENDING_BURST_CHECK,1.000000,LONG_LAG,CATALOG_CANDIDATE,NONE
PAIR_2025_T37_Sen_Sen_20250724_20250730_06D,S1C_IW_SLC__1SDV_20250724T054902_20250724T054929_003358_006C29_8AD9,S1A_IW_SLC__1SDV_20250730T055026_20250730T055053_060309_077EBE_45C9,S1C_IW_GRDH_1SDV_20250724T054904_20250724T054929_003358_006C29_5298,S1A_IW_GRDH_1SDV_20250730T055028_20250730T055053_060309_077EBE_DDC6,twente,2025,37,Sentinel-1C,Sentinel-1A,2025-07-24,2025-07-30,6,VV+VH,PENDING_BURST_CHECK,PENDING_BURST_CHECK,0.972949,REV_6D,CATALOG_CANDIDATE,NONE
PAIR_2025_T37_Sen_Sen_20250724_20250805_12D,S1C_IW_SLC__1SDV_20250724T054902_20250724T054929_003358_006C29_8AD9,S1C_IW_SLC__1SDV_20250805T054903_20250805T054930_003533_007149_7D80,S1C_IW_GRDH_1SDV_20250724T054904_20250724T054929_003358_006C29_5298,S1C_IW_GRDH_1SDV_20250805T054904_20250805T054929_003533_007149_52CF,twente,2025,37,Sentinel-1C,Sentinel-1C,2025-07-24,2025-08-05,12,VV+VH,PENDING_BURST_CHECK,PENDING_BURST_CHECK,0.972949,MAIN_12D,CATALOG_CANDIDATE,NONE
PAIR_2025_T37_Sen_Sen_20250724_20250817_24D,S1C_IW_SLC__1SDV_20250724T054902_20250724T054929_003358_006C29_8AD9,S1C_IW_SLC__1SDV_20250817T054903_20250817T054930_003708_00768C_7E05,S1C_IW_GRDH_1SDV_20250724T054904_20250724T054929_003358_006C29_5298,S1C_IW_GRDH_1SDV_20250817T054905_20250817T054930_003708_00768C_2D2E,twente,2025,37,Sentinel-1C,Sentinel-1C,2025-07-24,2025-08-17,24,VV+VH,PENDING_BURST_CHECK,PENDING_BURST_CHECK,0.972949,LONG_LAG,CATALOG_CANDIDATE,NONE
PAIR_2025_T37_Sen_Sen_20250724_20250829_36D,S1C_IW_SLC__1SDV_20250724T054902_20250724T054929_003358_006C29_8AD9,S1C_IW_SLC__1SDV_20250829T054904_20250829T054931_003883_007BC8_10EA,S1C_IW_GRDH_1SDV_20250724T054904_20250724T054929_003358_006C29_5298,S1C_IW_GRDH_1SDV_20250829T054905_20250829T054930_003883_007BC8_87C8,twente,2025,37,Sentinel-1C,Sentinel-1C,2025-07-24,2025-08-29,36,VV+VH,PENDING_BURST_CHECK,PENDING_BURST_CHECK,0.972949,LONG_LAG,CATALOG_CANDIDATE,NONE
PAIR_2025_T37_Sen_Sen_20250724_20250910_48D,S1C_IW_SLC__1SDV_20250724T054902_20250724T054929_003358_006C29_8AD9,S1C_IW_SLC__1SDV_20250910T054904_20250910T054932_004058_008114_689B,S1C_IW_GRDH_1SDV_20250724T054904_20250724T054929_003358_006C29_5298,S1C_IW_GRDH_1SDV_20250910T054906_20250910T054931_004058_008114_862B,twente,2025,37,Sentinel-1C,Sentinel-1C,2025-07-24,2025-09-10,48,VV+VH,PENDING_BURST_CHECK,PENDING_BURST_CHECK,0.972949,LONG_LAG,CATALOG_CANDIDATE,NONE
PAIR_2025_T37_Sen_Sen_20250730_20250805_06D,S1A_IW_SLC__1SDV_20250730T055026_20250730T055053_060309_077EBE_45C9,S1C_IW_SLC__1SDV_20250805T054903_20250805T054930_003533_007149_7D80,S1A_IW_GRDH_1SDV_20250730T055028_20250730T055053_060309_077EBE_DDC6,S1C_IW_GRDH_1SDV_20250805T054904_20250805T054929_003533_007149_52CF,twente,2025,37,Sentinel-1A,Sentinel-1C,2025-07-30,2025-08-05,6,VV+VH,PENDING_BURST_CHECK,PENDING_BURST_CHECK,0.973205,REV_6D,CATALOG_CANDIDATE,NONE
PAIR_2025_T37_Sen_Sen_20250730_20250817_18D,S1A_IW_SLC__1SDV_20250730T055026_20250730T055053_060309_077EBE_45C9,S1C_IW_SLC__1SDV_20250817T054903_20250817T054930_003708_00768C_7E05,S1A_IW_GRDH_1SDV_20250730T055028_20250730T055053_060309_077EBE_DDC6,S1C_IW_GRDH_1SDV_20250817T054905_20250817T054930_003708_00768C_2D2E,twente,2025,37,Sentinel-1A,Sentinel-1C,2025-07-30,2025-08-17,18,VV+VH,PENDING_BURST_CHECK,PENDING_BURST_CHECK,0.973642,EXTRA_LAG,CATALOG_CANDIDATE,NONE
PAIR_2025_T37_Sen_Sen_20250730_20250823_24D,S1A_IW_SLC__1SDV_20250730T055026_20250730T055053_060309_077EBE_45C9,S1A_IW_SLC__1SDV_20250823T055026_20250823T055054_060659_078C0E_E8E0,S1A_IW_GRDH_1SDV_20250730T055028_20250730T055053_060309_077EBE_DDC6,S1A_IW_GRDH_1SDV_20250823T055028_20250823T055053_060659_078C0E_37D4,twente,2025,37,Sentinel-1A,Sentinel-1A,2025-07-30,2025-08-23,24,VV+VH,PENDING_BURST_CHECK,PENDING_BURST_CHECK,1.000000,LONG_LAG,CATALOG_CANDIDATE,NONE
PAIR_2025_T37_Sen_Sen_20250730_20250904_36D,S1A_IW_SLC__1SDV_20250730T055026_20250730T055053_060309_077EBE_45C9,S1A_IW_SLC__1SDV_20250904T055026_20250904T055054_060834_0792F9_1F36,S1A_IW_GRDH_1SDV_20250730T055028_20250730T055053_060309_077EBE_DDC6,S1A_IW_GRDH_1SDV_20250904T055028_20250904T055053_060834_0792F9_DE97,twente,2025,37,Sentinel-1A,Sentinel-1A,2025-07-30,2025-09-04,36,VV+VH,PENDING_BURST_CHECK,PENDING_BURST_CHECK,1.000000,LONG_LAG,CATALOG_CANDIDATE,NONE
PAIR_2025_T37_Sen_Sen_20250730_20250916_48D,S1A_IW_SLC__1SDV_20250730T055026_20250730T055053_060309_077EBE_45C9,S1A_IW_SLC__1SDV_20250916T055027_20250916T055054_061009_0799FD_ED8A,S1A_IW_GRDH_1SDV_20250730T055028_20250730T055053_060309_077EBE_DDC6,S1A_IW_GRDH_1SDV_20250916T055028_20250916T055053_061009_0799FD_352F,twente,2025,37,Sentinel-1A,Sentinel-1A,2025-07-30,2025-09-16,48,VV+VH,PENDING_BURST_CHECK,PENDING_BURST_CHECK,1.000000,LONG_LAG,CATALOG_CANDIDATE,NONE
PAIR_2025_T37_Sen_Sen_20250805_20250817_12D,S1C_IW_SLC__1SDV_20250805T054903_20250805T054930_003533_007149_7D80,S1C_IW_SLC__1SDV_20250817T054903_20250817T054930_003708_00768C_7E05,S1C_IW_GRDH_1SDV_20250805T054904_20250805T054929_003533_007149_52CF,S1C_IW_GRDH_1SDV_20250817T054905_20250817T054930_003708_00768C_2D2E,twente,2025,37,Sentinel-1C,Sentinel-1C,2025-08-05,2025-08-17,12,VV+VH,PENDING_BURST_CHECK,PENDING_BURST_CHECK,0.973205,MAIN_12D,CATALOG_CANDIDATE,NONE
PAIR_2025_T37_Sen_Sen_20250805_20250823_18D,S1C_IW_SLC__1SDV_20250805T054903_20250805T054930_003533_007149_7D80,S1A_IW_SLC__1SDV_20250823T055026_20250823T055054_060659_078C0E_E8E0,S1C_IW_GRDH_1SDV_20250805T054904_20250805T054929_003533_007149_52CF,S1A_IW_GRDH_1SDV_20250823T055028_20250823T055053_060659_078C0E_37D4,twente,2025,37,Sentinel-1C,Sentinel-1A,2025-08-05,2025-08-23,18,VV+VH,PENDING_BURST_CHECK,PENDING_BURST_CHECK,0.973205,EXTRA_LAG,CATALOG_CANDIDATE,NONE
PAIR_2025_T37_Sen_Sen_20250805_20250829_24D,S1C_IW_SLC__1SDV_20250805T054903_20250805T054930_003533_007149_7D80,S1C_IW_SLC__1SDV_20250829T054904_20250829T054931_003883_007BC8_10EA,S1C_IW_GRDH_1SDV_20250805T054904_20250805T054929_003533_007149_52CF,S1C_IW_GRDH_1SDV_20250829T054905_20250829T054930_003883_007BC8_87C8,twente,2025,37,Sentinel-1C,Sentinel-1C,2025-08-05,2025-08-29,24,VV+VH,PENDING_BURST_CHECK,PENDING_BURST_CHECK,0.973205,LONG_LAG,CATALOG_CANDIDATE,NONE
PAIR_2025_T37_Sen_Sen_20250805_20250910_36D,S1C_IW_SLC__1SDV_20250805T054903_20250805T054930_003533_007149_7D80,S1C_IW_SLC__1SDV_20250910T054904_20250910T054932_004058_008114_689B,S1C_IW_GRDH_1SDV_20250805T054904_20250805T054929_003533_007149_52CF,S1C_IW_GRDH_1SDV_20250910T054906_20250910T054931_004058_008114_862B,twente,2025,37,Sentinel-1C,Sentinel-1C,2025-08-05,2025-09-10,36,VV+VH,PENDING_BURST_CHECK,PENDING_BURST_CHECK,0.973205,LONG_LAG,CATALOG_CANDIDATE,NONE
PAIR_2025_T37_Sen_Sen_20250805_20250922_48D,S1C_IW_SLC__1SDV_20250805T054903_20250805T054930_003533_007149_7D80,S1C_IW_SLC__1SDV_20250922T054905_20250922T054932_004233_008663_1F6A,S1C_IW_GRDH_1SDV_20250805T054904_20250805T054929_003533_007149_52CF,S1C_IW_GRDH_1SDV_20250922T054906_20250922T054931_004233_008663_42B5,twente,2025,37,Sentinel-1C,Sentinel-1C,2025-08-05,2025-09-22,48,VV+VH,PENDING_BURST_CHECK,PENDING_BURST_CHECK,0.973205,LONG_LAG,CATALOG_CANDIDATE,NONE
PAIR_2025_T37_Sen_Sen_20250817_20250823_06D,S1C_IW_SLC__1SDV_20250817T054903_20250817T054930_003708_00768C_7E05,S1A_IW_SLC__1SDV_20250823T055026_20250823T055054_060659_078C0E_E8E0,S1C_IW_GRDH_1SDV_20250817T054905_20250817T054930_003708_00768C_2D2E,S1A_IW_GRDH_1SDV_20250823T055028_20250823T055053_060659_078C0E_37D4,twente,2025,37,Sentinel-1C,Sentinel-1A,2025-08-17,2025-08-23,6,VV+VH,PENDING_BURST_CHECK,PENDING_BURST_CHECK,0.973642,REV_6D,CATALOG_CANDIDATE,NONE
PAIR_2025_T37_Sen_Sen_20250817_20250829_12D,S1C_IW_SLC__1SDV_20250817T054903_20250817T054930_003708_00768C_7E05,S1C_IW_SLC__1SDV_20250829T054904_20250829T054931_003883_007BC8_10EA,S1C_IW_GRDH_1SDV_20250817T054905_20250817T054930_003708_00768C_2D2E,S1C_IW_GRDH_1SDV_20250829T054905_20250829T054930_003883_007BC8_87C8,twente,2025,37,Sentinel-1C,Sentinel-1C,2025-08-17,2025-08-29,12,VV+VH,PENDING_BURST_CHECK,PENDING_BURST_CHECK,0.973642,MAIN_12D,CATALOG_CANDIDATE,NONE
PAIR_2025_T37_Sen_Sen_20250817_20250904_18D,S1C_IW_SLC__1SDV_20250817T054903_20250817T054930_003708_00768C_7E05,S1A_IW_SLC__1SDV_20250904T055026_20250904T055054_060834_0792F9_1F36,S1C_IW_GRDH_1SDV_20250817T054905_20250817T054930_003708_00768C_2D2E,S1A_IW_GRDH_1SDV_20250904T055028_20250904T055053_060834_0792F9_DE97,twente,2025,37,Sentinel-1C,Sentinel-1A,2025-08-17,2025-09-04,18,VV+VH,PENDING_BURST_CHECK,PENDING_BURST_CHECK,0.973642,EXTRA_LAG,CATALOG_CANDIDATE,NONE
PAIR_2025_T37_Sen_Sen_20250817_20250910_24D,S1C_IW_SLC__1SDV_20250817T054903_20250817T054930_003708_00768C_7E05,S1C_IW_SLC__1SDV_20250910T054904_20250910T054932_004058_008114_689B,S1C_IW_GRDH_1SDV_20250817T054905_20250817T054930_003708_00768C_2D2E,S1C_IW_GRDH_1SDV_20250910T054906_20250910T054931_004058_008114_862B,twente,2025,37,Sentinel-1C,Sentinel-1C,2025-08-17,2025-09-10,24,VV+VH,PENDING_BURST_CHECK,PENDING_BURST_CHECK,0.973642,LONG_LAG,CATALOG_CANDIDATE,NONE
PAIR_2025_T37_Sen_Sen_20250817_20250922_36D,S1C_IW_SLC__1SDV_20250817T054903_20250817T054930_003708_00768C_7E05,S1C_IW_SLC__1SDV_20250922T054905_20250922T054932_004233_008663_1F6A,S1C_IW_GRDH_1SDV_20250817T054905_20250817T054930_003708_00768C_2D2E,S1C_IW_GRDH_1SDV_20250922T054906_20250922T054931_004233_008663_42B5,twente,2025,37,Sentinel-1C,Sentinel-1C,2025-08-17,2025-09-22,36,VV+VH,PENDING_BURST_CHECK,PENDING_BURST_CHECK,0.973642,LONG_LAG,CATALOG_CANDIDATE,NONE
PAIR_2025_T37_Sen_Sen_20250817_20251004_48D,S1C_IW_SLC__1SDV_20250817T054903_20250817T054930_003708_00768C_7E05,S1C_IW_SLC__1SDV_20251004T054905_20251004T054932_004408_008BBA_4009,S1C_IW_GRDH_1SDV_20250817T054905_20250817T054930_003708_00768C_2D2E,S1C_IW_GRDH_1SDV_20251004T054906_20251004T054931_004408_008BBA_2E56,twente,2025,37,Sentinel-1C,Sentinel-1C,2025-08-17,2025-10-04,48,VV+VH,PENDING_BURST_CHECK,PENDING_BURST_CHECK,0.973642,LONG_LAG,CATALOG_CANDIDATE,NONE
PAIR_2025_T37_Sen_Sen_20250823_20250829_06D,S1A_IW_SLC__1SDV_20250823T055026_20250823T055054_060659_078C0E_E8E0,S1C_IW_SLC__1SDV_20250829T054904_20250829T054931_003883_007BC8_10EA,S1A_IW_GRDH_1SDV_20250823T055028_20250823T055053_060659_078C0E_37D4,S1C_IW_GRDH_1SDV_20250829T054905_20250829T054930_003883_007BC8_87C8,twente,2025,37,Sentinel-1A,Sentinel-1C,2025-08-23,2025-08-29,6,VV+VH,PENDING_BURST_CHECK,PENDING_BURST_CHECK,0.973713,REV_6D,CATALOG_CANDIDATE,NONE
PAIR_2025_T37_Sen_Sen_20250823_20250904_12D,S1A_IW_SLC__1SDV_20250823T055026_20250823T055054_060659_078C0E_E8E0,S1A_IW_SLC__1SDV_20250904T055026_20250904T055054_060834_0792F9_1F36,S1A_IW_GRDH_1SDV_20250823T055028_20250823T055053_060659_078C0E_37D4,S1A_IW_GRDH_1SDV_20250904T055028_20250904T055053_060834_0792F9_DE97,twente,2025,37,Sentinel-1A,Sentinel-1A,2025-08-23,2025-09-04,12,VV+VH,PENDING_BURST_CHECK,PENDING_BURST_CHECK,1.000000,MAIN_12D,CATALOG_CANDIDATE,NONE
PAIR_2025_T37_Sen_Sen_20250823_20250910_18D,S1A_IW_SLC__1SDV_20250823T055026_20250823T055054_060659_078C0E_E8E0,S1C_IW_SLC__1SDV_20250910T054904_20250910T054932_004058_008114_689B,S1A_IW_GRDH_1SDV_20250823T055028_20250823T055053_060659_078C0E_37D4,S1C_IW_GRDH_1SDV_20250910T054906_20250910T054931_004058_008114_862B,twente,2025,37,Sentinel-1A,Sentinel-1C,2025-08-23,2025-09-10,18,VV+VH,PENDING_BURST_CHECK,PENDING_BURST_CHECK,0.973648,EXTRA_LAG,CATALOG_CANDIDATE,NONE
PAIR_2025_T37_Sen_Sen_20250823_20250916_24D,S1A_IW_SLC__1SDV_20250823T055026_20250823T055054_060659_078C0E_E8E0,S1A_IW_SLC__1SDV_20250916T055027_20250916T055054_061009_0799FD_ED8A,S1A_IW_GRDH_1SDV_20250823T055028_20250823T055053_060659_078C0E_37D4,S1A_IW_GRDH_1SDV_20250916T055028_20250916T055053_061009_0799FD_352F,twente,2025,37,Sentinel-1A,Sentinel-1A,2025-08-23,2025-09-16,24,VV+VH,PENDING_BURST_CHECK,PENDING_BURST_CHECK,1.000000,LONG_LAG,CATALOG_CANDIDATE,NONE
PAIR_2025_T37_Sen_Sen_20250823_20250928_36D,S1A_IW_SLC__1SDV_20250823T055026_20250823T055054_060659_078C0E_E8E0,S1A_IW_SLC__1SDV_20250928T055027_20250928T055054_061184_07A103_87F2,S1A_IW_GRDH_1SDV_20250823T055028_20250823T055053_060659_078C0E_37D4,S1A_IW_GRDH_1SDV_20250928T055028_20250928T055053_061184_07A103_042E,twente,2025,37,Sentinel-1A,Sentinel-1A,2025-08-23,2025-09-28,36,VV+VH,PENDING_BURST_CHECK,PENDING_BURST_CHECK,1.000000,LONG_LAG,CATALOG_CANDIDATE,NONE
PAIR_2025_T37_Sen_Sen_20250823_20251010_48D,S1A_IW_SLC__1SDV_20250823T055026_20250823T055054_060659_078C0E_E8E0,S1A_IW_SLC__1SDV_20251010T055028_20251010T055055_061359_07A813_373E,S1A_IW_GRDH_1SDV_20250823T055028_20250823T055053_060659_078C0E_37D4,S1A_IW_GRDH_1SDV_20251010T055029_20251010T055054_061359_07A813_ABBC,twente,2025,37,Sentinel-1A,Sentinel-1A,2025-08-23,2025-10-10,48,VV+VH,PENDING_BURST_CHECK,PENDING_BURST_CHECK,1.000000,LONG_LAG,CATALOG_CANDIDATE,NONE
PAIR_2025_T37_Sen_Sen_20250829_20250904_06D,S1C_IW_SLC__1SDV_20250829T054904_20250829T054931_003883_007BC8_10EA,S1A_IW_SLC__1SDV_20250904T055026_20250904T055054_060834_0792F9_1F36,S1C_IW_GRDH_1SDV_20250829T054905_20250829T054930_003883_007BC8_87C8,S1A_IW_GRDH_1SDV_20250904T055028_20250904T055053_060834_0792F9_DE97,twente,2025,37,Sentinel-1C,Sentinel-1A,2025-08-29,2025-09-04,6,VV+VH,PENDING_BURST_CHECK,PENDING_BURST_CHECK,0.973713,REV_6D,CATALOG_CANDIDATE,NONE
PAIR_2025_T37_Sen_Sen_20250829_20250910_12D,S1C_IW_SLC__1SDV_20250829T054904_20250829T054931_003883_007BC8_10EA,S1C_IW_SLC__1SDV_20250910T054904_20250910T054932_004058_008114_689B,S1C_IW_GRDH_1SDV_20250829T054905_20250829T054930_003883_007BC8_87C8,S1C_IW_GRDH_1SDV_20250910T054906_20250910T054931_004058_008114_862B,twente,2025,37,Sentinel-1C,Sentinel-1C,2025-08-29,2025-09-10,12,VV+VH,PENDING_BURST_CHECK,PENDING_BURST_CHECK,0.973648,MAIN_12D,CATALOG_CANDIDATE,NONE
PAIR_2025_T37_Sen_Sen_20250829_20250916_18D,S1C_IW_SLC__1SDV_20250829T054904_20250829T054931_003883_007BC8_10EA,S1A_IW_SLC__1SDV_20250916T055027_20250916T055054_061009_0799FD_ED8A,S1C_IW_GRDH_1SDV_20250829T054905_20250829T054930_003883_007BC8_87C8,S1A_IW_GRDH_1SDV_20250916T055028_20250916T055053_061009_0799FD_352F,twente,2025,37,Sentinel-1C,Sentinel-1A,2025-08-29,2025-09-16,18,VV+VH,PENDING_BURST_CHECK,PENDING_BURST_CHECK,0.973713,EXTRA_LAG,CATALOG_CANDIDATE,NONE
PAIR_2025_T37_Sen_Sen_20250829_20250922_24D,S1C_IW_SLC__1SDV_20250829T054904_20250829T054931_003883_007BC8_10EA,S1C_IW_SLC__1SDV_20250922T054905_20250922T054932_004233_008663_1F6A,S1C_IW_GRDH_1SDV_20250829T054905_20250829T054930_003883_007BC8_87C8,S1C_IW_GRDH_1SDV_20250922T054906_20250922T054931_004233_008663_42B5,twente,2025,37,Sentinel-1C,Sentinel-1C,2025-08-29,2025-09-22,24,VV+VH,PENDING_BURST_CHECK,PENDING_BURST_CHECK,0.973649,LONG_LAG,CATALOG_CANDIDATE,NONE
PAIR_2025_T37_Sen_Sen_20250829_20251004_36D,S1C_IW_SLC__1SDV_20250829T054904_20250829T054931_003883_007BC8_10EA,S1C_IW_SLC__1SDV_20251004T054905_20251004T054932_004408_008BBA_4009,S1C_IW_GRDH_1SDV_20250829T054905_20250829T054930_003883_007BC8_87C8,S1C_IW_GRDH_1SDV_20251004T054906_20251004T054931_004408_008BBA_2E56,twente,2025,37,Sentinel-1C,Sentinel-1C,2025-08-29,2025-10-04,36,VV+VH,PENDING_BURST_CHECK,PENDING_BURST_CHECK,0.973713,LONG_LAG,CATALOG_CANDIDATE,NONE
PAIR_2025_T37_Sen_Sen_20250829_20251016_48D,S1C_IW_SLC__1SDV_20250829T054904_20250829T054931_003883_007BC8_10EA,S1C_IW_SLC__1SDV_20251016T054905_20251016T054932_004583_009104_59B3,S1C_IW_GRDH_1SDV_20250829T054905_20250829T054930_003883_007BC8_87C8,S1C_IW_GRDH_1SDV_20251016T054906_20251016T054931_004583_009104_9116,twente,2025,37,Sentinel-1C,Sentinel-1C,2025-08-29,2025-10-16,48,VV+VH,PENDING_BURST_CHECK,PENDING_BURST_CHECK,0.973713,LONG_LAG,CATALOG_CANDIDATE,NONE
PAIR_2025_T37_Sen_Sen_20250904_20250910_06D,S1A_IW_SLC__1SDV_20250904T055026_20250904T055054_060834_0792F9_1F36,S1C_IW_SLC__1SDV_20250910T054904_20250910T054932_004058_008114_689B,S1A_IW_GRDH_1SDV_20250904T055028_20250904T055053_060834_0792F9_DE97,S1C_IW_GRDH_1SDV_20250910T054906_20250910T054931_004058_008114_862B,twente,2025,37,Sentinel-1A,Sentinel-1C,2025-09-04,2025-09-10,6,VV+VH,PENDING_BURST_CHECK,PENDING_BURST_CHECK,0.973648,REV_6D,CATALOG_CANDIDATE,NONE
PAIR_2025_T37_Sen_Sen_20250904_20250916_12D,S1A_IW_SLC__1SDV_20250904T055026_20250904T055054_060834_0792F9_1F36,S1A_IW_SLC__1SDV_20250916T055027_20250916T055054_061009_0799FD_ED8A,S1A_IW_GRDH_1SDV_20250904T055028_20250904T055053_060834_0792F9_DE97,S1A_IW_GRDH_1SDV_20250916T055028_20250916T055053_061009_0799FD_352F,twente,2025,37,Sentinel-1A,Sentinel-1A,2025-09-04,2025-09-16,12,VV+VH,PENDING_BURST_CHECK,PENDING_BURST_CHECK,1.000000,MAIN_12D,CATALOG_CANDIDATE,NONE
PAIR_2025_T37_Sen_Sen_20250904_20250922_18D,S1A_IW_SLC__1SDV_20250904T055026_20250904T055054_060834_0792F9_1F36,S1C_IW_SLC__1SDV_20250922T054905_20250922T054932_004233_008663_1F6A,S1A_IW_GRDH_1SDV_20250904T055028_20250904T055053_060834_0792F9_DE97,S1C_IW_GRDH_1SDV_20250922T054906_20250922T054931_004233_008663_42B5,twente,2025,37,Sentinel-1A,Sentinel-1C,2025-09-04,2025-09-22,18,VV+VH,PENDING_BURST_CHECK,PENDING_BURST_CHECK,0.973649,EXTRA_LAG,CATALOG_CANDIDATE,NONE
PAIR_2025_T37_Sen_Sen_20250904_20250928_24D,S1A_IW_SLC__1SDV_20250904T055026_20250904T055054_060834_0792F9_1F36,S1A_IW_SLC__1SDV_20250928T055027_20250928T055054_061184_07A103_87F2,S1A_IW_GRDH_1SDV_20250904T055028_20250904T055053_060834_0792F9_DE97,S1A_IW_GRDH_1SDV_20250928T055028_20250928T055053_061184_07A103_042E,twente,2025,37,Sentinel-1A,Sentinel-1A,2025-09-04,2025-09-28,24,VV+VH,PENDING_BURST_CHECK,PENDING_BURST_CHECK,1.000000,LONG_LAG,CATALOG_CANDIDATE,NONE
PAIR_2025_T37_Sen_Sen_20250904_20251010_36D,S1A_IW_SLC__1SDV_20250904T055026_20250904T055054_060834_0792F9_1F36,S1A_IW_SLC__1SDV_20251010T055028_20251010T055055_061359_07A813_373E,S1A_IW_GRDH_1SDV_20250904T055028_20250904T055053_060834_0792F9_DE97,S1A_IW_GRDH_1SDV_20251010T055029_20251010T055054_061359_07A813_ABBC,twente,2025,37,Sentinel-1A,Sentinel-1A,2025-09-04,2025-10-10,36,VV+VH,PENDING_BURST_CHECK,PENDING_BURST_CHECK,1.000000,LONG_LAG,CATALOG_CANDIDATE,NONE
PAIR_2025_T37_Sen_Sen_20250904_20251022_48D,S1A_IW_SLC__1SDV_20250904T055026_20250904T055054_060834_0792F9_1F36,S1A_IW_SLC__1SDV_20251022T055027_20251022T055054_061534_07AF1F_D45D,S1A_IW_GRDH_1SDV_20250904T055028_20250904T055053_060834_0792F9_DE97,S1A_IW_GRDH_1SDV_20251022T055028_20251022T055053_061534_07AF1F_8E96,twente,2025,37,Sentinel-1A,Sentinel-1A,2025-09-04,2025-10-22,48,VV+VH,PENDING_BURST_CHECK,PENDING_BURST_CHECK,1.000000,LONG_LAG,CATALOG_CANDIDATE,NONE
PAIR_2025_T37_Sen_Sen_20250910_20250916_06D,S1C_IW_SLC__1SDV_20250910T054904_20250910T054932_004058_008114_689B,S1A_IW_SLC__1SDV_20250916T055027_20250916T055054_061009_0799FD_ED8A,S1C_IW_GRDH_1SDV_20250910T054906_20250910T054931_004058_008114_862B,S1A_IW_GRDH_1SDV_20250916T055028_20250916T055053_061009_0799FD_352F,twente,2025,37,Sentinel-1C,Sentinel-1A,2025-09-10,2025-09-16,6,VV+VH,PENDING_BURST_CHECK,PENDING_BURST_CHECK,0.973648,REV_6D,CATALOG_CANDIDATE,NONE
PAIR_2025_T37_Sen_Sen_20250910_20250922_12D,S1C_IW_SLC__1SDV_20250910T054904_20250910T054932_004058_008114_689B,S1C_IW_SLC__1SDV_20250922T054905_20250922T054932_004233_008663_1F6A,S1C_IW_GRDH_1SDV_20250910T054906_20250910T054931_004058_008114_862B,S1C_IW_GRDH_1SDV_20250922T054906_20250922T054931_004233_008663_42B5,twente,2025,37,Sentinel-1C,Sentinel-1C,2025-09-10,2025-09-22,12,VV+VH,PENDING_BURST_CHECK,PENDING_BURST_CHECK,0.973648,MAIN_12D,CATALOG_CANDIDATE,NONE
PAIR_2025_T37_Sen_Sen_20250910_20250928_18D,S1C_IW_SLC__1SDV_20250910T054904_20250910T054932_004058_008114_689B,S1A_IW_SLC__1SDV_20250928T055027_20250928T055054_061184_07A103_87F2,S1C_IW_GRDH_1SDV_20250910T054906_20250910T054931_004058_008114_862B,S1A_IW_GRDH_1SDV_20250928T055028_20250928T055053_061184_07A103_042E,twente,2025,37,Sentinel-1C,Sentinel-1A,2025-09-10,2025-09-28,18,VV+VH,PENDING_BURST_CHECK,PENDING_BURST_CHECK,0.973648,EXTRA_LAG,CATALOG_CANDIDATE,NONE
PAIR_2025_T37_Sen_Sen_20250910_20251004_24D,S1C_IW_SLC__1SDV_20250910T054904_20250910T054932_004058_008114_689B,S1C_IW_SLC__1SDV_20251004T054905_20251004T054932_004408_008BBA_4009,S1C_IW_GRDH_1SDV_20250910T054906_20250910T054931_004058_008114_862B,S1C_IW_GRDH_1SDV_20251004T054906_20251004T054931_004408_008BBA_2E56,twente,2025,37,Sentinel-1C,Sentinel-1C,2025-09-10,2025-10-04,24,VV+VH,PENDING_BURST_CHECK,PENDING_BURST_CHECK,0.973648,LONG_LAG,CATALOG_CANDIDATE,NONE
PAIR_2025_T37_Sen_Sen_20250910_20251016_36D,S1C_IW_SLC__1SDV_20250910T054904_20250910T054932_004058_008114_689B,S1C_IW_SLC__1SDV_20251016T054905_20251016T054932_004583_009104_59B3,S1C_IW_GRDH_1SDV_20250910T054906_20250910T054931_004058_008114_862B,S1C_IW_GRDH_1SDV_20251016T054906_20251016T054931_004583_009104_9116,twente,2025,37,Sentinel-1C,Sentinel-1C,2025-09-10,2025-10-16,36,VV+VH,PENDING_BURST_CHECK,PENDING_BURST_CHECK,0.973648,LONG_LAG,CATALOG_CANDIDATE,NONE
PAIR_2025_T37_Sen_Sen_20250910_20251028_48D,S1C_IW_SLC__1SDV_20250910T054904_20250910T054932_004058_008114_689B,S1C_IW_SLC__1SDV_20251028T054905_20251028T054932_004758_00964F_D50B,S1C_IW_GRDH_1SDV_20250910T054906_20250910T054931_004058_008114_862B,S1C_IW_GRDH_1SDV_20251028T054906_20251028T054931_004758_00964F_A4FE,twente,2025,37,Sentinel-1C,Sentinel-1C,2025-09-10,2025-10-28,48,VV+VH,PENDING_BURST_CHECK,PENDING_BURST_CHECK,0.973648,LONG_LAG,CATALOG_CANDIDATE,NONE
PAIR_2025_T37_Sen_Sen_20250916_20250922_06D,S1A_IW_SLC__1SDV_20250916T055027_20250916T055054_061009_0799FD_ED8A,S1C_IW_SLC__1SDV_20250922T054905_20250922T054932_004233_008663_1F6A,S1A_IW_GRDH_1SDV_20250916T055028_20250916T055053_061009_0799FD_352F,S1C_IW_GRDH_1SDV_20250922T054906_20250922T054931_004233_008663_42B5,twente,2025,37,Sentinel-1A,Sentinel-1C,2025-09-16,2025-09-22,6,VV+VH,PENDING_BURST_CHECK,PENDING_BURST_CHECK,0.973649,REV_6D,CATALOG_CANDIDATE,NONE
PAIR_2025_T37_Sen_Sen_20250916_20250928_12D,S1A_IW_SLC__1SDV_20250916T055027_20250916T055054_061009_0799FD_ED8A,S1A_IW_SLC__1SDV_20250928T055027_20250928T055054_061184_07A103_87F2,S1A_IW_GRDH_1SDV_20250916T055028_20250916T055053_061009_0799FD_352F,S1A_IW_GRDH_1SDV_20250928T055028_20250928T055053_061184_07A103_042E,twente,2025,37,Sentinel-1A,Sentinel-1A,2025-09-16,2025-09-28,12,VV+VH,PENDING_BURST_CHECK,PENDING_BURST_CHECK,1.000000,MAIN_12D,CATALOG_CANDIDATE,NONE
PAIR_2025_T37_Sen_Sen_20250916_20251004_18D,S1A_IW_SLC__1SDV_20250916T055027_20250916T055054_061009_0799FD_ED8A,S1C_IW_SLC__1SDV_20251004T054905_20251004T054932_004408_008BBA_4009,S1A_IW_GRDH_1SDV_20250916T055028_20250916T055053_061009_0799FD_352F,S1C_IW_GRDH_1SDV_20251004T054906_20251004T054931_004408_008BBA_2E56,twente,2025,37,Sentinel-1A,Sentinel-1C,2025-09-16,2025-10-04,18,VV+VH,PENDING_BURST_CHECK,PENDING_BURST_CHECK,0.973973,EXTRA_LAG,CATALOG_CANDIDATE,NONE
PAIR_2025_T37_Sen_Sen_20250916_20251010_24D,S1A_IW_SLC__1SDV_20250916T055027_20250916T055054_061009_0799FD_ED8A,S1A_IW_SLC__1SDV_20251010T055028_20251010T055055_061359_07A813_373E,S1A_IW_GRDH_1SDV_20250916T055028_20250916T055053_061009_0799FD_352F,S1A_IW_GRDH_1SDV_20251010T055029_20251010T055054_061359_07A813_ABBC,twente,2025,37,Sentinel-1A,Sentinel-1A,2025-09-16,2025-10-10,24,VV+VH,PENDING_BURST_CHECK,PENDING_BURST_CHECK,1.000000,LONG_LAG,CATALOG_CANDIDATE,NONE
PAIR_2025_T37_Sen_Sen_20250916_20251022_36D,S1A_IW_SLC__1SDV_20250916T055027_20250916T055054_061009_0799FD_ED8A,S1A_IW_SLC__1SDV_20251022T055027_20251022T055054_061534_07AF1F_D45D,S1A_IW_GRDH_1SDV_20250916T055028_20250916T055053_061009_0799FD_352F,S1A_IW_GRDH_1SDV_20251022T055028_20251022T055053_061534_07AF1F_8E96,twente,2025,37,Sentinel-1A,Sentinel-1A,2025-09-16,2025-10-22,36,VV+VH,PENDING_BURST_CHECK,PENDING_BURST_CHECK,1.000000,LONG_LAG,CATALOG_CANDIDATE,NONE
PAIR_2025_T37_Sen_Sen_20250922_20250928_06D,S1C_IW_SLC__1SDV_20250922T054905_20250922T054932_004233_008663_1F6A,S1A_IW_SLC__1SDV_20250928T055027_20250928T055054_061184_07A103_87F2,S1C_IW_GRDH_1SDV_20250922T054906_20250922T054931_004233_008663_42B5,S1A_IW_GRDH_1SDV_20250928T055028_20250928T055053_061184_07A103_042E,twente,2025,37,Sentinel-1C,Sentinel-1A,2025-09-22,2025-09-28,6,VV+VH,PENDING_BURST_CHECK,PENDING_BURST_CHECK,0.973649,REV_6D,CATALOG_CANDIDATE,NONE
PAIR_2025_T37_Sen_Sen_20250922_20251004_12D,S1C_IW_SLC__1SDV_20250922T054905_20250922T054932_004233_008663_1F6A,S1C_IW_SLC__1SDV_20251004T054905_20251004T054932_004408_008BBA_4009,S1C_IW_GRDH_1SDV_20250922T054906_20250922T054931_004233_008663_42B5,S1C_IW_GRDH_1SDV_20251004T054906_20251004T054931_004408_008BBA_2E56,twente,2025,37,Sentinel-1C,Sentinel-1C,2025-09-22,2025-10-04,12,VV+VH,PENDING_BURST_CHECK,PENDING_BURST_CHECK,0.973649,MAIN_12D,CATALOG_CANDIDATE,NONE
PAIR_2025_T37_Sen_Sen_20250922_20251010_18D,S1C_IW_SLC__1SDV_20250922T054905_20250922T054932_004233_008663_1F6A,S1A_IW_SLC__1SDV_20251010T055028_20251010T055055_061359_07A813_373E,S1C_IW_GRDH_1SDV_20250922T054906_20250922T054931_004233_008663_42B5,S1A_IW_GRDH_1SDV_20251010T055029_20251010T055054_061359_07A813_ABBC,twente,2025,37,Sentinel-1C,Sentinel-1A,2025-09-22,2025-10-10,18,VV+VH,PENDING_BURST_CHECK,PENDING_BURST_CHECK,0.973649,EXTRA_LAG,CATALOG_CANDIDATE,NONE
PAIR_2025_T37_Sen_Sen_20250922_20251016_24D,S1C_IW_SLC__1SDV_20250922T054905_20250922T054932_004233_008663_1F6A,S1C_IW_SLC__1SDV_20251016T054905_20251016T054932_004583_009104_59B3,S1C_IW_GRDH_1SDV_20250922T054906_20250922T054931_004233_008663_42B5,S1C_IW_GRDH_1SDV_20251016T054906_20251016T054931_004583_009104_9116,twente,2025,37,Sentinel-1C,Sentinel-1C,2025-09-22,2025-10-16,24,VV+VH,PENDING_BURST_CHECK,PENDING_BURST_CHECK,0.973649,LONG_LAG,CATALOG_CANDIDATE,NONE
PAIR_2025_T37_Sen_Sen_20250922_20251028_36D,S1C_IW_SLC__1SDV_20250922T054905_20250922T054932_004233_008663_1F6A,S1C_IW_SLC__1SDV_20251028T054905_20251028T054932_004758_00964F_D50B,S1C_IW_GRDH_1SDV_20250922T054906_20250922T054931_004233_008663_42B5,S1C_IW_GRDH_1SDV_20251028T054906_20251028T054931_004758_00964F_A4FE,twente,2025,37,Sentinel-1C,Sentinel-1C,2025-09-22,2025-10-28,36,VV+VH,PENDING_BURST_CHECK,PENDING_BURST_CHECK,0.973649,LONG_LAG,CATALOG_CANDIDATE,NONE
PAIR_2025_T37_Sen_Sen_20250928_20251004_06D,S1A_IW_SLC__1SDV_20250928T055027_20250928T055054_061184_07A103_87F2,S1C_IW_SLC__1SDV_20251004T054905_20251004T054932_004408_008BBA_4009,S1A_IW_GRDH_1SDV_20250928T055028_20250928T055053_061184_07A103_042E,S1C_IW_GRDH_1SDV_20251004T054906_20251004T054931_004408_008BBA_2E56,twente,2025,37,Sentinel-1A,Sentinel-1C,2025-09-28,2025-10-04,6,VV+VH,PENDING_BURST_CHECK,PENDING_BURST_CHECK,0.973973,REV_6D,CATALOG_CANDIDATE,NONE
PAIR_2025_T37_Sen_Sen_20250928_20251010_12D,S1A_IW_SLC__1SDV_20250928T055027_20250928T055054_061184_07A103_87F2,S1A_IW_SLC__1SDV_20251010T055028_20251010T055055_061359_07A813_373E,S1A_IW_GRDH_1SDV_20250928T055028_20250928T055053_061184_07A103_042E,S1A_IW_GRDH_1SDV_20251010T055029_20251010T055054_061359_07A813_ABBC,twente,2025,37,Sentinel-1A,Sentinel-1A,2025-09-28,2025-10-10,12,VV+VH,PENDING_BURST_CHECK,PENDING_BURST_CHECK,1.000000,MAIN_12D,CATALOG_CANDIDATE,NONE
PAIR_2025_T37_Sen_Sen_20250928_20251016_18D,S1A_IW_SLC__1SDV_20250928T055027_20250928T055054_061184_07A103_87F2,S1C_IW_SLC__1SDV_20251016T054905_20251016T054932_004583_009104_59B3,S1A_IW_GRDH_1SDV_20250928T055028_20250928T055053_061184_07A103_042E,S1C_IW_GRDH_1SDV_20251016T054906_20251016T054931_004583_009104_9116,twente,2025,37,Sentinel-1A,Sentinel-1C,2025-09-28,2025-10-16,18,VV+VH,PENDING_BURST_CHECK,PENDING_BURST_CHECK,0.973869,EXTRA_LAG,CATALOG_CANDIDATE,NONE
PAIR_2025_T37_Sen_Sen_20250928_20251022_24D,S1A_IW_SLC__1SDV_20250928T055027_20250928T055054_061184_07A103_87F2,S1A_IW_SLC__1SDV_20251022T055027_20251022T055054_061534_07AF1F_D45D,S1A_IW_GRDH_1SDV_20250928T055028_20250928T055053_061184_07A103_042E,S1A_IW_GRDH_1SDV_20251022T055028_20251022T055053_061534_07AF1F_8E96,twente,2025,37,Sentinel-1A,Sentinel-1A,2025-09-28,2025-10-22,24,VV+VH,PENDING_BURST_CHECK,PENDING_BURST_CHECK,1.000000,LONG_LAG,CATALOG_CANDIDATE,NONE
PAIR_2025_T37_Sen_Sen_20251004_20251010_06D,S1C_IW_SLC__1SDV_20251004T054905_20251004T054932_004408_008BBA_4009,S1A_IW_SLC__1SDV_20251010T055028_20251010T055055_061359_07A813_373E,S1C_IW_GRDH_1SDV_20251004T054906_20251004T054931_004408_008BBA_2E56,S1A_IW_GRDH_1SDV_20251010T055029_20251010T055054_061359_07A813_ABBC,twente,2025,37,Sentinel-1C,Sentinel-1A,2025-10-04,2025-10-10,6,VV+VH,PENDING_BURST_CHECK,PENDING_BURST_CHECK,0.973973,REV_6D,CATALOG_CANDIDATE,NONE
PAIR_2025_T37_Sen_Sen_20251004_20251016_12D,S1C_IW_SLC__1SDV_20251004T054905_20251004T054932_004408_008BBA_4009,S1C_IW_SLC__1SDV_20251016T054905_20251016T054932_004583_009104_59B3,S1C_IW_GRDH_1SDV_20251004T054906_20251004T054931_004408_008BBA_2E56,S1C_IW_GRDH_1SDV_20251016T054906_20251016T054931_004583_009104_9116,twente,2025,37,Sentinel-1C,Sentinel-1C,2025-10-04,2025-10-16,12,VV+VH,PENDING_BURST_CHECK,PENDING_BURST_CHECK,0.973869,MAIN_12D,CATALOG_CANDIDATE,NONE
PAIR_2025_T37_Sen_Sen_20251004_20251022_18D,S1C_IW_SLC__1SDV_20251004T054905_20251004T054932_004408_008BBA_4009,S1A_IW_SLC__1SDV_20251022T055027_20251022T055054_061534_07AF1F_D45D,S1C_IW_GRDH_1SDV_20251004T054906_20251004T054931_004408_008BBA_2E56,S1A_IW_GRDH_1SDV_20251022T055028_20251022T055053_061534_07AF1F_8E96,twente,2025,37,Sentinel-1C,Sentinel-1A,2025-10-04,2025-10-22,18,VV+VH,PENDING_BURST_CHECK,PENDING_BURST_CHECK,0.973973,EXTRA_LAG,CATALOG_CANDIDATE,NONE
PAIR_2025_T37_Sen_Sen_20251004_20251028_24D,S1C_IW_SLC__1SDV_20251004T054905_20251004T054932_004408_008BBA_4009,S1C_IW_SLC__1SDV_20251028T054905_20251028T054932_004758_00964F_D50B,S1C_IW_GRDH_1SDV_20251004T054906_20251004T054931_004408_008BBA_2E56,S1C_IW_GRDH_1SDV_20251028T054906_20251028T054931_004758_00964F_A4FE,twente,2025,37,Sentinel-1C,Sentinel-1C,2025-10-04,2025-10-28,24,VV+VH,PENDING_BURST_CHECK,PENDING_BURST_CHECK,0.973680,LONG_LAG,CATALOG_CANDIDATE,NONE
PAIR_2025_T37_Sen_Sen_20251010_20251016_06D,S1A_IW_SLC__1SDV_20251010T055028_20251010T055055_061359_07A813_373E,S1C_IW_SLC__1SDV_20251016T054905_20251016T054932_004583_009104_59B3,S1A_IW_GRDH_1SDV_20251010T055029_20251010T055054_061359_07A813_ABBC,S1C_IW_GRDH_1SDV_20251016T054906_20251016T054931_004583_009104_9116,twente,2025,37,Sentinel-1A,Sentinel-1C,2025-10-10,2025-10-16,6,VV+VH,PENDING_BURST_CHECK,PENDING_BURST_CHECK,0.973869,REV_6D,CATALOG_CANDIDATE,NONE
PAIR_2025_T37_Sen_Sen_20251010_20251022_12D,S1A_IW_SLC__1SDV_20251010T055028_20251010T055055_061359_07A813_373E,S1A_IW_SLC__1SDV_20251022T055027_20251022T055054_061534_07AF1F_D45D,S1A_IW_GRDH_1SDV_20251010T055029_20251010T055054_061359_07A813_ABBC,S1A_IW_GRDH_1SDV_20251022T055028_20251022T055053_061534_07AF1F_8E96,twente,2025,37,Sentinel-1A,Sentinel-1A,2025-10-10,2025-10-22,12,VV+VH,PENDING_BURST_CHECK,PENDING_BURST_CHECK,1.000000,MAIN_12D,CATALOG_CANDIDATE,NONE
PAIR_2025_T37_Sen_Sen_20251010_20251028_18D,S1A_IW_SLC__1SDV_20251010T055028_20251010T055055_061359_07A813_373E,S1C_IW_SLC__1SDV_20251028T054905_20251028T054932_004758_00964F_D50B,S1A_IW_GRDH_1SDV_20251010T055029_20251010T055054_061359_07A813_ABBC,S1C_IW_GRDH_1SDV_20251028T054906_20251028T054931_004758_00964F_A4FE,twente,2025,37,Sentinel-1A,Sentinel-1C,2025-10-10,2025-10-28,18,VV+VH,PENDING_BURST_CHECK,PENDING_BURST_CHECK,0.973680,EXTRA_LAG,CATALOG_CANDIDATE,NONE
PAIR_2025_T37_Sen_Sen_20251016_20251022_06D,S1C_IW_SLC__1SDV_20251016T054905_20251016T054932_004583_009104_59B3,S1A_IW_SLC__1SDV_20251022T055027_20251022T055054_061534_07AF1F_D45D,S1C_IW_GRDH_1SDV_20251016T054906_20251016T054931_004583_009104_9116,S1A_IW_GRDH_1SDV_20251022T055028_20251022T055053_061534_07AF1F_8E96,twente,2025,37,Sentinel-1C,Sentinel-1A,2025-10-16,2025-10-22,6,VV+VH,PENDING_BURST_CHECK,PENDING_BURST_CHECK,0.973869,REV_6D,CATALOG_CANDIDATE,NONE
PAIR_2025_T37_Sen_Sen_20251016_20251028_12D,S1C_IW_SLC__1SDV_20251016T054905_20251016T054932_004583_009104_59B3,S1C_IW_SLC__1SDV_20251028T054905_20251028T054932_004758_00964F_D50B,S1C_IW_GRDH_1SDV_20251016T054906_20251016T054931_004583_009104_9116,S1C_IW_GRDH_1SDV_20251028T054906_20251028T054931_004758_00964F_A4FE,twente,2025,37,Sentinel-1C,Sentinel-1C,2025-10-16,2025-10-28,12,VV+VH,PENDING_BURST_CHECK,PENDING_BURST_CHECK,0.973680,MAIN_12D,CATALOG_CANDIDATE,NONE
PAIR_2025_T37_Sen_Sen_20251022_20251028_06D,S1A_IW_SLC__1SDV_20251022T055027_20251022T055054_061534_07AF1F_D45D,S1C_IW_SLC__1SDV_20251028T054905_20251028T054932_004758_00964F_D50B,S1A_IW_GRDH_1SDV_20251022T055028_20251022T055053_061534_07AF1F_8E96,S1C_IW_GRDH_1SDV_20251028T054906_20251028T054931_004758_00964F_A4FE,twente,2025,37,Sentinel-1A,Sentinel-1C,2025-10-22,2025-10-28,6,VV+VH,PENDING_BURST_CHECK,PENDING_BURST_CHECK,0.973680,REV_6D,CATALOG_CANDIDATE,NONE
PAIR_2025_T15_Sen_Sen_20250306_20250318_12D,S1A_IW_SLC__1SDV_20250306T171715_20250306T171742_058187_073068_01C8,S1A_IW_SLC__1SDV_20250318T171715_20250318T171742_058362_07374F_3098,S1A_IW_GRDH_1SDV_20250306T171716_20250306T171741_058187_073068_989A,S1A_IW_GRDH_1SDV_20250318T171716_20250318T171741_058362_07374F_2EC5,twente,2025,15,Sentinel-1A,Sentinel-1A,2025-03-06,2025-03-18,12,VV+VH,PENDING_BURST_CHECK,PENDING_BURST_CHECK,1.000000,MAIN_12D,CATALOG_CANDIDATE,NONE
PAIR_2025_T15_Sen_Sen_20250306_20250330_24D,S1A_IW_SLC__1SDV_20250306T171715_20250306T171742_058187_073068_01C8,S1A_IW_SLC__1SDV_20250330T171716_20250330T171743_058537_073E4F_0AC0,S1A_IW_GRDH_1SDV_20250306T171716_20250306T171741_058187_073068_989A,S1A_IW_GRDH_1SDV_20250330T171716_20250330T171741_058537_073E4F_1FFD,twente,2025,15,Sentinel-1A,Sentinel-1A,2025-03-06,2025-03-30,24,VV+VH,PENDING_BURST_CHECK,PENDING_BURST_CHECK,1.000000,LONG_LAG,CATALOG_CANDIDATE,NONE
PAIR_2025_T15_Sen_Sen_20250306_20250411_36D,S1A_IW_SLC__1SDV_20250306T171715_20250306T171742_058187_073068_01C8,S1A_IW_SLC__1SDV_20250411T171715_20250411T171742_058712_07457B_104C,S1A_IW_GRDH_1SDV_20250306T171716_20250306T171741_058187_073068_989A,S1A_IW_GRDH_1SDV_20250411T171716_20250411T171741_058712_07457B_2A8E,twente,2025,15,Sentinel-1A,Sentinel-1A,2025-03-06,2025-04-11,36,VV+VH,PENDING_BURST_CHECK,PENDING_BURST_CHECK,1.000000,LONG_LAG,CATALOG_CANDIDATE,NONE
PAIR_2025_T15_Sen_Sen_20250306_20250423_48D,S1A_IW_SLC__1SDV_20250306T171715_20250306T171742_058187_073068_01C8,S1A_IW_SLC__1SDV_20250423T171716_20250423T171743_058887_074CA5_E953,S1A_IW_GRDH_1SDV_20250306T171716_20250306T171741_058187_073068_989A,S1A_IW_GRDH_1SDV_20250423T171716_20250423T171741_058887_074CA5_3E43,twente,2025,15,Sentinel-1A,Sentinel-1A,2025-03-06,2025-04-23,48,VV+VH,PENDING_BURST_CHECK,PENDING_BURST_CHECK,1.000000,LONG_LAG,CATALOG_CANDIDATE,NONE
PAIR_2025_T15_Sen_Sen_20250318_20250330_12D,S1A_IW_SLC__1SDV_20250318T171715_20250318T171742_058362_07374F_3098,S1A_IW_SLC__1SDV_20250330T171716_20250330T171743_058537_073E4F_0AC0,S1A_IW_GRDH_1SDV_20250318T171716_20250318T171741_058362_07374F_2EC5,S1A_IW_GRDH_1SDV_20250330T171716_20250330T171741_058537_073E4F_1FFD,twente,2025,15,Sentinel-1A,Sentinel-1A,2025-03-18,2025-03-30,12,VV+VH,PENDING_BURST_CHECK,PENDING_BURST_CHECK,1.000000,MAIN_12D,CATALOG_CANDIDATE,NONE
PAIR_2025_T15_Sen_Sen_20250318_20250411_24D,S1A_IW_SLC__1SDV_20250318T171715_20250318T171742_058362_07374F_3098,S1A_IW_SLC__1SDV_20250411T171715_20250411T171742_058712_07457B_104C,S1A_IW_GRDH_1SDV_20250318T171716_20250318T171741_058362_07374F_2EC5,S1A_IW_GRDH_1SDV_20250411T171716_20250411T171741_058712_07457B_2A8E,twente,2025,15,Sentinel-1A,Sentinel-1A,2025-03-18,2025-04-11,24,VV+VH,PENDING_BURST_CHECK,PENDING_BURST_CHECK,1.000000,LONG_LAG,CATALOG_CANDIDATE,NONE
PAIR_2025_T15_Sen_Sen_20250318_20250423_36D,S1A_IW_SLC__1SDV_20250318T171715_20250318T171742_058362_07374F_3098,S1A_IW_SLC__1SDV_20250423T171716_20250423T171743_058887_074CA5_E953,S1A_IW_GRDH_1SDV_20250318T171716_20250318T171741_058362_07374F_2EC5,S1A_IW_GRDH_1SDV_20250423T171716_20250423T171741_058887_074CA5_3E43,twente,2025,15,Sentinel-1A,Sentinel-1A,2025-03-18,2025-04-23,36,VV+VH,PENDING_BURST_CHECK,PENDING_BURST_CHECK,1.000000,LONG_LAG,CATALOG_CANDIDATE,NONE
PAIR_2025_T15_Sen_Sen_20250318_20250505_48D,S1A_IW_SLC__1SDV_20250318T171715_20250318T171742_058362_07374F_3098,S1A_IW_SLC__1SDV_20250505T171716_20250505T171743_059062_07539E_43C8,S1A_IW_GRDH_1SDV_20250318T171716_20250318T171741_058362_07374F_2EC5,S1A_IW_GRDH_1SDV_20250505T171717_20250505T171742_059062_07539E_8F47,twente,2025,15,Sentinel-1A,Sentinel-1A,2025-03-18,2025-05-05,48,VV+VH,PENDING_BURST_CHECK,PENDING_BURST_CHECK,1.000000,LONG_LAG,CATALOG_CANDIDATE,NONE
PAIR_2025_T15_Sen_Sen_20250330_20250411_12D,S1A_IW_SLC__1SDV_20250330T171716_20250330T171743_058537_073E4F_0AC0,S1A_IW_SLC__1SDV_20250411T171715_20250411T171742_058712_07457B_104C,S1A_IW_GRDH_1SDV_20250330T171716_20250330T171741_058537_073E4F_1FFD,S1A_IW_GRDH_1SDV_20250411T171716_20250411T171741_058712_07457B_2A8E,twente,2025,15,Sentinel-1A,Sentinel-1A,2025-03-30,2025-04-11,12,VV+VH,PENDING_BURST_CHECK,PENDING_BURST_CHECK,1.000000,MAIN_12D,CATALOG_CANDIDATE,NONE
PAIR_2025_T15_Sen_Sen_20250330_20250423_24D,S1A_IW_SLC__1SDV_20250330T171716_20250330T171743_058537_073E4F_0AC0,S1A_IW_SLC__1SDV_20250423T171716_20250423T171743_058887_074CA5_E953,S1A_IW_GRDH_1SDV_20250330T171716_20250330T171741_058537_073E4F_1FFD,S1A_IW_GRDH_1SDV_20250423T171716_20250423T171741_058887_074CA5_3E43,twente,2025,15,Sentinel-1A,Sentinel-1A,2025-03-30,2025-04-23,24,VV+VH,PENDING_BURST_CHECK,PENDING_BURST_CHECK,1.000000,LONG_LAG,CATALOG_CANDIDATE,NONE
PAIR_2025_T15_Sen_Sen_20250330_20250505_36D,S1A_IW_SLC__1SDV_20250330T171716_20250330T171743_058537_073E4F_0AC0,S1A_IW_SLC__1SDV_20250505T171716_20250505T171743_059062_07539E_43C8,S1A_IW_GRDH_1SDV_20250330T171716_20250330T171741_058537_073E4F_1FFD,S1A_IW_GRDH_1SDV_20250505T171717_20250505T171742_059062_07539E_8F47,twente,2025,15,Sentinel-1A,Sentinel-1A,2025-03-30,2025-05-05,36,VV+VH,PENDING_BURST_CHECK,PENDING_BURST_CHECK,1.000000,LONG_LAG,CATALOG_CANDIDATE,NONE
PAIR_2025_T15_Sen_Sen_20250330_20250517_48D,S1A_IW_SLC__1SDV_20250330T171716_20250330T171743_058537_073E4F_0AC0,S1A_IW_SLC__1SDV_20250517T171715_20250517T171742_059237_0759CE_1332,S1A_IW_GRDH_1SDV_20250330T171716_20250330T171741_058537_073E4F_1FFD,S1A_IW_GRDH_1SDV_20250517T171716_20250517T171741_059237_0759CE_DBA6,twente,2025,15,Sentinel-1A,Sentinel-1A,2025-03-30,2025-05-17,48,VV+VH,PENDING_BURST_CHECK,PENDING_BURST_CHECK,1.000000,LONG_LAG,CATALOG_CANDIDATE,NONE
PAIR_2025_T15_Sen_Sen_20250411_20250423_12D,S1A_IW_SLC__1SDV_20250411T171715_20250411T171742_058712_07457B_104C,S1A_IW_SLC__1SDV_20250423T171716_20250423T171743_058887_074CA5_E953,S1A_IW_GRDH_1SDV_20250411T171716_20250411T171741_058712_07457B_2A8E,S1A_IW_GRDH_1SDV_20250423T171716_20250423T171741_058887_074CA5_3E43,twente,2025,15,Sentinel-1A,Sentinel-1A,2025-04-11,2025-04-23,12,VV+VH,PENDING_BURST_CHECK,PENDING_BURST_CHECK,1.000000,MAIN_12D,CATALOG_CANDIDATE,NONE
PAIR_2025_T15_Sen_Sen_20250411_20250505_24D,S1A_IW_SLC__1SDV_20250411T171715_20250411T171742_058712_07457B_104C,S1A_IW_SLC__1SDV_20250505T171716_20250505T171743_059062_07539E_43C8,S1A_IW_GRDH_1SDV_20250411T171716_20250411T171741_058712_07457B_2A8E,S1A_IW_GRDH_1SDV_20250505T171717_20250505T171742_059062_07539E_8F47,twente,2025,15,Sentinel-1A,Sentinel-1A,2025-04-11,2025-05-05,24,VV+VH,PENDING_BURST_CHECK,PENDING_BURST_CHECK,1.000000,LONG_LAG,CATALOG_CANDIDATE,NONE
PAIR_2025_T15_Sen_Sen_20250411_20250517_36D,S1A_IW_SLC__1SDV_20250411T171715_20250411T171742_058712_07457B_104C,S1A_IW_SLC__1SDV_20250517T171715_20250517T171742_059237_0759CE_1332,S1A_IW_GRDH_1SDV_20250411T171716_20250411T171741_058712_07457B_2A8E,S1A_IW_GRDH_1SDV_20250517T171716_20250517T171741_059237_0759CE_DBA6,twente,2025,15,Sentinel-1A,Sentinel-1A,2025-04-11,2025-05-17,36,VV+VH,PENDING_BURST_CHECK,PENDING_BURST_CHECK,1.000000,LONG_LAG,CATALOG_CANDIDATE,NONE
PAIR_2025_T15_Sen_Sen_20250411_20250529_48D,S1A_IW_SLC__1SDV_20250411T171715_20250411T171742_058712_07457B_104C,S1A_IW_SLC__1SDV_20250529T171715_20250529T171742_059412_075FE5_C3A0,S1A_IW_GRDH_1SDV_20250411T171716_20250411T171741_058712_07457B_2A8E,S1A_IW_GRDH_1SDV_20250529T171716_20250529T171741_059412_075FE5_2077,twente,2025,15,Sentinel-1A,Sentinel-1A,2025-04-11,2025-05-29,48,VV+VH,PENDING_BURST_CHECK,PENDING_BURST_CHECK,1.000000,LONG_LAG,CATALOG_CANDIDATE,NONE
PAIR_2025_T15_Sen_Sen_20250423_20250505_12D,S1A_IW_SLC__1SDV_20250423T171716_20250423T171743_058887_074CA5_E953,S1A_IW_SLC__1SDV_20250505T171716_20250505T171743_059062_07539E_43C8,S1A_IW_GRDH_1SDV_20250423T171716_20250423T171741_058887_074CA5_3E43,S1A_IW_GRDH_1SDV_20250505T171717_20250505T171742_059062_07539E_8F47,twente,2025,15,Sentinel-1A,Sentinel-1A,2025-04-23,2025-05-05,12,VV+VH,PENDING_BURST_CHECK,PENDING_BURST_CHECK,1.000000,MAIN_12D,CATALOG_CANDIDATE,NONE
PAIR_2025_T15_Sen_Sen_20250423_20250511_18D,S1A_IW_SLC__1SDV_20250423T171716_20250423T171743_058887_074CA5_E953,S1C_IW_SLC__1SDV_20250511T171600_20250511T171627_002286_004D71_E130,S1A_IW_GRDH_1SDV_20250423T171716_20250423T171741_058887_074CA5_3E43,S1C_IW_GRDH_1SDV_20250511T171601_20250511T171626_002286_004D71_2484,twente,2025,15,Sentinel-1A,Sentinel-1C,2025-04-23,2025-05-11,18,VV+VH,PENDING_BURST_CHECK,PENDING_BURST_CHECK,1.000000,EXTRA_LAG,CATALOG_CANDIDATE,NONE
PAIR_2025_T15_Sen_Sen_20250423_20250517_24D,S1A_IW_SLC__1SDV_20250423T171716_20250423T171743_058887_074CA5_E953,S1A_IW_SLC__1SDV_20250517T171715_20250517T171742_059237_0759CE_1332,S1A_IW_GRDH_1SDV_20250423T171716_20250423T171741_058887_074CA5_3E43,S1A_IW_GRDH_1SDV_20250517T171716_20250517T171741_059237_0759CE_DBA6,twente,2025,15,Sentinel-1A,Sentinel-1A,2025-04-23,2025-05-17,24,VV+VH,PENDING_BURST_CHECK,PENDING_BURST_CHECK,1.000000,LONG_LAG,CATALOG_CANDIDATE,NONE
PAIR_2025_T15_Sen_Sen_20250423_20250529_36D,S1A_IW_SLC__1SDV_20250423T171716_20250423T171743_058887_074CA5_E953,S1A_IW_SLC__1SDV_20250529T171715_20250529T171742_059412_075FE5_C3A0,S1A_IW_GRDH_1SDV_20250423T171716_20250423T171741_058887_074CA5_3E43,S1A_IW_GRDH_1SDV_20250529T171716_20250529T171741_059412_075FE5_2077,twente,2025,15,Sentinel-1A,Sentinel-1A,2025-04-23,2025-05-29,36,VV+VH,PENDING_BURST_CHECK,PENDING_BURST_CHECK,1.000000,LONG_LAG,CATALOG_CANDIDATE,NONE
PAIR_2025_T15_Sen_Sen_20250423_20250610_48D,S1A_IW_SLC__1SDV_20250423T171716_20250423T171743_058887_074CA5_E953,S1A_IW_SLC__1SDV_20250610T171714_20250610T171741_059587_0765DA_B5AE,S1A_IW_GRDH_1SDV_20250423T171716_20250423T171741_058887_074CA5_3E43,S1A_IW_GRDH_1SDV_20250610T171715_20250610T171740_059587_0765DA_EB10,twente,2025,15,Sentinel-1A,Sentinel-1A,2025-04-23,2025-06-10,48,VV+VH,PENDING_BURST_CHECK,PENDING_BURST_CHECK,1.000000,LONG_LAG,CATALOG_CANDIDATE,NONE
PAIR_2025_T15_Sen_Sen_20250505_20250511_06D,S1A_IW_SLC__1SDV_20250505T171716_20250505T171743_059062_07539E_43C8,S1C_IW_SLC__1SDV_20250511T171600_20250511T171627_002286_004D71_E130,S1A_IW_GRDH_1SDV_20250505T171717_20250505T171742_059062_07539E_8F47,S1C_IW_GRDH_1SDV_20250511T171601_20250511T171626_002286_004D71_2484,twente,2025,15,Sentinel-1A,Sentinel-1C,2025-05-05,2025-05-11,6,VV+VH,PENDING_BURST_CHECK,PENDING_BURST_CHECK,1.000000,REV_6D,CATALOG_CANDIDATE,NONE
PAIR_2025_T15_Sen_Sen_20250505_20250517_12D,S1A_IW_SLC__1SDV_20250505T171716_20250505T171743_059062_07539E_43C8,S1A_IW_SLC__1SDV_20250517T171715_20250517T171742_059237_0759CE_1332,S1A_IW_GRDH_1SDV_20250505T171717_20250505T171742_059062_07539E_8F47,S1A_IW_GRDH_1SDV_20250517T171716_20250517T171741_059237_0759CE_DBA6,twente,2025,15,Sentinel-1A,Sentinel-1A,2025-05-05,2025-05-17,12,VV+VH,PENDING_BURST_CHECK,PENDING_BURST_CHECK,1.000000,MAIN_12D,CATALOG_CANDIDATE,NONE
PAIR_2025_T15_Sen_Sen_20250505_20250523_18D,S1A_IW_SLC__1SDV_20250505T171716_20250505T171743_059062_07539E_43C8,S1C_IW_SLC__1SDV_20250523T171602_20250523T171628_002461_00524A_EC62,S1A_IW_GRDH_1SDV_20250505T171717_20250505T171742_059062_07539E_8F47,S1C_IW_GRDH_1SDV_20250523T171603_20250523T171628_002461_00524A_EA12,twente,2025,15,Sentinel-1A,Sentinel-1C,2025-05-05,2025-05-23,18,VV+VH,PENDING_BURST_CHECK,PENDING_BURST_CHECK,1.000000,EXTRA_LAG,CATALOG_CANDIDATE,NONE
PAIR_2025_T15_Sen_Sen_20250505_20250529_24D,S1A_IW_SLC__1SDV_20250505T171716_20250505T171743_059062_07539E_43C8,S1A_IW_SLC__1SDV_20250529T171715_20250529T171742_059412_075FE5_C3A0,S1A_IW_GRDH_1SDV_20250505T171717_20250505T171742_059062_07539E_8F47,S1A_IW_GRDH_1SDV_20250529T171716_20250529T171741_059412_075FE5_2077,twente,2025,15,Sentinel-1A,Sentinel-1A,2025-05-05,2025-05-29,24,VV+VH,PENDING_BURST_CHECK,PENDING_BURST_CHECK,1.000000,LONG_LAG,CATALOG_CANDIDATE,NONE
PAIR_2025_T15_Sen_Sen_20250505_20250610_36D,S1A_IW_SLC__1SDV_20250505T171716_20250505T171743_059062_07539E_43C8,S1A_IW_SLC__1SDV_20250610T171714_20250610T171741_059587_0765DA_B5AE,S1A_IW_GRDH_1SDV_20250505T171717_20250505T171742_059062_07539E_8F47,S1A_IW_GRDH_1SDV_20250610T171715_20250610T171740_059587_0765DA_EB10,twente,2025,15,Sentinel-1A,Sentinel-1A,2025-05-05,2025-06-10,36,VV+VH,PENDING_BURST_CHECK,PENDING_BURST_CHECK,1.000000,LONG_LAG,CATALOG_CANDIDATE,NONE
PAIR_2025_T15_Sen_Sen_20250505_20250622_48D,S1A_IW_SLC__1SDV_20250505T171716_20250505T171743_059062_07539E_43C8,S1A_IW_SLC__1SDV_20250622T171714_20250622T171741_059762_076BE4_97E9,S1A_IW_GRDH_1SDV_20250505T171717_20250505T171742_059062_07539E_8F47,S1A_IW_GRDH_1SDV_20250622T171714_20250622T171739_059762_076BE4_8C6B,twente,2025,15,Sentinel-1A,Sentinel-1A,2025-05-05,2025-06-22,48,VV+VH,PENDING_BURST_CHECK,PENDING_BURST_CHECK,1.000000,LONG_LAG,CATALOG_CANDIDATE,NONE
PAIR_2025_T15_Sen_Sen_20250511_20250517_06D,S1C_IW_SLC__1SDV_20250511T171600_20250511T171627_002286_004D71_E130,S1A_IW_SLC__1SDV_20250517T171715_20250517T171742_059237_0759CE_1332,S1C_IW_GRDH_1SDV_20250511T171601_20250511T171626_002286_004D71_2484,S1A_IW_GRDH_1SDV_20250517T171716_20250517T171741_059237_0759CE_DBA6,twente,2025,15,Sentinel-1C,Sentinel-1A,2025-05-11,2025-05-17,6,VV+VH,PENDING_BURST_CHECK,PENDING_BURST_CHECK,1.000000,REV_6D,CATALOG_CANDIDATE,NONE
PAIR_2025_T15_Sen_Sen_20250511_20250523_12D,S1C_IW_SLC__1SDV_20250511T171600_20250511T171627_002286_004D71_E130,S1C_IW_SLC__1SDV_20250523T171602_20250523T171628_002461_00524A_EC62,S1C_IW_GRDH_1SDV_20250511T171601_20250511T171626_002286_004D71_2484,S1C_IW_GRDH_1SDV_20250523T171603_20250523T171628_002461_00524A_EA12,twente,2025,15,Sentinel-1C,Sentinel-1C,2025-05-11,2025-05-23,12,VV+VH,PENDING_BURST_CHECK,PENDING_BURST_CHECK,1.000000,MAIN_12D,CATALOG_CANDIDATE,NONE
PAIR_2025_T15_Sen_Sen_20250511_20250529_18D,S1C_IW_SLC__1SDV_20250511T171600_20250511T171627_002286_004D71_E130,S1A_IW_SLC__1SDV_20250529T171715_20250529T171742_059412_075FE5_C3A0,S1C_IW_GRDH_1SDV_20250511T171601_20250511T171626_002286_004D71_2484,S1A_IW_GRDH_1SDV_20250529T171716_20250529T171741_059412_075FE5_2077,twente,2025,15,Sentinel-1C,Sentinel-1A,2025-05-11,2025-05-29,18,VV+VH,PENDING_BURST_CHECK,PENDING_BURST_CHECK,1.000000,EXTRA_LAG,CATALOG_CANDIDATE,NONE
PAIR_2025_T15_Sen_Sen_20250511_20250604_24D,S1C_IW_SLC__1SDV_20250511T171600_20250511T171627_002286_004D71_E130,S1C_IW_SLC__1SDV_20250604T171602_20250604T171629_002636_005748_C09D,S1C_IW_GRDH_1SDV_20250511T171601_20250511T171626_002286_004D71_2484,S1C_IW_GRDH_1SDV_20250604T171604_20250604T171629_002636_005748_7CE1,twente,2025,15,Sentinel-1C,Sentinel-1C,2025-05-11,2025-06-04,24,VV+VH,PENDING_BURST_CHECK,PENDING_BURST_CHECK,1.000000,LONG_LAG,CATALOG_CANDIDATE,NONE
PAIR_2025_T15_Sen_Sen_20250511_20250616_36D,S1C_IW_SLC__1SDV_20250511T171600_20250511T171627_002286_004D71_E130,S1C_IW_SLC__1SDV_20250616T171603_20250616T171630_002811_005C59_0888,S1C_IW_GRDH_1SDV_20250511T171601_20250511T171626_002286_004D71_2484,S1C_IW_GRDH_1SDV_20250616T171604_20250616T171629_002811_005C59_6C31,twente,2025,15,Sentinel-1C,Sentinel-1C,2025-05-11,2025-06-16,36,VV+VH,PENDING_BURST_CHECK,PENDING_BURST_CHECK,1.000000,LONG_LAG,CATALOG_CANDIDATE,NONE
PAIR_2025_T15_Sen_Sen_20250511_20250628_48D,S1C_IW_SLC__1SDV_20250511T171600_20250511T171627_002286_004D71_E130,S1C_IW_SLC__1SDV_20250628T171603_20250628T171630_002986_006161_7107,S1C_IW_GRDH_1SDV_20250511T171601_20250511T171626_002286_004D71_2484,S1C_IW_GRDH_1SDV_20250628T171605_20250628T171630_002986_006161_2D36,twente,2025,15,Sentinel-1C,Sentinel-1C,2025-05-11,2025-06-28,48,VV+VH,PENDING_BURST_CHECK,PENDING_BURST_CHECK,1.000000,LONG_LAG,CATALOG_CANDIDATE,NONE
PAIR_2025_T15_Sen_Sen_20250517_20250523_06D,S1A_IW_SLC__1SDV_20250517T171715_20250517T171742_059237_0759CE_1332,S1C_IW_SLC__1SDV_20250523T171602_20250523T171628_002461_00524A_EC62,S1A_IW_GRDH_1SDV_20250517T171716_20250517T171741_059237_0759CE_DBA6,S1C_IW_GRDH_1SDV_20250523T171603_20250523T171628_002461_00524A_EA12,twente,2025,15,Sentinel-1A,Sentinel-1C,2025-05-17,2025-05-23,6,VV+VH,PENDING_BURST_CHECK,PENDING_BURST_CHECK,1.000000,REV_6D,CATALOG_CANDIDATE,NONE
PAIR_2025_T15_Sen_Sen_20250517_20250529_12D,S1A_IW_SLC__1SDV_20250517T171715_20250517T171742_059237_0759CE_1332,S1A_IW_SLC__1SDV_20250529T171715_20250529T171742_059412_075FE5_C3A0,S1A_IW_GRDH_1SDV_20250517T171716_20250517T171741_059237_0759CE_DBA6,S1A_IW_GRDH_1SDV_20250529T171716_20250529T171741_059412_075FE5_2077,twente,2025,15,Sentinel-1A,Sentinel-1A,2025-05-17,2025-05-29,12,VV+VH,PENDING_BURST_CHECK,PENDING_BURST_CHECK,1.000000,MAIN_12D,CATALOG_CANDIDATE,NONE
PAIR_2025_T15_Sen_Sen_20250517_20250604_18D,S1A_IW_SLC__1SDV_20250517T171715_20250517T171742_059237_0759CE_1332,S1C_IW_SLC__1SDV_20250604T171602_20250604T171629_002636_005748_C09D,S1A_IW_GRDH_1SDV_20250517T171716_20250517T171741_059237_0759CE_DBA6,S1C_IW_GRDH_1SDV_20250604T171604_20250604T171629_002636_005748_7CE1,twente,2025,15,Sentinel-1A,Sentinel-1C,2025-05-17,2025-06-04,18,VV+VH,PENDING_BURST_CHECK,PENDING_BURST_CHECK,1.000000,EXTRA_LAG,CATALOG_CANDIDATE,NONE
PAIR_2025_T15_Sen_Sen_20250517_20250610_24D,S1A_IW_SLC__1SDV_20250517T171715_20250517T171742_059237_0759CE_1332,S1A_IW_SLC__1SDV_20250610T171714_20250610T171741_059587_0765DA_B5AE,S1A_IW_GRDH_1SDV_20250517T171716_20250517T171741_059237_0759CE_DBA6,S1A_IW_GRDH_1SDV_20250610T171715_20250610T171740_059587_0765DA_EB10,twente,2025,15,Sentinel-1A,Sentinel-1A,2025-05-17,2025-06-10,24,VV+VH,PENDING_BURST_CHECK,PENDING_BURST_CHECK,1.000000,LONG_LAG,CATALOG_CANDIDATE,NONE
PAIR_2025_T15_Sen_Sen_20250517_20250622_36D,S1A_IW_SLC__1SDV_20250517T171715_20250517T171742_059237_0759CE_1332,S1A_IW_SLC__1SDV_20250622T171714_20250622T171741_059762_076BE4_97E9,S1A_IW_GRDH_1SDV_20250517T171716_20250517T171741_059237_0759CE_DBA6,S1A_IW_GRDH_1SDV_20250622T171714_20250622T171739_059762_076BE4_8C6B,twente,2025,15,Sentinel-1A,Sentinel-1A,2025-05-17,2025-06-22,36,VV+VH,PENDING_BURST_CHECK,PENDING_BURST_CHECK,1.000000,LONG_LAG,CATALOG_CANDIDATE,NONE
PAIR_2025_T15_Sen_Sen_20250517_20250704_48D,S1A_IW_SLC__1SDV_20250517T171715_20250517T171742_059237_0759CE_1332,S1A_IW_SLC__1SDV_20250704T171713_20250704T171740_059937_077200_31BF,S1A_IW_GRDH_1SDV_20250517T171716_20250517T171741_059237_0759CE_DBA6,S1A_IW_GRDH_1SDV_20250704T171714_20250704T171739_059937_077200_3024,twente,2025,15,Sentinel-1A,Sentinel-1A,2025-05-17,2025-07-04,48,VV+VH,PENDING_BURST_CHECK,PENDING_BURST_CHECK,1.000000,LONG_LAG,CATALOG_CANDIDATE,NONE
PAIR_2025_T15_Sen_Sen_20250523_20250529_06D,S1C_IW_SLC__1SDV_20250523T171602_20250523T171628_002461_00524A_EC62,S1A_IW_SLC__1SDV_20250529T171715_20250529T171742_059412_075FE5_C3A0,S1C_IW_GRDH_1SDV_20250523T171603_20250523T171628_002461_00524A_EA12,S1A_IW_GRDH_1SDV_20250529T171716_20250529T171741_059412_075FE5_2077,twente,2025,15,Sentinel-1C,Sentinel-1A,2025-05-23,2025-05-29,6,VV+VH,PENDING_BURST_CHECK,PENDING_BURST_CHECK,1.000000,REV_6D,CATALOG_CANDIDATE,NONE
PAIR_2025_T15_Sen_Sen_20250523_20250604_12D,S1C_IW_SLC__1SDV_20250523T171602_20250523T171628_002461_00524A_EC62,S1C_IW_SLC__1SDV_20250604T171602_20250604T171629_002636_005748_C09D,S1C_IW_GRDH_1SDV_20250523T171603_20250523T171628_002461_00524A_EA12,S1C_IW_GRDH_1SDV_20250604T171604_20250604T171629_002636_005748_7CE1,twente,2025,15,Sentinel-1C,Sentinel-1C,2025-05-23,2025-06-04,12,VV+VH,PENDING_BURST_CHECK,PENDING_BURST_CHECK,1.000000,MAIN_12D,CATALOG_CANDIDATE,NONE
PAIR_2025_T15_Sen_Sen_20250523_20250610_18D,S1C_IW_SLC__1SDV_20250523T171602_20250523T171628_002461_00524A_EC62,S1A_IW_SLC__1SDV_20250610T171714_20250610T171741_059587_0765DA_B5AE,S1C_IW_GRDH_1SDV_20250523T171603_20250523T171628_002461_00524A_EA12,S1A_IW_GRDH_1SDV_20250610T171715_20250610T171740_059587_0765DA_EB10,twente,2025,15,Sentinel-1C,Sentinel-1A,2025-05-23,2025-06-10,18,VV+VH,PENDING_BURST_CHECK,PENDING_BURST_CHECK,1.000000,EXTRA_LAG,CATALOG_CANDIDATE,NONE
PAIR_2025_T15_Sen_Sen_20250523_20250616_24D,S1C_IW_SLC__1SDV_20250523T171602_20250523T171628_002461_00524A_EC62,S1C_IW_SLC__1SDV_20250616T171603_20250616T171630_002811_005C59_0888,S1C_IW_GRDH_1SDV_20250523T171603_20250523T171628_002461_00524A_EA12,S1C_IW_GRDH_1SDV_20250616T171604_20250616T171629_002811_005C59_6C31,twente,2025,15,Sentinel-1C,Sentinel-1C,2025-05-23,2025-06-16,24,VV+VH,PENDING_BURST_CHECK,PENDING_BURST_CHECK,1.000000,LONG_LAG,CATALOG_CANDIDATE,NONE
PAIR_2025_T15_Sen_Sen_20250523_20250628_36D,S1C_IW_SLC__1SDV_20250523T171602_20250523T171628_002461_00524A_EC62,S1C_IW_SLC__1SDV_20250628T171603_20250628T171630_002986_006161_7107,S1C_IW_GRDH_1SDV_20250523T171603_20250523T171628_002461_00524A_EA12,S1C_IW_GRDH_1SDV_20250628T171605_20250628T171630_002986_006161_2D36,twente,2025,15,Sentinel-1C,Sentinel-1C,2025-05-23,2025-06-28,36,VV+VH,PENDING_BURST_CHECK,PENDING_BURST_CHECK,1.000000,LONG_LAG,CATALOG_CANDIDATE,NONE
PAIR_2025_T15_Sen_Sen_20250523_20250710_48D,S1C_IW_SLC__1SDV_20250523T171602_20250523T171628_002461_00524A_EC62,S1C_IW_SLC__1SDV_20250710T171605_20250710T171632_003161_006672_ED6B,S1C_IW_GRDH_1SDV_20250523T171603_20250523T171628_002461_00524A_EA12,S1C_IW_GRDH_1SDV_20250710T171606_20250710T171631_003161_006672_35CB,twente,2025,15,Sentinel-1C,Sentinel-1C,2025-05-23,2025-07-10,48,VV+VH,PENDING_BURST_CHECK,PENDING_BURST_CHECK,1.000000,LONG_LAG,CATALOG_CANDIDATE,NONE
PAIR_2025_T15_Sen_Sen_20250529_20250604_06D,S1A_IW_SLC__1SDV_20250529T171715_20250529T171742_059412_075FE5_C3A0,S1C_IW_SLC__1SDV_20250604T171602_20250604T171629_002636_005748_C09D,S1A_IW_GRDH_1SDV_20250529T171716_20250529T171741_059412_075FE5_2077,S1C_IW_GRDH_1SDV_20250604T171604_20250604T171629_002636_005748_7CE1,twente,2025,15,Sentinel-1A,Sentinel-1C,2025-05-29,2025-06-04,6,VV+VH,PENDING_BURST_CHECK,PENDING_BURST_CHECK,1.000000,REV_6D,CATALOG_CANDIDATE,NONE
PAIR_2025_T15_Sen_Sen_20250529_20250610_12D,S1A_IW_SLC__1SDV_20250529T171715_20250529T171742_059412_075FE5_C3A0,S1A_IW_SLC__1SDV_20250610T171714_20250610T171741_059587_0765DA_B5AE,S1A_IW_GRDH_1SDV_20250529T171716_20250529T171741_059412_075FE5_2077,S1A_IW_GRDH_1SDV_20250610T171715_20250610T171740_059587_0765DA_EB10,twente,2025,15,Sentinel-1A,Sentinel-1A,2025-05-29,2025-06-10,12,VV+VH,PENDING_BURST_CHECK,PENDING_BURST_CHECK,1.000000,MAIN_12D,CATALOG_CANDIDATE,NONE
PAIR_2025_T15_Sen_Sen_20250529_20250616_18D,S1A_IW_SLC__1SDV_20250529T171715_20250529T171742_059412_075FE5_C3A0,S1C_IW_SLC__1SDV_20250616T171603_20250616T171630_002811_005C59_0888,S1A_IW_GRDH_1SDV_20250529T171716_20250529T171741_059412_075FE5_2077,S1C_IW_GRDH_1SDV_20250616T171604_20250616T171629_002811_005C59_6C31,twente,2025,15,Sentinel-1A,Sentinel-1C,2025-05-29,2025-06-16,18,VV+VH,PENDING_BURST_CHECK,PENDING_BURST_CHECK,1.000000,EXTRA_LAG,CATALOG_CANDIDATE,NONE
PAIR_2025_T15_Sen_Sen_20250529_20250622_24D,S1A_IW_SLC__1SDV_20250529T171715_20250529T171742_059412_075FE5_C3A0,S1A_IW_SLC__1SDV_20250622T171714_20250622T171741_059762_076BE4_97E9,S1A_IW_GRDH_1SDV_20250529T171716_20250529T171741_059412_075FE5_2077,S1A_IW_GRDH_1SDV_20250622T171714_20250622T171739_059762_076BE4_8C6B,twente,2025,15,Sentinel-1A,Sentinel-1A,2025-05-29,2025-06-22,24,VV+VH,PENDING_BURST_CHECK,PENDING_BURST_CHECK,1.000000,LONG_LAG,CATALOG_CANDIDATE,NONE
PAIR_2025_T15_Sen_Sen_20250529_20250704_36D,S1A_IW_SLC__1SDV_20250529T171715_20250529T171742_059412_075FE5_C3A0,S1A_IW_SLC__1SDV_20250704T171713_20250704T171740_059937_077200_31BF,S1A_IW_GRDH_1SDV_20250529T171716_20250529T171741_059412_075FE5_2077,S1A_IW_GRDH_1SDV_20250704T171714_20250704T171739_059937_077200_3024,twente,2025,15,Sentinel-1A,Sentinel-1A,2025-05-29,2025-07-04,36,VV+VH,PENDING_BURST_CHECK,PENDING_BURST_CHECK,1.000000,LONG_LAG,CATALOG_CANDIDATE,NONE
PAIR_2025_T15_Sen_Sen_20250529_20250716_48D,S1A_IW_SLC__1SDV_20250529T171715_20250529T171742_059412_075FE5_C3A0,S1A_IW_SLC__1SDV_20250716T171712_20250716T171739_060112_077801_A006,S1A_IW_GRDH_1SDV_20250529T171716_20250529T171741_059412_075FE5_2077,S1A_IW_GRDH_1SDV_20250716T171713_20250716T171738_060112_077801_6119,twente,2025,15,Sentinel-1A,Sentinel-1A,2025-05-29,2025-07-16,48,VV+VH,PENDING_BURST_CHECK,PENDING_BURST_CHECK,1.000000,LONG_LAG,CATALOG_CANDIDATE,NONE
PAIR_2025_T15_Sen_Sen_20250604_20250610_06D,S1C_IW_SLC__1SDV_20250604T171602_20250604T171629_002636_005748_C09D,S1A_IW_SLC__1SDV_20250610T171714_20250610T171741_059587_0765DA_B5AE,S1C_IW_GRDH_1SDV_20250604T171604_20250604T171629_002636_005748_7CE1,S1A_IW_GRDH_1SDV_20250610T171715_20250610T171740_059587_0765DA_EB10,twente,2025,15,Sentinel-1C,Sentinel-1A,2025-06-04,2025-06-10,6,VV+VH,PENDING_BURST_CHECK,PENDING_BURST_CHECK,1.000000,REV_6D,CATALOG_CANDIDATE,NONE
PAIR_2025_T15_Sen_Sen_20250604_20250616_12D,S1C_IW_SLC__1SDV_20250604T171602_20250604T171629_002636_005748_C09D,S1C_IW_SLC__1SDV_20250616T171603_20250616T171630_002811_005C59_0888,S1C_IW_GRDH_1SDV_20250604T171604_20250604T171629_002636_005748_7CE1,S1C_IW_GRDH_1SDV_20250616T171604_20250616T171629_002811_005C59_6C31,twente,2025,15,Sentinel-1C,Sentinel-1C,2025-06-04,2025-06-16,12,VV+VH,PENDING_BURST_CHECK,PENDING_BURST_CHECK,1.000000,MAIN_12D,CATALOG_CANDIDATE,NONE
PAIR_2025_T15_Sen_Sen_20250604_20250622_18D,S1C_IW_SLC__1SDV_20250604T171602_20250604T171629_002636_005748_C09D,S1A_IW_SLC__1SDV_20250622T171714_20250622T171741_059762_076BE4_97E9,S1C_IW_GRDH_1SDV_20250604T171604_20250604T171629_002636_005748_7CE1,S1A_IW_GRDH_1SDV_20250622T171714_20250622T171739_059762_076BE4_8C6B,twente,2025,15,Sentinel-1C,Sentinel-1A,2025-06-04,2025-06-22,18,VV+VH,PENDING_BURST_CHECK,PENDING_BURST_CHECK,1.000000,EXTRA_LAG,CATALOG_CANDIDATE,NONE
PAIR_2025_T15_Sen_Sen_20250604_20250628_24D,S1C_IW_SLC__1SDV_20250604T171602_20250604T171629_002636_005748_C09D,S1C_IW_SLC__1SDV_20250628T171603_20250628T171630_002986_006161_7107,S1C_IW_GRDH_1SDV_20250604T171604_20250604T171629_002636_005748_7CE1,S1C_IW_GRDH_1SDV_20250628T171605_20250628T171630_002986_006161_2D36,twente,2025,15,Sentinel-1C,Sentinel-1C,2025-06-04,2025-06-28,24,VV+VH,PENDING_BURST_CHECK,PENDING_BURST_CHECK,1.000000,LONG_LAG,CATALOG_CANDIDATE,NONE
PAIR_2025_T15_Sen_Sen_20250604_20250710_36D,S1C_IW_SLC__1SDV_20250604T171602_20250604T171629_002636_005748_C09D,S1C_IW_SLC__1SDV_20250710T171605_20250710T171632_003161_006672_ED6B,S1C_IW_GRDH_1SDV_20250604T171604_20250604T171629_002636_005748_7CE1,S1C_IW_GRDH_1SDV_20250710T171606_20250710T171631_003161_006672_35CB,twente,2025,15,Sentinel-1C,Sentinel-1C,2025-06-04,2025-07-10,36,VV+VH,PENDING_BURST_CHECK,PENDING_BURST_CHECK,1.000000,LONG_LAG,CATALOG_CANDIDATE,NONE
PAIR_2025_T15_Sen_Sen_20250604_20250722_48D,S1C_IW_SLC__1SDV_20250604T171602_20250604T171629_002636_005748_C09D,S1C_IW_SLC__1SDV_20250722T171605_20250722T171633_003336_006B85_5D01,S1C_IW_GRDH_1SDV_20250604T171604_20250604T171629_002636_005748_7CE1,S1C_IW_GRDH_1SDV_20250722T171607_20250722T171632_003336_006B85_CB4C,twente,2025,15,Sentinel-1C,Sentinel-1C,2025-06-04,2025-07-22,48,VV+VH,PENDING_BURST_CHECK,PENDING_BURST_CHECK,1.000000,LONG_LAG,CATALOG_CANDIDATE,NONE
PAIR_2025_T15_Sen_Sen_20250610_20250616_06D,S1A_IW_SLC__1SDV_20250610T171714_20250610T171741_059587_0765DA_B5AE,S1C_IW_SLC__1SDV_20250616T171603_20250616T171630_002811_005C59_0888,S1A_IW_GRDH_1SDV_20250610T171715_20250610T171740_059587_0765DA_EB10,S1C_IW_GRDH_1SDV_20250616T171604_20250616T171629_002811_005C59_6C31,twente,2025,15,Sentinel-1A,Sentinel-1C,2025-06-10,2025-06-16,6,VV+VH,PENDING_BURST_CHECK,PENDING_BURST_CHECK,1.000000,REV_6D,CATALOG_CANDIDATE,NONE
PAIR_2025_T15_Sen_Sen_20250610_20250622_12D,S1A_IW_SLC__1SDV_20250610T171714_20250610T171741_059587_0765DA_B5AE,S1A_IW_SLC__1SDV_20250622T171714_20250622T171741_059762_076BE4_97E9,S1A_IW_GRDH_1SDV_20250610T171715_20250610T171740_059587_0765DA_EB10,S1A_IW_GRDH_1SDV_20250622T171714_20250622T171739_059762_076BE4_8C6B,twente,2025,15,Sentinel-1A,Sentinel-1A,2025-06-10,2025-06-22,12,VV+VH,PENDING_BURST_CHECK,PENDING_BURST_CHECK,1.000000,MAIN_12D,CATALOG_CANDIDATE,NONE
PAIR_2025_T15_Sen_Sen_20250610_20250628_18D,S1A_IW_SLC__1SDV_20250610T171714_20250610T171741_059587_0765DA_B5AE,S1C_IW_SLC__1SDV_20250628T171603_20250628T171630_002986_006161_7107,S1A_IW_GRDH_1SDV_20250610T171715_20250610T171740_059587_0765DA_EB10,S1C_IW_GRDH_1SDV_20250628T171605_20250628T171630_002986_006161_2D36,twente,2025,15,Sentinel-1A,Sentinel-1C,2025-06-10,2025-06-28,18,VV+VH,PENDING_BURST_CHECK,PENDING_BURST_CHECK,1.000000,EXTRA_LAG,CATALOG_CANDIDATE,NONE
PAIR_2025_T15_Sen_Sen_20250610_20250704_24D,S1A_IW_SLC__1SDV_20250610T171714_20250610T171741_059587_0765DA_B5AE,S1A_IW_SLC__1SDV_20250704T171713_20250704T171740_059937_077200_31BF,S1A_IW_GRDH_1SDV_20250610T171715_20250610T171740_059587_0765DA_EB10,S1A_IW_GRDH_1SDV_20250704T171714_20250704T171739_059937_077200_3024,twente,2025,15,Sentinel-1A,Sentinel-1A,2025-06-10,2025-07-04,24,VV+VH,PENDING_BURST_CHECK,PENDING_BURST_CHECK,1.000000,LONG_LAG,CATALOG_CANDIDATE,NONE
PAIR_2025_T15_Sen_Sen_20250610_20250716_36D,S1A_IW_SLC__1SDV_20250610T171714_20250610T171741_059587_0765DA_B5AE,S1A_IW_SLC__1SDV_20250716T171712_20250716T171739_060112_077801_A006,S1A_IW_GRDH_1SDV_20250610T171715_20250610T171740_059587_0765DA_EB10,S1A_IW_GRDH_1SDV_20250716T171713_20250716T171738_060112_077801_6119,twente,2025,15,Sentinel-1A,Sentinel-1A,2025-06-10,2025-07-16,36,VV+VH,PENDING_BURST_CHECK,PENDING_BURST_CHECK,1.000000,LONG_LAG,CATALOG_CANDIDATE,NONE
PAIR_2025_T15_Sen_Sen_20250610_20250728_48D,S1A_IW_SLC__1SDV_20250610T171714_20250610T171741_059587_0765DA_B5AE,S1A_IW_SLC__1SDV_20250728T171712_20250728T171739_060287_077E07_08A5,S1A_IW_GRDH_1SDV_20250610T171715_20250610T171740_059587_0765DA_EB10,S1A_IW_GRDH_1SDV_20250728T171713_20250728T171738_060287_077E07_7420,twente,2025,15,Sentinel-1A,Sentinel-1A,2025-06-10,2025-07-28,48,VV+VH,PENDING_BURST_CHECK,PENDING_BURST_CHECK,1.000000,LONG_LAG,CATALOG_CANDIDATE,NONE
PAIR_2025_T15_Sen_Sen_20250616_20250622_06D,S1C_IW_SLC__1SDV_20250616T171603_20250616T171630_002811_005C59_0888,S1A_IW_SLC__1SDV_20250622T171714_20250622T171741_059762_076BE4_97E9,S1C_IW_GRDH_1SDV_20250616T171604_20250616T171629_002811_005C59_6C31,S1A_IW_GRDH_1SDV_20250622T171714_20250622T171739_059762_076BE4_8C6B,twente,2025,15,Sentinel-1C,Sentinel-1A,2025-06-16,2025-06-22,6,VV+VH,PENDING_BURST_CHECK,PENDING_BURST_CHECK,1.000000,REV_6D,CATALOG_CANDIDATE,NONE
PAIR_2025_T15_Sen_Sen_20250616_20250628_12D,S1C_IW_SLC__1SDV_20250616T171603_20250616T171630_002811_005C59_0888,S1C_IW_SLC__1SDV_20250628T171603_20250628T171630_002986_006161_7107,S1C_IW_GRDH_1SDV_20250616T171604_20250616T171629_002811_005C59_6C31,S1C_IW_GRDH_1SDV_20250628T171605_20250628T171630_002986_006161_2D36,twente,2025,15,Sentinel-1C,Sentinel-1C,2025-06-16,2025-06-28,12,VV+VH,PENDING_BURST_CHECK,PENDING_BURST_CHECK,1.000000,MAIN_12D,CATALOG_CANDIDATE,NONE
PAIR_2025_T15_Sen_Sen_20250616_20250704_18D,S1C_IW_SLC__1SDV_20250616T171603_20250616T171630_002811_005C59_0888,S1A_IW_SLC__1SDV_20250704T171713_20250704T171740_059937_077200_31BF,S1C_IW_GRDH_1SDV_20250616T171604_20250616T171629_002811_005C59_6C31,S1A_IW_GRDH_1SDV_20250704T171714_20250704T171739_059937_077200_3024,twente,2025,15,Sentinel-1C,Sentinel-1A,2025-06-16,2025-07-04,18,VV+VH,PENDING_BURST_CHECK,PENDING_BURST_CHECK,1.000000,EXTRA_LAG,CATALOG_CANDIDATE,NONE
PAIR_2025_T15_Sen_Sen_20250616_20250710_24D,S1C_IW_SLC__1SDV_20250616T171603_20250616T171630_002811_005C59_0888,S1C_IW_SLC__1SDV_20250710T171605_20250710T171632_003161_006672_ED6B,S1C_IW_GRDH_1SDV_20250616T171604_20250616T171629_002811_005C59_6C31,S1C_IW_GRDH_1SDV_20250710T171606_20250710T171631_003161_006672_35CB,twente,2025,15,Sentinel-1C,Sentinel-1C,2025-06-16,2025-07-10,24,VV+VH,PENDING_BURST_CHECK,PENDING_BURST_CHECK,1.000000,LONG_LAG,CATALOG_CANDIDATE,NONE
PAIR_2025_T15_Sen_Sen_20250616_20250722_36D,S1C_IW_SLC__1SDV_20250616T171603_20250616T171630_002811_005C59_0888,S1C_IW_SLC__1SDV_20250722T171605_20250722T171633_003336_006B85_5D01,S1C_IW_GRDH_1SDV_20250616T171604_20250616T171629_002811_005C59_6C31,S1C_IW_GRDH_1SDV_20250722T171607_20250722T171632_003336_006B85_CB4C,twente,2025,15,Sentinel-1C,Sentinel-1C,2025-06-16,2025-07-22,36,VV+VH,PENDING_BURST_CHECK,PENDING_BURST_CHECK,1.000000,LONG_LAG,CATALOG_CANDIDATE,NONE
PAIR_2025_T15_Sen_Sen_20250616_20250803_48D,S1C_IW_SLC__1SDV_20250616T171603_20250616T171630_002811_005C59_0888,S1C_IW_SLC__1SDV_20250803T171606_20250803T171633_003511_0070A4_46EA,S1C_IW_GRDH_1SDV_20250616T171604_20250616T171629_002811_005C59_6C31,S1C_IW_GRDH_1SDV_20250803T171607_20250803T171632_003511_0070A4_E371,twente,2025,15,Sentinel-1C,Sentinel-1C,2025-06-16,2025-08-03,48,VV+VH,PENDING_BURST_CHECK,PENDING_BURST_CHECK,1.000000,LONG_LAG,CATALOG_CANDIDATE,NONE
PAIR_2025_T15_Sen_Sen_20250622_20250628_06D,S1A_IW_SLC__1SDV_20250622T171714_20250622T171741_059762_076BE4_97E9,S1C_IW_SLC__1SDV_20250628T171603_20250628T171630_002986_006161_7107,S1A_IW_GRDH_1SDV_20250622T171714_20250622T171739_059762_076BE4_8C6B,S1C_IW_GRDH_1SDV_20250628T171605_20250628T171630_002986_006161_2D36,twente,2025,15,Sentinel-1A,Sentinel-1C,2025-06-22,2025-06-28,6,VV+VH,PENDING_BURST_CHECK,PENDING_BURST_CHECK,1.000000,REV_6D,CATALOG_CANDIDATE,NONE
PAIR_2025_T15_Sen_Sen_20250622_20250704_12D,S1A_IW_SLC__1SDV_20250622T171714_20250622T171741_059762_076BE4_97E9,S1A_IW_SLC__1SDV_20250704T171713_20250704T171740_059937_077200_31BF,S1A_IW_GRDH_1SDV_20250622T171714_20250622T171739_059762_076BE4_8C6B,S1A_IW_GRDH_1SDV_20250704T171714_20250704T171739_059937_077200_3024,twente,2025,15,Sentinel-1A,Sentinel-1A,2025-06-22,2025-07-04,12,VV+VH,PENDING_BURST_CHECK,PENDING_BURST_CHECK,1.000000,MAIN_12D,CATALOG_CANDIDATE,NONE
PAIR_2025_T15_Sen_Sen_20250622_20250710_18D,S1A_IW_SLC__1SDV_20250622T171714_20250622T171741_059762_076BE4_97E9,S1C_IW_SLC__1SDV_20250710T171605_20250710T171632_003161_006672_ED6B,S1A_IW_GRDH_1SDV_20250622T171714_20250622T171739_059762_076BE4_8C6B,S1C_IW_GRDH_1SDV_20250710T171606_20250710T171631_003161_006672_35CB,twente,2025,15,Sentinel-1A,Sentinel-1C,2025-06-22,2025-07-10,18,VV+VH,PENDING_BURST_CHECK,PENDING_BURST_CHECK,1.000000,EXTRA_LAG,CATALOG_CANDIDATE,NONE
PAIR_2025_T15_Sen_Sen_20250622_20250716_24D,S1A_IW_SLC__1SDV_20250622T171714_20250622T171741_059762_076BE4_97E9,S1A_IW_SLC__1SDV_20250716T171712_20250716T171739_060112_077801_A006,S1A_IW_GRDH_1SDV_20250622T171714_20250622T171739_059762_076BE4_8C6B,S1A_IW_GRDH_1SDV_20250716T171713_20250716T171738_060112_077801_6119,twente,2025,15,Sentinel-1A,Sentinel-1A,2025-06-22,2025-07-16,24,VV+VH,PENDING_BURST_CHECK,PENDING_BURST_CHECK,1.000000,LONG_LAG,CATALOG_CANDIDATE,NONE
PAIR_2025_T15_Sen_Sen_20250622_20250728_36D,S1A_IW_SLC__1SDV_20250622T171714_20250622T171741_059762_076BE4_97E9,S1A_IW_SLC__1SDV_20250728T171712_20250728T171739_060287_077E07_08A5,S1A_IW_GRDH_1SDV_20250622T171714_20250622T171739_059762_076BE4_8C6B,S1A_IW_GRDH_1SDV_20250728T171713_20250728T171738_060287_077E07_7420,twente,2025,15,Sentinel-1A,Sentinel-1A,2025-06-22,2025-07-28,36,VV+VH,PENDING_BURST_CHECK,PENDING_BURST_CHECK,1.000000,LONG_LAG,CATALOG_CANDIDATE,NONE
PAIR_2025_T15_Sen_Sen_20250622_20250809_48D,S1A_IW_SLC__1SDV_20250622T171714_20250622T171741_059762_076BE4_97E9,S1A_IW_SLC__1SDV_20250809T171712_20250809T171739_060462_078450_679E,S1A_IW_GRDH_1SDV_20250622T171714_20250622T171739_059762_076BE4_8C6B,S1A_IW_GRDH_1SDV_20250809T171713_20250809T171738_060462_078450_BE19,twente,2025,15,Sentinel-1A,Sentinel-1A,2025-06-22,2025-08-09,48,VV+VH,PENDING_BURST_CHECK,PENDING_BURST_CHECK,1.000000,LONG_LAG,CATALOG_CANDIDATE,NONE
PAIR_2025_T15_Sen_Sen_20250628_20250704_06D,S1C_IW_SLC__1SDV_20250628T171603_20250628T171630_002986_006161_7107,S1A_IW_SLC__1SDV_20250704T171713_20250704T171740_059937_077200_31BF,S1C_IW_GRDH_1SDV_20250628T171605_20250628T171630_002986_006161_2D36,S1A_IW_GRDH_1SDV_20250704T171714_20250704T171739_059937_077200_3024,twente,2025,15,Sentinel-1C,Sentinel-1A,2025-06-28,2025-07-04,6,VV+VH,PENDING_BURST_CHECK,PENDING_BURST_CHECK,1.000000,REV_6D,CATALOG_CANDIDATE,NONE
PAIR_2025_T15_Sen_Sen_20250628_20250710_12D,S1C_IW_SLC__1SDV_20250628T171603_20250628T171630_002986_006161_7107,S1C_IW_SLC__1SDV_20250710T171605_20250710T171632_003161_006672_ED6B,S1C_IW_GRDH_1SDV_20250628T171605_20250628T171630_002986_006161_2D36,S1C_IW_GRDH_1SDV_20250710T171606_20250710T171631_003161_006672_35CB,twente,2025,15,Sentinel-1C,Sentinel-1C,2025-06-28,2025-07-10,12,VV+VH,PENDING_BURST_CHECK,PENDING_BURST_CHECK,1.000000,MAIN_12D,CATALOG_CANDIDATE,NONE
PAIR_2025_T15_Sen_Sen_20250628_20250716_18D,S1C_IW_SLC__1SDV_20250628T171603_20250628T171630_002986_006161_7107,S1A_IW_SLC__1SDV_20250716T171712_20250716T171739_060112_077801_A006,S1C_IW_GRDH_1SDV_20250628T171605_20250628T171630_002986_006161_2D36,S1A_IW_GRDH_1SDV_20250716T171713_20250716T171738_060112_077801_6119,twente,2025,15,Sentinel-1C,Sentinel-1A,2025-06-28,2025-07-16,18,VV+VH,PENDING_BURST_CHECK,PENDING_BURST_CHECK,1.000000,EXTRA_LAG,CATALOG_CANDIDATE,NONE
PAIR_2025_T15_Sen_Sen_20250628_20250722_24D,S1C_IW_SLC__1SDV_20250628T171603_20250628T171630_002986_006161_7107,S1C_IW_SLC__1SDV_20250722T171605_20250722T171633_003336_006B85_5D01,S1C_IW_GRDH_1SDV_20250628T171605_20250628T171630_002986_006161_2D36,S1C_IW_GRDH_1SDV_20250722T171607_20250722T171632_003336_006B85_CB4C,twente,2025,15,Sentinel-1C,Sentinel-1C,2025-06-28,2025-07-22,24,VV+VH,PENDING_BURST_CHECK,PENDING_BURST_CHECK,1.000000,LONG_LAG,CATALOG_CANDIDATE,NONE
PAIR_2025_T15_Sen_Sen_20250628_20250803_36D,S1C_IW_SLC__1SDV_20250628T171603_20250628T171630_002986_006161_7107,S1C_IW_SLC__1SDV_20250803T171606_20250803T171633_003511_0070A4_46EA,S1C_IW_GRDH_1SDV_20250628T171605_20250628T171630_002986_006161_2D36,S1C_IW_GRDH_1SDV_20250803T171607_20250803T171632_003511_0070A4_E371,twente,2025,15,Sentinel-1C,Sentinel-1C,2025-06-28,2025-08-03,36,VV+VH,PENDING_BURST_CHECK,PENDING_BURST_CHECK,1.000000,LONG_LAG,CATALOG_CANDIDATE,NONE
PAIR_2025_T15_Sen_Sen_20250628_20250815_48D,S1C_IW_SLC__1SDV_20250628T171603_20250628T171630_002986_006161_7107,S1C_IW_SLC__1SDV_20250815T171606_20250815T171633_003686_0075E1_C4A5,S1C_IW_GRDH_1SDV_20250628T171605_20250628T171630_002986_006161_2D36,S1C_IW_GRDH_1SDV_20250815T171608_20250815T171633_003686_0075E1_0EDF,twente,2025,15,Sentinel-1C,Sentinel-1C,2025-06-28,2025-08-15,48,VV+VH,PENDING_BURST_CHECK,PENDING_BURST_CHECK,1.000000,LONG_LAG,CATALOG_CANDIDATE,NONE
PAIR_2025_T15_Sen_Sen_20250704_20250710_06D,S1A_IW_SLC__1SDV_20250704T171713_20250704T171740_059937_077200_31BF,S1C_IW_SLC__1SDV_20250710T171605_20250710T171632_003161_006672_ED6B,S1A_IW_GRDH_1SDV_20250704T171714_20250704T171739_059937_077200_3024,S1C_IW_GRDH_1SDV_20250710T171606_20250710T171631_003161_006672_35CB,twente,2025,15,Sentinel-1A,Sentinel-1C,2025-07-04,2025-07-10,6,VV+VH,PENDING_BURST_CHECK,PENDING_BURST_CHECK,1.000000,REV_6D,CATALOG_CANDIDATE,NONE
PAIR_2025_T15_Sen_Sen_20250704_20250716_12D,S1A_IW_SLC__1SDV_20250704T171713_20250704T171740_059937_077200_31BF,S1A_IW_SLC__1SDV_20250716T171712_20250716T171739_060112_077801_A006,S1A_IW_GRDH_1SDV_20250704T171714_20250704T171739_059937_077200_3024,S1A_IW_GRDH_1SDV_20250716T171713_20250716T171738_060112_077801_6119,twente,2025,15,Sentinel-1A,Sentinel-1A,2025-07-04,2025-07-16,12,VV+VH,PENDING_BURST_CHECK,PENDING_BURST_CHECK,1.000000,MAIN_12D,CATALOG_CANDIDATE,NONE
PAIR_2025_T15_Sen_Sen_20250704_20250722_18D,S1A_IW_SLC__1SDV_20250704T171713_20250704T171740_059937_077200_31BF,S1C_IW_SLC__1SDV_20250722T171605_20250722T171633_003336_006B85_5D01,S1A_IW_GRDH_1SDV_20250704T171714_20250704T171739_059937_077200_3024,S1C_IW_GRDH_1SDV_20250722T171607_20250722T171632_003336_006B85_CB4C,twente,2025,15,Sentinel-1A,Sentinel-1C,2025-07-04,2025-07-22,18,VV+VH,PENDING_BURST_CHECK,PENDING_BURST_CHECK,1.000000,EXTRA_LAG,CATALOG_CANDIDATE,NONE
PAIR_2025_T15_Sen_Sen_20250704_20250728_24D,S1A_IW_SLC__1SDV_20250704T171713_20250704T171740_059937_077200_31BF,S1A_IW_SLC__1SDV_20250728T171712_20250728T171739_060287_077E07_08A5,S1A_IW_GRDH_1SDV_20250704T171714_20250704T171739_059937_077200_3024,S1A_IW_GRDH_1SDV_20250728T171713_20250728T171738_060287_077E07_7420,twente,2025,15,Sentinel-1A,Sentinel-1A,2025-07-04,2025-07-28,24,VV+VH,PENDING_BURST_CHECK,PENDING_BURST_CHECK,1.000000,LONG_LAG,CATALOG_CANDIDATE,NONE
PAIR_2025_T15_Sen_Sen_20250704_20250809_36D,S1A_IW_SLC__1SDV_20250704T171713_20250704T171740_059937_077200_31BF,S1A_IW_SLC__1SDV_20250809T171712_20250809T171739_060462_078450_679E,S1A_IW_GRDH_1SDV_20250704T171714_20250704T171739_059937_077200_3024,S1A_IW_GRDH_1SDV_20250809T171713_20250809T171738_060462_078450_BE19,twente,2025,15,Sentinel-1A,Sentinel-1A,2025-07-04,2025-08-09,36,VV+VH,PENDING_BURST_CHECK,PENDING_BURST_CHECK,1.000000,LONG_LAG,CATALOG_CANDIDATE,NONE
PAIR_2025_T15_Sen_Sen_20250704_20250821_48D,S1A_IW_SLC__1SDV_20250704T171713_20250704T171740_059937_077200_31BF,S1A_IW_SLC__1SDV_20250821T171712_20250821T171739_060637_078B34_BCAC,S1A_IW_GRDH_1SDV_20250704T171714_20250704T171739_059937_077200_3024,S1A_IW_GRDH_1SDV_20250821T171713_20250821T171738_060637_078B34_26C4,twente,2025,15,Sentinel-1A,Sentinel-1A,2025-07-04,2025-08-21,48,VV+VH,PENDING_BURST_CHECK,PENDING_BURST_CHECK,1.000000,LONG_LAG,CATALOG_CANDIDATE,NONE
PAIR_2025_T15_Sen_Sen_20250710_20250716_06D,S1C_IW_SLC__1SDV_20250710T171605_20250710T171632_003161_006672_ED6B,S1A_IW_SLC__1SDV_20250716T171712_20250716T171739_060112_077801_A006,S1C_IW_GRDH_1SDV_20250710T171606_20250710T171631_003161_006672_35CB,S1A_IW_GRDH_1SDV_20250716T171713_20250716T171738_060112_077801_6119,twente,2025,15,Sentinel-1C,Sentinel-1A,2025-07-10,2025-07-16,6,VV+VH,PENDING_BURST_CHECK,PENDING_BURST_CHECK,1.000000,REV_6D,CATALOG_CANDIDATE,NONE
PAIR_2025_T15_Sen_Sen_20250710_20250722_12D,S1C_IW_SLC__1SDV_20250710T171605_20250710T171632_003161_006672_ED6B,S1C_IW_SLC__1SDV_20250722T171605_20250722T171633_003336_006B85_5D01,S1C_IW_GRDH_1SDV_20250710T171606_20250710T171631_003161_006672_35CB,S1C_IW_GRDH_1SDV_20250722T171607_20250722T171632_003336_006B85_CB4C,twente,2025,15,Sentinel-1C,Sentinel-1C,2025-07-10,2025-07-22,12,VV+VH,PENDING_BURST_CHECK,PENDING_BURST_CHECK,1.000000,MAIN_12D,CATALOG_CANDIDATE,NONE
PAIR_2025_T15_Sen_Sen_20250710_20250728_18D,S1C_IW_SLC__1SDV_20250710T171605_20250710T171632_003161_006672_ED6B,S1A_IW_SLC__1SDV_20250728T171712_20250728T171739_060287_077E07_08A5,S1C_IW_GRDH_1SDV_20250710T171606_20250710T171631_003161_006672_35CB,S1A_IW_GRDH_1SDV_20250728T171713_20250728T171738_060287_077E07_7420,twente,2025,15,Sentinel-1C,Sentinel-1A,2025-07-10,2025-07-28,18,VV+VH,PENDING_BURST_CHECK,PENDING_BURST_CHECK,1.000000,EXTRA_LAG,CATALOG_CANDIDATE,NONE
PAIR_2025_T15_Sen_Sen_20250710_20250803_24D,S1C_IW_SLC__1SDV_20250710T171605_20250710T171632_003161_006672_ED6B,S1C_IW_SLC__1SDV_20250803T171606_20250803T171633_003511_0070A4_46EA,S1C_IW_GRDH_1SDV_20250710T171606_20250710T171631_003161_006672_35CB,S1C_IW_GRDH_1SDV_20250803T171607_20250803T171632_003511_0070A4_E371,twente,2025,15,Sentinel-1C,Sentinel-1C,2025-07-10,2025-08-03,24,VV+VH,PENDING_BURST_CHECK,PENDING_BURST_CHECK,1.000000,LONG_LAG,CATALOG_CANDIDATE,NONE
PAIR_2025_T15_Sen_Sen_20250710_20250815_36D,S1C_IW_SLC__1SDV_20250710T171605_20250710T171632_003161_006672_ED6B,S1C_IW_SLC__1SDV_20250815T171606_20250815T171633_003686_0075E1_C4A5,S1C_IW_GRDH_1SDV_20250710T171606_20250710T171631_003161_006672_35CB,S1C_IW_GRDH_1SDV_20250815T171608_20250815T171633_003686_0075E1_0EDF,twente,2025,15,Sentinel-1C,Sentinel-1C,2025-07-10,2025-08-15,36,VV+VH,PENDING_BURST_CHECK,PENDING_BURST_CHECK,1.000000,LONG_LAG,CATALOG_CANDIDATE,NONE
PAIR_2025_T15_Sen_Sen_20250710_20250827_48D,S1C_IW_SLC__1SDV_20250710T171605_20250710T171632_003161_006672_ED6B,S1C_IW_SLC__1SDV_20250827T171607_20250827T171634_003861_007B20_DDAD,S1C_IW_GRDH_1SDV_20250710T171606_20250710T171631_003161_006672_35CB,S1C_IW_GRDH_1SDV_20250827T171608_20250827T171633_003861_007B20_6F9D,twente,2025,15,Sentinel-1C,Sentinel-1C,2025-07-10,2025-08-27,48,VV+VH,PENDING_BURST_CHECK,PENDING_BURST_CHECK,1.000000,LONG_LAG,CATALOG_CANDIDATE,NONE
PAIR_2025_T15_Sen_Sen_20250716_20250722_06D,S1A_IW_SLC__1SDV_20250716T171712_20250716T171739_060112_077801_A006,S1C_IW_SLC__1SDV_20250722T171605_20250722T171633_003336_006B85_5D01,S1A_IW_GRDH_1SDV_20250716T171713_20250716T171738_060112_077801_6119,S1C_IW_GRDH_1SDV_20250722T171607_20250722T171632_003336_006B85_CB4C,twente,2025,15,Sentinel-1A,Sentinel-1C,2025-07-16,2025-07-22,6,VV+VH,PENDING_BURST_CHECK,PENDING_BURST_CHECK,1.000000,REV_6D,CATALOG_CANDIDATE,NONE
PAIR_2025_T15_Sen_Sen_20250716_20250728_12D,S1A_IW_SLC__1SDV_20250716T171712_20250716T171739_060112_077801_A006,S1A_IW_SLC__1SDV_20250728T171712_20250728T171739_060287_077E07_08A5,S1A_IW_GRDH_1SDV_20250716T171713_20250716T171738_060112_077801_6119,S1A_IW_GRDH_1SDV_20250728T171713_20250728T171738_060287_077E07_7420,twente,2025,15,Sentinel-1A,Sentinel-1A,2025-07-16,2025-07-28,12,VV+VH,PENDING_BURST_CHECK,PENDING_BURST_CHECK,1.000000,MAIN_12D,CATALOG_CANDIDATE,NONE
PAIR_2025_T15_Sen_Sen_20250716_20250803_18D,S1A_IW_SLC__1SDV_20250716T171712_20250716T171739_060112_077801_A006,S1C_IW_SLC__1SDV_20250803T171606_20250803T171633_003511_0070A4_46EA,S1A_IW_GRDH_1SDV_20250716T171713_20250716T171738_060112_077801_6119,S1C_IW_GRDH_1SDV_20250803T171607_20250803T171632_003511_0070A4_E371,twente,2025,15,Sentinel-1A,Sentinel-1C,2025-07-16,2025-08-03,18,VV+VH,PENDING_BURST_CHECK,PENDING_BURST_CHECK,1.000000,EXTRA_LAG,CATALOG_CANDIDATE,NONE
PAIR_2025_T15_Sen_Sen_20250716_20250809_24D,S1A_IW_SLC__1SDV_20250716T171712_20250716T171739_060112_077801_A006,S1A_IW_SLC__1SDV_20250809T171712_20250809T171739_060462_078450_679E,S1A_IW_GRDH_1SDV_20250716T171713_20250716T171738_060112_077801_6119,S1A_IW_GRDH_1SDV_20250809T171713_20250809T171738_060462_078450_BE19,twente,2025,15,Sentinel-1A,Sentinel-1A,2025-07-16,2025-08-09,24,VV+VH,PENDING_BURST_CHECK,PENDING_BURST_CHECK,1.000000,LONG_LAG,CATALOG_CANDIDATE,NONE
PAIR_2025_T15_Sen_Sen_20250716_20250821_36D,S1A_IW_SLC__1SDV_20250716T171712_20250716T171739_060112_077801_A006,S1A_IW_SLC__1SDV_20250821T171712_20250821T171739_060637_078B34_BCAC,S1A_IW_GRDH_1SDV_20250716T171713_20250716T171738_060112_077801_6119,S1A_IW_GRDH_1SDV_20250821T171713_20250821T171738_060637_078B34_26C4,twente,2025,15,Sentinel-1A,Sentinel-1A,2025-07-16,2025-08-21,36,VV+VH,PENDING_BURST_CHECK,PENDING_BURST_CHECK,1.000000,LONG_LAG,CATALOG_CANDIDATE,NONE
PAIR_2025_T15_Sen_Sen_20250716_20250902_48D,S1A_IW_SLC__1SDV_20250716T171712_20250716T171739_060112_077801_A006,S1A_IW_SLC__1SDV_20250902T171712_20250902T171739_060812_07921D_AEDD,S1A_IW_GRDH_1SDV_20250716T171713_20250716T171738_060112_077801_6119,S1A_IW_GRDH_1SDV_20250902T171713_20250902T171738_060812_07921D_CC30,twente,2025,15,Sentinel-1A,Sentinel-1A,2025-07-16,2025-09-02,48,VV+VH,PENDING_BURST_CHECK,PENDING_BURST_CHECK,1.000000,LONG_LAG,CATALOG_CANDIDATE,NONE
PAIR_2025_T15_Sen_Sen_20250722_20250728_06D,S1C_IW_SLC__1SDV_20250722T171605_20250722T171633_003336_006B85_5D01,S1A_IW_SLC__1SDV_20250728T171712_20250728T171739_060287_077E07_08A5,S1C_IW_GRDH_1SDV_20250722T171607_20250722T171632_003336_006B85_CB4C,S1A_IW_GRDH_1SDV_20250728T171713_20250728T171738_060287_077E07_7420,twente,2025,15,Sentinel-1C,Sentinel-1A,2025-07-22,2025-07-28,6,VV+VH,PENDING_BURST_CHECK,PENDING_BURST_CHECK,1.000000,REV_6D,CATALOG_CANDIDATE,NONE
PAIR_2025_T15_Sen_Sen_20250722_20250803_12D,S1C_IW_SLC__1SDV_20250722T171605_20250722T171633_003336_006B85_5D01,S1C_IW_SLC__1SDV_20250803T171606_20250803T171633_003511_0070A4_46EA,S1C_IW_GRDH_1SDV_20250722T171607_20250722T171632_003336_006B85_CB4C,S1C_IW_GRDH_1SDV_20250803T171607_20250803T171632_003511_0070A4_E371,twente,2025,15,Sentinel-1C,Sentinel-1C,2025-07-22,2025-08-03,12,VV+VH,PENDING_BURST_CHECK,PENDING_BURST_CHECK,1.000000,MAIN_12D,CATALOG_CANDIDATE,NONE
PAIR_2025_T15_Sen_Sen_20250722_20250809_18D,S1C_IW_SLC__1SDV_20250722T171605_20250722T171633_003336_006B85_5D01,S1A_IW_SLC__1SDV_20250809T171712_20250809T171739_060462_078450_679E,S1C_IW_GRDH_1SDV_20250722T171607_20250722T171632_003336_006B85_CB4C,S1A_IW_GRDH_1SDV_20250809T171713_20250809T171738_060462_078450_BE19,twente,2025,15,Sentinel-1C,Sentinel-1A,2025-07-22,2025-08-09,18,VV+VH,PENDING_BURST_CHECK,PENDING_BURST_CHECK,1.000000,EXTRA_LAG,CATALOG_CANDIDATE,NONE
PAIR_2025_T15_Sen_Sen_20250722_20250815_24D,S1C_IW_SLC__1SDV_20250722T171605_20250722T171633_003336_006B85_5D01,S1C_IW_SLC__1SDV_20250815T171606_20250815T171633_003686_0075E1_C4A5,S1C_IW_GRDH_1SDV_20250722T171607_20250722T171632_003336_006B85_CB4C,S1C_IW_GRDH_1SDV_20250815T171608_20250815T171633_003686_0075E1_0EDF,twente,2025,15,Sentinel-1C,Sentinel-1C,2025-07-22,2025-08-15,24,VV+VH,PENDING_BURST_CHECK,PENDING_BURST_CHECK,1.000000,LONG_LAG,CATALOG_CANDIDATE,NONE
PAIR_2025_T15_Sen_Sen_20250722_20250827_36D,S1C_IW_SLC__1SDV_20250722T171605_20250722T171633_003336_006B85_5D01,S1C_IW_SLC__1SDV_20250827T171607_20250827T171634_003861_007B20_DDAD,S1C_IW_GRDH_1SDV_20250722T171607_20250722T171632_003336_006B85_CB4C,S1C_IW_GRDH_1SDV_20250827T171608_20250827T171633_003861_007B20_6F9D,twente,2025,15,Sentinel-1C,Sentinel-1C,2025-07-22,2025-08-27,36,VV+VH,PENDING_BURST_CHECK,PENDING_BURST_CHECK,1.000000,LONG_LAG,CATALOG_CANDIDATE,NONE
PAIR_2025_T15_Sen_Sen_20250722_20250908_48D,S1C_IW_SLC__1SDV_20250722T171605_20250722T171633_003336_006B85_5D01,S1C_IW_SLC__1SDV_20250908T171608_20250908T171634_004036_008067_3CCB,S1C_IW_GRDH_1SDV_20250722T171607_20250722T171632_003336_006B85_CB4C,S1C_IW_GRDH_1SDV_20250908T171609_20250908T171634_004036_008067_8471,twente,2025,15,Sentinel-1C,Sentinel-1C,2025-07-22,2025-09-08,48,VV+VH,PENDING_BURST_CHECK,PENDING_BURST_CHECK,1.000000,LONG_LAG,CATALOG_CANDIDATE,NONE
PAIR_2025_T15_Sen_Sen_20250728_20250803_06D,S1A_IW_SLC__1SDV_20250728T171712_20250728T171739_060287_077E07_08A5,S1C_IW_SLC__1SDV_20250803T171606_20250803T171633_003511_0070A4_46EA,S1A_IW_GRDH_1SDV_20250728T171713_20250728T171738_060287_077E07_7420,S1C_IW_GRDH_1SDV_20250803T171607_20250803T171632_003511_0070A4_E371,twente,2025,15,Sentinel-1A,Sentinel-1C,2025-07-28,2025-08-03,6,VV+VH,PENDING_BURST_CHECK,PENDING_BURST_CHECK,1.000000,REV_6D,CATALOG_CANDIDATE,NONE
PAIR_2025_T15_Sen_Sen_20250728_20250809_12D,S1A_IW_SLC__1SDV_20250728T171712_20250728T171739_060287_077E07_08A5,S1A_IW_SLC__1SDV_20250809T171712_20250809T171739_060462_078450_679E,S1A_IW_GRDH_1SDV_20250728T171713_20250728T171738_060287_077E07_7420,S1A_IW_GRDH_1SDV_20250809T171713_20250809T171738_060462_078450_BE19,twente,2025,15,Sentinel-1A,Sentinel-1A,2025-07-28,2025-08-09,12,VV+VH,PENDING_BURST_CHECK,PENDING_BURST_CHECK,1.000000,MAIN_12D,CATALOG_CANDIDATE,NONE
PAIR_2025_T15_Sen_Sen_20250728_20250815_18D,S1A_IW_SLC__1SDV_20250728T171712_20250728T171739_060287_077E07_08A5,S1C_IW_SLC__1SDV_20250815T171606_20250815T171633_003686_0075E1_C4A5,S1A_IW_GRDH_1SDV_20250728T171713_20250728T171738_060287_077E07_7420,S1C_IW_GRDH_1SDV_20250815T171608_20250815T171633_003686_0075E1_0EDF,twente,2025,15,Sentinel-1A,Sentinel-1C,2025-07-28,2025-08-15,18,VV+VH,PENDING_BURST_CHECK,PENDING_BURST_CHECK,1.000000,EXTRA_LAG,CATALOG_CANDIDATE,NONE
PAIR_2025_T15_Sen_Sen_20250728_20250821_24D,S1A_IW_SLC__1SDV_20250728T171712_20250728T171739_060287_077E07_08A5,S1A_IW_SLC__1SDV_20250821T171712_20250821T171739_060637_078B34_BCAC,S1A_IW_GRDH_1SDV_20250728T171713_20250728T171738_060287_077E07_7420,S1A_IW_GRDH_1SDV_20250821T171713_20250821T171738_060637_078B34_26C4,twente,2025,15,Sentinel-1A,Sentinel-1A,2025-07-28,2025-08-21,24,VV+VH,PENDING_BURST_CHECK,PENDING_BURST_CHECK,1.000000,LONG_LAG,CATALOG_CANDIDATE,NONE
PAIR_2025_T15_Sen_Sen_20250728_20250902_36D,S1A_IW_SLC__1SDV_20250728T171712_20250728T171739_060287_077E07_08A5,S1A_IW_SLC__1SDV_20250902T171712_20250902T171739_060812_07921D_AEDD,S1A_IW_GRDH_1SDV_20250728T171713_20250728T171738_060287_077E07_7420,S1A_IW_GRDH_1SDV_20250902T171713_20250902T171738_060812_07921D_CC30,twente,2025,15,Sentinel-1A,Sentinel-1A,2025-07-28,2025-09-02,36,VV+VH,PENDING_BURST_CHECK,PENDING_BURST_CHECK,1.000000,LONG_LAG,CATALOG_CANDIDATE,NONE
PAIR_2025_T15_Sen_Sen_20250728_20250914_48D,S1A_IW_SLC__1SDV_20250728T171712_20250728T171739_060287_077E07_08A5,S1A_IW_SLC__1SDV_20250914T171713_20250914T171740_060987_079920_224B,S1A_IW_GRDH_1SDV_20250728T171713_20250728T171738_060287_077E07_7420,S1A_IW_GRDH_1SDV_20250914T171713_20250914T171738_060987_079920_38B4,twente,2025,15,Sentinel-1A,Sentinel-1A,2025-07-28,2025-09-14,48,VV+VH,PENDING_BURST_CHECK,PENDING_BURST_CHECK,1.000000,LONG_LAG,CATALOG_CANDIDATE,NONE
PAIR_2025_T15_Sen_Sen_20250803_20250809_06D,S1C_IW_SLC__1SDV_20250803T171606_20250803T171633_003511_0070A4_46EA,S1A_IW_SLC__1SDV_20250809T171712_20250809T171739_060462_078450_679E,S1C_IW_GRDH_1SDV_20250803T171607_20250803T171632_003511_0070A4_E371,S1A_IW_GRDH_1SDV_20250809T171713_20250809T171738_060462_078450_BE19,twente,2025,15,Sentinel-1C,Sentinel-1A,2025-08-03,2025-08-09,6,VV+VH,PENDING_BURST_CHECK,PENDING_BURST_CHECK,1.000000,REV_6D,CATALOG_CANDIDATE,NONE
PAIR_2025_T15_Sen_Sen_20250803_20250815_12D,S1C_IW_SLC__1SDV_20250803T171606_20250803T171633_003511_0070A4_46EA,S1C_IW_SLC__1SDV_20250815T171606_20250815T171633_003686_0075E1_C4A5,S1C_IW_GRDH_1SDV_20250803T171607_20250803T171632_003511_0070A4_E371,S1C_IW_GRDH_1SDV_20250815T171608_20250815T171633_003686_0075E1_0EDF,twente,2025,15,Sentinel-1C,Sentinel-1C,2025-08-03,2025-08-15,12,VV+VH,PENDING_BURST_CHECK,PENDING_BURST_CHECK,1.000000,MAIN_12D,CATALOG_CANDIDATE,NONE
PAIR_2025_T15_Sen_Sen_20250803_20250821_18D,S1C_IW_SLC__1SDV_20250803T171606_20250803T171633_003511_0070A4_46EA,S1A_IW_SLC__1SDV_20250821T171712_20250821T171739_060637_078B34_BCAC,S1C_IW_GRDH_1SDV_20250803T171607_20250803T171632_003511_0070A4_E371,S1A_IW_GRDH_1SDV_20250821T171713_20250821T171738_060637_078B34_26C4,twente,2025,15,Sentinel-1C,Sentinel-1A,2025-08-03,2025-08-21,18,VV+VH,PENDING_BURST_CHECK,PENDING_BURST_CHECK,1.000000,EXTRA_LAG,CATALOG_CANDIDATE,NONE
PAIR_2025_T15_Sen_Sen_20250803_20250827_24D,S1C_IW_SLC__1SDV_20250803T171606_20250803T171633_003511_0070A4_46EA,S1C_IW_SLC__1SDV_20250827T171607_20250827T171634_003861_007B20_DDAD,S1C_IW_GRDH_1SDV_20250803T171607_20250803T171632_003511_0070A4_E371,S1C_IW_GRDH_1SDV_20250827T171608_20250827T171633_003861_007B20_6F9D,twente,2025,15,Sentinel-1C,Sentinel-1C,2025-08-03,2025-08-27,24,VV+VH,PENDING_BURST_CHECK,PENDING_BURST_CHECK,1.000000,LONG_LAG,CATALOG_CANDIDATE,NONE
PAIR_2025_T15_Sen_Sen_20250803_20250908_36D,S1C_IW_SLC__1SDV_20250803T171606_20250803T171633_003511_0070A4_46EA,S1C_IW_SLC__1SDV_20250908T171608_20250908T171634_004036_008067_3CCB,S1C_IW_GRDH_1SDV_20250803T171607_20250803T171632_003511_0070A4_E371,S1C_IW_GRDH_1SDV_20250908T171609_20250908T171634_004036_008067_8471,twente,2025,15,Sentinel-1C,Sentinel-1C,2025-08-03,2025-09-08,36,VV+VH,PENDING_BURST_CHECK,PENDING_BURST_CHECK,1.000000,LONG_LAG,CATALOG_CANDIDATE,NONE
PAIR_2025_T15_Sen_Sen_20250803_20250920_48D,S1C_IW_SLC__1SDV_20250803T171606_20250803T171633_003511_0070A4_46EA,S1C_IW_SLC__1SDV_20250920T171608_20250920T171635_004211_0085B5_61CF,S1C_IW_GRDH_1SDV_20250803T171607_20250803T171632_003511_0070A4_E371,S1C_IW_GRDH_1SDV_20250920T171609_20250920T171634_004211_0085B5_6BD5,twente,2025,15,Sentinel-1C,Sentinel-1C,2025-08-03,2025-09-20,48,VV+VH,PENDING_BURST_CHECK,PENDING_BURST_CHECK,1.000000,LONG_LAG,CATALOG_CANDIDATE,NONE
PAIR_2025_T15_Sen_Sen_20250809_20250815_06D,S1A_IW_SLC__1SDV_20250809T171712_20250809T171739_060462_078450_679E,S1C_IW_SLC__1SDV_20250815T171606_20250815T171633_003686_0075E1_C4A5,S1A_IW_GRDH_1SDV_20250809T171713_20250809T171738_060462_078450_BE19,S1C_IW_GRDH_1SDV_20250815T171608_20250815T171633_003686_0075E1_0EDF,twente,2025,15,Sentinel-1A,Sentinel-1C,2025-08-09,2025-08-15,6,VV+VH,PENDING_BURST_CHECK,PENDING_BURST_CHECK,1.000000,REV_6D,CATALOG_CANDIDATE,NONE
PAIR_2025_T15_Sen_Sen_20250809_20250821_12D,S1A_IW_SLC__1SDV_20250809T171712_20250809T171739_060462_078450_679E,S1A_IW_SLC__1SDV_20250821T171712_20250821T171739_060637_078B34_BCAC,S1A_IW_GRDH_1SDV_20250809T171713_20250809T171738_060462_078450_BE19,S1A_IW_GRDH_1SDV_20250821T171713_20250821T171738_060637_078B34_26C4,twente,2025,15,Sentinel-1A,Sentinel-1A,2025-08-09,2025-08-21,12,VV+VH,PENDING_BURST_CHECK,PENDING_BURST_CHECK,1.000000,MAIN_12D,CATALOG_CANDIDATE,NONE
PAIR_2025_T15_Sen_Sen_20250809_20250827_18D,S1A_IW_SLC__1SDV_20250809T171712_20250809T171739_060462_078450_679E,S1C_IW_SLC__1SDV_20250827T171607_20250827T171634_003861_007B20_DDAD,S1A_IW_GRDH_1SDV_20250809T171713_20250809T171738_060462_078450_BE19,S1C_IW_GRDH_1SDV_20250827T171608_20250827T171633_003861_007B20_6F9D,twente,2025,15,Sentinel-1A,Sentinel-1C,2025-08-09,2025-08-27,18,VV+VH,PENDING_BURST_CHECK,PENDING_BURST_CHECK,1.000000,EXTRA_LAG,CATALOG_CANDIDATE,NONE
PAIR_2025_T15_Sen_Sen_20250809_20250902_24D,S1A_IW_SLC__1SDV_20250809T171712_20250809T171739_060462_078450_679E,S1A_IW_SLC__1SDV_20250902T171712_20250902T171739_060812_07921D_AEDD,S1A_IW_GRDH_1SDV_20250809T171713_20250809T171738_060462_078450_BE19,S1A_IW_GRDH_1SDV_20250902T171713_20250902T171738_060812_07921D_CC30,twente,2025,15,Sentinel-1A,Sentinel-1A,2025-08-09,2025-09-02,24,VV+VH,PENDING_BURST_CHECK,PENDING_BURST_CHECK,1.000000,LONG_LAG,CATALOG_CANDIDATE,NONE
PAIR_2025_T15_Sen_Sen_20250809_20250914_36D,S1A_IW_SLC__1SDV_20250809T171712_20250809T171739_060462_078450_679E,S1A_IW_SLC__1SDV_20250914T171713_20250914T171740_060987_079920_224B,S1A_IW_GRDH_1SDV_20250809T171713_20250809T171738_060462_078450_BE19,S1A_IW_GRDH_1SDV_20250914T171713_20250914T171738_060987_079920_38B4,twente,2025,15,Sentinel-1A,Sentinel-1A,2025-08-09,2025-09-14,36,VV+VH,PENDING_BURST_CHECK,PENDING_BURST_CHECK,1.000000,LONG_LAG,CATALOG_CANDIDATE,NONE
PAIR_2025_T15_Sen_Sen_20250809_20250926_48D,S1A_IW_SLC__1SDV_20250809T171712_20250809T171739_060462_078450_679E,S1A_IW_SLC__1SDV_20250926T171709_20250926T171741_061162_07A027_8881,S1A_IW_GRDH_1SDV_20250809T171713_20250809T171738_060462_078450_BE19,S1A_IW_GRDH_1SDV_20250926T171713_20250926T171738_061162_07A027_6485,twente,2025,15,Sentinel-1A,Sentinel-1A,2025-08-09,2025-09-26,48,VV+VH,PENDING_BURST_CHECK,PENDING_BURST_CHECK,1.000000,LONG_LAG,CATALOG_CANDIDATE,NONE
PAIR_2025_T15_Sen_Sen_20250815_20250821_06D,S1C_IW_SLC__1SDV_20250815T171606_20250815T171633_003686_0075E1_C4A5,S1A_IW_SLC__1SDV_20250821T171712_20250821T171739_060637_078B34_BCAC,S1C_IW_GRDH_1SDV_20250815T171608_20250815T171633_003686_0075E1_0EDF,S1A_IW_GRDH_1SDV_20250821T171713_20250821T171738_060637_078B34_26C4,twente,2025,15,Sentinel-1C,Sentinel-1A,2025-08-15,2025-08-21,6,VV+VH,PENDING_BURST_CHECK,PENDING_BURST_CHECK,1.000000,REV_6D,CATALOG_CANDIDATE,NONE
PAIR_2025_T15_Sen_Sen_20250815_20250827_12D,S1C_IW_SLC__1SDV_20250815T171606_20250815T171633_003686_0075E1_C4A5,S1C_IW_SLC__1SDV_20250827T171607_20250827T171634_003861_007B20_DDAD,S1C_IW_GRDH_1SDV_20250815T171608_20250815T171633_003686_0075E1_0EDF,S1C_IW_GRDH_1SDV_20250827T171608_20250827T171633_003861_007B20_6F9D,twente,2025,15,Sentinel-1C,Sentinel-1C,2025-08-15,2025-08-27,12,VV+VH,PENDING_BURST_CHECK,PENDING_BURST_CHECK,1.000000,MAIN_12D,CATALOG_CANDIDATE,NONE
PAIR_2025_T15_Sen_Sen_20250815_20250902_18D,S1C_IW_SLC__1SDV_20250815T171606_20250815T171633_003686_0075E1_C4A5,S1A_IW_SLC__1SDV_20250902T171712_20250902T171739_060812_07921D_AEDD,S1C_IW_GRDH_1SDV_20250815T171608_20250815T171633_003686_0075E1_0EDF,S1A_IW_GRDH_1SDV_20250902T171713_20250902T171738_060812_07921D_CC30,twente,2025,15,Sentinel-1C,Sentinel-1A,2025-08-15,2025-09-02,18,VV+VH,PENDING_BURST_CHECK,PENDING_BURST_CHECK,1.000000,EXTRA_LAG,CATALOG_CANDIDATE,NONE
PAIR_2025_T15_Sen_Sen_20250815_20250908_24D,S1C_IW_SLC__1SDV_20250815T171606_20250815T171633_003686_0075E1_C4A5,S1C_IW_SLC__1SDV_20250908T171608_20250908T171634_004036_008067_3CCB,S1C_IW_GRDH_1SDV_20250815T171608_20250815T171633_003686_0075E1_0EDF,S1C_IW_GRDH_1SDV_20250908T171609_20250908T171634_004036_008067_8471,twente,2025,15,Sentinel-1C,Sentinel-1C,2025-08-15,2025-09-08,24,VV+VH,PENDING_BURST_CHECK,PENDING_BURST_CHECK,1.000000,LONG_LAG,CATALOG_CANDIDATE,NONE
PAIR_2025_T15_Sen_Sen_20250815_20250920_36D,S1C_IW_SLC__1SDV_20250815T171606_20250815T171633_003686_0075E1_C4A5,S1C_IW_SLC__1SDV_20250920T171608_20250920T171635_004211_0085B5_61CF,S1C_IW_GRDH_1SDV_20250815T171608_20250815T171633_003686_0075E1_0EDF,S1C_IW_GRDH_1SDV_20250920T171609_20250920T171634_004211_0085B5_6BD5,twente,2025,15,Sentinel-1C,Sentinel-1C,2025-08-15,2025-09-20,36,VV+VH,PENDING_BURST_CHECK,PENDING_BURST_CHECK,1.000000,LONG_LAG,CATALOG_CANDIDATE,NONE
PAIR_2025_T15_Sen_Sen_20250815_20251002_48D,S1C_IW_SLC__1SDV_20250815T171606_20250815T171633_003686_0075E1_C4A5,S1C_IW_SLC__1SDV_20251002T171608_20251002T171635_004386_008B0D_73AB,S1C_IW_GRDH_1SDV_20250815T171608_20250815T171633_003686_0075E1_0EDF,S1C_IW_GRDH_1SDV_20251002T171609_20251002T171634_004386_008B0D_D409,twente,2025,15,Sentinel-1C,Sentinel-1C,2025-08-15,2025-10-02,48,VV+VH,PENDING_BURST_CHECK,PENDING_BURST_CHECK,1.000000,LONG_LAG,CATALOG_CANDIDATE,NONE
PAIR_2025_T15_Sen_Sen_20250821_20250827_06D,S1A_IW_SLC__1SDV_20250821T171712_20250821T171739_060637_078B34_BCAC,S1C_IW_SLC__1SDV_20250827T171607_20250827T171634_003861_007B20_DDAD,S1A_IW_GRDH_1SDV_20250821T171713_20250821T171738_060637_078B34_26C4,S1C_IW_GRDH_1SDV_20250827T171608_20250827T171633_003861_007B20_6F9D,twente,2025,15,Sentinel-1A,Sentinel-1C,2025-08-21,2025-08-27,6,VV+VH,PENDING_BURST_CHECK,PENDING_BURST_CHECK,1.000000,REV_6D,CATALOG_CANDIDATE,NONE
PAIR_2025_T15_Sen_Sen_20250821_20250902_12D,S1A_IW_SLC__1SDV_20250821T171712_20250821T171739_060637_078B34_BCAC,S1A_IW_SLC__1SDV_20250902T171712_20250902T171739_060812_07921D_AEDD,S1A_IW_GRDH_1SDV_20250821T171713_20250821T171738_060637_078B34_26C4,S1A_IW_GRDH_1SDV_20250902T171713_20250902T171738_060812_07921D_CC30,twente,2025,15,Sentinel-1A,Sentinel-1A,2025-08-21,2025-09-02,12,VV+VH,PENDING_BURST_CHECK,PENDING_BURST_CHECK,1.000000,MAIN_12D,CATALOG_CANDIDATE,NONE
PAIR_2025_T15_Sen_Sen_20250821_20250908_18D,S1A_IW_SLC__1SDV_20250821T171712_20250821T171739_060637_078B34_BCAC,S1C_IW_SLC__1SDV_20250908T171608_20250908T171634_004036_008067_3CCB,S1A_IW_GRDH_1SDV_20250821T171713_20250821T171738_060637_078B34_26C4,S1C_IW_GRDH_1SDV_20250908T171609_20250908T171634_004036_008067_8471,twente,2025,15,Sentinel-1A,Sentinel-1C,2025-08-21,2025-09-08,18,VV+VH,PENDING_BURST_CHECK,PENDING_BURST_CHECK,1.000000,EXTRA_LAG,CATALOG_CANDIDATE,NONE
PAIR_2025_T15_Sen_Sen_20250821_20250914_24D,S1A_IW_SLC__1SDV_20250821T171712_20250821T171739_060637_078B34_BCAC,S1A_IW_SLC__1SDV_20250914T171713_20250914T171740_060987_079920_224B,S1A_IW_GRDH_1SDV_20250821T171713_20250821T171738_060637_078B34_26C4,S1A_IW_GRDH_1SDV_20250914T171713_20250914T171738_060987_079920_38B4,twente,2025,15,Sentinel-1A,Sentinel-1A,2025-08-21,2025-09-14,24,VV+VH,PENDING_BURST_CHECK,PENDING_BURST_CHECK,1.000000,LONG_LAG,CATALOG_CANDIDATE,NONE
PAIR_2025_T15_Sen_Sen_20250821_20250926_36D,S1A_IW_SLC__1SDV_20250821T171712_20250821T171739_060637_078B34_BCAC,S1A_IW_SLC__1SDV_20250926T171709_20250926T171741_061162_07A027_8881,S1A_IW_GRDH_1SDV_20250821T171713_20250821T171738_060637_078B34_26C4,S1A_IW_GRDH_1SDV_20250926T171713_20250926T171738_061162_07A027_6485,twente,2025,15,Sentinel-1A,Sentinel-1A,2025-08-21,2025-09-26,36,VV+VH,PENDING_BURST_CHECK,PENDING_BURST_CHECK,1.000000,LONG_LAG,CATALOG_CANDIDATE,NONE
PAIR_2025_T15_Sen_Sen_20250821_20251008_48D,S1A_IW_SLC__1SDV_20250821T171712_20250821T171739_060637_078B34_BCAC,S1A_IW_SLC__1SDV_20251008T171713_20251008T171740_061337_07A735_D988,S1A_IW_GRDH_1SDV_20250821T171713_20250821T171738_060637_078B34_26C4,S1A_IW_GRDH_1SDV_20251008T171714_20251008T171739_061337_07A735_8027,twente,2025,15,Sentinel-1A,Sentinel-1A,2025-08-21,2025-10-08,48,VV+VH,PENDING_BURST_CHECK,PENDING_BURST_CHECK,1.000000,LONG_LAG,CATALOG_CANDIDATE,NONE
PAIR_2025_T15_Sen_Sen_20250827_20250902_06D,S1C_IW_SLC__1SDV_20250827T171607_20250827T171634_003861_007B20_DDAD,S1A_IW_SLC__1SDV_20250902T171712_20250902T171739_060812_07921D_AEDD,S1C_IW_GRDH_1SDV_20250827T171608_20250827T171633_003861_007B20_6F9D,S1A_IW_GRDH_1SDV_20250902T171713_20250902T171738_060812_07921D_CC30,twente,2025,15,Sentinel-1C,Sentinel-1A,2025-08-27,2025-09-02,6,VV+VH,PENDING_BURST_CHECK,PENDING_BURST_CHECK,1.000000,REV_6D,CATALOG_CANDIDATE,NONE
PAIR_2025_T15_Sen_Sen_20250827_20250908_12D,S1C_IW_SLC__1SDV_20250827T171607_20250827T171634_003861_007B20_DDAD,S1C_IW_SLC__1SDV_20250908T171608_20250908T171634_004036_008067_3CCB,S1C_IW_GRDH_1SDV_20250827T171608_20250827T171633_003861_007B20_6F9D,S1C_IW_GRDH_1SDV_20250908T171609_20250908T171634_004036_008067_8471,twente,2025,15,Sentinel-1C,Sentinel-1C,2025-08-27,2025-09-08,12,VV+VH,PENDING_BURST_CHECK,PENDING_BURST_CHECK,1.000000,MAIN_12D,CATALOG_CANDIDATE,NONE
PAIR_2025_T15_Sen_Sen_20250827_20250914_18D,S1C_IW_SLC__1SDV_20250827T171607_20250827T171634_003861_007B20_DDAD,S1A_IW_SLC__1SDV_20250914T171713_20250914T171740_060987_079920_224B,S1C_IW_GRDH_1SDV_20250827T171608_20250827T171633_003861_007B20_6F9D,S1A_IW_GRDH_1SDV_20250914T171713_20250914T171738_060987_079920_38B4,twente,2025,15,Sentinel-1C,Sentinel-1A,2025-08-27,2025-09-14,18,VV+VH,PENDING_BURST_CHECK,PENDING_BURST_CHECK,1.000000,EXTRA_LAG,CATALOG_CANDIDATE,NONE
PAIR_2025_T15_Sen_Sen_20250827_20250920_24D,S1C_IW_SLC__1SDV_20250827T171607_20250827T171634_003861_007B20_DDAD,S1C_IW_SLC__1SDV_20250920T171608_20250920T171635_004211_0085B5_61CF,S1C_IW_GRDH_1SDV_20250827T171608_20250827T171633_003861_007B20_6F9D,S1C_IW_GRDH_1SDV_20250920T171609_20250920T171634_004211_0085B5_6BD5,twente,2025,15,Sentinel-1C,Sentinel-1C,2025-08-27,2025-09-20,24,VV+VH,PENDING_BURST_CHECK,PENDING_BURST_CHECK,1.000000,LONG_LAG,CATALOG_CANDIDATE,NONE
PAIR_2025_T15_Sen_Sen_20250827_20251002_36D,S1C_IW_SLC__1SDV_20250827T171607_20250827T171634_003861_007B20_DDAD,S1C_IW_SLC__1SDV_20251002T171608_20251002T171635_004386_008B0D_73AB,S1C_IW_GRDH_1SDV_20250827T171608_20250827T171633_003861_007B20_6F9D,S1C_IW_GRDH_1SDV_20251002T171609_20251002T171634_004386_008B0D_D409,twente,2025,15,Sentinel-1C,Sentinel-1C,2025-08-27,2025-10-02,36,VV+VH,PENDING_BURST_CHECK,PENDING_BURST_CHECK,1.000000,LONG_LAG,CATALOG_CANDIDATE,NONE
PAIR_2025_T15_Sen_Sen_20250827_20251014_48D,S1C_IW_SLC__1SDV_20250827T171607_20250827T171634_003861_007B20_DDAD,S1C_IW_SLC__1SDV_20251014T171608_20251014T171635_004561_00905C_D0DB,S1C_IW_GRDH_1SDV_20250827T171608_20250827T171633_003861_007B20_6F9D,S1C_IW_GRDH_1SDV_20251014T171609_20251014T171634_004561_00905C_8529,twente,2025,15,Sentinel-1C,Sentinel-1C,2025-08-27,2025-10-14,48,VV+VH,PENDING_BURST_CHECK,PENDING_BURST_CHECK,1.000000,LONG_LAG,CATALOG_CANDIDATE,NONE
PAIR_2025_T15_Sen_Sen_20250902_20250908_06D,S1A_IW_SLC__1SDV_20250902T171712_20250902T171739_060812_07921D_AEDD,S1C_IW_SLC__1SDV_20250908T171608_20250908T171634_004036_008067_3CCB,S1A_IW_GRDH_1SDV_20250902T171713_20250902T171738_060812_07921D_CC30,S1C_IW_GRDH_1SDV_20250908T171609_20250908T171634_004036_008067_8471,twente,2025,15,Sentinel-1A,Sentinel-1C,2025-09-02,2025-09-08,6,VV+VH,PENDING_BURST_CHECK,PENDING_BURST_CHECK,1.000000,REV_6D,CATALOG_CANDIDATE,NONE
PAIR_2025_T15_Sen_Sen_20250902_20250914_12D,S1A_IW_SLC__1SDV_20250902T171712_20250902T171739_060812_07921D_AEDD,S1A_IW_SLC__1SDV_20250914T171713_20250914T171740_060987_079920_224B,S1A_IW_GRDH_1SDV_20250902T171713_20250902T171738_060812_07921D_CC30,S1A_IW_GRDH_1SDV_20250914T171713_20250914T171738_060987_079920_38B4,twente,2025,15,Sentinel-1A,Sentinel-1A,2025-09-02,2025-09-14,12,VV+VH,PENDING_BURST_CHECK,PENDING_BURST_CHECK,1.000000,MAIN_12D,CATALOG_CANDIDATE,NONE
PAIR_2025_T15_Sen_Sen_20250902_20250920_18D,S1A_IW_SLC__1SDV_20250902T171712_20250902T171739_060812_07921D_AEDD,S1C_IW_SLC__1SDV_20250920T171608_20250920T171635_004211_0085B5_61CF,S1A_IW_GRDH_1SDV_20250902T171713_20250902T171738_060812_07921D_CC30,S1C_IW_GRDH_1SDV_20250920T171609_20250920T171634_004211_0085B5_6BD5,twente,2025,15,Sentinel-1A,Sentinel-1C,2025-09-02,2025-09-20,18,VV+VH,PENDING_BURST_CHECK,PENDING_BURST_CHECK,1.000000,EXTRA_LAG,CATALOG_CANDIDATE,NONE
PAIR_2025_T15_Sen_Sen_20250902_20250926_24D,S1A_IW_SLC__1SDV_20250902T171712_20250902T171739_060812_07921D_AEDD,S1A_IW_SLC__1SDV_20250926T171709_20250926T171741_061162_07A027_8881,S1A_IW_GRDH_1SDV_20250902T171713_20250902T171738_060812_07921D_CC30,S1A_IW_GRDH_1SDV_20250926T171713_20250926T171738_061162_07A027_6485,twente,2025,15,Sentinel-1A,Sentinel-1A,2025-09-02,2025-09-26,24,VV+VH,PENDING_BURST_CHECK,PENDING_BURST_CHECK,1.000000,LONG_LAG,CATALOG_CANDIDATE,NONE
PAIR_2025_T15_Sen_Sen_20250902_20251008_36D,S1A_IW_SLC__1SDV_20250902T171712_20250902T171739_060812_07921D_AEDD,S1A_IW_SLC__1SDV_20251008T171713_20251008T171740_061337_07A735_D988,S1A_IW_GRDH_1SDV_20250902T171713_20250902T171738_060812_07921D_CC30,S1A_IW_GRDH_1SDV_20251008T171714_20251008T171739_061337_07A735_8027,twente,2025,15,Sentinel-1A,Sentinel-1A,2025-09-02,2025-10-08,36,VV+VH,PENDING_BURST_CHECK,PENDING_BURST_CHECK,1.000000,LONG_LAG,CATALOG_CANDIDATE,NONE
PAIR_2025_T15_Sen_Sen_20250902_20251020_48D,S1A_IW_SLC__1SDV_20250902T171712_20250902T171739_060812_07921D_AEDD,S1A_IW_SLC__1SDV_20251020T171713_20251020T171740_061512_07AE3A_F605,S1A_IW_GRDH_1SDV_20250902T171713_20250902T171738_060812_07921D_CC30,S1A_IW_GRDH_1SDV_20251020T171714_20251020T171739_061512_07AE3A_87D4,twente,2025,15,Sentinel-1A,Sentinel-1A,2025-09-02,2025-10-20,48,VV+VH,PENDING_BURST_CHECK,PENDING_BURST_CHECK,1.000000,LONG_LAG,CATALOG_CANDIDATE,NONE
PAIR_2025_T15_Sen_Sen_20250908_20250914_06D,S1C_IW_SLC__1SDV_20250908T171608_20250908T171634_004036_008067_3CCB,S1A_IW_SLC__1SDV_20250914T171713_20250914T171740_060987_079920_224B,S1C_IW_GRDH_1SDV_20250908T171609_20250908T171634_004036_008067_8471,S1A_IW_GRDH_1SDV_20250914T171713_20250914T171738_060987_079920_38B4,twente,2025,15,Sentinel-1C,Sentinel-1A,2025-09-08,2025-09-14,6,VV+VH,PENDING_BURST_CHECK,PENDING_BURST_CHECK,1.000000,REV_6D,CATALOG_CANDIDATE,NONE
PAIR_2025_T15_Sen_Sen_20250908_20250920_12D,S1C_IW_SLC__1SDV_20250908T171608_20250908T171634_004036_008067_3CCB,S1C_IW_SLC__1SDV_20250920T171608_20250920T171635_004211_0085B5_61CF,S1C_IW_GRDH_1SDV_20250908T171609_20250908T171634_004036_008067_8471,S1C_IW_GRDH_1SDV_20250920T171609_20250920T171634_004211_0085B5_6BD5,twente,2025,15,Sentinel-1C,Sentinel-1C,2025-09-08,2025-09-20,12,VV+VH,PENDING_BURST_CHECK,PENDING_BURST_CHECK,1.000000,MAIN_12D,CATALOG_CANDIDATE,NONE
PAIR_2025_T15_Sen_Sen_20250908_20250926_18D,S1C_IW_SLC__1SDV_20250908T171608_20250908T171634_004036_008067_3CCB,S1A_IW_SLC__1SDV_20250926T171709_20250926T171741_061162_07A027_8881,S1C_IW_GRDH_1SDV_20250908T171609_20250908T171634_004036_008067_8471,S1A_IW_GRDH_1SDV_20250926T171713_20250926T171738_061162_07A027_6485,twente,2025,15,Sentinel-1C,Sentinel-1A,2025-09-08,2025-09-26,18,VV+VH,PENDING_BURST_CHECK,PENDING_BURST_CHECK,1.000000,EXTRA_LAG,CATALOG_CANDIDATE,NONE
PAIR_2025_T15_Sen_Sen_20250908_20251002_24D,S1C_IW_SLC__1SDV_20250908T171608_20250908T171634_004036_008067_3CCB,S1C_IW_SLC__1SDV_20251002T171608_20251002T171635_004386_008B0D_73AB,S1C_IW_GRDH_1SDV_20250908T171609_20250908T171634_004036_008067_8471,S1C_IW_GRDH_1SDV_20251002T171609_20251002T171634_004386_008B0D_D409,twente,2025,15,Sentinel-1C,Sentinel-1C,2025-09-08,2025-10-02,24,VV+VH,PENDING_BURST_CHECK,PENDING_BURST_CHECK,1.000000,LONG_LAG,CATALOG_CANDIDATE,NONE
PAIR_2025_T15_Sen_Sen_20250908_20251014_36D,S1C_IW_SLC__1SDV_20250908T171608_20250908T171634_004036_008067_3CCB,S1C_IW_SLC__1SDV_20251014T171608_20251014T171635_004561_00905C_D0DB,S1C_IW_GRDH_1SDV_20250908T171609_20250908T171634_004036_008067_8471,S1C_IW_GRDH_1SDV_20251014T171609_20251014T171634_004561_00905C_8529,twente,2025,15,Sentinel-1C,Sentinel-1C,2025-09-08,2025-10-14,36,VV+VH,PENDING_BURST_CHECK,PENDING_BURST_CHECK,1.000000,LONG_LAG,CATALOG_CANDIDATE,NONE
PAIR_2025_T15_Sen_Sen_20250908_20251026_48D,S1C_IW_SLC__1SDV_20250908T171608_20250908T171634_004036_008067_3CCB,S1C_IW_SLC__1SDV_20251026T171608_20251026T171635_004736_0095A8_4153,S1C_IW_GRDH_1SDV_20250908T171609_20250908T171634_004036_008067_8471,S1C_IW_GRDH_1SDV_20251026T171609_20251026T171634_004736_0095A8_2351,twente,2025,15,Sentinel-1C,Sentinel-1C,2025-09-08,2025-10-26,48,VV+VH,PENDING_BURST_CHECK,PENDING_BURST_CHECK,1.000000,LONG_LAG,CATALOG_CANDIDATE,NONE
PAIR_2025_T15_Sen_Sen_20250914_20250920_06D,S1A_IW_SLC__1SDV_20250914T171713_20250914T171740_060987_079920_224B,S1C_IW_SLC__1SDV_20250920T171608_20250920T171635_004211_0085B5_61CF,S1A_IW_GRDH_1SDV_20250914T171713_20250914T171738_060987_079920_38B4,S1C_IW_GRDH_1SDV_20250920T171609_20250920T171634_004211_0085B5_6BD5,twente,2025,15,Sentinel-1A,Sentinel-1C,2025-09-14,2025-09-20,6,VV+VH,PENDING_BURST_CHECK,PENDING_BURST_CHECK,1.000000,REV_6D,CATALOG_CANDIDATE,NONE
PAIR_2025_T15_Sen_Sen_20250914_20250926_12D,S1A_IW_SLC__1SDV_20250914T171713_20250914T171740_060987_079920_224B,S1A_IW_SLC__1SDV_20250926T171709_20250926T171741_061162_07A027_8881,S1A_IW_GRDH_1SDV_20250914T171713_20250914T171738_060987_079920_38B4,S1A_IW_GRDH_1SDV_20250926T171713_20250926T171738_061162_07A027_6485,twente,2025,15,Sentinel-1A,Sentinel-1A,2025-09-14,2025-09-26,12,VV+VH,PENDING_BURST_CHECK,PENDING_BURST_CHECK,1.000000,MAIN_12D,CATALOG_CANDIDATE,NONE
PAIR_2025_T15_Sen_Sen_20250914_20251002_18D,S1A_IW_SLC__1SDV_20250914T171713_20250914T171740_060987_079920_224B,S1C_IW_SLC__1SDV_20251002T171608_20251002T171635_004386_008B0D_73AB,S1A_IW_GRDH_1SDV_20250914T171713_20250914T171738_060987_079920_38B4,S1C_IW_GRDH_1SDV_20251002T171609_20251002T171634_004386_008B0D_D409,twente,2025,15,Sentinel-1A,Sentinel-1C,2025-09-14,2025-10-02,18,VV+VH,PENDING_BURST_CHECK,PENDING_BURST_CHECK,1.000000,EXTRA_LAG,CATALOG_CANDIDATE,NONE
PAIR_2025_T15_Sen_Sen_20250914_20251008_24D,S1A_IW_SLC__1SDV_20250914T171713_20250914T171740_060987_079920_224B,S1A_IW_SLC__1SDV_20251008T171713_20251008T171740_061337_07A735_D988,S1A_IW_GRDH_1SDV_20250914T171713_20250914T171738_060987_079920_38B4,S1A_IW_GRDH_1SDV_20251008T171714_20251008T171739_061337_07A735_8027,twente,2025,15,Sentinel-1A,Sentinel-1A,2025-09-14,2025-10-08,24,VV+VH,PENDING_BURST_CHECK,PENDING_BURST_CHECK,1.000000,LONG_LAG,CATALOG_CANDIDATE,NONE
PAIR_2025_T15_Sen_Sen_20250914_20251020_36D,S1A_IW_SLC__1SDV_20250914T171713_20250914T171740_060987_079920_224B,S1A_IW_SLC__1SDV_20251020T171713_20251020T171740_061512_07AE3A_F605,S1A_IW_GRDH_1SDV_20250914T171713_20250914T171738_060987_079920_38B4,S1A_IW_GRDH_1SDV_20251020T171714_20251020T171739_061512_07AE3A_87D4,twente,2025,15,Sentinel-1A,Sentinel-1A,2025-09-14,2025-10-20,36,VV+VH,PENDING_BURST_CHECK,PENDING_BURST_CHECK,1.000000,LONG_LAG,CATALOG_CANDIDATE,NONE
PAIR_2025_T15_Sen_Sen_20250920_20250926_06D,S1C_IW_SLC__1SDV_20250920T171608_20250920T171635_004211_0085B5_61CF,S1A_IW_SLC__1SDV_20250926T171709_20250926T171741_061162_07A027_8881,S1C_IW_GRDH_1SDV_20250920T171609_20250920T171634_004211_0085B5_6BD5,S1A_IW_GRDH_1SDV_20250926T171713_20250926T171738_061162_07A027_6485,twente,2025,15,Sentinel-1C,Sentinel-1A,2025-09-20,2025-09-26,6,VV+VH,PENDING_BURST_CHECK,PENDING_BURST_CHECK,1.000000,REV_6D,CATALOG_CANDIDATE,NONE
PAIR_2025_T15_Sen_Sen_20250920_20251002_12D,S1C_IW_SLC__1SDV_20250920T171608_20250920T171635_004211_0085B5_61CF,S1C_IW_SLC__1SDV_20251002T171608_20251002T171635_004386_008B0D_73AB,S1C_IW_GRDH_1SDV_20250920T171609_20250920T171634_004211_0085B5_6BD5,S1C_IW_GRDH_1SDV_20251002T171609_20251002T171634_004386_008B0D_D409,twente,2025,15,Sentinel-1C,Sentinel-1C,2025-09-20,2025-10-02,12,VV+VH,PENDING_BURST_CHECK,PENDING_BURST_CHECK,1.000000,MAIN_12D,CATALOG_CANDIDATE,NONE
PAIR_2025_T15_Sen_Sen_20250920_20251008_18D,S1C_IW_SLC__1SDV_20250920T171608_20250920T171635_004211_0085B5_61CF,S1A_IW_SLC__1SDV_20251008T171713_20251008T171740_061337_07A735_D988,S1C_IW_GRDH_1SDV_20250920T171609_20250920T171634_004211_0085B5_6BD5,S1A_IW_GRDH_1SDV_20251008T171714_20251008T171739_061337_07A735_8027,twente,2025,15,Sentinel-1C,Sentinel-1A,2025-09-20,2025-10-08,18,VV+VH,PENDING_BURST_CHECK,PENDING_BURST_CHECK,1.000000,EXTRA_LAG,CATALOG_CANDIDATE,NONE
PAIR_2025_T15_Sen_Sen_20250920_20251014_24D,S1C_IW_SLC__1SDV_20250920T171608_20250920T171635_004211_0085B5_61CF,S1C_IW_SLC__1SDV_20251014T171608_20251014T171635_004561_00905C_D0DB,S1C_IW_GRDH_1SDV_20250920T171609_20250920T171634_004211_0085B5_6BD5,S1C_IW_GRDH_1SDV_20251014T171609_20251014T171634_004561_00905C_8529,twente,2025,15,Sentinel-1C,Sentinel-1C,2025-09-20,2025-10-14,24,VV+VH,PENDING_BURST_CHECK,PENDING_BURST_CHECK,1.000000,LONG_LAG,CATALOG_CANDIDATE,NONE
PAIR_2025_T15_Sen_Sen_20250920_20251026_36D,S1C_IW_SLC__1SDV_20250920T171608_20250920T171635_004211_0085B5_61CF,S1C_IW_SLC__1SDV_20251026T171608_20251026T171635_004736_0095A8_4153,S1C_IW_GRDH_1SDV_20250920T171609_20250920T171634_004211_0085B5_6BD5,S1C_IW_GRDH_1SDV_20251026T171609_20251026T171634_004736_0095A8_2351,twente,2025,15,Sentinel-1C,Sentinel-1C,2025-09-20,2025-10-26,36,VV+VH,PENDING_BURST_CHECK,PENDING_BURST_CHECK,1.000000,LONG_LAG,CATALOG_CANDIDATE,NONE
PAIR_2025_T15_Sen_Sen_20250926_20251002_06D,S1A_IW_SLC__1SDV_20250926T171709_20250926T171741_061162_07A027_8881,S1C_IW_SLC__1SDV_20251002T171608_20251002T171635_004386_008B0D_73AB,S1A_IW_GRDH_1SDV_20250926T171713_20250926T171738_061162_07A027_6485,S1C_IW_GRDH_1SDV_20251002T171609_20251002T171634_004386_008B0D_D409,twente,2025,15,Sentinel-1A,Sentinel-1C,2025-09-26,2025-10-02,6,VV+VH,PENDING_BURST_CHECK,PENDING_BURST_CHECK,1.000000,REV_6D,CATALOG_CANDIDATE,NONE
PAIR_2025_T15_Sen_Sen_20250926_20251008_12D,S1A_IW_SLC__1SDV_20250926T171709_20250926T171741_061162_07A027_8881,S1A_IW_SLC__1SDV_20251008T171713_20251008T171740_061337_07A735_D988,S1A_IW_GRDH_1SDV_20250926T171713_20250926T171738_061162_07A027_6485,S1A_IW_GRDH_1SDV_20251008T171714_20251008T171739_061337_07A735_8027,twente,2025,15,Sentinel-1A,Sentinel-1A,2025-09-26,2025-10-08,12,VV+VH,PENDING_BURST_CHECK,PENDING_BURST_CHECK,1.000000,MAIN_12D,CATALOG_CANDIDATE,NONE
PAIR_2025_T15_Sen_Sen_20250926_20251014_18D,S1A_IW_SLC__1SDV_20250926T171709_20250926T171741_061162_07A027_8881,S1C_IW_SLC__1SDV_20251014T171608_20251014T171635_004561_00905C_D0DB,S1A_IW_GRDH_1SDV_20250926T171713_20250926T171738_061162_07A027_6485,S1C_IW_GRDH_1SDV_20251014T171609_20251014T171634_004561_00905C_8529,twente,2025,15,Sentinel-1A,Sentinel-1C,2025-09-26,2025-10-14,18,VV+VH,PENDING_BURST_CHECK,PENDING_BURST_CHECK,1.000000,EXTRA_LAG,CATALOG_CANDIDATE,NONE
PAIR_2025_T15_Sen_Sen_20250926_20251020_24D,S1A_IW_SLC__1SDV_20250926T171709_20250926T171741_061162_07A027_8881,S1A_IW_SLC__1SDV_20251020T171713_20251020T171740_061512_07AE3A_F605,S1A_IW_GRDH_1SDV_20250926T171713_20250926T171738_061162_07A027_6485,S1A_IW_GRDH_1SDV_20251020T171714_20251020T171739_061512_07AE3A_87D4,twente,2025,15,Sentinel-1A,Sentinel-1A,2025-09-26,2025-10-20,24,VV+VH,PENDING_BURST_CHECK,PENDING_BURST_CHECK,1.000000,LONG_LAG,CATALOG_CANDIDATE,NONE
PAIR_2025_T15_Sen_Sen_20251002_20251008_06D,S1C_IW_SLC__1SDV_20251002T171608_20251002T171635_004386_008B0D_73AB,S1A_IW_SLC__1SDV_20251008T171713_20251008T171740_061337_07A735_D988,S1C_IW_GRDH_1SDV_20251002T171609_20251002T171634_004386_008B0D_D409,S1A_IW_GRDH_1SDV_20251008T171714_20251008T171739_061337_07A735_8027,twente,2025,15,Sentinel-1C,Sentinel-1A,2025-10-02,2025-10-08,6,VV+VH,PENDING_BURST_CHECK,PENDING_BURST_CHECK,1.000000,REV_6D,CATALOG_CANDIDATE,NONE
PAIR_2025_T15_Sen_Sen_20251002_20251014_12D,S1C_IW_SLC__1SDV_20251002T171608_20251002T171635_004386_008B0D_73AB,S1C_IW_SLC__1SDV_20251014T171608_20251014T171635_004561_00905C_D0DB,S1C_IW_GRDH_1SDV_20251002T171609_20251002T171634_004386_008B0D_D409,S1C_IW_GRDH_1SDV_20251014T171609_20251014T171634_004561_00905C_8529,twente,2025,15,Sentinel-1C,Sentinel-1C,2025-10-02,2025-10-14,12,VV+VH,PENDING_BURST_CHECK,PENDING_BURST_CHECK,1.000000,MAIN_12D,CATALOG_CANDIDATE,NONE
PAIR_2025_T15_Sen_Sen_20251002_20251020_18D,S1C_IW_SLC__1SDV_20251002T171608_20251002T171635_004386_008B0D_73AB,S1A_IW_SLC__1SDV_20251020T171713_20251020T171740_061512_07AE3A_F605,S1C_IW_GRDH_1SDV_20251002T171609_20251002T171634_004386_008B0D_D409,S1A_IW_GRDH_1SDV_20251020T171714_20251020T171739_061512_07AE3A_87D4,twente,2025,15,Sentinel-1C,Sentinel-1A,2025-10-02,2025-10-20,18,VV+VH,PENDING_BURST_CHECK,PENDING_BURST_CHECK,1.000000,EXTRA_LAG,CATALOG_CANDIDATE,NONE
PAIR_2025_T15_Sen_Sen_20251002_20251026_24D,S1C_IW_SLC__1SDV_20251002T171608_20251002T171635_004386_008B0D_73AB,S1C_IW_SLC__1SDV_20251026T171608_20251026T171635_004736_0095A8_4153,S1C_IW_GRDH_1SDV_20251002T171609_20251002T171634_004386_008B0D_D409,S1C_IW_GRDH_1SDV_20251026T171609_20251026T171634_004736_0095A8_2351,twente,2025,15,Sentinel-1C,Sentinel-1C,2025-10-02,2025-10-26,24,VV+VH,PENDING_BURST_CHECK,PENDING_BURST_CHECK,1.000000,LONG_LAG,CATALOG_CANDIDATE,NONE
PAIR_2025_T15_Sen_Sen_20251008_20251014_06D,S1A_IW_SLC__1SDV_20251008T171713_20251008T171740_061337_07A735_D988,S1C_IW_SLC__1SDV_20251014T171608_20251014T171635_004561_00905C_D0DB,S1A_IW_GRDH_1SDV_20251008T171714_20251008T171739_061337_07A735_8027,S1C_IW_GRDH_1SDV_20251014T171609_20251014T171634_004561_00905C_8529,twente,2025,15,Sentinel-1A,Sentinel-1C,2025-10-08,2025-10-14,6,VV+VH,PENDING_BURST_CHECK,PENDING_BURST_CHECK,1.000000,REV_6D,CATALOG_CANDIDATE,NONE
PAIR_2025_T15_Sen_Sen_20251008_20251020_12D,S1A_IW_SLC__1SDV_20251008T171713_20251008T171740_061337_07A735_D988,S1A_IW_SLC__1SDV_20251020T171713_20251020T171740_061512_07AE3A_F605,S1A_IW_GRDH_1SDV_20251008T171714_20251008T171739_061337_07A735_8027,S1A_IW_GRDH_1SDV_20251020T171714_20251020T171739_061512_07AE3A_87D4,twente,2025,15,Sentinel-1A,Sentinel-1A,2025-10-08,2025-10-20,12,VV+VH,PENDING_BURST_CHECK,PENDING_BURST_CHECK,1.000000,MAIN_12D,CATALOG_CANDIDATE,NONE
PAIR_2025_T15_Sen_Sen_20251008_20251026_18D,S1A_IW_SLC__1SDV_20251008T171713_20251008T171740_061337_07A735_D988,S1C_IW_SLC__1SDV_20251026T171608_20251026T171635_004736_0095A8_4153,S1A_IW_GRDH_1SDV_20251008T171714_20251008T171739_061337_07A735_8027,S1C_IW_GRDH_1SDV_20251026T171609_20251026T171634_004736_0095A8_2351,twente,2025,15,Sentinel-1A,Sentinel-1C,2025-10-08,2025-10-26,18,VV+VH,PENDING_BURST_CHECK,PENDING_BURST_CHECK,1.000000,EXTRA_LAG,CATALOG_CANDIDATE,NONE
PAIR_2025_T15_Sen_Sen_20251014_20251020_06D,S1C_IW_SLC__1SDV_20251014T171608_20251014T171635_004561_00905C_D0DB,S1A_IW_SLC__1SDV_20251020T171713_20251020T171740_061512_07AE3A_F605,S1C_IW_GRDH_1SDV_20251014T171609_20251014T171634_004561_00905C_8529,S1A_IW_GRDH_1SDV_20251020T171714_20251020T171739_061512_07AE3A_87D4,twente,2025,15,Sentinel-1C,Sentinel-1A,2025-10-14,2025-10-20,6,VV+VH,PENDING_BURST_CHECK,PENDING_BURST_CHECK,1.000000,REV_6D,CATALOG_CANDIDATE,NONE
PAIR_2025_T15_Sen_Sen_20251014_20251026_12D,S1C_IW_SLC__1SDV_20251014T171608_20251014T171635_004561_00905C_D0DB,S1C_IW_SLC__1SDV_20251026T171608_20251026T171635_004736_0095A8_4153,S1C_IW_GRDH_1SDV_20251014T171609_20251014T171634_004561_00905C_8529,S1C_IW_GRDH_1SDV_20251026T171609_20251026T171634_004736_0095A8_2351,twente,2025,15,Sentinel-1C,Sentinel-1C,2025-10-14,2025-10-26,12,VV+VH,PENDING_BURST_CHECK,PENDING_BURST_CHECK,1.000000,MAIN_12D,CATALOG_CANDIDATE,NONE
PAIR_2025_T15_Sen_Sen_20251020_20251026_06D,S1A_IW_SLC__1SDV_20251020T171713_20251020T171740_061512_07AE3A_F605,S1C_IW_SLC__1SDV_20251026T171608_20251026T171635_004736_0095A8_4153,S1A_IW_GRDH_1SDV_20251020T171714_20251020T171739_061512_07AE3A_87D4,S1C_IW_GRDH_1SDV_20251026T171609_20251026T171634_004736_0095A8_2351,twente,2025,15,Sentinel-1A,Sentinel-1C,2025-10-20,2025-10-26,6,VV+VH,PENDING_BURST_CHECK,PENDING_BURST_CHECK,1.000000,REV_6D,CATALOG_CANDIDATE,NONE
