pair_id,scene_id_1,scene_id_2,grd_id_1,grd_id_2,site,year,track,platform_1,platform_2,date_1,date_2,lag_days,polarization,perpendicular_baseline_m,common_burst_count,coverage_intersection_fraction,role,eligibility_status,rejection_reason
PAIR_2024_T88_Sen_Sen_20240304_20240316_12D,S1A_IW_SLC__1SDV_20240304T172528_20240304T172555_052835_0664E9_2EBF,S1A_IW_SLC__1SDV_20240316T172528_20240316T172555_053010_066AFB_0E64,S1A_IW_GRDH_1SDV_20240304T172529_20240304T172554_052835_0664E9_DAC1,S1A_IW_GRDH_1SDV_20240316T172529_20240316T172554_053010_066AFB_3440,twente,2024,88,Sentinel-1A,Sentinel-1A,2024-03-04,2024-03-16,12,VV+VH,PENDING_BURST_CHECK,PENDING_BURST_CHECK,1.000000,MAIN_12D,CATALOG_CANDIDATE,NONE
PAIR_2024_T88_Sen_Sen_20240304_20240328_24D,S1A_IW_SLC__1SDV_20240304T172528_20240304T172555_052835_0664E9_2EBF,S1A_IW_SLC__1SDV_20240328T172529_20240328T172556_053185_0671AD_25A5,S1A_IW_GRDH_1SDV_20240304T172529_20240304T172554_052835_0664E9_DAC1,S1A_IW_GRDH_1SDV_20240328T172530_20240328T172555_053185_0671AD_D05B,twente,2024,88,Sentinel-1A,Sentinel-1A,2024-03-04,2024-03-28,24,VV+VH,PENDING_BURST_CHECK,PENDING_BURST_CHECK,1.000000,LONG_LAG,CATALOG_CANDIDATE,NONE
PAIR_2024_T88_Sen_Sen_20240304_20240409_36D,S1A_IW_SLC__1SDV_20240304T172528_20240304T172555_052835_0664E9_2EBF,S1A_IW_SLC__1SDV_20240409T172528_20240409T172556_053360_067883_2904,S1A_IW_GRDH_1SDV_20240304T172529_20240304T172554_052835_0664E9_DAC1,S1A_IW_GRDH_1SDV_20240409T172529_20240409T172554_053360_067883_A62A,twente,2024,88,Sentinel-1A,Sentinel-1A,2024-03-04,2024-04-09,36,VV+VH,PENDING_BURST_CHECK,PENDING_BURST_CHECK,1.000000,LONG_LAG,CATALOG_CANDIDATE,NONE
PAIR_2024_T88_Sen_Sen_20240304_20240421_48D,S1A_IW_SLC__1SDV_20240304T172528_20240304T172555_052835_0664E9_2EBF,S1A_IW_SLC__1SDV_20240421T172529_20240421T172556_053535_067F68_F7A7,S1A_IW_GRDH_1SDV_20240304T172529_20240304T172554_052835_0664E9_DAC1,S1A_IW_GRDH_1SDV_20240421T172530_20240421T172555_053535_067F68_FB10,twente,2024,88,Sentinel-1A,Sentinel-1A,2024-03-04,2024-04-21,48,VV+VH,PENDING_BURST_CHECK,PENDING_BURST_CHECK,1.000000,LONG_LAG,CATALOG_CANDIDATE,NONE
PAIR_2024_T88_Sen_Sen_20240316_20240328_12D,S1A_IW_SLC__1SDV_20240316T172528_20240316T172555_053010_066AFB_0E64,S1A_IW_SLC__1SDV_20240328T172529_20240328T172556_053185_0671AD_25A5,S1A_IW_GRDH_1SDV_20240316T172529_20240316T172554_053010_066AFB_3440,S1A_IW_GRDH_1SDV_20240328T172530_20240328T172555_053185_0671AD_D05B,twente,2024,88,Sentinel-1A,Sentinel-1A,2024-03-16,2024-03-28,12,VV+VH,PENDING_BURST_CHECK,PENDING_BURST_CHECK,1.000000,MAIN_12D,CATALOG_CANDIDATE,NONE
PAIR_2024_T88_Sen_Sen_20240316_20240409_24D,S1A_IW_SLC__1SDV_20240316T172528_20240316T172555_053010_066AFB_0E64,S1A_IW_SLC__1SDV_20240409T172528_20240409T172556_053360_067883_2904,S1A_IW_GRDH_1SDV_20240316T172529_20240316T172554_053010_066AFB_3440,S1A_IW_GRDH_1SDV_20240409T172529_20240409T172554_053360_067883_A62A,twente,2024,88,Sentinel-1A,Sentinel-1A,2024-03-16,2024-04-09,24,VV+VH,PENDING_BURST_CHECK,PENDING_BURST_CHECK,1.000000,LONG_LAG,CATALOG_CANDIDATE,NONE
PAIR_2024_T88_Sen_Sen_20240316_20240421_36D,S1A_IW_SLC__1SDV_20240316T172528_20240316T172555_053010_066AFB_0E64,S1A_IW_SLC__1SDV_20240421T172529_20240421T172556_053535_067F68_F7A7,S1A_IW_GRDH_1SDV_20240316T172529_20240316T172554_053010_066AFB_3440,S1A_IW_GRDH_1SDV_20240421T172530_20240421T172555_053535_067F68_FB10,twente,2024,88,Sentinel-1A,Sentinel-1A,2024-03-16,2024-04-21,36,VV+VH,PENDING_BURST_CHECK,PENDING_BURST_CHECK,1.000000,LONG_LAG,CATALOG_CANDIDATE,NONE
PAIR_2024_T88_Sen_Sen_20240316_20240503_48D,S1A_IW_SLC__1SDV_20240316T172528_20240316T172555_053010_066AFB_0E64,S1A_IW_SLC__1SDV_20240503T172530_20240503T172557_053710_06864B_88BF,S1A_IW_GRDH_1SDV_20240316T172529_20240316T172554_053010_066AFB_3440,S1A_IW_GRDH_1SDV_20240503T172531_20240503T172556_053710_06864B_03B0,twente,2024,88,Sentinel-1A,Sentinel-1A,2024-03-16,2024-05-03,48,VV+VH,PENDING_BURST_CHECK,PENDING_BURST_CHECK,1.000000,LONG_LAG,CATALOG_CANDIDATE,NONE
PAIR_2024_T88_Sen_Sen_20240328_20240409_12D,S1A_IW_SLC__1SDV_20240328T172529_20240328T172556_053185_0671AD_25A5,S1A_IW_SLC__1SDV_20240409T172528_20240409T172556_053360_067883_2904,S1A_IW_GRDH_1SDV_20240328T172530_20240328T172555_053185_0671AD_D05B,S1A_IW_GRDH_1SDV_20240409T172529_20240409T172554_053360_067883_A62A,twente,2024,88,Sentinel-1A,Sentinel-1A,2024-03-28,2024-04-09,12,VV+VH,PENDING_BURST_CHECK,PENDING_BURST_CHECK,1.000000,MAIN_12D,CATALOG_CANDIDATE,NONE
PAIR_2024_T88_Sen_Sen_20240328_20240421_24D,S1A_IW_SLC__1SDV_20240328T172529_20240328T172556_053185_0671AD_25A5,S1A_IW_SLC__1SDV_20240421T172529_20240421T172556_053535_067F68_F7A7,S1A_IW_GRDH_1SDV_20240328T172530_20240328T172555_053185_0671AD_D05B,S1A_IW_GRDH_1SDV_20240421T172530_20240421T172555_053535_067F68_FB10,twente,2024,88,Sentinel-1A,Sentinel-1A,2024-03-28,2024-04-21,24,VV+VH,PENDING_BURST_CHECK,PENDING_BURST_CHECK,1.000000,LONG_LAG,CATALOG_CANDIDATE,NONE
PAIR_2024_T88_Sen_Sen_20240328_20240503_36D,S1A_IW_SLC__1SDV_20240328T172529_20240328T172556_053185_0671AD_25A5,S1A_IW_SLC__1SDV_20240503T172530_20240503T172557_053710_06864B_88BF,S1A_IW_GRDH_1SDV_20240328T172530_20240328T172555_053185_0671AD_D05B,S1A_IW_GRDH_1SDV_20240503T172531_20240503T172556_053710_06864B_03B0,twente,2024,88,Sentinel-1A,Sentinel-1A,2024-03-28,2024-05-03,36,VV+VH,PENDING_BURST_CHECK,PENDING_BURST_CHECK,1.000000,LONG_LAG,CATALOG_CANDIDATE,NONE
PAIR_2024_T88_Sen_Sen_20240328_20240515_48D,S1A_IW_SLC__1SDV_20240328T172529_20240328T172556_053185_0671AD_25A5,S1A_IW_SLC__1SDV_20240515T172529_20240515T172556_053885_068C95_34DB,S1A_IW_GRDH_1SDV_20240328T172530_20240328T172555_053185_0671AD_D05B,S1A_IW_GRDH_1SDV_20240515T172530_20240515T172555_053885_068C95_B2FB,twente,2024,88,Sentinel-1A,Sentinel-1A,2024-03-28,2024-05-15,48,VV+VH,PENDING_BURST_CHECK,PENDING_BURST_CHECK,1.000000,LONG_LAG,CATALOG_CANDIDATE,NONE
PAIR_2024_T88_Sen_Sen_20240409_20240421_12D,S1A_IW_SLC__1SDV_20240409T172528_20240409T172556_053360_067883_2904,S1A_IW_SLC__1SDV_20240421T172529_20240421T172556_053535_067F68_F7A7,S1A_IW_GRDH_1SDV_20240409T172529_20240409T172554_053360_067883_A62A,S1A_IW_GRDH_1SDV_20240421T172530_20240421T172555_053535_067F68_FB10,twente,2024,88,Sentinel-1A,Sentinel-1A,2024-04-09,2024-04-21,12,VV+VH,PENDING_BURST_CHECK,PENDING_BURST_CHECK,1.000000,MAIN_12D,CATALOG_CANDIDATE,NONE
PAIR_2024_T88_Sen_Sen_20240409_20240503_24D,S1A_IW_SLC__1SDV_20240409T172528_20240409T172556_053360_067883_2904,S1A_IW_SLC__1SDV_20240503T172530_20240503T172557_053710_06864B_88BF,S1A_IW_GRDH_1SDV_20240409T172529_20240409T172554_053360_067883_A62A,S1A_IW_GRDH_1SDV_20240503T172531_20240503T172556_053710_06864B_03B0,twente,2024,88,Sentinel-1A,Sentinel-1A,2024-04-09,2024-05-03,24,VV+VH,PENDING_BURST_CHECK,PENDING_BURST_CHECK,1.000000,LONG_LAG,CATALOG_CANDIDATE,NONE
PAIR_2024_T88_Sen_Sen_20240409_20240515_36D,S1A_IW_SLC__1SDV_20240409T172528_20240409T172556_053360_067883_2904,S1A_IW_SLC__1SDV_20240515T172529_20240515T172556_053885_068C95_34DB,S1A_IW_GRDH_1SDV_20240409T172529_20240409T172554_053360_067883_A62A,S1A_IW_GRDH_1SDV_20240515T172530_20240515T172555_053885_068C95_B2FB,twente,2024,88,Sentinel-1A,Sentinel-1A,2024-04-09,2024-05-15,36,VV+VH,PENDING_BURST_CHECK,PENDING_BURST_CHECK,1.000000,LONG_LAG,CATALOG_CANDIDATE,NONE
PAIR_2024_T88_Sen_Sen_20240409_20240527_48D,S1A_IW_SLC__1SDV_20240409T172528_20240409T172556_053360_067883_2904,S1A_IW_SLC__1SDV_20240527T172529_20240527T172557_054060_0692AB_3D13,S1A_IW_GRDH_1SDV_20240409T172529_20240409T172554_053360_067883_A62A,S1A_IW_GRDH_1SDV_20240527T172530_20240527T172555_054060_0692AB_A5D7,twente,2024,88,Sentinel-1A,Sentinel-1A,2024-04-09,2024-05-27,48,VV+VH,PENDING_BURST_CHECK,PENDING_BURST_CHECK,1.000000,LONG_LAG,CATALOG_CANDIDATE,NONE
PAIR_2024_T88_Sen_Sen_20240421_20240503_12D,S1A_IW_SLC__1SDV_20240421T172529_20240421T172556_053535_067F68_F7A7,S1A_IW_SLC__1SDV_20240503T172530_20240503T172557_053710_06864B_88BF,S1A_IW_GRDH_1SDV_20240421T172530_20240421T172555_053535_067F68_FB10,S1A_IW_GRDH_1SDV_20240503T172531_20240503T172556_053710_06864B_03B0,twente,2024,88,Sentinel-1A,Sentinel-1A,2024-04-21,2024-05-03,12,VV+VH,PENDING_BURST_CHECK,PENDING_BURST_CHECK,1.000000,MAIN_12D,CATALOG_CANDIDATE,NONE
PAIR_2024_T88_Sen_Sen_20240421_20240515_24D,S1A_IW_SLC__1SDV_20240421T172529_20240421T172556_053535_067F68_F7A7,S1A_IW_SLC__1SDV_20240515T172529_20240515T172556_053885_068C95_34DB,S1A_IW_GRDH_1SDV_20240421T172530_20240421T172555_053535_067F68_FB10,S1A_IW_GRDH_1SDV_20240515T172530_20240515T172555_053885_068C95_B2FB,twente,2024,88,Sentinel-1A,Sentinel-1A,2024-04-21,2024-05-15,24,VV+VH,PENDING_BURST_CHECK,PENDING_BURST_CHECK,1.000000,LONG_LAG,CATALOG_CANDIDATE,NONE
PAIR_2024_T88_Sen_Sen_20240421_20240527_36D,S1A_IW_SLC__1SDV_20240421T172529_20240421T172556_053535_067F68_F7A7,S1A_IW_SLC__1SDV_20240527T172529_20240527T172557_054060_0692AB_3D13,S1A_IW_GRDH_1SDV_20240421T172530_20240421T172555_053535_067F68_FB10,S1A_IW_GRDH_1SDV_20240527T172530_20240527T172555_054060_0692AB_A5D7,twente,2024,88,Sentinel-1A,Sentinel-1A,2024-04-21,2024-05-27,36,VV+VH,PENDING_BURST_CHECK,PENDING_BURST_CHECK,1.000000,LONG_LAG,CATALOG_CANDIDATE,NONE
PAIR_2024_T88_Sen_Sen_20240421_20240608_48D,S1A_IW_SLC__1SDV_20240421T172529_20240421T172556_053535_067F68_F7A7,S1A_IW_SLC__1SDV_20240608T172529_20240608T172556_054235_0698B9_1BE1,S1A_IW_GRDH_1SDV_20240421T172530_20240421T172555_053535_067F68_FB10,S1A_IW_GRDH_1SDV_20240608T172530_20240608T172555_054235_0698B9_F953,twente,2024,88,Sentinel-1A,Sentinel-1A,2024-04-21,2024-06-08,48,VV+VH,PENDING_BURST_CHECK,PENDING_BURST_CHECK,1.000000,LONG_LAG,CATALOG_CANDIDATE,NONE
PAIR_2024_T88_Sen_Sen_20240503_20240515_12D,S1A_IW_SLC__1SDV_20240503T172530_20240503T172557_053710_06864B_88BF,S1A_IW_SLC__1SDV_20240515T172529_20240515T172556_053885_068C95_34DB,S1A_IW_GRDH_1SDV_20240503T172531_20240503T172556_053710_06864B_03B0,S1A_IW_GRDH_1SDV_20240515T172530_20240515T172555_053885_068C95_B2FB,twente,2024,88,Sentinel-1A,Sentinel-1A,2024-05-03,2024-05-15,12,VV+VH,PENDING_BURST_CHECK,PENDING_BURST_CHECK,1.000000,MAIN_12D,CATALOG_CANDIDATE,NONE
PAIR_2024_T88_Sen_Sen_20240503_20240527_24D,S1A_IW_SLC__1SDV_20240503T172530_20240503T172557_053710_06864B_88BF,S1A_IW_SLC__1SDV_20240527T172529_20240527T172557_054060_0692AB_3D13,S1A_IW_GRDH_1SDV_20240503T172531_20240503T172556_053710_06864B_03B0,S1A_IW_GRDH_1SDV_20240527T172530_20240527T172555_054060_0692AB_A5D7,twente,2024,88,Sentinel-1A,Sentinel-1A,2024-05-03,2024-05-27,24,VV+VH,PENDING_BURST_CHECK,PENDING_BURST_CHECK,1.000000,LONG_LAG,CATALOG_CANDIDATE,NONE
PAIR_2024_T88_Sen_Sen_20240503_20240608_36D,S1A_IW_SLC__1SDV_20240503T172530_20240503T172557_053710_06864B_88BF,S1A_IW_SLC__1SDV_20240608T172529_20240608T172556_054235_0698B9_1BE1,S1A_IW_GRDH_1SDV_20240503T172531_20240503T172556_053710_06864B_03B0,S1A_IW_GRDH_1SDV_20240608T172530_20240608T172555_054235_0698B9_F953,twente,2024,88,Sentinel-1A,Sentinel-1A,2024-05-03,2024-06-08,36,VV+VH,PENDING_BURST_CHECK,PENDING_BURST_CHECK,1.000000,LONG_LAG,CATALOG_CANDIDATE,NONE
PAIR_2024_T88_Sen_Sen_20240503_20240620_48D,S1A_IW_SLC__1SDV_20240503T172530_20240503T172557_053710_06864B_88BF,S1A_IW_SLC__1SDV_20240620T172528_20240620T172555_054410_069EC7_B6A4,S1A_IW_GRDH_1SDV_20240503T172531_20240503T172556_053710_06864B_03B0,S1A_IW_GRDH_1SDV_20240620T172529_20240620T172554_054410_069EC7_6D57,twente,2024,88,Sentinel-1A,Sentinel-1A,2024-05-03,2024-06-20,48,VV+VH,PENDING_BURST_CHECK,PENDING_BURST_CHECK,1.000000,LONG_LAG,CATALOG_CANDIDATE,NONE
PAIR_2024_T88_Sen_Sen_20240515_20240527_12D,S1A_IW_SLC__1SDV_20240515T172529_20240515T172556_053885_068C95_34DB,S1A_IW_SLC__1SDV_20240527T172529_20240527T172557_054060_0692AB_3D13,S1A_IW_GRDH_1SDV_20240515T172530_20240515T172555_053885_068C95_B2FB,S1A_IW_GRDH_1SDV_20240527T172530_20240527T172555_054060_0692AB_A5D7,twente,2024,88,Sentinel-1A,Sentinel-1A,2024-05-15,2024-05-27,12,VV+VH,PENDING_BURST_CHECK,PENDING_BURST_CHECK,1.000000,MAIN_12D,CATALOG_CANDIDATE,NONE
PAIR_2024_T88_Sen_Sen_20240515_20240608_24D,S1A_IW_SLC__1SDV_20240515T172529_20240515T172556_053885_068C95_34DB,S1A_IW_SLC__1SDV_20240608T172529_20240608T172556_054235_0698B9_1BE1,S1A_IW_GRDH_1SDV_20240515T172530_20240515T172555_053885_068C95_B2FB,S1A_IW_GRDH_1SDV_20240608T172530_20240608T172555_054235_0698B9_F953,twente,2024,88,Sentinel-1A,Sentinel-1A,2024-05-15,2024-06-08,24,VV+VH,PENDING_BURST_CHECK,PENDING_BURST_CHECK,1.000000,LONG_LAG,CATALOG_CANDIDATE,NONE
PAIR_2024_T88_Sen_Sen_20240515_20240620_36D,S1A_IW_SLC__1SDV_20240515T172529_20240515T172556_053885_068C95_34DB,S1A_IW_SLC__1SDV_20240620T172528_20240620T172555_054410_069EC7_B6A4,S1A_IW_GRDH_1SDV_20240515T172530_20240515T172555_053885_068C95_B2FB,S1A_IW_GRDH_1SDV_20240620T172529_20240620T172554_054410_069EC7_6D57,twente,2024,88,Sentinel-1A,Sentinel-1A,2024-05-15,2024-06-20,36,VV+VH,PENDING_BURST_CHECK,PENDING_BURST_CHECK,1.000000,LONG_LAG,CATALOG_CANDIDATE,NONE
PAIR_2024_T88_Sen_Sen_20240515_20240702_48D,S1A_IW_SLC__1SDV_20240515T172529_20240515T172556_053885_068C95_34DB,S1A_IW_SLC__1SDV_20240702T172527_20240702T172555_054585_06A4DE_7488,S1A_IW_GRDH_1SDV_20240515T172530_20240515T172555_053885_068C95_B2FB,S1A_IW_GRDH_1SDV_20240702T172528_20240702T172553_054585_06A4DE_D22C,twente,2024,88,Sentinel-1A,Sentinel-1A,2024-05-15,2024-07-02,48,VV+VH,PENDING_BURST_CHECK,PENDING_BURST_CHECK,1.000000,LONG_LAG,CATALOG_CANDIDATE,NONE
PAIR_2024_T88_Sen_Sen_20240527_20240608_12D,S1A_IW_SLC__1SDV_20240527T172529_20240527T172557_054060_0692AB_3D13,S1A_IW_SLC__1SDV_20240608T172529_20240608T172556_054235_0698B9_1BE1,S1A_IW_GRDH_1SDV_20240527T172530_20240527T172555_054060_0692AB_A5D7,S1A_IW_GRDH_1SDV_20240608T172530_20240608T172555_054235_0698B9_F953,twente,2024,88,Sentinel-1A,Sentinel-1A,2024-05-27,2024-06-08,12,VV+VH,PENDING_BURST_CHECK,PENDING_BURST_CHECK,1.000000,MAIN_12D,CATALOG_CANDIDATE,NONE
PAIR_2024_T88_Sen_Sen_20240527_20240620_24D,S1A_IW_SLC__1SDV_20240527T172529_20240527T172557_054060_0692AB_3D13,S1A_IW_SLC__1SDV_20240620T172528_20240620T172555_054410_069EC7_B6A4,S1A_IW_GRDH_1SDV_20240527T172530_20240527T172555_054060_0692AB_A5D7,S1A_IW_GRDH_1SDV_20240620T172529_20240620T172554_054410_069EC7_6D57,twente,2024,88,Sentinel-1A,Sentinel-1A,2024-05-27,2024-06-20,24,VV+VH,PENDING_BURST_CHECK,PENDING_BURST_CHECK,1.000000,LONG_LAG,CATALOG_CANDIDATE,NONE
PAIR_2024_T88_Sen_Sen_20240527_20240702_36D,S1A_IW_SLC__1SDV_20240527T172529_20240527T172557_054060_0692AB_3D13,S1A_IW_SLC__1SDV_20240702T172527_20240702T172555_054585_06A4DE_7488,S1A_IW_GRDH_1SDV_20240527T172530_20240527T172555_054060_0692AB_A5D7,S1A_IW_GRDH_1SDV_20240702T172528_20240702T172553_054585_06A4DE_D22C,twente,2024,88,Sentinel-1A,Sentinel-1A,2024-05-27,2024-07-02,36,VV+VH,PENDING_BURST_CHECK,PENDING_BURST_CHECK,1.000000,LONG_LAG,CATALOG_CANDIDATE,NONE
PAIR_2024_T88_Sen_Sen_20240527_20240714_48D,S1A_IW_SLC__1SDV_20240527T172529_20240527T172557_054060_0692AB_3D13,S1A_IW_SLC__1SDV_20240714T172527_20240714T172554_054760_06AAEB_F933,S1A_IW_GRDH_1SDV_20240527T172530_20240527T172555_054060_0692AB_A5D7,S1A_IW_GRDH_1SDV_20240714T172528_20240714T172553_054760_06AAEB_3DED,twente,2024,88,Sentinel-1A,Sentinel-1A,2024-05-27,2024-07-14,48,VV+VH,PENDING_BURST_CHECK,PENDING_BURST_CHECK,1.000000,LONG_LAG,CATALOG_CANDIDATE,NONE
PAIR_2024_T88_Sen_Sen_20240608_20240620_12D,S1A_IW_SLC__1SDV_20240608T172529_20240608T172556_054235_0698B9_1BE1,S1A_IW_SLC__1SDV_20240620T172528_20240620T172555_054410_069EC7_B6A4,S1A_IW_GRDH_1SDV_20240608T172530_20240608T172555_054235_0698B9_F953,S1A_IW_GRDH_1SDV_20240620T172529_20240620T172554_054410_069EC7_6D57,twente,2024,88,Sentinel-1A,Sentinel-1A,2024-06-08,2024-06-20,12,VV+VH,PENDING_BURST_CHECK,PENDING_BURST_CHECK,1.000000,MAIN_12D,CATALOG_CANDIDATE,NONE
PAIR_2024_T88_Sen_Sen_20240608_20240702_24D,S1A_IW_SLC__1SDV_20240608T172529_20240608T172556_054235_0698B9_1BE1,S1A_IW_SLC__1SDV_20240702T172527_20240702T172555_054585_06A4DE_7488,S1A_IW_GRDH_1SDV_20240608T172530_20240608T172555_054235_0698B9_F953,S1A_IW_GRDH_1SDV_20240702T172528_20240702T172553_054585_06A4DE_D22C,twente,2024,88,Sentinel-1A,Sentinel-1A,2024-06-08,2024-07-02,24,VV+VH,PENDING_BURST_CHECK,PENDING_BURST_CHECK,1.000000,LONG_LAG,CATALOG_CANDIDATE,NONE
PAIR_2024_T88_Sen_Sen_20240608_20240714_36D,S1A_IW_SLC__1SDV_20240608T172529_20240608T172556_054235_0698B9_1BE1,S1A_IW_SLC__1SDV_20240714T172527_20240714T172554_054760_06AAEB_F933,S1A_IW_GRDH_1SDV_20240608T172530_20240608T172555_054235_0698B9_F953,S1A_IW_GRDH_1SDV_20240714T172528_20240714T172553_054760_06AAEB_3DED,twente,2024,88,Sentinel-1A,Sentinel-1A,2024-06-08,2024-07-14,36,VV+VH,PENDING_BURST_CHECK,PENDING_BURST_CHECK,1.000000,LONG_LAG,CATALOG_CANDIDATE,NONE
PAIR_2024_T88_Sen_Sen_20240608_20240726_48D,S1A_IW_SLC__1SDV_20240608T172529_20240608T172556_054235_0698B9_1BE1,S1A_IW_SLC__1SDV_20240726T172527_20240726T172554_054935_06B102_BDE8,S1A_IW_GRDH_1SDV_20240608T172530_20240608T172555_054235_0698B9_F953,S1A_IW_GRDH_1SDV_20240726T172528_20240726T172553_054935_06B102_D313,twente,2024,88,Sentinel-1A,Sentinel-1A,2024-06-08,2024-07-26,48,VV+VH,PENDING_BURST_CHECK,PENDING_BURST_CHECK,1.000000,LONG_LAG,CATALOG_CANDIDATE,NONE
PAIR_2024_T88_Sen_Sen_20240620_20240702_12D,S1A_IW_SLC__1SDV_20240620T172528_20240620T172555_054410_069EC7_B6A4,S1A_IW_SLC__1SDV_20240702T172527_20240702T172555_054585_06A4DE_7488,S1A_IW_GRDH_1SDV_20240620T172529_20240620T172554_054410_069EC7_6D57,S1A_IW_GRDH_1SDV_20240702T172528_20240702T172553_054585_06A4DE_D22C,twente,2024,88,Sentinel-1A,Sentinel-1A,2024-06-20,2024-07-02,12,VV+VH,PENDING_BURST_CHECK,PENDING_BURST_CHECK,1.000000,MAIN_12D,CATALOG_CANDIDATE,NONE
PAIR_2024_T88_Sen_Sen_20240620_20240714_24D,S1A_IW_SLC__1SDV_20240620T172528_20240620T172555_054410_069EC7_B6A4,S1A_IW_SLC__1SDV_20240714T172527_20240714T172554_054760_06AAEB_F933,S1A_IW_GRDH_1SDV_20240620T172529_20240620T172554_054410_069EC7_6D57,S1A_IW_GRDH_1SDV_20240714T172528_20240714T172553_054760_06AAEB_3DED,twente,2024,88,Sentinel-1A,Sentinel-1A,2024-06-20,2024-07-14,24,VV+VH,PENDING_BURST_CHECK,PENDING_BURST_CHECK,1.000000,LONG_LAG,CATALOG_CANDIDATE,NONE
PAIR_2024_T88_Sen_Sen_20240620_20240726_36D,S1A_IW_SLC__1SDV_20240620T172528_20240620T172555_054410_069EC7_B6A4,S1A_IW_SLC__1SDV_20240726T172527_20240726T172554_054935_06B102_BDE8,S1A_IW_GRDH_1SDV_20240620T172529_20240620T172554_054410_069EC7_6D57,S1A_IW_GRDH_1SDV_20240726T172528_20240726T172553_054935_06B102_D313,twente,2024,88,Sentinel-1A,Sentinel-1A,2024-06-20,2024-07-26,36,VV+VH,PENDING_BURST_CHECK,PENDING_BURST_CHECK,1.000000,LONG_LAG,CATALOG_CANDIDATE,NONE
PAIR_2024_T88_Sen_Sen_20240620_20240807_48D,S1A_IW_SLC__1SDV_20240620T172528_20240620T172555_054410_069EC7_B6A4,S1A_IW_SLC__1SDV_20240807T172527_20240807T172554_055110_06B719_1DAB,S1A_IW_GRDH_1SDV_20240620T172529_20240620T172554_054410_069EC7_6D57,S1A_IW_GRDH_1SDV_20240807T172528_20240807T172553_055110_06B719_A925,twente,2024,88,Sentinel-1A,Sentinel-1A,2024-06-20,2024-08-07,48,VV+VH,PENDING_BURST_CHECK,PENDING_BURST_CHECK,1.000000,LONG_LAG,CATALOG_CANDIDATE,NONE
PAIR_2024_T88_Sen_Sen_20240702_20240714_12D,S1A_IW_SLC__1SDV_20240702T172527_20240702T172555_054585_06A4DE_7488,S1A_IW_SLC__1SDV_20240714T172527_20240714T172554_054760_06AAEB_F933,S1A_IW_GRDH_1SDV_20240702T172528_20240702T172553_054585_06A4DE_D22C,S1A_IW_GRDH_1SDV_20240714T172528_20240714T172553_054760_06AAEB_3DED,twente,2024,88,Sentinel-1A,Sentinel-1A,2024-07-02,2024-07-14,12,VV+VH,PENDING_BURST_CHECK,PENDING_BURST_CHECK,1.000000,MAIN_12D,CATALOG_CANDIDATE,NONE
PAIR_2024_T88_Sen_Sen_20240702_20240726_24D,S1A_IW_SLC__1SDV_20240702T172527_20240702T172555_054585_06A4DE_7488,S1A_IW_SLC__1SDV_20240726T172527_20240726T172554_054935_06B102_BDE8,S1A_IW_GRDH_1SDV_20240702T172528_20240702T172553_054585_06A4DE_D22C,S1A_IW_GRDH_1SDV_20240726T172528_20240726T172553_054935_06B102_D313,twente,2024,88,Sentinel-1A,Sentinel-1A,2024-07-02,2024-07-26,24,VV+VH,PENDING_BURST_CHECK,PENDING_BURST_CHECK,1.000000,LONG_LAG,CATALOG_CANDIDATE,NONE
PAIR_2024_T88_Sen_Sen_20240702_20240807_36D,S1A_IW_SLC__1SDV_20240702T172527_20240702T172555_054585_06A4DE_7488,S1A_IW_SLC__1SDV_20240807T172527_20240807T172554_055110_06B719_1DAB,S1A_IW_GRDH_1SDV_20240702T172528_20240702T172553_054585_06A4DE_D22C,S1A_IW_GRDH_1SDV_20240807T172528_20240807T172553_055110_06B719_A925,twente,2024,88,Sentinel-1A,Sentinel-1A,2024-07-02,2024-08-07,36,VV+VH,PENDING_BURST_CHECK,PENDING_BURST_CHECK,1.000000,LONG_LAG,CATALOG_CANDIDATE,NONE
PAIR_2024_T88_Sen_Sen_20240702_20240819_48D,S1A_IW_SLC__1SDV_20240702T172527_20240702T172555_054585_06A4DE_7488,S1A_IW_SLC__1SDV_20240819T172527_20240819T172554_055285_06BD78_2E30,S1A_IW_GRDH_1SDV_20240702T172528_20240702T172553_054585_06A4DE_D22C,S1A_IW_GRDH_1SDV_20240819T172528_20240819T172553_055285_06BD78_8CB1,twente,2024,88,Sentinel-1A,Sentinel-1A,2024-07-02,2024-08-19,48,VV+VH,PENDING_BURST_CHECK,PENDING_BURST_CHECK,1.000000,LONG_LAG,CATALOG_CANDIDATE,NONE
PAIR_2024_T88_Sen_Sen_20240714_20240726_12D,S1A_IW_SLC__1SDV_20240714T172527_20240714T172554_054760_06AAEB_F933,S1A_IW_SLC__1SDV_20240726T172527_20240726T172554_054935_06B102_BDE8,S1A_IW_GRDH_1SDV_20240714T172528_20240714T172553_054760_06AAEB_3DED,S1A_IW_GRDH_1SDV_20240726T172528_20240726T172553_054935_06B102_D313,twente,2024,88,Sentinel-1A,Sentinel-1A,2024-07-14,2024-07-26,12,VV+VH,PENDING_BURST_CHECK,PENDING_BURST_CHECK,1.000000,MAIN_12D,CATALOG_CANDIDATE,NONE
PAIR_2024_T88_Sen_Sen_20240714_20240807_24D,S1A_IW_SLC__1SDV_20240714T172527_20240714T172554_054760_06AAEB_F933,S1A_IW_SLC__1SDV_20240807T172527_20240807T172554_055110_06B719_1DAB,S1A_IW_GRDH_1SDV_20240714T172528_20240714T172553_054760_06AAEB_3DED,S1A_IW_GRDH_1SDV_20240807T172528_20240807T172553_055110_06B719_A925,twente,2024,88,Sentinel-1A,Sentinel-1A,2024-07-14,2024-08-07,24,VV+VH,PENDING_BURST_CHECK,PENDING_BURST_CHECK,1.000000,LONG_LAG,CATALOG_CANDIDATE,NONE
PAIR_2024_T88_Sen_Sen_20240714_20240819_36D,S1A_IW_SLC__1SDV_20240714T172527_20240714T172554_054760_06AAEB_F933,S1A_IW_SLC__1SDV_20240819T172527_20240819T172554_055285_06BD78_2E30,S1A_IW_GRDH_1SDV_20240714T172528_20240714T172553_054760_06AAEB_3DED,S1A_IW_GRDH_1SDV_20240819T172528_20240819T172553_055285_06BD78_8CB1,twente,2024,88,Sentinel-1A,Sentinel-1A,2024-07-14,2024-08-19,36,VV+VH,PENDING_BURST_CHECK,PENDING_BURST_CHECK,1.000000,LONG_LAG,CATALOG_CANDIDATE,NONE
PAIR_2024_T88_Sen_Sen_20240714_20240831_48D,S1A_IW_SLC__1SDV_20240714T172527_20240714T172554_054760_06AAEB_F933,S1A_IW_SLC__1SDV_20240831T172527_20240831T172554_055460_06C3E8_C3AB,S1A_IW_GRDH_1SDV_20240714T172528_20240714T172553_054760_06AAEB_3DED,S1A_IW_GRDH_1SDV_20240831T172528_20240831T172553_055460_06C3E8_6E1D,twente,2024,88,Sentinel-1A,Sentinel-1A,2024-07-14,2024-08-31,48,VV+VH,PENDING_BURST_CHECK,PENDING_BURST_CHECK,1.000000,LONG_LAG,CATALOG_CANDIDATE,NONE
PAIR_2024_T88_Sen_Sen_20240726_20240807_12D,S1A_IW_SLC__1SDV_20240726T172527_20240726T172554_054935_06B102_BDE8,S1A_IW_SLC__1SDV_20240807T172527_20240807T172554_055110_06B719_1DAB,S1A_IW_GRDH_1SDV_20240726T172528_20240726T172553_054935_06B102_D313,S1A_IW_GRDH_1SDV_20240807T172528_20240807T172553_055110_06B719_A925,twente,2024,88,Sentinel-1A,Sentinel-1A,2024-07-26,2024-08-07,12,VV+VH,PENDING_BURST_CHECK,PENDING_BURST_CHECK,1.000000,MAIN_12D,CATALOG_CANDIDATE,NONE
PAIR_2024_T88_Sen_Sen_20240726_20240819_24D,S1A_IW_SLC__1SDV_20240726T172527_20240726T172554_054935_06B102_BDE8,S1A_IW_SLC__1SDV_20240819T172527_20240819T172554_055285_06BD78_2E30,S1A_IW_GRDH_1SDV_20240726T172528_20240726T172553_054935_06B102_D313,S1A_IW_GRDH_1SDV_20240819T172528_20240819T172553_055285_06BD78_8CB1,twente,2024,88,Sentinel-1A,Sentinel-1A,2024-07-26,2024-08-19,24,VV+VH,PENDING_BURST_CHECK,PENDING_BURST_CHECK,1.000000,LONG_LAG,CATALOG_CANDIDATE,NONE
PAIR_2024_T88_Sen_Sen_20240726_20240831_36D,S1A_IW_SLC__1SDV_20240726T172527_20240726T172554_054935_06B102_BDE8,S1A_IW_SLC__1SDV_20240831T172527_20240831T172554_055460_06C3E8_C3AB,S1A_IW_GRDH_1SDV_20240726T172528_20240726T172553_054935_06B102_D313,S1A_IW_GRDH_1SDV_20240831T172528_20240831T172553_055460_06C3E8_6E1D,twente,2024,88,Sentinel-1A,Sentinel-1A,2024-07-26,2024-08-31,36,VV+VH,PENDING_BURST_CHECK,PENDING_BURST_CHECK,1.000000,LONG_LAG,CATALOG_CANDIDATE,NONE
PAIR_2024_T88_Sen_Sen_20240726_20240912_48D,S1A_IW_SLC__1SDV_20240726T172527_20240726T172554_054935_06B102_BDE8,S1A_IW_SLC__1SDV_20240912T172528_20240912T172555_055635_06CAD5_D971,S1A_IW_GRDH_1SDV_20240726T172528_20240726T172553_054935_06B102_D313,S1A_IW_GRDH_1SDV_20240912T172529_20240912T172554_055635_06CAD5_CACF,twente,2024,88,Sentinel-1A,Sentinel-1A,2024-07-26,2024-09-12,48,VV+VH,PENDING_BURST_CHECK,PENDING_BURST_CHECK,1.000000,LONG_LAG,CATALOG_CANDIDATE,NONE
PAIR_2024_T88_Sen_Sen_20240807_20240819_12D,S1A_IW_SLC__1SDV_20240807T172527_20240807T172554_055110_06B719_1DAB,S1A_IW_SLC__1SDV_20240819T172527_20240819T172554_055285_06BD78_2E30,S1A_IW_GRDH_1SDV_20240807T172528_20240807T172553_055110_06B719_A925,S1A_IW_GRDH_1SDV_20240819T172528_20240819T172553_055285_06BD78_8CB1,twente,2024,88,Sentinel-1A,Sentinel-1A,2024-08-07,2024-08-19,12,VV+VH,PENDING_BURST_CHECK,PENDING_BURST_CHECK,1.000000,MAIN_12D,CATALOG_CANDIDATE,NONE
PAIR_2024_T88_Sen_Sen_20240807_20240831_24D,S1A_IW_SLC__1SDV_20240807T172527_20240807T172554_055110_06B719_1DAB,S1A_IW_SLC__1SDV_20240831T172527_20240831T172554_055460_06C3E8_C3AB,S1A_IW_GRDH_1SDV_20240807T172528_20240807T172553_055110_06B719_A925,S1A_IW_GRDH_1SDV_20240831T172528_20240831T172553_055460_06C3E8_6E1D,twente,2024,88,Sentinel-1A,Sentinel-1A,2024-08-07,2024-08-31,24,VV+VH,PENDING_BURST_CHECK,PENDING_BURST_CHECK,1.000000,LONG_LAG,CATALOG_CANDIDATE,NONE
PAIR_2024_T88_Sen_Sen_20240807_20240912_36D,S1A_IW_SLC__1SDV_20240807T172527_20240807T172554_055110_06B719_1DAB,S1A_IW_SLC__1SDV_20240912T172528_20240912T172555_055635_06CAD5_D971,S1A_IW_GRDH_1SDV_20240807T172528_20240807T172553_055110_06B719_A925,S1A_IW_GRDH_1SDV_20240912T172529_20240912T172554_055635_06CAD5_CACF,twente,2024,88,Sentinel-1A,Sentinel-1A,2024-08-07,2024-09-12,36,VV+VH,PENDING_BURST_CHECK,PENDING_BURST_CHECK,1.000000,LONG_LAG,CATALOG_CANDIDATE,NONE
PAIR_2024_T88_Sen_Sen_20240807_20240924_48D,S1A_IW_SLC__1SDV_20240807T172527_20240807T172554_055110_06B719_1DAB,S1A_IW_SLC__1SDV_20240924T172528_20240924T172555_055810_06D1C0_E25D,S1A_IW_GRDH_1SDV_20240807T172528_20240807T172553_055110_06B719_A925,S1A_IW_GRDH_1SDV_20240924T172529_20240924T172554_055810_06D1C0_6AC1,twente,2024,88,Sentinel-1A,Sentinel-1A,2024-08-07,2024-09-24,48,VV+VH,PENDING_BURST_CHECK,PENDING_BURST_CHECK,1.000000,LONG_LAG,CATALOG_CANDIDATE,NONE
PAIR_2024_T88_Sen_Sen_20240819_20240831_12D,S1A_IW_SLC__1SDV_20240819T172527_20240819T172554_055285_06BD78_2E30,S1A_IW_SLC__1SDV_20240831T172527_20240831T172554_055460_06C3E8_C3AB,S1A_IW_GRDH_1SDV_20240819T172528_20240819T172553_055285_06BD78_8CB1,S1A_IW_GRDH_1SDV_20240831T172528_20240831T172553_055460_06C3E8_6E1D,twente,2024,88,Sentinel-1A,Sentinel-1A,2024-08-19,2024-08-31,12,VV+VH,PENDING_BURST_CHECK,PENDING_BURST_CHECK,1.000000,MAIN_12D,CATALOG_CANDIDATE,NONE
PAIR_2024_T88_Sen_Sen_20240819_20240912_24D,S1A_IW_SLC__1SDV_20240819T172527_20240819T172554_055285_06BD78_2E30,S1A_IW_SLC__1SDV_20240912T172528_20240912T172555_055635_06CAD5_D971,S1A_IW_GRDH_1SDV_20240819T172528_20240819T172553_055285_06BD78_8CB1,S1A_IW_GRDH_1SDV_20240912T172529_20240912T172554_055635_06CAD5_CACF,twente,2024,88,Sentinel-1A,Sentinel-1A,2024-08-19,2024-09-12,24,VV+VH,PENDING_BURST_CHECK,PENDING_BURST_CHECK,1.000000,LONG_LAG,CATALOG_CANDIDATE,NONE
PAIR_2024_T88_Sen_Sen_20240819_20240924_36D,S1A_IW_SLC__1SDV_20240819T172527_20240819T172554_055285_06BD78_2E30,S1A_IW_SLC__1SDV_20240924T172528_20240924T172555_055810_06D1C0_E25D,S1A_IW_GRDH_1SDV_20240819T172528_20240819T172553_055285_06BD78_8CB1,S1A_IW_GRDH_1SDV_20240924T172529_20240924T172554_055810_06D1C0_6AC1,twente,2024,88,Sentinel-1A,Sentinel-1A,2024-08-19,2024-09-24,36,VV+VH,PENDING_BURST_CHECK,PENDING_BURST_CHECK,1.000000,LONG_LAG,CATALOG_CANDIDATE,NONE
PAIR_2024_T88_Sen_Sen_20240819_20241006_48D,S1A_IW_SLC__1SDV_20240819T172527_20240819T172554_055285_06BD78_2E30,S1A_IW_SLC__1SDV_20241006T172529_20241006T172556_055985_06D8A6_D3A8,S1A_IW_GRDH_1SDV_20240819T172528_20240819T172553_055285_06BD78_8CB1,S1A_IW_GRDH_1SDV_20241006T172530_20241006T172555_055985_06D8A6_78DE,twente,2024,88,Sentinel-1A,Sentinel-1A,2024-08-19,2024-10-06,48,VV+VH,PENDING_BURST_CHECK,PENDING_BURST_CHECK,1.000000,LONG_LAG,CATALOG_CANDIDATE,NONE
PAIR_2024_T88_Sen_Sen_20240831_20240912_12D,S1A_IW_SLC__1SDV_20240831T172527_20240831T172554_055460_06C3E8_C3AB,S1A_IW_SLC__1SDV_20240912T172528_20240912T172555_055635_06CAD5_D971,S1A_IW_GRDH_1SDV_20240831T172528_20240831T172553_055460_06C3E8_6E1D,S1A_IW_GRDH_1SDV_20240912T172529_20240912T172554_055635_06CAD5_CACF,twente,2024,88,Sentinel-1A,Sentinel-1A,2024-08-31,2024-09-12,12,VV+VH,PENDING_BURST_CHECK,PENDING_BURST_CHECK,1.000000,MAIN_12D,CATALOG_CANDIDATE,NONE
PAIR_2024_T88_Sen_Sen_20240831_20240924_24D,S1A_IW_SLC__1SDV_20240831T172527_20240831T172554_055460_06C3E8_C3AB,S1A_IW_SLC__1SDV_20240924T172528_20240924T172555_055810_06D1C0_E25D,S1A_IW_GRDH_1SDV_20240831T172528_20240831T172553_055460_06C3E8_6E1D,S1A_IW_GRDH_1SDV_20240924T172529_20240924T172554_055810_06D1C0_6AC1,twente,2024,88,Sentinel-1A,Sentinel-1A,2024-08-31,2024-09-24,24,VV+VH,PENDING_BURST_CHECK,PENDING_BURST_CHECK,1.000000,LONG_LAG,CATALOG_CANDIDATE,NONE
PAIR_2024_T88_Sen_Sen_20240831_20241006_36D,S1A_IW_SLC__1SDV_20240831T172527_20240831T172554_055460_06C3E8_C3AB,S1A_IW_SLC__1SDV_20241006T172529_20241006T172556_055985_06D8A6_D3A8,S1A_IW_GRDH_1SDV_20240831T172528_20240831T172553_055460_06C3E8_6E1D,S1A_IW_GRDH_1SDV_20241006T172530_20241006T172555_055985_06D8A6_78DE,twente,2024,88,Sentinel-1A,Sentinel-1A,2024-08-31,2024-10-06,36,VV+VH,PENDING_BURST_CHECK,PENDING_BURST_CHECK,1.000000,LONG_LAG,CATALOG_CANDIDATE,NONE
PAIR_2024_T88_Sen_Sen_20240831_20241018_48D,S1A_IW_SLC__1SDV_20240831T172527_20240831T172554_055460_06C3E8_C3AB,S1A_IW_SLC__1SDV_20241018T172529_20241018T172556_056160_06DF92_AA18,S1A_IW_GRDH_1SDV_20240831T172528_20240831T172553_055460_06C3E8_6E1D,S1A_IW_GRDH_1SDV_20241018T172530_20241018T172555_056160_06DF92_10AB,twente,2024,88,Sentinel-1A,Sentinel-1A,2024-08-31,2024-10-18,48,VV+VH,PENDING_BURST_CHECK,PENDING_BURST_CHECK,1.000000,LONG_LAG,CATALOG_CANDIDATE,NONE
PAIR_2024_T88_Sen_Sen_20240912_20240924_12D,S1A_IW_SLC__1SDV_20240912T172528_20240912T172555_055635_06CAD5_D971,S1A_IW_SLC__1SDV_20240924T172528_20240924T172555_055810_06D1C0_E25D,S1A_IW_GRDH_1SDV_20240912T172529_20240912T172554_055635_06CAD5_CACF,S1A_IW_GRDH_1SDV_20240924T172529_20240924T172554_055810_06D1C0_6AC1,twente,2024,88,Sentinel-1A,Sentinel-1A,2024-09-12,2024-09-24,12,VV+VH,PENDING_BURST_CHECK,PENDING_BURST_CHECK,1.000000,MAIN_12D,CATALOG_CANDIDATE,NONE
PAIR_2024_T88_Sen_Sen_20240912_20241006_24D,S1A_IW_SLC__1SDV_20240912T172528_20240912T172555_055635_06CAD5_D971,S1A_IW_SLC__1SDV_20241006T172529_20241006T172556_055985_06D8A6_D3A8,S1A_IW_GRDH_1SDV_20240912T172529_20240912T172554_055635_06CAD5_CACF,S1A_IW_GRDH_1SDV_20241006T172530_20241006T172555_055985_06D8A6_78DE,twente,2024,88,Sentinel-1A,Sentinel-1A,2024-09-12,2024-10-06,24,VV+VH,PENDING_BURST_CHECK,PENDING_BURST_CHECK,1.000000,LONG_LAG,CATALOG_CANDIDATE,NONE
PAIR_2024_T88_Sen_Sen_20240912_20241018_36D,S1A_IW_SLC__1SDV_20240912T172528_20240912T172555_055635_06CAD5_D971,S1A_IW_SLC__1SDV_20241018T172529_20241018T172556_056160_06DF92_AA18,S1A_IW_GRDH_1SDV_20240912T172529_20240912T172554_055635_06CAD5_CACF,S1A_IW_GRDH_1SDV_20241018T172530_20241018T172555_056160_06DF92_10AB,twente,2024,88,Sentinel-1A,Sentinel-1A,2024-09-12,2024-10-18,36,VV+VH,PENDING_BURST_CHECK,PENDING_BURST_CHECK,1.000000,LONG_LAG,CATALOG_CANDIDATE,NONE
PAIR_2024_T88_Sen_Sen_20240912_20241030_48D,S1A_IW_SLC__1SDV_20240912T172528_20240912T172555_055635_06CAD5_D971,S1A_IW_SLC__1SDV_20241030T172529_20241030T172556_056335_06E681_725C,S1A_IW_GRDH_1SDV_20240912T172529_20240912T172554_055635_06CAD5_CACF,S1A_IW_GRDH_1SDV_20241030T172530_20241030T172555_056335_06E681_95D1,twente,2024,88,Sentinel-1A,Sentinel-1A,2024-09-12,2024-10-30,48,VV+VH,PENDING_BURST_CHECK,PENDING_BURST_CHECK,1.000000,LONG_LAG,CATALOG_CANDIDATE,NONE
PAIR_2024_T88_Sen_Sen_20240924_20241006_12D,S1A_IW_SLC__1SDV_20240924T172528_20240924T172555_055810_06D1C0_E25D,S1A_IW_SLC__1SDV_20241006T172529_20241006T172556_055985_06D8A6_D3A8,S1A_IW_GRDH_1SDV_20240924T172529_20240924T172554_055810_06D1C0_6AC1,S1A_IW_GRDH_1SDV_20241006T172530_20241006T172555_055985_06D8A6_78DE,twente,2024,88,Sentinel-1A,Sentinel-1A,2024-09-24,2024-10-06,12,VV+VH,PENDING_BURST_CHECK,PENDING_BURST_CHECK,1.000000,MAIN_12D,CATALOG_CANDIDATE,NONE
PAIR_2024_T88_Sen_Sen_20240924_20241018_24D,S1A_IW_SLC__1SDV_20240924T172528_20240924T172555_055810_06D1C0_E25D,S1A_IW_SLC__1SDV_20241018T172529_20241018T172556_056160_06DF92_AA18,S1A_IW_GRDH_1SDV_20240924T172529_20240924T172554_055810_06D1C0_6AC1,S1A_IW_GRDH_1SDV_20241018T172530_20241018T172555_056160_06DF92_10AB,twente,2024,88,Sentinel-1A,Sentinel-1A,2024-09-24,2024-10-18,24,VV+VH,PENDING_BURST_CHECK,PENDING_BURST_CHECK,1.000000,LONG_LAG,CATALOG_CANDIDATE,NONE
PAIR_2024_T88_Sen_Sen_20240924_20241030_36D,S1A_IW_SLC__1SDV_20240924T172528_20240924T172555_055810_06D1C0_E25D,S1A_IW_SLC__1SDV_20241030T172529_20241030T172556_056335_06E681_725C,S1A_IW_GRDH_1SDV_20240924T172529_20240924T172554_055810_06D1C0_6AC1,S1A_IW_GRDH_1SDV_20241030T172530_20241030T172555_056335_06E681_95D1,twente,2024,88,Sentinel-1A,Sentinel-1A,2024-09-24,2024-10-30,36,VV+VH,PENDING_BURST_CHECK,PENDING_BURST_CHECK,1.000000,LONG_LAG,CATALOG_CANDIDATE,NONE
PAIR_2024_T88_Sen_Sen_20241006_20241018_12D,S1A_IW_SLC__1SDV_20241006T172529_20241006T172556_055985_06D8A6_D3A8,S1A_IW_SLC__1SDV_20241018T172529_20241018T172556_056160_06DF92_AA18,S1A_IW_GRDH_1SDV_20241006T172530_20241006T172555_055985_06D8A6_78DE,S1A_IW_GRDH_1SDV_20241018T172530_20241018T172555_056160_06DF92_10AB,twente,2024,88,Sentinel-1A,Sentinel-1A,2024-10-06,2024-10-18,12,VV+VH,PENDING_BURST_CHECK,PENDING_BURST_CHECK,1.000000,MAIN_12D,CATALOG_CANDIDATE,NONE
PAIR_2024_T88_Sen_Sen_20241006_20241030_24D,S1A_IW_SLC__1SDV_20241006T172529_20241006T172556_055985_06D8A6_D3A8,S1A_IW_SLC__1SDV_20241030T172529_20241030T172556_056335_06E681_725C,S1A_IW_GRDH_1SDV_20241006T172530_20241006T172555_055985_06D8A6_78DE,S1A_IW_GRDH_1SDV_20241030T172530_20241030T172555_056335_06E681_95D1,twente,2024,88,Sentinel-1A,Sentinel-1A,2024-10-06,2024-10-30,24,VV+VH,PENDING_BURST_CHECK,PENDING_BURST_CHECK,1.000000,LONG_LAG,CATALOG_CANDIDATE,NONE
PAIR_2024_T88_Sen_Sen_20241018_20241030_12D,S1A_IW_SLC__1SDV_20241018T172529_20241018T172556_056160_06DF92_AA18,S1A_IW_SLC__1SDV_20241030T172529_20241030T172556_056335_06E681_725C,S1A_IW_GRDH_1SDV_20241018T172530_20241018T172555_056160_06DF92_10AB,S1A_IW_GRDH_1SDV_20241030T172530_20241030T172555_056335_06E681_95D1,twente,2024,88,Sentinel-1A,Sentinel-1A,2024-10-18,2024-10-30,12,VV+VH,PENDING_BURST_CHECK,PENDING_BURST_CHECK,1.000000,MAIN_12D,CATALOG_CANDIDATE,NONE
PAIR_2024_T37_Sen_Sen_20240301_20240313_12D,S1A_IW_SLC__1SDV_20240301T055036_20240301T055103_052784_06632D_2D49,S1A_IW_SLC__1SDV_20240313T055036_20240313T055103_052959_066921_C7AA,S1A_IW_GRDH_1SDV_20240301T055037_20240301T055102_052784_06632D_D7B5,S1A_IW_GRDH_1SDV_20240313T055037_20240313T055102_052959_066921_46B4,twente,2024,37,Sentinel-1A,Sentinel-1A,2024-03-01,2024-03-13,12,VV+VH,PENDING_BURST_CHECK,PENDING_BURST_CHECK,1.000000,MAIN_12D,CATALOG_CANDIDATE,NONE
PAIR_2024_T37_Sen_Sen_20240301_20240325_24D,S1A_IW_SLC__1SDV_20240301T055036_20240301T055103_052784_06632D_2D49,S1A_IW_SLC__1SDV_20240325T055036_20240325T055104_053134_066FC4_7448,S1A_IW_GRDH_1SDV_20240301T055037_20240301T055102_052784_06632D_D7B5,S1A_IW_GRDH_1SDV_20240325T055038_20240325T055103_053134_066FC4_BD7C,twente,2024,37,Sentinel-1A,Sentinel-1A,2024-03-01,2024-03-25,24,VV+VH,PENDING_BURST_CHECK,PENDING_BURST_CHECK,1.000000,LONG_LAG,CATALOG_CANDIDATE,NONE
PAIR_2024_T37_Sen_Sen_20240301_20240406_36D,S1A_IW_SLC__1SDV_20240301T055036_20240301T055103_052784_06632D_2D49,S1A_IW_SLC__1SDV_20240406T055037_20240406T055104_053309_067673_98EE,S1A_IW_GRDH_1SDV_20240301T055037_20240301T055102_052784_06632D_D7B5,S1A_IW_GRDH_1SDV_20240406T055038_20240406T055103_053309_067673_461C,twente,2024,37,Sentinel-1A,Sentinel-1A,2024-03-01,2024-04-06,36,VV+VH,PENDING_BURST_CHECK,PENDING_BURST_CHECK,1.000000,LONG_LAG,CATALOG_CANDIDATE,NONE
PAIR_2024_T37_Sen_Sen_20240301_20240418_48D,S1A_IW_SLC__1SDV_20240301T055036_20240301T055103_052784_06632D_2D49,S1A_IW_SLC__1SDV_20240418T055037_20240418T055105_053484_067D67_0F91,S1A_IW_GRDH_1SDV_20240301T055037_20240301T055102_052784_06632D_D7B5,S1A_IW_GRDH_1SDV_20240418T055039_20240418T055104_053484_067D67_2091,twente,2024,37,Sentinel-1A,Sentinel-1A,2024-03-01,2024-04-18,48,VV+VH,PENDING_BURST_CHECK,PENDING_BURST_CHECK,1.000000,LONG_LAG,CATALOG_CANDIDATE,NONE
PAIR_2024_T37_Sen_Sen_20240313_20240325_12D,S1A_IW_SLC__1SDV_20240313T055036_20240313T055103_052959_066921_C7AA,S1A_IW_SLC__1SDV_20240325T055036_20240325T055104_053134_066FC4_7448,S1A_IW_GRDH_1SDV_20240313T055037_20240313T055102_052959_066921_46B4,S1A_IW_GRDH_1SDV_20240325T055038_20240325T055103_053134_066FC4_BD7C,twente,2024,37,Sentinel-1A,Sentinel-1A,2024-03-13,2024-03-25,12,VV+VH,PENDING_BURST_CHECK,PENDING_BURST_CHECK,1.000000,MAIN_12D,CATALOG_CANDIDATE,NONE
PAIR_2024_T37_Sen_Sen_20240313_20240406_24D,S1A_IW_SLC__1SDV_20240313T055036_20240313T055103_052959_066921_C7AA,S1A_IW_SLC__1SDV_20240406T055037_20240406T055104_053309_067673_98EE,S1A_IW_GRDH_1SDV_20240313T055037_20240313T055102_052959_066921_46B4,S1A_IW_GRDH_1SDV_20240406T055038_20240406T055103_053309_067673_461C,twente,2024,37,Sentinel-1A,Sentinel-1A,2024-03-13,2024-04-06,24,VV+VH,PENDING_BURST_CHECK,PENDING_BURST_CHECK,1.000000,LONG_LAG,CATALOG_CANDIDATE,NONE
PAIR_2024_T37_Sen_Sen_20240313_20240418_36D,S1A_IW_SLC__1SDV_20240313T055036_20240313T055103_052959_066921_C7AA,S1A_IW_SLC__1SDV_20240418T055037_20240418T055105_053484_067D67_0F91,S1A_IW_GRDH_1SDV_20240313T055037_20240313T055102_052959_066921_46B4,S1A_IW_GRDH_1SDV_20240418T055039_20240418T055104_053484_067D67_2091,twente,2024,37,Sentinel-1A,Sentinel-1A,2024-03-13,2024-04-18,36,VV+VH,PENDING_BURST_CHECK,PENDING_BURST_CHECK,1.000000,LONG_LAG,CATALOG_CANDIDATE,NONE
PAIR_2024_T37_Sen_Sen_20240313_20240430_48D,S1A_IW_SLC__1SDV_20240313T055036_20240313T055103_052959_066921_C7AA,S1A_IW_SLC__1SDV_20240430T055038_20240430T055105_053659_068441_1491,S1A_IW_GRDH_1SDV_20240313T055037_20240313T055102_052959_066921_46B4,S1A_IW_GRDH_1SDV_20240430T055039_20240430T055104_053659_068441_3A5F,twente,2024,37,Sentinel-1A,Sentinel-1A,2024-03-13,2024-04-30,48,VV+VH,PENDING_BURST_CHECK,PENDING_BURST_CHECK,1.000000,LONG_LAG,CATALOG_CANDIDATE,NONE
PAIR_2024_T37_Sen_Sen_20240325_20240406_12D,S1A_IW_SLC__1SDV_20240325T055036_20240325T055104_053134_066FC4_7448,S1A_IW_SLC__1SDV_20240406T055037_20240406T055104_053309_067673_98EE,S1A_IW_GRDH_1SDV_20240325T055038_20240325T055103_053134_066FC4_BD7C,S1A_IW_GRDH_1SDV_20240406T055038_20240406T055103_053309_067673_461C,twente,2024,37,Sentinel-1A,Sentinel-1A,2024-03-25,2024-04-06,12,VV+VH,PENDING_BURST_CHECK,PENDING_BURST_CHECK,1.000000,MAIN_12D,CATALOG_CANDIDATE,NONE
PAIR_2024_T37_Sen_Sen_20240325_20240418_24D,S1A_IW_SLC__1SDV_20240325T055036_20240325T055104_053134_066FC4_7448,S1A_IW_SLC__1SDV_20240418T055037_20240418T055105_053484_067D67_0F91,S1A_IW_GRDH_1SDV_20240325T055038_20240325T055103_053134_066FC4_BD7C,S1A_IW_GRDH_1SDV_20240418T055039_20240418T055104_053484_067D67_2091,twente,2024,37,Sentinel-1A,Sentinel-1A,2024-03-25,2024-04-18,24,VV+VH,PENDING_BURST_CHECK,PENDING_BURST_CHECK,1.000000,LONG_LAG,CATALOG_CANDIDATE,NONE
PAIR_2024_T37_Sen_Sen_20240325_20240430_36D,S1A_IW_SLC__1SDV_20240325T055036_20240325T055104_053134_066FC4_7448,S1A_IW_SLC__1SDV_20240430T055038_20240430T055105_053659_068441_1491,S1A_IW_GRDH_1SDV_20240325T055038_20240325T055103_053134_066FC4_BD7C,S1A_IW_GRDH_1SDV_20240430T055039_20240430T055104_053659_068441_3A5F,twente,2024,37,Sentinel-1A,Sentinel-1A,2024-03-25,2024-04-30,36,VV+VH,PENDING_BURST_CHECK,PENDING_BURST_CHECK,1.000000,LONG_LAG,CATALOG_CANDIDATE,NONE
PAIR_2024_T37_Sen_Sen_20240325_20240512_48D,S1A_IW_SLC__1SDV_20240325T055036_20240325T055104_053134_066FC4_7448,S1A_IW_SLC__1SDV_20240512T055038_20240512T055105_053834_068ADC_3D7B,S1A_IW_GRDH_1SDV_20240325T055038_20240325T055103_053134_066FC4_BD7C,S1A_IW_GRDH_1SDV_20240512T055039_20240512T055104_053834_068ADC_E635,twente,2024,37,Sentinel-1A,Sentinel-1A,2024-03-25,2024-05-12,48,VV+VH,PENDING_BURST_CHECK,PENDING_BURST_CHECK,1.000000,LONG_LAG,CATALOG_CANDIDATE,NONE
PAIR_2024_T37_Sen_Sen_20240406_20240418_12D,S1A_IW_SLC__1SDV_20240406T055037_20240406T055104_053309_067673_98EE,S1A_IW_SLC__1SDV_20240418T055037_20240418T055105_053484_067D67_0F91,S1A_IW_GRDH_1SDV_20240406T055038_20240406T055103_053309_067673_461C,S1A_IW_GRDH_1SDV_20240418T055039_20240418T055104_053484_067D67_2091,twente,2024,37,Sentinel-1A,Sentinel-1A,2024-04-06,2024-04-18,12,VV+VH,PENDING_BURST_CHECK,PENDING_BURST_CHECK,1.000000,MAIN_12D,CATALOG_CANDIDATE,NONE
PAIR_2024_T37_Sen_Sen_20240406_20240430_24D,S1A_IW_SLC__1SDV_20240406T055037_20240406T055104_053309_067673_98EE,S1A_IW_SLC__1SDV_20240430T055038_20240430T055105_053659_068441_1491,S1A_IW_GRDH_1SDV_20240406T055038_20240406T055103_053309_067673_461C,S1A_IW_GRDH_1SDV_20240430T055039_20240430T055104_053659_068441_3A5F,twente,2024,37,Sentinel-1A,Sentinel-1A,2024-04-06,2024-04-30,24,VV+VH,PENDING_BURST_CHECK,PENDING_BURST_CHECK,1.000000,LONG_LAG,CATALOG_CANDIDATE,NONE
PAIR_2024_T37_Sen_Sen_20240406_20240512_36D,S1A_IW_SLC__1SDV_20240406T055037_20240406T055104_053309_067673_98EE,S1A_IW_SLC__1SDV_20240512T055038_20240512T055105_053834_068ADC_3D7B,S1A_IW_GRDH_1SDV_20240406T055038_20240406T055103_053309_067673_461C,S1A_IW_GRDH_1SDV_20240512T055039_20240512T055104_053834_068ADC_E635,twente,2024,37,Sentinel-1A,Sentinel-1A,2024-04-06,2024-05-12,36,VV+VH,PENDING_BURST_CHECK,PENDING_BURST_CHECK,1.000000,LONG_LAG,CATALOG_CANDIDATE,NONE
PAIR_2024_T37_Sen_Sen_20240406_20240524_48D,S1A_IW_SLC__1SDV_20240406T055037_20240406T055104_053309_067673_98EE,S1A_IW_SLC__1SDV_20240524T055038_20240524T055105_054009_0690DF_FB9B,S1A_IW_GRDH_1SDV_20240406T055038_20240406T055103_053309_067673_461C,S1A_IW_GRDH_1SDV_20240524T055039_20240524T055104_054009_0690DF_79BB,twente,2024,37,Sentinel-1A,Sentinel-1A,2024-04-06,2024-05-24,48,VV+VH,PENDING_BURST_CHECK,PENDING_BURST_CHECK,1.000000,LONG_LAG,CATALOG_CANDIDATE,NONE
PAIR_2024_T37_Sen_Sen_20240418_20240430_12D,S1A_IW_SLC__1SDV_20240418T055037_20240418T055105_053484_067D67_0F91,S1A_IW_SLC__1SDV_20240430T055038_20240430T055105_053659_068441_1491,S1A_IW_GRDH_1SDV_20240418T055039_20240418T055104_053484_067D67_2091,S1A_IW_GRDH_1SDV_20240430T055039_20240430T055104_053659_068441_3A5F,twente,2024,37,Sentinel-1A,Sentinel-1A,2024-04-18,2024-04-30,12,VV+VH,PENDING_BURST_CHECK,PENDING_BURST_CHECK,1.000000,MAIN_12D,CATALOG_CANDIDATE,NONE
PAIR_2024_T37_Sen_Sen_20240418_20240512_24D,S1A_IW_SLC__1SDV_20240418T055037_20240418T055105_053484_067D67_0F91,S1A_IW_SLC__1SDV_20240512T055038_20240512T055105_053834_068ADC_3D7B,S1A_IW_GRDH_1SDV_20240418T055039_20240418T055104_053484_067D67_2091,S1A_IW_GRDH_1SDV_20240512T055039_20240512T055104_053834_068ADC_E635,twente,2024,37,Sentinel-1A,Sentinel-1A,2024-04-18,2024-05-12,24,VV+VH,PENDING_BURST_CHECK,PENDING_BURST_CHECK,1.000000,LONG_LAG,CATALOG_CANDIDATE,NONE
PAIR_2024_T37_Sen_Sen_20240418_20240524_36D,S1A_IW_SLC__1SDV_20240418T055037_20240418T055105_053484_067D67_0F91,S1A_IW_SLC__1SDV_20240524T055038_20240524T055105_054009_0690DF_FB9B,S1A_IW_GRDH_1SDV_20240418T055039_20240418T055104_053484_067D67_2091,S1A_IW_GRDH_1SDV_20240524T055039_20240524T055104_054009_0690DF_79BB,twente,2024,37,Sentinel-1A,Sentinel-1A,2024-04-18,2024-05-24,36,VV+VH,PENDING_BURST_CHECK,PENDING_BURST_CHECK,1.000000,LONG_LAG,CATALOG_CANDIDATE,NONE
PAIR_2024_T37_Sen_Sen_20240418_20240605_48D,S1A_IW_SLC__1SDV_20240418T055037_20240418T055105_053484_067D67_0F91,S1A_IW_SLC__1SDV_20240605T055037_20240605T055104_054184_0696EA_1F05,S1A_IW_GRDH_1SDV_20240418T055039_20240418T055104_053484_067D67_2091,S1A_IW_GRDH_1SDV_20240605T055038_20240605T055103_054184_0696EA_CC0A,twente,2024,37,Sentinel-1A,Sentinel-1A,2024-04-18,2024-06-05,48,VV+VH,PENDING_BURST_CHECK,PENDING_BURST_CHECK,1.000000,LONG_LAG,CATALOG_CANDIDATE,NONE
PAIR_2024_T37_Sen_Sen_20240430_20240512_12D,S1A_IW_SLC__1SDV_20240430T055038_20240430T055105_053659_068441_1491,S1A_IW_SLC__1SDV_20240512T055038_20240512T055105_053834_068ADC_3D7B,S1A_IW_GRDH_1SDV_20240430T055039_20240430T055104_053659_068441_3A5F,S1A_IW_GRDH_1SDV_20240512T055039_20240512T055104_053834_068ADC_E635,twente,2024,37,Sentinel-1A,Sentinel-1A,2024-04-30,2024-05-12,12,VV+VH,PENDING_BURST_CHECK,PENDING_BURST_CHECK,1.000000,MAIN_12D,CATALOG_CANDIDATE,NONE
PAIR_2024_T37_Sen_Sen_20240430_20240524_24D,S1A_IW_SLC__1SDV_20240430T055038_20240430T055105_053659_068441_1491,S1A_IW_SLC__1SDV_20240524T055038_20240524T055105_054009_0690DF_FB9B,S1A_IW_GRDH_1SDV_20240430T055039_20240430T055104_053659_068441_3A5F,S1A_IW_GRDH_1SDV_20240524T055039_20240524T055104_054009_0690DF_79BB,twente,2024,37,Sentinel-1A,Sentinel-1A,2024-04-30,2024-05-24,24,VV+VH,PENDING_BURST_CHECK,PENDING_BURST_CHECK,1.000000,LONG_LAG,CATALOG_CANDIDATE,NONE
PAIR_2024_T37_Sen_Sen_20240430_20240605_36D,S1A_IW_SLC__1SDV_20240430T055038_20240430T055105_053659_068441_1491,S1A_IW_SLC__1SDV_20240605T055037_20240605T055104_054184_0696EA_1F05,S1A_IW_GRDH_1SDV_20240430T055039_20240430T055104_053659_068441_3A5F,S1A_IW_GRDH_1SDV_20240605T055038_20240605T055103_054184_0696EA_CC0A,twente,2024,37,Sentinel-1A,Sentinel-1A,2024-04-30,2024-06-05,36,VV+VH,PENDING_BURST_CHECK,PENDING_BURST_CHECK,1.000000,LONG_LAG,CATALOG_CANDIDATE,NONE
PAIR_2024_T37_Sen_Sen_20240430_20240617_48D,S1A_IW_SLC__1SDV_20240430T055038_20240430T055105_053659_068441_1491,S1A_IW_SLC__1SDV_20240617T055037_20240617T055104_054359_069CF5_D6B6,S1A_IW_GRDH_1SDV_20240430T055039_20240430T055104_053659_068441_3A5F,S1A_IW_GRDH_1SDV_20240617T055038_20240617T055103_054359_069CF5_2EE8,twente,2024,37,Sentinel-1A,Sentinel-1A,2024-04-30,2024-06-17,48,VV+VH,PENDING_BURST_CHECK,PENDING_BURST_CHECK,1.000000,LONG_LAG,CATALOG_CANDIDATE,NONE
PAIR_2024_T37_Sen_Sen_20240512_20240524_12D,S1A_IW_SLC__1SDV_20240512T055038_20240512T055105_053834_068ADC_3D7B,S1A_IW_SLC__1SDV_20240524T055038_20240524T055105_054009_0690DF_FB9B,S1A_IW_GRDH_1SDV_20240512T055039_20240512T055104_053834_068ADC_E635,S1A_IW_GRDH_1SDV_20240524T055039_20240524T055104_054009_0690DF_79BB,twente,2024,37,Sentinel-1A,Sentinel-1A,2024-05-12,2024-05-24,12,VV+VH,PENDING_BURST_CHECK,PENDING_BURST_CHECK,1.000000,MAIN_12D,CATALOG_CANDIDATE,NONE
PAIR_2024_T37_Sen_Sen_20240512_20240605_24D,S1A_IW_SLC__1SDV_20240512T055038_20240512T055105_053834_068ADC_3D7B,S1A_IW_SLC__1SDV_20240605T055037_20240605T055104_054184_0696EA_1F05,S1A_IW_GRDH_1SDV_20240512T055039_20240512T055104_053834_068ADC_E635,S1A_IW_GRDH_1SDV_20240605T055038_20240605T055103_054184_0696EA_CC0A,twente,2024,37,Sentinel-1A,Sentinel-1A,2024-05-12,2024-06-05,24,VV+VH,PENDING_BURST_CHECK,PENDING_BURST_CHECK,1.000000,LONG_LAG,CATALOG_CANDIDATE,NONE
PAIR_2024_T37_Sen_Sen_20240512_20240617_36D,S1A_IW_SLC__1SDV_20240512T055038_20240512T055105_053834_068ADC_3D7B,S1A_IW_SLC__1SDV_20240617T055037_20240617T055104_054359_069CF5_D6B6,S1A_IW_GRDH_1SDV_20240512T055039_20240512T055104_053834_068ADC_E635,S1A_IW_GRDH_1SDV_20240617T055038_20240617T055103_054359_069CF5_2EE8,twente,2024,37,Sentinel-1A,Sentinel-1A,2024-05-12,2024-06-17,36,VV+VH,PENDING_BURST_CHECK,PENDING_BURST_CHECK,1.000000,LONG_LAG,CATALOG_CANDIDATE,NONE
PAIR_2024_T37_Sen_Sen_20240512_20240629_48D,S1A_IW_SLC__1SDV_20240512T055038_20240512T055105_053834_068ADC_3D7B,S1A_IW_SLC__1SDV_20240629T055036_20240629T055103_054534_06A308_7A65,S1A_IW_GRDH_1SDV_20240512T055039_20240512T055104_053834_068ADC_E635,S1A_IW_GRDH_1SDV_20240629T055037_20240629T055102_054534_06A308_DC0C,twente,2024,37,Sentinel-1A,Sentinel-1A,2024-05-12,2024-06-29,48,VV+VH,PENDING_BURST_CHECK,PENDING_BURST_CHECK,1.000000,LONG_LAG,CATALOG_CANDIDATE,NONE
PAIR_2024_T37_Sen_Sen_20240524_20240605_12D,S1A_IW_SLC__1SDV_20240524T055038_20240524T055105_054009_0690DF_FB9B,S1A_IW_SLC__1SDV_20240605T055037_20240605T055104_054184_0696EA_1F05,S1A_IW_GRDH_1SDV_20240524T055039_20240524T055104_054009_0690DF_79BB,S1A_IW_GRDH_1SDV_20240605T055038_20240605T055103_054184_0696EA_CC0A,twente,2024,37,Sentinel-1A,Sentinel-1A,2024-05-24,2024-06-05,12,VV+VH,PENDING_BURST_CHECK,PENDING_BURST_CHECK,1.000000,MAIN_12D,CATALOG_CANDIDATE,NONE
PAIR_2024_T37_Sen_Sen_20240524_20240617_24D,S1A_IW_SLC__1SDV_20240524T055038_20240524T055105_054009_0690DF_FB9B,S1A_IW_SLC__1SDV_20240617T055037_20240617T055104_054359_069CF5_D6B6,S1A_IW_GRDH_1SDV_20240524T055039_20240524T055104_054009_0690DF_79BB,S1A_IW_GRDH_1SDV_20240617T055038_20240617T055103_054359_069CF5_2EE8,twente,2024,37,Sentinel-1A,Sentinel-1A,2024-05-24,2024-06-17,24,VV+VH,PENDING_BURST_CHECK,PENDING_BURST_CHECK,1.000000,LONG_LAG,CATALOG_CANDIDATE,NONE
PAIR_2024_T37_Sen_Sen_20240524_20240629_36D,S1A_IW_SLC__1SDV_20240524T055038_20240524T055105_054009_0690DF_FB9B,S1A_IW_SLC__1SDV_20240629T055036_20240629T055103_054534_06A308_7A65,S1A_IW_GRDH_1SDV_20240524T055039_20240524T055104_054009_0690DF_79BB,S1A_IW_GRDH_1SDV_20240629T055037_20240629T055102_054534_06A308_DC0C,twente,2024,37,Sentinel-1A,Sentinel-1A,2024-05-24,2024-06-29,36,VV+VH,PENDING_BURST_CHECK,PENDING_BURST_CHECK,1.000000,LONG_LAG,CATALOG_CANDIDATE,NONE
PAIR_2024_T37_Sen_Sen_20240524_20240711_48D,S1A_IW_SLC__1SDV_20240524T055038_20240524T055105_054009_0690DF_FB9B,S1A_IW_SLC__1SDV_20240711T055036_20240711T055103_054709_06A920_BC05,S1A_IW_GRDH_1SDV_20240524T055039_20240524T055104_054009_0690DF_79BB,S1A_IW_GRDH_1SDV_20240711T055037_20240711T055102_054709_06A920_E64E,twente,2024,37,Sentinel-1A,Sentinel-1A,2024-05-24,2024-07-11,48,VV+VH,PENDING_BURST_CHECK,PENDING_BURST_CHECK,1.000000,LONG_LAG,CATALOG_CANDIDATE,NONE
PAIR_2024_T37_Sen_Sen_20240605_20240617_12D,S1A_IW_SLC__1SDV_20240605T055037_20240605T055104_054184_0696EA_1F05,S1A_IW_SLC__1SDV_20240617T055037_20240617T055104_054359_069CF5_D6B6,S1A_IW_GRDH_1SDV_20240605T055038_20240605T055103_054184_0696EA_CC0A,S1A_IW_GRDH_1SDV_20240617T055038_20240617T055103_054359_069CF5_2EE8,twente,2024,37,Sentinel-1A,Sentinel-1A,2024-06-05,2024-06-17,12,VV+VH,PENDING_BURST_CHECK,PENDING_BURST_CHECK,1.000000,MAIN_12D,CATALOG_CANDIDATE,NONE
PAIR_2024_T37_Sen_Sen_20240605_20240629_24D,S1A_IW_SLC__1SDV_20240605T055037_20240605T055104_054184_0696EA_1F05,S1A_IW_SLC__1SDV_20240629T055036_20240629T055103_054534_06A308_7A65,S1A_IW_GRDH_1SDV_20240605T055038_20240605T055103_054184_0696EA_CC0A,S1A_IW_GRDH_1SDV_20240629T055037_20240629T055102_054534_06A308_DC0C,twente,2024,37,Sentinel-1A,Sentinel-1A,2024-06-05,2024-06-29,24,VV+VH,PENDING_BURST_CHECK,PENDING_BURST_CHECK,1.000000,LONG_LAG,CATALOG_CANDIDATE,NONE
PAIR_2024_T37_Sen_Sen_20240605_20240711_36D,S1A_IW_SLC__1SDV_20240605T055037_20240605T055104_054184_0696EA_1F05,S1A_IW_SLC__1SDV_20240711T055036_20240711T055103_054709_06A920_BC05,S1A_IW_GRDH_1SDV_20240605T055038_20240605T055103_054184_0696EA_CC0A,S1A_IW_GRDH_1SDV_20240711T055037_20240711T055102_054709_06A920_E64E,twente,2024,37,Sentinel-1A,Sentinel-1A,2024-06-05,2024-07-11,36,VV+VH,PENDING_BURST_CHECK,PENDING_BURST_CHECK,1.000000,LONG_LAG,CATALOG_CANDIDATE,NONE
PAIR_2024_T37_Sen_Sen_20240605_20240723_48D,S1A_IW_SLC__1SDV_20240605T055037_20240605T055104_054184_0696EA_1F05,S1A_IW_SLC__1SDV_20240723T055035_20240723T055102_054884_06AF36_C455,S1A_IW_GRDH_1SDV_20240605T055038_20240605T055103_054184_0696EA_CC0A,S1A_IW_GRDH_1SDV_20240723T055036_20240723T055101_054884_06AF36_8DA4,twente,2024,37,Sentinel-1A,Sentinel-1A,2024-06-05,2024-07-23,48,VV+VH,PENDING_BURST_CHECK,PENDING_BURST_CHECK,1.000000,LONG_LAG,CATALOG_CANDIDATE,NONE
PAIR_2024_T37_Sen_Sen_20240617_20240629_12D,S1A_IW_SLC__1SDV_20240617T055037_20240617T055104_054359_069CF5_D6B6,S1A_IW_SLC__1SDV_20240629T055036_20240629T055103_054534_06A308_7A65,S1A_IW_GRDH_1SDV_20240617T055038_20240617T055103_054359_069CF5_2EE8,S1A_IW_GRDH_1SDV_20240629T055037_20240629T055102_054534_06A308_DC0C,twente,2024,37,Sentinel-1A,Sentinel-1A,2024-06-17,2024-06-29,12,VV+VH,PENDING_BURST_CHECK,PENDING_BURST_CHECK,1.000000,MAIN_12D,CATALOG_CANDIDATE,NONE
PAIR_2024_T37_Sen_Sen_20240617_20240711_24D,S1A_IW_SLC__1SDV_20240617T055037_20240617T055104_054359_069CF5_D6B6,S1A_IW_SLC__1SDV_20240711T055036_20240711T055103_054709_06A920_BC05,S1A_IW_GRDH_1SDV_20240617T055038_20240617T055103_054359_069CF5_2EE8,S1A_IW_GRDH_1SDV_20240711T055037_20240711T055102_054709_06A920_E64E,twente,2024,37,Sentinel-1A,Sentinel-1A,2024-06-17,2024-07-11,24,VV+VH,PENDING_BURST_CHECK,PENDING_BURST_CHECK,1.000000,LONG_LAG,CATALOG_CANDIDATE,NONE
PAIR_2024_T37_Sen_Sen_20240617_20240723_36D,S1A_IW_SLC__1SDV_20240617T055037_20240617T055104_054359_069CF5_D6B6,S1A_IW_SLC__1SDV_20240723T055035_20240723T055102_054884_06AF36_C455,S1A_IW_GRDH_1SDV_20240617T055038_20240617T055103_054359_069CF5_2EE8,S1A_IW_GRDH_1SDV_20240723T055036_20240723T055101_054884_06AF36_8DA4,twente,2024,37,Sentinel-1A,Sentinel-1A,2024-06-17,2024-07-23,36,VV+VH,PENDING_BURST_CHECK,PENDING_BURST_CHECK,1.000000,LONG_LAG,CATALOG_CANDIDATE,NONE
PAIR_2024_T37_Sen_Sen_20240617_20240804_48D,S1A_IW_SLC__1SDV_20240617T055037_20240617T055104_054359_069CF5_D6B6,S1A_IW_SLC__1SDV_20240804T055035_20240804T055102_055059_06B537_6360,S1A_IW_GRDH_1SDV_20240617T055038_20240617T055103_054359_069CF5_2EE8,S1A_IW_GRDH_1SDV_20240804T055037_20240804T055102_055059_06B537_DDCC,twente,2024,37,Sentinel-1A,Sentinel-1A,2024-06-17,2024-08-04,48,VV+VH,PENDING_BURST_CHECK,PENDING_BURST_CHECK,1.000000,LONG_LAG,CATALOG_CANDIDATE,NONE
PAIR_2024_T37_Sen_Sen_20240629_20240711_12D,S1A_IW_SLC__1SDV_20240629T055036_20240629T055103_054534_06A308_7A65,S1A_IW_SLC__1SDV_20240711T055036_20240711T055103_054709_06A920_BC05,S1A_IW_GRDH_1SDV_20240629T055037_20240629T055102_054534_06A308_DC0C,S1A_IW_GRDH_1SDV_20240711T055037_20240711T055102_054709_06A920_E64E,twente,2024,37,Sentinel-1A,Sentinel-1A,2024-06-29,2024-07-11,12,VV+VH,PENDING_BURST_CHECK,PENDING_BURST_CHECK,1.000000,MAIN_12D,CATALOG_CANDIDATE,NONE
PAIR_2024_T37_Sen_Sen_20240629_20240723_24D,S1A_IW_SLC__1SDV_20240629T055036_20240629T055103_054534_06A308_7A65,S1A_IW_SLC__1SDV_20240723T055035_20240723T055102_054884_06AF36_C455,S1A_IW_GRDH_1SDV_20240629T055037_20240629T055102_054534_06A308_DC0C,S1A_IW_GRDH_1SDV_20240723T055036_20240723T055101_054884_06AF36_8DA4,twente,2024,37,Sentinel-1A,Sentinel-1A,2024-06-29,2024-07-23,24,VV+VH,PENDING_BURST_CHECK,PENDING_BURST_CHECK,1.000000,LONG_LAG,CATALOG_CANDIDATE,NONE
PAIR_2024_T37_Sen_Sen_20240629_20240804_36D,S1A_IW_SLC__1SDV_20240629T055036_20240629T055103_054534_06A308_7A65,S1A_IW_SLC__1SDV_20240804T055035_20240804T055102_055059_06B537_6360,S1A_IW_GRDH_1SDV_20240629T055037_20240629T055102_054534_06A308_DC0C,S1A_IW_GRDH_1SDV_20240804T055037_20240804T055102_055059_06B537_DDCC,twente,2024,37,Sentinel-1A,Sentinel-1A,2024-06-29,2024-08-04,36,VV+VH,PENDING_BURST_CHECK,PENDING_BURST_CHECK,1.000000,LONG_LAG,CATALOG_CANDIDATE,NONE
PAIR_2024_T37_Sen_Sen_20240629_20240816_48D,S1A_IW_SLC__1SDV_20240629T055036_20240629T055103_054534_06A308_7A65,S1A_IW_SLC__1SDV_20240816T055035_20240816T055102_055234_06BB9A_9DAE,S1A_IW_GRDH_1SDV_20240629T055037_20240629T055102_054534_06A308_DC0C,S1A_IW_GRDH_1SDV_20240816T055036_20240816T055101_055234_06BB9A_1898,twente,2024,37,Sentinel-1A,Sentinel-1A,2024-06-29,2024-08-16,48,VV+VH,PENDING_BURST_CHECK,PENDING_BURST_CHECK,1.000000,LONG_LAG,CATALOG_CANDIDATE,NONE
PAIR_2024_T37_Sen_Sen_20240711_20240723_12D,S1A_IW_SLC__1SDV_20240711T055036_20240711T055103_054709_06A920_BC05,S1A_IW_SLC__1SDV_20240723T055035_20240723T055102_054884_06AF36_C455,S1A_IW_GRDH_1SDV_20240711T055037_20240711T055102_054709_06A920_E64E,S1A_IW_GRDH_1SDV_20240723T055036_20240723T055101_054884_06AF36_8DA4,twente,2024,37,Sentinel-1A,Sentinel-1A,2024-07-11,2024-07-23,12,VV+VH,PENDING_BURST_CHECK,PENDING_BURST_CHECK,1.000000,MAIN_12D,CATALOG_CANDIDATE,NONE
PAIR_2024_T37_Sen_Sen_20240711_20240804_24D,S1A_IW_SLC__1SDV_20240711T055036_20240711T055103_054709_06A920_BC05,S1A_IW_SLC__1SDV_20240804T055035_20240804T055102_055059_06B537_6360,S1A_IW_GRDH_1SDV_20240711T055037_20240711T055102_054709_06A920_E64E,S1A_IW_GRDH_1SDV_20240804T055037_20240804T055102_055059_06B537_DDCC,twente,2024,37,Sentinel-1A,Sentinel-1A,2024-07-11,2024-08-04,24,VV+VH,PENDING_BURST_CHECK,PENDING_BURST_CHECK,1.000000,LONG_LAG,CATALOG_CANDIDATE,NONE
PAIR_2024_T37_Sen_Sen_20240711_20240816_36D,S1A_IW_SLC__1SDV_20240711T055036_20240711T055103_054709_06A920_BC05,S1A_IW_SLC__1SDV_20240816T055035_20240816T055102_055234_06BB9A_9DAE,S1A_IW_GRDH_1SDV_20240711T055037_20240711T055102_054709_06A920_E64E,S1A_IW_GRDH_1SDV_20240816T055036_20240816T055101_055234_06BB9A_1898,twente,2024,37,Sentinel-1A,Sentinel-1A,2024-07-11,2024-08-16,36,VV+VH,PENDING_BURST_CHECK,PENDING_BURST_CHECK,1.000000,LONG_LAG,CATALOG_CANDIDATE,NONE
PAIR_2024_T37_Sen_Sen_20240711_20240828_48D,S1A_IW_SLC__1SDV_20240711T055036_20240711T055103_054709_06A920_BC05,S1A_IW_SLC__1SDV_20240828T055035_20240828T055103_055409_06C20E_AC19,S1A_IW_GRDH_1SDV_20240711T055037_20240711T055102_054709_06A920_E64E,S1A_IW_GRDH_1SDV_20240828T055037_20240828T055102_055409_06C20E_148E,twente,2024,37,Sentinel-1A,Sentinel-1A,2024-07-11,2024-08-28,48,VV+VH,PENDING_BURST_CHECK,PENDING_BURST_CHECK,1.000000,LONG_LAG,CATALOG_CANDIDATE,NONE
PAIR_2024_T37_Sen_Sen_20240723_20240804_12D,S1A_IW_SLC__1SDV_20240723T055035_20240723T055102_054884_06AF36_C455,S1A_IW_SLC__1SDV_20240804T055035_20240804T055102_055059_06B537_6360,S1A_IW_GRDH_1SDV_20240723T055036_20240723T055101_054884_06AF36_8DA4,S1A_IW_GRDH_1SDV_20240804T055037_20240804T055102_055059_06B537_DDCC,twente,2024,37,Sentinel-1A,Sentinel-1A,2024-07-23,2024-08-04,12,VV+VH,PENDING_BURST_CHECK,PENDING_BURST_CHECK,1.000000,MAIN_12D,CATALOG_CANDIDATE,NONE
PAIR_2024_T37_Sen_Sen_20240723_20240816_24D,S1A_IW_SLC__1SDV_20240723T055035_20240723T055102_054884_06AF36_C455,S1A_IW_SLC__1SDV_20240816T055035_20240816T055102_055234_06BB9A_9DAE,S1A_IW_GRDH_1SDV_20240723T055036_20240723T055101_054884_06AF36_8DA4,S1A_IW_GRDH_1SDV_20240816T055036_20240816T055101_055234_06BB9A_1898,twente,2024,37,Sentinel-1A,Sentinel-1A,2024-07-23,2024-08-16,24,VV+VH,PENDING_BURST_CHECK,PENDING_BURST_CHECK,1.000000,LONG_LAG,CATALOG_CANDIDATE,NONE
PAIR_2024_T37_Sen_Sen_20240723_20240828_36D,S1A_IW_SLC__1SDV_20240723T055035_20240723T055102_054884_06AF36_C455,S1A_IW_SLC__1SDV_20240828T055035_20240828T055103_055409_06C20E_AC19,S1A_IW_GRDH_1SDV_20240723T055036_20240723T055101_054884_06AF36_8DA4,S1A_IW_GRDH_1SDV_20240828T055037_20240828T055102_055409_06C20E_148E,twente,2024,37,Sentinel-1A,Sentinel-1A,2024-07-23,2024-08-28,36,VV+VH,PENDING_BURST_CHECK,PENDING_BURST_CHECK,1.000000,LONG_LAG,CATALOG_CANDIDATE,NONE
PAIR_2024_T37_Sen_Sen_20240723_20240909_48D,S1A_IW_SLC__1SDV_20240723T055035_20240723T055102_054884_06AF36_C455,S1A_IW_SLC__1SDV_20240909T055036_20240909T055103_055584_06C8D7_1F74,S1A_IW_GRDH_1SDV_20240723T055036_20240723T055101_054884_06AF36_8DA4,S1A_IW_GRDH_1SDV_20240909T055037_20240909T055102_055584_06C8D7_7D7D,twente,2024,37,Sentinel-1A,Sentinel-1A,2024-07-23,2024-09-09,48,VV+VH,PENDING_BURST_CHECK,PENDING_BURST_CHECK,1.000000,LONG_LAG,CATALOG_CANDIDATE,NONE
PAIR_2024_T37_Sen_Sen_20240804_20240816_12D,S1A_IW_SLC__1SDV_20240804T055035_20240804T055102_055059_06B537_6360,S1A_IW_SLC__1SDV_20240816T055035_20240816T055102_055234_06BB9A_9DAE,S1A_IW_GRDH_1SDV_20240804T055037_20240804T055102_055059_06B537_DDCC,S1A_IW_GRDH_1SDV_20240816T055036_20240816T055101_055234_06BB9A_1898,twente,2024,37,Sentinel-1A,Sentinel-1A,2024-08-04,2024-08-16,12,VV+VH,PENDING_BURST_CHECK,PENDING_BURST_CHECK,1.000000,MAIN_12D,CATALOG_CANDIDATE,NONE
PAIR_2024_T37_Sen_Sen_20240804_20240828_24D,S1A_IW_SLC__1SDV_20240804T055035_20240804T055102_055059_06B537_6360,S1A_IW_SLC__1SDV_20240828T055035_20240828T055103_055409_06C20E_AC19,S1A_IW_GRDH_1SDV_20240804T055037_20240804T055102_055059_06B537_DDCC,S1A_IW_GRDH_1SDV_20240828T055037_20240828T055102_055409_06C20E_148E,twente,2024,37,Sentinel-1A,Sentinel-1A,2024-08-04,2024-08-28,24,VV+VH,PENDING_BURST_CHECK,PENDING_BURST_CHECK,1.000000,LONG_LAG,CATALOG_CANDIDATE,NONE
PAIR_2024_T37_Sen_Sen_20240804_20240909_36D,S1A_IW_SLC__1SDV_20240804T055035_20240804T055102_055059_06B537_6360,S1A_IW_SLC__1SDV_20240909T055036_20240909T055103_055584_06C8D7_1F74,S1A_IW_GRDH_1SDV_20240804T055037_20240804T055102_055059_06B537_DDCC,S1A_IW_GRDH_1SDV_20240909T055037_20240909T055102_055584_06C8D7_7D7D,twente,2024,37,Sentinel-1A,Sentinel-1A,2024-08-04,2024-09-09,36,VV+VH,PENDING_BURST_CHECK,PENDING_BURST_CHECK,1.000000,LONG_LAG,CATALOG_CANDIDATE,NONE
PAIR_2024_T37_Sen_Sen_20240804_20240921_48D,S1A_IW_SLC__1SDV_20240804T055035_20240804T055102_055059_06B537_6360,S1A_IW_SLC__1SDV_20240921T055036_20240921T055103_055759_06CFB9_5E5A,S1A_IW_GRDH_1SDV_20240804T055037_20240804T055102_055059_06B537_DDCC,S1A_IW_GRDH_1SDV_20240921T055037_20240921T055102_055759_06CFB9_7856,twente,2024,37,Sentinel-1A,Sentinel-1A,2024-08-04,2024-09-21,48,VV+VH,PENDING_BURST_CHECK,PENDING_BURST_CHECK,1.000000,LONG_LAG,CATALOG_CANDIDATE,NONE
PAIR_2024_T37_Sen_Sen_20240816_20240828_12D,S1A_IW_SLC__1SDV_20240816T055035_20240816T055102_055234_06BB9A_9DAE,S1A_IW_SLC__1SDV_20240828T055035_20240828T055103_055409_06C20E_AC19,S1A_IW_GRDH_1SDV_20240816T055036_20240816T055101_055234_06BB9A_1898,S1A_IW_GRDH_1SDV_20240828T055037_20240828T055102_055409_06C20E_148E,twente,2024,37,Sentinel-1A,Sentinel-1A,2024-08-16,2024-08-28,12,VV+VH,PENDING_BURST_CHECK,PENDING_BURST_CHECK,1.000000,MAIN_12D,CATALOG_CANDIDATE,NONE
PAIR_2024_T37_Sen_Sen_20240816_20240909_24D,S1A_IW_SLC__1SDV_20240816T055035_20240816T055102_055234_06BB9A_9DAE,S1A_IW_SLC__1SDV_20240909T055036_20240909T055103_055584_06C8D7_1F74,S1A_IW_GRDH_1SDV_20240816T055036_20240816T055101_055234_06BB9A_1898,S1A_IW_GRDH_1SDV_20240909T055037_20240909T055102_055584_06C8D7_7D7D,twente,2024,37,Sentinel-1A,Sentinel-1A,2024-08-16,2024-09-09,24,VV+VH,PENDING_BURST_CHECK,PENDING_BURST_CHECK,1.000000,LONG_LAG,CATALOG_CANDIDATE,NONE
PAIR_2024_T37_Sen_Sen_20240816_20240921_36D,S1A_IW_SLC__1SDV_20240816T055035_20240816T055102_055234_06BB9A_9DAE,S1A_IW_SLC__1SDV_20240921T055036_20240921T055103_055759_06CFB9_5E5A,S1A_IW_GRDH_1SDV_20240816T055036_20240816T055101_055234_06BB9A_1898,S1A_IW_GRDH_1SDV_20240921T055037_20240921T055102_055759_06CFB9_7856,twente,2024,37,Sentinel-1A,Sentinel-1A,2024-08-16,2024-09-21,36,VV+VH,PENDING_BURST_CHECK,PENDING_BURST_CHECK,1.000000,LONG_LAG,CATALOG_CANDIDATE,NONE
PAIR_2024_T37_Sen_Sen_20240816_20241003_48D,S1A_IW_SLC__1SDV_20240816T055035_20240816T055102_055234_06BB9A_9DAE,S1A_IW_SLC__1SDV_20241003T055036_20241003T055103_055934_06D6B1_CA27,S1A_IW_GRDH_1SDV_20240816T055036_20240816T055101_055234_06BB9A_1898,S1A_IW_GRDH_1SDV_20241003T055038_20241003T055103_055934_06D6B1_730E,twente,2024,37,Sentinel-1A,Sentinel-1A,2024-08-16,2024-10-03,48,VV+VH,PENDING_BURST_CHECK,PENDING_BURST_CHECK,1.000000,LONG_LAG,CATALOG_CANDIDATE,NONE
PAIR_2024_T37_Sen_Sen_20240828_20240909_12D,S1A_IW_SLC__1SDV_20240828T055035_20240828T055103_055409_06C20E_AC19,S1A_IW_SLC__1SDV_20240909T055036_20240909T055103_055584_06C8D7_1F74,S1A_IW_GRDH_1SDV_20240828T055037_20240828T055102_055409_06C20E_148E,S1A_IW_GRDH_1SDV_20240909T055037_20240909T055102_055584_06C8D7_7D7D,twente,2024,37,Sentinel-1A,Sentinel-1A,2024-08-28,2024-09-09,12,VV+VH,PENDING_BURST_CHECK,PENDING_BURST_CHECK,1.000000,MAIN_12D,CATALOG_CANDIDATE,NONE
PAIR_2024_T37_Sen_Sen_20240828_20240921_24D,S1A_IW_SLC__1SDV_20240828T055035_20240828T055103_055409_06C20E_AC19,S1A_IW_SLC__1SDV_20240921T055036_20240921T055103_055759_06CFB9_5E5A,S1A_IW_GRDH_1SDV_20240828T055037_20240828T055102_055409_06C20E_148E,S1A_IW_GRDH_1SDV_20240921T055037_20240921T055102_055759_06CFB9_7856,twente,2024,37,Sentinel-1A,Sentinel-1A,2024-08-28,2024-09-21,24,VV+VH,PENDING_BURST_CHECK,PENDING_BURST_CHECK,1.000000,LONG_LAG,CATALOG_CANDIDATE,NONE
PAIR_2024_T37_Sen_Sen_20240828_20241003_36D,S1A_IW_SLC__1SDV_20240828T055035_20240828T055103_055409_06C20E_AC19,S1A_IW_SLC__1SDV_20241003T055036_20241003T055103_055934_06D6B1_CA27,S1A_IW_GRDH_1SDV_20240828T055037_20240828T055102_055409_06C20E_148E,S1A_IW_GRDH_1SDV_20241003T055038_20241003T055103_055934_06D6B1_730E,twente,2024,37,Sentinel-1A,Sentinel-1A,2024-08-28,2024-10-03,36,VV+VH,PENDING_BURST_CHECK,PENDING_BURST_CHECK,1.000000,LONG_LAG,CATALOG_CANDIDATE,NONE
PAIR_2024_T37_Sen_Sen_20240828_20241015_48D,S1A_IW_SLC__1SDV_20240828T055035_20240828T055103_055409_06C20E_AC19,S1A_IW_SLC__1SDV_20241015T055037_20241015T055104_056109_06DD8D_DBEA,S1A_IW_GRDH_1SDV_20240828T055037_20240828T055102_055409_06C20E_148E,S1A_IW_GRDH_1SDV_20241015T055038_20241015T055103_056109_06DD8D_37B4,twente,2024,37,Sentinel-1A,Sentinel-1A,2024-08-28,2024-10-15,48,VV+VH,PENDING_BURST_CHECK,PENDING_BURST_CHECK,1.000000,LONG_LAG,CATALOG_CANDIDATE,NONE
PAIR_2024_T37_Sen_Sen_20240909_20240921_12D,S1A_IW_SLC__1SDV_20240909T055036_20240909T055103_055584_06C8D7_1F74,S1A_IW_SLC__1SDV_20240921T055036_20240921T055103_055759_06CFB9_5E5A,S1A_IW_GRDH_1SDV_20240909T055037_20240909T055102_055584_06C8D7_7D7D,S1A_IW_GRDH_1SDV_20240921T055037_20240921T055102_055759_06CFB9_7856,twente,2024,37,Sentinel-1A,Sentinel-1A,2024-09-09,2024-09-21,12,VV+VH,PENDING_BURST_CHECK,PENDING_BURST_CHECK,1.000000,MAIN_12D,CATALOG_CANDIDATE,NONE
PAIR_2024_T37_Sen_Sen_20240909_20241003_24D,S1A_IW_SLC__1SDV_20240909T055036_20240909T055103_055584_06C8D7_1F74,S1A_IW_SLC__1SDV_20241003T055036_20241003T055103_055934_06D6B1_CA27,S1A_IW_GRDH_1SDV_20240909T055037_20240909T055102_055584_06C8D7_7D7D,S1A_IW_GRDH_1SDV_20241003T055038_20241003T055103_055934_06D6B1_730E,twente,2024,37,Sentinel-1A,Sentinel-1A,2024-09-09,2024-10-03,24,VV+VH,PENDING_BURST_CHECK,PENDING_BURST_CHECK,1.000000,LONG_LAG,CATALOG_CANDIDATE,NONE
PAIR_2024_T37_Sen_Sen_20240909_20241015_36D,S1A_IW_SLC__1SDV_20240909T055036_20240909T055103_055584_06C8D7_1F74,S1A_IW_SLC__1SDV_20241015T055037_20241015T055104_056109_06DD8D_DBEA,S1A_IW_GRDH_1SDV_20240909T055037_20240909T055102_055584_06C8D7_7D7D,S1A_IW_GRDH_1SDV_20241015T055038_20241015T055103_056109_06DD8D_37B4,twente,2024,37,Sentinel-1A,Sentinel-1A,2024-09-09,2024-10-15,36,VV+VH,PENDING_BURST_CHECK,PENDING_BURST_CHECK,1.000000,LONG_LAG,CATALOG_CANDIDATE,NONE
PAIR_2024_T37_Sen_Sen_20240909_20241027_48D,S1A_IW_SLC__1SDV_20240909T055036_20240909T055103_055584_06C8D7_1F74,S1A_IW_SLC__1SDV_20241027T055037_20241027T055104_056284_06E482_1CD3,S1A_IW_GRDH_1SDV_20240909T055037_20240909T055102_055584_06C8D7_7D7D,S1A_IW_GRDH_1SDV_20241027T055038_20241027T055103_056284_06E482_ACEB,twente,2024,37,Sentinel-1A,Sentinel-1A,2024-09-09,2024-10-27,48,VV+VH,PENDING_BURST_CHECK,PENDING_BURST_CHECK,1.000000,LONG_LAG,CATALOG_CANDIDATE,NONE
PAIR_2024_T37_Sen_Sen_20240921_20241003_12D,S1A_IW_SLC__1SDV_20240921T055036_20240921T055103_055759_06CFB9_5E5A,S1A_IW_SLC__1SDV_20241003T055036_20241003T055103_055934_06D6B1_CA27,S1A_IW_GRDH_1SDV_20240921T055037_20240921T055102_055759_06CFB9_7856,S1A_IW_GRDH_1SDV_20241003T055038_20241003T055103_055934_06D6B1_730E,twente,2024,37,Sentinel-1A,Sentinel-1A,2024-09-21,2024-10-03,12,VV+VH,PENDING_BURST_CHECK,PENDING_BURST_CHECK,1.000000,MAIN_12D,CATALOG_CANDIDATE,NONE
PAIR_2024_T37_Sen_Sen_20240921_20241015_24D,S1A_IW_SLC__1SDV_20240921T055036_20240921T055103_055759_06CFB9_5E5A,S1A_IW_SLC__1SDV_20241015T055037_20241015T055104_056109_06DD8D_DBEA,S1A_IW_GRDH_1SDV_20240921T055037_20240921T055102_055759_06CFB9_7856,S1A_IW_GRDH_1SDV_20241015T055038_20241015T055103_056109_06DD8D_37B4,twente,2024,37,Sentinel-1A,Sentinel-1A,2024-09-21,2024-10-15,24,VV+VH,PENDING_BURST_CHECK,PENDING_BURST_CHECK,1.000000,LONG_LAG,CATALOG_CANDIDATE,NONE
PAIR_2024_T37_Sen_Sen_20240921_20241027_36D,S1A_IW_SLC__1SDV_20240921T055036_20240921T055103_055759_06CFB9_5E5A,S1A_IW_SLC__1SDV_20241027T055037_20241027T055104_056284_06E482_1CD3,S1A_IW_GRDH_1SDV_20240921T055037_20240921T055102_055759_06CFB9_7856,S1A_IW_GRDH_1SDV_20241027T055038_20241027T055103_056284_06E482_ACEB,twente,2024,37,Sentinel-1A,Sentinel-1A,2024-09-21,2024-10-27,36,VV+VH,PENDING_BURST_CHECK,PENDING_BURST_CHECK,1.000000,LONG_LAG,CATALOG_CANDIDATE,NONE
PAIR_2024_T37_Sen_Sen_20241003_20241015_12D,S1A_IW_SLC__1SDV_20241003T055036_20241003T055103_055934_06D6B1_CA27,S1A_IW_SLC__1SDV_20241015T055037_20241015T055104_056109_06DD8D_DBEA,S1A_IW_GRDH_1SDV_20241003T055038_20241003T055103_055934_06D6B1_730E,S1A_IW_GRDH_1SDV_20241015T055038_20241015T055103_056109_06DD8D_37B4,twente,2024,37,Sentinel-1A,Sentinel-1A,2024-10-03,2024-10-15,12,VV+VH,PENDING_BURST_CHECK,PENDING_BURST_CHECK,1.000000,MAIN_12D,CATALOG_CANDIDATE,NONE
PAIR_2024_T37_Sen_Sen_20241003_20241027_24D,S1A_IW_SLC__1SDV_20241003T055036_20241003T055103_055934_06D6B1_CA27,S1A_IW_SLC__1SDV_20241027T055037_20241027T055104_056284_06E482_1CD3,S1A_IW_GRDH_1SDV_20241003T055038_20241003T055103_055934_06D6B1_730E,S1A_IW_GRDH_1SDV_20241027T055038_20241027T055103_056284_06E482_ACEB,twente,2024,37,Sentinel-1A,Sentinel-1A,2024-10-03,2024-10-27,24,VV+VH,PENDING_BURST_CHECK,PENDING_BURST_CHECK,1.000000,LONG_LAG,CATALOG_CANDIDATE,NONE
PAIR_2024_T37_Sen_Sen_20241015_20241027_12D,S1A_IW_SLC__1SDV_20241015T055037_20241015T055104_056109_06DD8D_DBEA,S1A_IW_SLC__1SDV_20241027T055037_20241027T055104_056284_06E482_1CD3,S1A_IW_GRDH_1SDV_20241015T055038_20241015T055103_056109_06DD8D_37B4,S1A_IW_GRDH_1SDV_20241027T055038_20241027T055103_056284_06E482_ACEB,twente,2024,37,Sentinel-1A,Sentinel-1A,2024-10-15,2024-10-27,12,VV+VH,PENDING_BURST_CHECK,PENDING_BURST_CHECK,1.000000,MAIN_12D,CATALOG_CANDIDATE,NONE
PAIR_2024_T15_Sen_Sen_20240311_20240323_12D,S1A_IW_SLC__1SDV_20240311T171722_20240311T171749_052937_066868_467A,S1A_IW_SLC__1SDV_20240323T171722_20240323T171749_053112_066EF1_C1D1,S1A_IW_GRDH_1SDV_20240311T171723_20240311T171748_052937_066868_E3E9,S1A_IW_GRDH_1SDV_20240323T171723_20240323T171748_053112_066EF1_0C52,twente,2024,15,Sentinel-1A,Sentinel-1A,2024-03-11,2024-03-23,12,VV+VH,PENDING_BURST_CHECK,PENDING_BURST_CHECK,1.000000,MAIN_12D,CATALOG_CANDIDATE,NONE
PAIR_2024_T15_Sen_Sen_20240311_20240404_24D,S1A_IW_SLC__1SDV_20240311T171722_20240311T171749_052937_066868_467A,S1A_IW_SLC__1SDV_20240404T171723_20240404T171750_053287_067596_BEDF,S1A_IW_GRDH_1SDV_20240311T171723_20240311T171748_052937_066868_E3E9,S1A_IW_GRDH_1SDV_20240404T171724_20240404T171749_053287_067596_3CDD,twente,2024,15,Sentinel-1A,Sentinel-1A,2024-03-11,2024-04-04,24,VV+VH,PENDING_BURST_CHECK,PENDING_BURST_CHECK,1.000000,LONG_LAG,CATALOG_CANDIDATE,NONE
PAIR_2024_T15_Sen_Sen_20240311_20240416_36D,S1A_IW_SLC__1SDV_20240311T171722_20240311T171749_052937_066868_467A,S1A_IW_SLC__1SDV_20240416T171723_20240416T171750_053462_067C88_03A8,S1A_IW_GRDH_1SDV_20240311T171723_20240311T171748_052937_066868_E3E9,S1A_IW_GRDH_1SDV_20240416T171724_20240416T171749_053462_067C88_0D08,twente,2024,15,Sentinel-1A,Sentinel-1A,2024-03-11,2024-04-16,36,VV+VH,PENDING_BURST_CHECK,PENDING_BURST_CHECK,1.000000,LONG_LAG,CATALOG_CANDIDATE,NONE
PAIR_2024_T15_Sen_Sen_20240311_20240428_48D,S1A_IW_SLC__1SDV_20240311T171722_20240311T171749_052937_066868_467A,S1A_IW_SLC__1SDV_20240428T171723_20240428T171751_053637_068367_A350,S1A_IW_GRDH_1SDV_20240311T171723_20240311T171748_052937_066868_E3E9,S1A_IW_GRDH_1SDV_20240428T171724_20240428T171749_053637_068367_9496,twente,2024,15,Sentinel-1A,Sentinel-1A,2024-03-11,2024-04-28,48,VV+VH,PENDING_BURST_CHECK,PENDING_BURST_CHECK,1.000000,LONG_LAG,CATALOG_CANDIDATE,NONE
PAIR_2024_T15_Sen_Sen_20240323_20240404_12D,S1A_IW_SLC__1SDV_20240323T171722_20240323T171749_053112_066EF1_C1D1,S1A_IW_SLC__1SDV_20240404T171723_20240404T171750_053287_067596_BEDF,S1A_IW_GRDH_1SDV_20240323T171723_20240323T171748_053112_066EF1_0C52,S1A_IW_GRDH_1SDV_20240404T171724_20240404T171749_053287_067596_3CDD,twente,2024,15,Sentinel-1A,Sentinel-1A,2024-03-23,2024-04-04,12,VV+VH,PENDING_BURST_CHECK,PENDING_BURST_CHECK,1.000000,MAIN_12D,CATALOG_CANDIDATE,NONE
PAIR_2024_T15_Sen_Sen_20240323_20240416_24D,S1A_IW_SLC__1SDV_20240323T171722_20240323T171749_053112_066EF1_C1D1,S1A_IW_SLC__1SDV_20240416T171723_20240416T171750_053462_067C88_03A8,S1A_IW_GRDH_1SDV_20240323T171723_20240323T171748_053112_066EF1_0C52,S1A_IW_GRDH_1SDV_20240416T171724_20240416T171749_053462_067C88_0D08,twente,2024,15,Sentinel-1A,Sentinel-1A,2024-03-23,2024-04-16,24,VV+VH,PENDING_BURST_CHECK,PENDING_BURST_CHECK,1.000000,LONG_LAG,CATALOG_CANDIDATE,NONE
PAIR_2024_T15_Sen_Sen_20240323_20240428_36D,S1A_IW_SLC__1SDV_20240323T171722_20240323T171749_053112_066EF1_C1D1,S1A_IW_SLC__1SDV_20240428T171723_20240428T171751_053637_068367_A350,S1A_IW_GRDH_1SDV_20240323T171723_20240323T171748_053112_066EF1_0C52,S1A_IW_GRDH_1SDV_20240428T171724_20240428T171749_053637_068367_9496,twente,2024,15,Sentinel-1A,Sentinel-1A,2024-03-23,2024-04-28,36,VV+VH,PENDING_BURST_CHECK,PENDING_BURST_CHECK,1.000000,LONG_LAG,CATALOG_CANDIDATE,NONE
PAIR_2024_T15_Sen_Sen_20240323_20240510_48D,S1A_IW_SLC__1SDV_20240323T171722_20240323T171749_053112_066EF1_C1D1,S1A_IW_SLC__1SDV_20240510T171724_20240510T171751_053812_068A1A_9006,S1A_IW_GRDH_1SDV_20240323T171723_20240323T171748_053112_066EF1_0C52,S1A_IW_GRDH_1SDV_20240510T171724_20240510T171749_053812_068A1A_8FB0,twente,2024,15,Sentinel-1A,Sentinel-1A,2024-03-23,2024-05-10,48,VV+VH,PENDING_BURST_CHECK,PENDING_BURST_CHECK,1.000000,LONG_LAG,CATALOG_CANDIDATE,NONE
PAIR_2024_T15_Sen_Sen_20240404_20240416_12D,S1A_IW_SLC__1SDV_20240404T171723_20240404T171750_053287_067596_BEDF,S1A_IW_SLC__1SDV_20240416T171723_20240416T171750_053462_067C88_03A8,S1A_IW_GRDH_1SDV_20240404T171724_20240404T171749_053287_067596_3CDD,S1A_IW_GRDH_1SDV_20240416T171724_20240416T171749_053462_067C88_0D08,twente,2024,15,Sentinel-1A,Sentinel-1A,2024-04-04,2024-04-16,12,VV+VH,PENDING_BURST_CHECK,PENDING_BURST_CHECK,1.000000,MAIN_12D,CATALOG_CANDIDATE,NONE
PAIR_2024_T15_Sen_Sen_20240404_20240428_24D,S1A_IW_SLC__1SDV_20240404T171723_20240404T171750_053287_067596_BEDF,S1A_IW_SLC__1SDV_20240428T171723_20240428T171751_053637_068367_A350,S1A_IW_GRDH_1SDV_20240404T171724_20240404T171749_053287_067596_3CDD,S1A_IW_GRDH_1SDV_20240428T171724_20240428T171749_053637_068367_9496,twente,2024,15,Sentinel-1A,Sentinel-1A,2024-04-04,2024-04-28,24,VV+VH,PENDING_BURST_CHECK,PENDING_BURST_CHECK,1.000000,LONG_LAG,CATALOG_CANDIDATE,NONE
PAIR_2024_T15_Sen_Sen_20240404_20240510_36D,S1A_IW_SLC__1SDV_20240404T171723_20240404T171750_053287_067596_BEDF,S1A_IW_SLC__1SDV_20240510T171724_20240510T171751_053812_068A1A_9006,S1A_IW_GRDH_1SDV_20240404T171724_20240404T171749_053287_067596_3CDD,S1A_IW_GRDH_1SDV_20240510T171724_20240510T171749_053812_068A1A_8FB0,twente,2024,15,Sentinel-1A,Sentinel-1A,2024-04-04,2024-05-10,36,VV+VH,PENDING_BURST_CHECK,PENDING_BURST_CHECK,1.000000,LONG_LAG,CATALOG_CANDIDATE,NONE
PAIR_2024_T15_Sen_Sen_20240404_20240522_48D,S1A_IW_SLC__1SDV_20240404T171723_20240404T171750_053287_067596_BEDF,S1A_IW_SLC__1SDV_20240522T171723_20240522T171750_053987_06901E_285A,S1A_IW_GRDH_1SDV_20240404T171724_20240404T171749_053287_067596_3CDD,S1A_IW_GRDH_1SDV_20240522T171724_20240522T171749_053987_06901E_5610,twente,2024,15,Sentinel-1A,Sentinel-1A,2024-04-04,2024-05-22,48,VV+VH,PENDING_BURST_CHECK,PENDING_BURST_CHECK,1.000000,LONG_LAG,CATALOG_CANDIDATE,NONE
PAIR_2024_T15_Sen_Sen_20240416_20240428_12D,S1A_IW_SLC__1SDV_20240416T171723_20240416T171750_053462_067C88_03A8,S1A_IW_SLC__1SDV_20240428T171723_20240428T171751_053637_068367_A350,S1A_IW_GRDH_1SDV_20240416T171724_20240416T171749_053462_067C88_0D08,S1A_IW_GRDH_1SDV_20240428T171724_20240428T171749_053637_068367_9496,twente,2024,15,Sentinel-1A,Sentinel-1A,2024-04-16,2024-04-28,12,VV+VH,PENDING_BURST_CHECK,PENDING_BURST_CHECK,1.000000,MAIN_12D,CATALOG_CANDIDATE,NONE
PAIR_2024_T15_Sen_Sen_20240416_20240510_24D,S1A_IW_SLC__1SDV_20240416T171723_20240416T171750_053462_067C88_03A8,S1A_IW_SLC__1SDV_20240510T171724_20240510T171751_053812_068A1A_9006,S1A_IW_GRDH_1SDV_20240416T171724_20240416T171749_053462_067C88_0D08,S1A_IW_GRDH_1SDV_20240510T171724_20240510T171749_053812_068A1A_8FB0,twente,2024,15,Sentinel-1A,Sentinel-1A,2024-04-16,2024-05-10,24,VV+VH,PENDING_BURST_CHECK,PENDING_BURST_CHECK,1.000000,LONG_LAG,CATALOG_CANDIDATE,NONE
PAIR_2024_T15_Sen_Sen_20240416_20240522_36D,S1A_IW_SLC__1SDV_20240416T171723_20240416T171750_053462_067C88_03A8,S1A_IW_SLC__1SDV_20240522T171723_20240522T171750_053987_06901E_285A,S1A_IW_GRDH_1SDV_20240416T171724_20240416T171749_053462_067C88_0D08,S1A_IW_GRDH_1SDV_20240522T171724_20240522T171749_053987_06901E_5610,twente,2024,15,Sentinel-1A,Sentinel-1A,2024-04-16,2024-05-22,36,VV+VH,PENDING_BURST_CHECK,PENDING_BURST_CHECK,1.000000,LONG_LAG,CATALOG_CANDIDATE,NONE
PAIR_2024_T15_Sen_Sen_20240416_20240603_48D,S1A_IW_SLC__1SDV_20240416T171723_20240416T171750_053462_067C88_03A8,S1A_IW_SLC__1SDV_20240603T171723_20240603T171750_054162_06962D_6D50,S1A_IW_GRDH_1SDV_20240416T171724_20240416T171749_053462_067C88_0D08,S1A_IW_GRDH_1SDV_20240603T171724_20240603T171749_054162_06962D_1E7A,twente,2024,15,Sentinel-1A,Sentinel-1A,2024-04-16,2024-06-03,48,VV+VH,PENDING_BURST_CHECK,PENDING_BURST_CHECK,1.000000,LONG_LAG,CATALOG_CANDIDATE,NONE
PAIR_2024_T15_Sen_Sen_20240428_20240510_12D,S1A_IW_SLC__1SDV_20240428T171723_20240428T171751_053637_068367_A350,S1A_IW_SLC__1SDV_20240510T171724_20240510T171751_053812_068A1A_9006,S1A_IW_GRDH_1SDV_20240428T171724_20240428T171749_053637_068367_9496,S1A_IW_GRDH_1SDV_20240510T171724_20240510T171749_053812_068A1A_8FB0,twente,2024,15,Sentinel-1A,Sentinel-1A,2024-04-28,2024-05-10,12,VV+VH,PENDING_BURST_CHECK,PENDING_BURST_CHECK,1.000000,MAIN_12D,CATALOG_CANDIDATE,NONE
PAIR_2024_T15_Sen_Sen_20240428_20240522_24D,S1A_IW_SLC__1SDV_20240428T171723_20240428T171751_053637_068367_A350,S1A_IW_SLC__1SDV_20240522T171723_20240522T171750_053987_06901E_285A,S1A_IW_GRDH_1SDV_20240428T171724_20240428T171749_053637_068367_9496,S1A_IW_GRDH_1SDV_20240522T171724_20240522T171749_053987_06901E_5610,twente,2024,15,Sentinel-1A,Sentinel-1A,2024-04-28,2024-05-22,24,VV+VH,PENDING_BURST_CHECK,PENDING_BURST_CHECK,1.000000,LONG_LAG,CATALOG_CANDIDATE,NONE
PAIR_2024_T15_Sen_Sen_20240428_20240603_36D,S1A_IW_SLC__1SDV_20240428T171723_20240428T171751_053637_068367_A350,S1A_IW_SLC__1SDV_20240603T171723_20240603T171750_054162_06962D_6D50,S1A_IW_GRDH_1SDV_20240428T171724_20240428T171749_053637_068367_9496,S1A_IW_GRDH_1SDV_20240603T171724_20240603T171749_054162_06962D_1E7A,twente,2024,15,Sentinel-1A,Sentinel-1A,2024-04-28,2024-06-03,36,VV+VH,PENDING_BURST_CHECK,PENDING_BURST_CHECK,1.000000,LONG_LAG,CATALOG_CANDIDATE,NONE
PAIR_2024_T15_Sen_Sen_20240428_20240615_48D,S1A_IW_SLC__1SDV_20240428T171723_20240428T171751_053637_068367_A350,S1A_IW_SLC__1SDV_20240615T171723_20240615T171750_054337_069C3A_1646,S1A_IW_GRDH_1SDV_20240428T171724_20240428T171749_053637_068367_9496,S1A_IW_GRDH_1SDV_20240615T171723_20240615T171748_054337_069C3A_1E8A,twente,2024,15,Sentinel-1A,Sentinel-1A,2024-04-28,2024-06-15,48,VV+VH,PENDING_BURST_CHECK,PENDING_BURST_CHECK,1.000000,LONG_LAG,CATALOG_CANDIDATE,NONE
PAIR_2024_T15_Sen_Sen_20240510_20240522_12D,S1A_IW_SLC__1SDV_20240510T171724_20240510T171751_053812_068A1A_9006,S1A_IW_SLC__1SDV_20240522T171723_20240522T171750_053987_06901E_285A,S1A_IW_GRDH_1SDV_20240510T171724_20240510T171749_053812_068A1A_8FB0,S1A_IW_GRDH_1SDV_20240522T171724_20240522T171749_053987_06901E_5610,twente,2024,15,Sentinel-1A,Sentinel-1A,2024-05-10,2024-05-22,12,VV+VH,PENDING_BURST_CHECK,PENDING_BURST_CHECK,1.000000,MAIN_12D,CATALOG_CANDIDATE,NONE
PAIR_2024_T15_Sen_Sen_20240510_20240603_24D,S1A_IW_SLC__1SDV_20240510T171724_20240510T171751_053812_068A1A_9006,S1A_IW_SLC__1SDV_20240603T171723_20240603T171750_054162_06962D_6D50,S1A_IW_GRDH_1SDV_20240510T171724_20240510T171749_053812_068A1A_8FB0,S1A_IW_GRDH_1SDV_20240603T171724_20240603T171749_054162_06962D_1E7A,twente,2024,15,Sentinel-1A,Sentinel-1A,2024-05-10,2024-06-03,24,VV+VH,PENDING_BURST_CHECK,PENDING_BURST_CHECK,1.000000,LONG_LAG,CATALOG_CANDIDATE,NONE
PAIR_2024_T15_Sen_Sen_20240510_20240615_36D,S1A_IW_SLC__1SDV_20240510T171724_20240510T171751_053812_068A1A_9006,S1A_IW_SLC__1SDV_20240615T171723_20240615T171750_054337_069C3A_1646,S1A_IW_GRDH_1SDV_20240510T171724_20240510T171749_053812_068A1A_8FB0,S1A_IW_GRDH_1SDV_20240615T171723_20240615T171748_054337_069C3A_1E8A,twente,2024,15,Sentinel-1A,Sentinel-1A,2024-05-10,2024-06-15,36,VV+VH,PENDING_BURST_CHECK,PENDING_BURST_CHECK,1.000000,LONG_LAG,CATALOG_CANDIDATE,NONE
PAIR_2024_T15_Sen_Sen_20240510_20240627_48D,S1A_IW_SLC__1SDV_20240510T171724_20240510T171751_053812_068A1A_9006,S1A_IW_SLC__1SDV_20240627T171722_20240627T171749_054512_06A24B_6C0D,S1A_IW_GRDH_1SDV_20240510T171724_20240510T171749_053812_068A1A_8FB0,S1A_IW_GRDH_1SDV_20240627T171723_20240627T171748_054512_06A24B_D0F8,twente,2024,15,Sentinel-1A,Sentinel-1A,2024-05-10,2024-06-27,48,VV+VH,PENDING_BURST_CHECK,PENDING_BURST_CHECK,1.000000,LONG_LAG,CATALOG_CANDIDATE,NONE
PAIR_2024_T15_Sen_Sen_20240522_20240603_12D,S1A_IW_SLC__1SDV_20240522T171723_20240522T171750_053987_06901E_285A,S1A_IW_SLC__1SDV_20240603T171723_20240603T171750_054162_06962D_6D50,S1A_IW_GRDH_1SDV_20240522T171724_20240522T171749_053987_06901E_5610,S1A_IW_GRDH_1SDV_20240603T171724_20240603T171749_054162_06962D_1E7A,twente,2024,15,Sentinel-1A,Sentinel-1A,2024-05-22,2024-06-03,12,VV+VH,PENDING_BURST_CHECK,PENDING_BURST_CHECK,1.000000,MAIN_12D,CATALOG_CANDIDATE,NONE
PAIR_2024_T15_Sen_Sen_20240522_20240615_24D,S1A_IW_SLC__1SDV_20240522T171723_20240522T171750_053987_06901E_285A,S1A_IW_SLC__1SDV_20240615T171723_20240615T171750_054337_069C3A_1646,S1A_IW_GRDH_1SDV_20240522T171724_20240522T171749_053987_06901E_5610,S1A_IW_GRDH_1SDV_20240615T171723_20240615T171748_054337_069C3A_1E8A,twente,2024,15,Sentinel-1A,Sentinel-1A,2024-05-22,2024-06-15,24,VV+VH,PENDING_BURST_CHECK,PENDING_BURST_CHECK,1.000000,LONG_LAG,CATALOG_CANDIDATE,NONE
PAIR_2024_T15_Sen_Sen_20240522_20240627_36D,S1A_IW_SLC__1SDV_20240522T171723_20240522T171750_053987_06901E_285A,S1A_IW_SLC__1SDV_20240627T171722_20240627T171749_054512_06A24B_6C0D,S1A_IW_GRDH_1SDV_20240522T171724_20240522T171749_053987_06901E_5610,S1A_IW_GRDH_1SDV_20240627T171723_20240627T171748_054512_06A24B_D0F8,twente,2024,15,Sentinel-1A,Sentinel-1A,2024-05-22,2024-06-27,36,VV+VH,PENDING_BURST_CHECK,PENDING_BURST_CHECK,1.000000,LONG_LAG,CATALOG_CANDIDATE,NONE
PAIR_2024_T15_Sen_Sen_20240522_20240709_48D,S1A_IW_SLC__1SDV_20240522T171723_20240522T171750_053987_06901E_285A,S1A_IW_SLC__1SDV_20240709T171721_20240709T171748_054687_06A864_032E,S1A_IW_GRDH_1SDV_20240522T171724_20240522T171749_053987_06901E_5610,S1A_IW_GRDH_1SDV_20240709T171722_20240709T171747_054687_06A864_4B75,twente,2024,15,Sentinel-1A,Sentinel-1A,2024-05-22,2024-07-09,48,VV+VH,PENDING_BURST_CHECK,PENDING_BURST_CHECK,1.000000,LONG_LAG,CATALOG_CANDIDATE,NONE
PAIR_2024_T15_Sen_Sen_20240603_20240615_12D,S1A_IW_SLC__1SDV_20240603T171723_20240603T171750_054162_06962D_6D50,S1A_IW_SLC__1SDV_20240615T171723_20240615T171750_054337_069C3A_1646,S1A_IW_GRDH_1SDV_20240603T171724_20240603T171749_054162_06962D_1E7A,S1A_IW_GRDH_1SDV_20240615T171723_20240615T171748_054337_069C3A_1E8A,twente,2024,15,Sentinel-1A,Sentinel-1A,2024-06-03,2024-06-15,12,VV+VH,PENDING_BURST_CHECK,PENDING_BURST_CHECK,1.000000,MAIN_12D,CATALOG_CANDIDATE,NONE
PAIR_2024_T15_Sen_Sen_20240603_20240627_24D,S1A_IW_SLC__1SDV_20240603T171723_20240603T171750_054162_06962D_6D50,S1A_IW_SLC__1SDV_20240627T171722_20240627T171749_054512_06A24B_6C0D,S1A_IW_GRDH_1SDV_20240603T171724_20240603T171749_054162_06962D_1E7A,S1A_IW_GRDH_1SDV_20240627T171723_20240627T171748_054512_06A24B_D0F8,twente,2024,15,Sentinel-1A,Sentinel-1A,2024-06-03,2024-06-27,24,VV+VH,PENDING_BURST_CHECK,PENDING_BURST_CHECK,1.000000,LONG_LAG,CATALOG_CANDIDATE,NONE
PAIR_2024_T15_Sen_Sen_20240603_20240709_36D,S1A_IW_SLC__1SDV_20240603T171723_20240603T171750_054162_06962D_6D50,S1A_IW_SLC__1SDV_20240709T171721_20240709T171748_054687_06A864_032E,S1A_IW_GRDH_1SDV_20240603T171724_20240603T171749_054162_06962D_1E7A,S1A_IW_GRDH_1SDV_20240709T171722_20240709T171747_054687_06A864_4B75,twente,2024,15,Sentinel-1A,Sentinel-1A,2024-06-03,2024-07-09,36,VV+VH,PENDING_BURST_CHECK,PENDING_BURST_CHECK,1.000000,LONG_LAG,CATALOG_CANDIDATE,NONE
PAIR_2024_T15_Sen_Sen_20240603_20240721_48D,S1A_IW_SLC__1SDV_20240603T171723_20240603T171750_054162_06962D_6D50,S1A_IW_SLC__1SDV_20240721T171721_20240721T171748_054862_06AE72_E5DE,S1A_IW_GRDH_1SDV_20240603T171724_20240603T171749_054162_06962D_1E7A,S1A_IW_GRDH_1SDV_20240721T171722_20240721T171747_054862_06AE72_8BA9,twente,2024,15,Sentinel-1A,Sentinel-1A,2024-06-03,2024-07-21,48,VV+VH,PENDING_BURST_CHECK,PENDING_BURST_CHECK,1.000000,LONG_LAG,CATALOG_CANDIDATE,NONE
PAIR_2024_T15_Sen_Sen_20240615_20240627_12D,S1A_IW_SLC__1SDV_20240615T171723_20240615T171750_054337_069C3A_1646,S1A_IW_SLC__1SDV_20240627T171722_20240627T171749_054512_06A24B_6C0D,S1A_IW_GRDH_1SDV_20240615T171723_20240615T171748_054337_069C3A_1E8A,S1A_IW_GRDH_1SDV_20240627T171723_20240627T171748_054512_06A24B_D0F8,twente,2024,15,Sentinel-1A,Sentinel-1A,2024-06-15,2024-06-27,12,VV+VH,PENDING_BURST_CHECK,PENDING_BURST_CHECK,1.000000,MAIN_12D,CATALOG_CANDIDATE,NONE
PAIR_2024_T15_Sen_Sen_20240615_20240709_24D,S1A_IW_SLC__1SDV_20240615T171723_20240615T171750_054337_069C3A_1646,S1A_IW_SLC__1SDV_20240709T171721_20240709T171748_054687_06A864_032E,S1A_IW_GRDH_1SDV_20240615T171723_20240615T171748_054337_069C3A_1E8A,S1A_IW_GRDH_1SDV_20240709T171722_20240709T171747_054687_06A864_4B75,twente,2024,15,Sentinel-1A,Sentinel-1A,2024-06-15,2024-07-09,24,VV+VH,PENDING_BURST_CHECK,PENDING_BURST_CHECK,1.000000,LONG_LAG,CATALOG_CANDIDATE,NONE
PAIR_2024_T15_Sen_Sen_20240615_20240721_36D,S1A_IW_SLC__1SDV_20240615T171723_20240615T171750_054337_069C3A_1646,S1A_IW_SLC__1SDV_20240721T171721_20240721T171748_054862_06AE72_E5DE,S1A_IW_GRDH_1SDV_20240615T171723_20240615T171748_054337_069C3A_1E8A,S1A_IW_GRDH_1SDV_20240721T171722_20240721T171747_054862_06AE72_8BA9,twente,2024,15,Sentinel-1A,Sentinel-1A,2024-06-15,2024-07-21,36,VV+VH,PENDING_BURST_CHECK,PENDING_BURST_CHECK,1.000000,LONG_LAG,CATALOG_CANDIDATE,NONE
PAIR_2024_T15_Sen_Sen_20240615_20240802_48D,S1A_IW_SLC__1SDV_20240615T171723_20240615T171750_054337_069C3A_1646,S1A_IW_SLC__1SDV_20240802T171721_20240802T171748_055037_06B48C_3F13,S1A_IW_GRDH_1SDV_20240615T171723_20240615T171748_054337_069C3A_1E8A,S1A_IW_GRDH_1SDV_20240802T171722_20240802T171747_055037_06B48C_E374,twente,2024,15,Sentinel-1A,Sentinel-1A,2024-06-15,2024-08-02,48,VV+VH,PENDING_BURST_CHECK,PENDING_BURST_CHECK,1.000000,LONG_LAG,CATALOG_CANDIDATE,NONE
PAIR_2024_T15_Sen_Sen_20240627_20240709_12D,S1A_IW_SLC__1SDV_20240627T171722_20240627T171749_054512_06A24B_6C0D,S1A_IW_SLC__1SDV_20240709T171721_20240709T171748_054687_06A864_032E,S1A_IW_GRDH_1SDV_20240627T171723_20240627T171748_054512_06A24B_D0F8,S1A_IW_GRDH_1SDV_20240709T171722_20240709T171747_054687_06A864_4B75,twente,2024,15,Sentinel-1A,Sentinel-1A,2024-06-27,2024-07-09,12,VV+VH,PENDING_BURST_CHECK,PENDING_BURST_CHECK,1.000000,MAIN_12D,CATALOG_CANDIDATE,NONE
PAIR_2024_T15_Sen_Sen_20240627_20240721_24D,S1A_IW_SLC__1SDV_20240627T171722_20240627T171749_054512_06A24B_6C0D,S1A_IW_SLC__1SDV_20240721T171721_20240721T171748_054862_06AE72_E5DE,S1A_IW_GRDH_1SDV_20240627T171723_20240627T171748_054512_06A24B_D0F8,S1A_IW_GRDH_1SDV_20240721T171722_20240721T171747_054862_06AE72_8BA9,twente,2024,15,Sentinel-1A,Sentinel-1A,2024-06-27,2024-07-21,24,VV+VH,PENDING_BURST_CHECK,PENDING_BURST_CHECK,1.000000,LONG_LAG,CATALOG_CANDIDATE,NONE
PAIR_2024_T15_Sen_Sen_20240627_20240802_36D,S1A_IW_SLC__1SDV_20240627T171722_20240627T171749_054512_06A24B_6C0D,S1A_IW_SLC__1SDV_20240802T171721_20240802T171748_055037_06B48C_3F13,S1A_IW_GRDH_1SDV_20240627T171723_20240627T171748_054512_06A24B_D0F8,S1A_IW_GRDH_1SDV_20240802T171722_20240802T171747_055037_06B48C_E374,twente,2024,15,Sentinel-1A,Sentinel-1A,2024-06-27,2024-08-02,36,VV+VH,PENDING_BURST_CHECK,PENDING_BURST_CHECK,1.000000,LONG_LAG,CATALOG_CANDIDATE,NONE
PAIR_2024_T15_Sen_Sen_20240627_20240814_48D,S1A_IW_SLC__1SDV_20240627T171722_20240627T171749_054512_06A24B_6C0D,S1A_IW_SLC__1SDV_20240814T171721_20240814T171748_055212_06BAD3_EF76,S1A_IW_GRDH_1SDV_20240627T171723_20240627T171748_054512_06A24B_D0F8,S1A_IW_GRDH_1SDV_20240814T171721_20240814T171746_055212_06BAD3_7CA3,twente,2024,15,Sentinel-1A,Sentinel-1A,2024-06-27,2024-08-14,48,VV+VH,PENDING_BURST_CHECK,PENDING_BURST_CHECK,1.000000,LONG_LAG,CATALOG_CANDIDATE,NONE
PAIR_2024_T15_Sen_Sen_20240709_20240721_12D,S1A_IW_SLC__1SDV_20240709T171721_20240709T171748_054687_06A864_032E,S1A_IW_SLC__1SDV_20240721T171721_20240721T171748_054862_06AE72_E5DE,S1A_IW_GRDH_1SDV_20240709T171722_20240709T171747_054687_06A864_4B75,S1A_IW_GRDH_1SDV_20240721T171722_20240721T171747_054862_06AE72_8BA9,twente,2024,15,Sentinel-1A,Sentinel-1A,2024-07-09,2024-07-21,12,VV+VH,PENDING_BURST_CHECK,PENDING_BURST_CHECK,1.000000,MAIN_12D,CATALOG_CANDIDATE,NONE
PAIR_2024_T15_Sen_Sen_20240709_20240802_24D,S1A_IW_SLC__1SDV_20240709T171721_20240709T171748_054687_06A864_032E,S1A_IW_SLC__1SDV_20240802T171721_20240802T171748_055037_06B48C_3F13,S1A_IW_GRDH_1SDV_20240709T171722_20240709T171747_054687_06A864_4B75,S1A_IW_GRDH_1SDV_20240802T171722_20240802T171747_055037_06B48C_E374,twente,2024,15,Sentinel-1A,Sentinel-1A,2024-07-09,2024-08-02,24,VV+VH,PENDING_BURST_CHECK,PENDING_BURST_CHECK,1.000000,LONG_LAG,CATALOG_CANDIDATE,NONE
PAIR_2024_T15_Sen_Sen_20240709_20240814_36D,S1A_IW_SLC__1SDV_20240709T171721_20240709T171748_054687_06A864_032E,S1A_IW_SLC__1SDV_20240814T171721_20240814T171748_055212_06BAD3_EF76,S1A_IW_GRDH_1SDV_20240709T171722_20240709T171747_054687_06A864_4B75,S1A_IW_GRDH_1SDV_20240814T171721_20240814T171746_055212_06BAD3_7CA3,twente,2024,15,Sentinel-1A,Sentinel-1A,2024-07-09,2024-08-14,36,VV+VH,PENDING_BURST_CHECK,PENDING_BURST_CHECK,1.000000,LONG_LAG,CATALOG_CANDIDATE,NONE
PAIR_2024_T15_Sen_Sen_20240709_20240826_48D,S1A_IW_SLC__1SDV_20240709T171721_20240709T171748_054687_06A864_032E,S1A_IW_SLC__1SDV_20240826T171721_20240826T171748_055387_06C154_12D8,S1A_IW_GRDH_1SDV_20240709T171722_20240709T171747_054687_06A864_4B75,S1A_IW_GRDH_1SDV_20240826T171722_20240826T171747_055387_06C154_BF36,twente,2024,15,Sentinel-1A,Sentinel-1A,2024-07-09,2024-08-26,48,VV+VH,PENDING_BURST_CHECK,PENDING_BURST_CHECK,1.000000,LONG_LAG,CATALOG_CANDIDATE,NONE
PAIR_2024_T15_Sen_Sen_20240721_20240802_12D,S1A_IW_SLC__1SDV_20240721T171721_20240721T171748_054862_06AE72_E5DE,S1A_IW_SLC__1SDV_20240802T171721_20240802T171748_055037_06B48C_3F13,S1A_IW_GRDH_1SDV_20240721T171722_20240721T171747_054862_06AE72_8BA9,S1A_IW_GRDH_1SDV_20240802T171722_20240802T171747_055037_06B48C_E374,twente,2024,15,Sentinel-1A,Sentinel-1A,2024-07-21,2024-08-02,12,VV+VH,PENDING_BURST_CHECK,PENDING_BURST_CHECK,1.000000,MAIN_12D,CATALOG_CANDIDATE,NONE
PAIR_2024_T15_Sen_Sen_20240721_20240814_24D,S1A_IW_SLC__1SDV_20240721T171721_20240721T171748_054862_06AE72_E5DE,S1A_IW_SLC__1SDV_20240814T171721_20240814T171748_055212_06BAD3_EF76,S1A_IW_GRDH_1SDV_20240721T171722_20240721T171747_054862_06AE72_8BA9,S1A_IW_GRDH_1SDV_20240814T171721_20240814T171746_055212_06BAD3_7CA3,twente,2024,15,Sentinel-1A,Sentinel-1A,2024-07-21,2024-08-14,24,VV+VH,PENDING_BURST_CHECK,PENDING_BURST_CHECK,1.000000,LONG_LAG,CATALOG_CANDIDATE,NONE
PAIR_2024_T15_Sen_Sen_20240721_20240826_36D,S1A_IW_SLC__1SDV_20240721T171721_20240721T171748_054862_06AE72_E5DE,S1A_IW_SLC__1SDV_20240826T171721_20240826T171748_055387_06C154_12D8,S1A_IW_GRDH_1SDV_20240721T171722_20240721T171747_054862_06AE72_8BA9,S1A_IW_GRDH_1SDV_20240826T171722_20240826T171747_055387_06C154_BF36,twente,2024,15,Sentinel-1A,Sentinel-1A,2024-07-21,2024-08-26,36,VV+VH,PENDING_BURST_CHECK,PENDING_BURST_CHECK,1.000000,LONG_LAG,CATALOG_CANDIDATE,NONE
PAIR_2024_T15_Sen_Sen_20240721_20240907_48D,S1A_IW_SLC__1SDV_20240721T171721_20240721T171748_054862_06AE72_E5DE,S1A_IW_SLC__1SDV_20240907T171721_20240907T171748_055562_06C7F5_2C9D,S1A_IW_GRDH_1SDV_20240721T171722_20240721T171747_054862_06AE72_8BA9,S1A_IW_GRDH_1SDV_20240907T171722_20240907T171747_055562_06C7F5_9143,twente,2024,15,Sentinel-1A,Sentinel-1A,2024-07-21,2024-09-07,48,VV+VH,PENDING_BURST_CHECK,PENDING_BURST_CHECK,1.000000,LONG_LAG,CATALOG_CANDIDATE,NONE
PAIR_2024_T15_Sen_Sen_20240802_20240814_12D,S1A_IW_SLC__1SDV_20240802T171721_20240802T171748_055037_06B48C_3F13,S1A_IW_SLC__1SDV_20240814T171721_20240814T171748_055212_06BAD3_EF76,S1A_IW_GRDH_1SDV_20240802T171722_20240802T171747_055037_06B48C_E374,S1A_IW_GRDH_1SDV_20240814T171721_20240814T171746_055212_06BAD3_7CA3,twente,2024,15,Sentinel-1A,Sentinel-1A,2024-08-02,2024-08-14,12,VV+VH,PENDING_BURST_CHECK,PENDING_BURST_CHECK,1.000000,MAIN_12D,CATALOG_CANDIDATE,NONE
PAIR_2024_T15_Sen_Sen_20240802_20240826_24D,S1A_IW_SLC__1SDV_20240802T171721_20240802T171748_055037_06B48C_3F13,S1A_IW_SLC__1SDV_20240826T171721_20240826T171748_055387_06C154_12D8,S1A_IW_GRDH_1SDV_20240802T171722_20240802T171747_055037_06B48C_E374,S1A_IW_GRDH_1SDV_20240826T171722_20240826T171747_055387_06C154_BF36,twente,2024,15,Sentinel-1A,Sentinel-1A,2024-08-02,2024-08-26,24,VV+VH,PENDING_BURST_CHECK,PENDING_BURST_CHECK,1.000000,LONG_LAG,CATALOG_CANDIDATE,NONE
PAIR_2024_T15_Sen_Sen_20240802_20240907_36D,S1A_IW_SLC__1SDV_20240802T171721_20240802T171748_055037_06B48C_3F13,S1A_IW_SLC__1SDV_20240907T171721_20240907T171748_055562_06C7F5_2C9D,S1A_IW_GRDH_1SDV_20240802T171722_20240802T171747_055037_06B48C_E374,S1A_IW_GRDH_1SDV_20240907T171722_20240907T171747_055562_06C7F5_9143,twente,2024,15,Sentinel-1A,Sentinel-1A,2024-08-02,2024-09-07,36,VV+VH,PENDING_BURST_CHECK,PENDING_BURST_CHECK,1.000000,LONG_LAG,CATALOG_CANDIDATE,NONE
PAIR_2024_T15_Sen_Sen_20240802_20240919_48D,S1A_IW_SLC__1SDV_20240802T171721_20240802T171748_055037_06B48C_3F13,S1A_IW_SLC__1SDV_20240919T171722_20240919T171749_055737_06CEDD_84F3,S1A_IW_GRDH_1SDV_20240802T171722_20240802T171747_055037_06B48C_E374,S1A_IW_GRDH_1SDV_20240919T171723_20240919T171748_055737_06CEDD_DEB2,twente,2024,15,Sentinel-1A,Sentinel-1A,2024-08-02,2024-09-19,48,VV+VH,PENDING_BURST_CHECK,PENDING_BURST_CHECK,1.000000,LONG_LAG,CATALOG_CANDIDATE,NONE
PAIR_2024_T15_Sen_Sen_20240814_20240826_12D,S1A_IW_SLC__1SDV_20240814T171721_20240814T171748_055212_06BAD3_EF76,S1A_IW_SLC__1SDV_20240826T171721_20240826T171748_055387_06C154_12D8,S1A_IW_GRDH_1SDV_20240814T171721_20240814T171746_055212_06BAD3_7CA3,S1A_IW_GRDH_1SDV_20240826T171722_20240826T171747_055387_06C154_BF36,twente,2024,15,Sentinel-1A,Sentinel-1A,2024-08-14,2024-08-26,12,VV+VH,PENDING_BURST_CHECK,PENDING_BURST_CHECK,1.000000,MAIN_12D,CATALOG_CANDIDATE,NONE
PAIR_2024_T15_Sen_Sen_20240814_20240907_24D,S1A_IW_SLC__1SDV_20240814T171721_20240814T171748_055212_06BAD3_EF76,S1A_IW_SLC__1SDV_20240907T171721_20240907T171748_055562_06C7F5_2C9D,S1A_IW_GRDH_1SDV_20240814T171721_20240814T171746_055212_06BAD3_7CA3,S1A_IW_GRDH_1SDV_20240907T171722_20240907T171747_055562_06C7F5_9143,twente,2024,15,Sentinel-1A,Sentinel-1A,2024-08-14,2024-09-07,24,VV+VH,PENDING_BURST_CHECK,PENDING_BURST_CHECK,1.000000,LONG_LAG,CATALOG_CANDIDATE,NONE
PAIR_2024_T15_Sen_Sen_20240814_20240919_36D,S1A_IW_SLC__1SDV_20240814T171721_20240814T171748_055212_06BAD3_EF76,S1A_IW_SLC__1SDV_20240919T171722_20240919T171749_055737_06CEDD_84F3,S1A_IW_GRDH_1SDV_20240814T171721_20240814T171746_055212_06BAD3_7CA3,S1A_IW_GRDH_1SDV_20240919T171723_20240919T171748_055737_06CEDD_DEB2,twente,2024,15,Sentinel-1A,Sentinel-1A,2024-08-14,2024-09-19,36,VV+VH,PENDING_BURST_CHECK,PENDING_BURST_CHECK,1.000000,LONG_LAG,CATALOG_CANDIDATE,NONE
PAIR_2024_T15_Sen_Sen_20240814_20241001_48D,S1A_IW_SLC__1SDV_20240814T171721_20240814T171748_055212_06BAD3_EF76,S1A_IW_SLC__1SDV_20241001T171722_20241001T171749_055912_06D5CD_1788,S1A_IW_GRDH_1SDV_20240814T171721_20240814T171746_055212_06BAD3_7CA3,S1A_IW_GRDH_1SDV_20241001T171723_20241001T171748_055912_06D5CD_FAA5,twente,2024,15,Sentinel-1A,Sentinel-1A,2024-08-14,2024-10-01,48,VV+VH,PENDING_BURST_CHECK,PENDING_BURST_CHECK,1.000000,LONG_LAG,CATALOG_CANDIDATE,NONE
PAIR_2024_T15_Sen_Sen_20240826_20240907_12D,S1A_IW_SLC__1SDV_20240826T171721_20240826T171748_055387_06C154_12D8,S1A_IW_SLC__1SDV_20240907T171721_20240907T171748_055562_06C7F5_2C9D,S1A_IW_GRDH_1SDV_20240826T171722_20240826T171747_055387_06C154_BF36,S1A_IW_GRDH_1SDV_20240907T171722_20240907T171747_055562_06C7F5_9143,twente,2024,15,Sentinel-1A,Sentinel-1A,2024-08-26,2024-09-07,12,VV+VH,PENDING_BURST_CHECK,PENDING_BURST_CHECK,1.000000,MAIN_12D,CATALOG_CANDIDATE,NONE
PAIR_2024_T15_Sen_Sen_20240826_20240919_24D,S1A_IW_SLC__1SDV_20240826T171721_20240826T171748_055387_06C154_12D8,S1A_IW_SLC__1SDV_20240919T171722_20240919T171749_055737_06CEDD_84F3,S1A_IW_GRDH_1SDV_20240826T171722_20240826T171747_055387_06C154_BF36,S1A_IW_GRDH_1SDV_20240919T171723_20240919T171748_055737_06CEDD_DEB2,twente,2024,15,Sentinel-1A,Sentinel-1A,2024-08-26,2024-09-19,24,VV+VH,PENDING_BURST_CHECK,PENDING_BURST_CHECK,1.000000,LONG_LAG,CATALOG_CANDIDATE,NONE
PAIR_2024_T15_Sen_Sen_20240826_20241001_36D,S1A_IW_SLC__1SDV_20240826T171721_20240826T171748_055387_06C154_12D8,S1A_IW_SLC__1SDV_20241001T171722_20241001T171749_055912_06D5CD_1788,S1A_IW_GRDH_1SDV_20240826T171722_20240826T171747_055387_06C154_BF36,S1A_IW_GRDH_1SDV_20241001T171723_20241001T171748_055912_06D5CD_FAA5,twente,2024,15,Sentinel-1A,Sentinel-1A,2024-08-26,2024-10-01,36,VV+VH,PENDING_BURST_CHECK,PENDING_BURST_CHECK,1.000000,LONG_LAG,CATALOG_CANDIDATE,NONE
PAIR_2024_T15_Sen_Sen_20240826_20241013_48D,S1A_IW_SLC__1SDV_20240826T171721_20240826T171748_055387_06C154_12D8,S1A_IW_SLC__1SDV_20241013T171722_20241013T171749_056087_06DCAE_E757,S1A_IW_GRDH_1SDV_20240826T171722_20240826T171747_055387_06C154_BF36,S1A_IW_GRDH_1SDV_20241013T171723_20241013T171748_056087_06DCAE_94BB,twente,2024,15,Sentinel-1A,Sentinel-1A,2024-08-26,2024-10-13,48,VV+VH,PENDING_BURST_CHECK,PENDING_BURST_CHECK,1.000000,LONG_LAG,CATALOG_CANDIDATE,NONE
PAIR_2024_T15_Sen_Sen_20240907_20240919_12D,S1A_IW_SLC__1SDV_20240907T171721_20240907T171748_055562_06C7F5_2C9D,S1A_IW_SLC__1SDV_20240919T171722_20240919T171749_055737_06CEDD_84F3,S1A_IW_GRDH_1SDV_20240907T171722_20240907T171747_055562_06C7F5_9143,S1A_IW_GRDH_1SDV_20240919T171723_20240919T171748_055737_06CEDD_DEB2,twente,2024,15,Sentinel-1A,Sentinel-1A,2024-09-07,2024-09-19,12,VV+VH,PENDING_BURST_CHECK,PENDING_BURST_CHECK,1.000000,MAIN_12D,CATALOG_CANDIDATE,NONE
PAIR_2024_T15_Sen_Sen_20240907_20241001_24D,S1A_IW_SLC__1SDV_20240907T171721_20240907T171748_055562_06C7F5_2C9D,S1A_IW_SLC__1SDV_20241001T171722_20241001T171749_055912_06D5CD_1788,S1A_IW_GRDH_1SDV_20240907T171722_20240907T171747_055562_06C7F5_9143,S1A_IW_GRDH_1SDV_20241001T171723_20241001T171748_055912_06D5CD_FAA5,twente,2024,15,Sentinel-1A,Sentinel-1A,2024-09-07,2024-10-01,24,VV+VH,PENDING_BURST_CHECK,PENDING_BURST_CHECK,1.000000,LONG_LAG,CATALOG_CANDIDATE,NONE
PAIR_2024_T15_Sen_Sen_20240907_20241013_36D,S1A_IW_SLC__1SDV_20240907T171721_20240907T171748_055562_06C7F5_2C9D,S1A_IW_SLC__1SDV_20241013T171722_20241013T171749_056087_06DCAE_E757,S1A_IW_GRDH_1SDV_20240907T171722_20240907T171747_055562_06C7F5_9143,S1A_IW_GRDH_1SDV_20241013T171723_20241013T171748_056087_06DCAE_94BB,twente,2024,15,Sentinel-1A,Sentinel-1A,2024-09-07,2024-10-13,36,VV+VH,PENDING_BURST_CHECK,PENDING_BURST_CHECK,1.000000,LONG_LAG,CATALOG_CANDIDATE,NONE
PAIR_2024_T15_Sen_Sen_20240907_20241025_48D,S1A_IW_SLC__1SDV_20240907T171721_20240907T171748_055562_06C7F5_2C9D,S1A_IW_SLC__1SDV_20241025T171722_20241025T171749_056262_06E3A4_3429,S1A_IW_GRDH_1SDV_20240907T171722_20240907T171747_055562_06C7F5_9143,S1A_IW_GRDH_1SDV_20241025T171723_20241025T171748_056262_06E3A4_1DF7,twente,2024,15,Sentinel-1A,Sentinel-1A,2024-09-07,2024-10-25,48,VV+VH,PENDING_BURST_CHECK,PENDING_BURST_CHECK,1.000000,LONG_LAG,CATALOG_CANDIDATE,NONE
PAIR_2024_T15_Sen_Sen_20240919_20241001_12D,S1A_IW_SLC__1SDV_20240919T171722_20240919T171749_055737_06CEDD_84F3,S1A_IW_SLC__1SDV_20241001T171722_20241001T171749_055912_06D5CD_1788,S1A_IW_GRDH_1SDV_20240919T171723_20240919T171748_055737_06CEDD_DEB2,S1A_IW_GRDH_1SDV_20241001T171723_20241001T171748_055912_06D5CD_FAA5,twente,2024,15,Sentinel-1A,Sentinel-1A,2024-09-19,2024-10-01,12,VV+VH,PENDING_BURST_CHECK,PENDING_BURST_CHECK,1.000000,MAIN_12D,CATALOG_CANDIDATE,NONE
PAIR_2024_T15_Sen_Sen_20240919_20241013_24D,S1A_IW_SLC__1SDV_20240919T171722_20240919T171749_055737_06CEDD_84F3,S1A_IW_SLC__1SDV_20241013T171722_20241013T171749_056087_06DCAE_E757,S1A_IW_GRDH_1SDV_20240919T171723_20240919T171748_055737_06CEDD_DEB2,S1A_IW_GRDH_1SDV_20241013T171723_20241013T171748_056087_06DCAE_94BB,twente,2024,15,Sentinel-1A,Sentinel-1A,2024-09-19,2024-10-13,24,VV+VH,PENDING_BURST_CHECK,PENDING_BURST_CHECK,1.000000,LONG_LAG,CATALOG_CANDIDATE,NONE
PAIR_2024_T15_Sen_Sen_20240919_20241025_36D,S1A_IW_SLC__1SDV_20240919T171722_20240919T171749_055737_06CEDD_84F3,S1A_IW_SLC__1SDV_20241025T171722_20241025T171749_056262_06E3A4_3429,S1A_IW_GRDH_1SDV_20240919T171723_20240919T171748_055737_06CEDD_DEB2,S1A_IW_GRDH_1SDV_20241025T171723_20241025T171748_056262_06E3A4_1DF7,twente,2024,15,Sentinel-1A,Sentinel-1A,2024-09-19,2024-10-25,36,VV+VH,PENDING_BURST_CHECK,PENDING_BURST_CHECK,1.000000,LONG_LAG,CATALOG_CANDIDATE,NONE
PAIR_2024_T15_Sen_Sen_20241001_20241013_12D,S1A_IW_SLC__1SDV_20241001T171722_20241001T171749_055912_06D5CD_1788,S1A_IW_SLC__1SDV_20241013T171722_20241013T171749_056087_06DCAE_E757,S1A_IW_GRDH_1SDV_20241001T171723_20241001T171748_055912_06D5CD_FAA5,S1A_IW_GRDH_1SDV_20241013T171723_20241013T171748_056087_06DCAE_94BB,twente,2024,15,Sentinel-1A,Sentinel-1A,2024-10-01,2024-10-13,12,VV+VH,PENDING_BURST_CHECK,PENDING_BURST_CHECK,1.000000,MAIN_12D,CATALOG_CANDIDATE,NONE
PAIR_2024_T15_Sen_Sen_20241001_20241025_24D,S1A_IW_SLC__1SDV_20241001T171722_20241001T171749_055912_06D5CD_1788,S1A_IW_SLC__1SDV_20241025T171722_20241025T171749_056262_06E3A4_3429,S1A_IW_GRDH_1SDV_20241001T171723_20241001T171748_055912_06D5CD_FAA5,S1A_IW_GRDH_1SDV_20241025T171723_20241025T171748_056262_06E3A4_1DF7,twente,2024,15,Sentinel-1A,Sentinel-1A,2024-10-01,2024-10-25,24,VV+VH,PENDING_BURST_CHECK,PENDING_BURST_CHECK,1.000000,LONG_LAG,CATALOG_CANDIDATE,NONE
PAIR_2024_T15_Sen_Sen_20241013_20241025_12D,S1A_IW_SLC__1SDV_20241013T171722_20241013T171749_056087_06DCAE_E757,S1A_IW_SLC__1SDV_20241025T171722_20241025T171749_056262_06E3A4_3429,S1A_IW_GRDH_1SDV_20241013T171723_20241013T171748_056087_06DCAE_94BB,S1A_IW_GRDH_1SDV_20241025T171723_20241025T171748_056262_06E3A4_1DF7,twente,2024,15,Sentinel-1A,Sentinel-1A,2024-10-13,2024-10-25,12,VV+VH,PENDING_BURST_CHECK,PENDING_BURST_CHECK,1.000000,MAIN_12D,CATALOG_CANDIDATE,NONE
